<?xml version="1.0" encoding="UTF-8"?>
<TrainingCenterDatabase
  xsi:schemaLocation="http://www.garmin.com/xmlschemas/TrainingCenterDatabase/v2 http://www.garmin.com/xmlschemas/TrainingCenterDatabasev2.xsd"
  xmlns:ns5="http://www.garmin.com/xmlschemas/ActivityGoals/v1"
  xmlns:ns3="http://www.garmin.com/xmlschemas/ActivityExtension/v2"
  xmlns:ns2="http://www.garmin.com/xmlschemas/UserProfile/v2"
  xmlns="http://www.garmin.com/xmlschemas/TrainingCenterDatabase/v2"
  xmlns:xsi="http://www.w3.org/2001/XMLSchema-instance" xmlns:ns4="http://www.garmin.com/xmlschemas/ProfileExtension/v1">
  <Activities>
    <Activity Sport="Running">
      <Id>2021-01-02T23:04:37.000Z</Id>
      <Lap StartTime="2021-01-02T23:04:37.000Z">
        <TotalTimeSeconds>370.257</TotalTimeSeconds>
        <DistanceMeters>1000.0</DistanceMeters>
        <MaximumSpeed>2.921000003814697</MaximumSpeed>
        <Calories>70</Calories>
        <Intensity>Active</Intensity>
        <TriggerMethod>Manual</TriggerMethod>
        <Track>
          <Trackpoint>
            <Time>2021-01-02T23:04:37.000Z</Time>
            <Position>
              <LatitudeDegrees>22.328444882878088</LatitudeDegrees>
              <LongitudeDegrees>114.20833887718364</LongitudeDegrees>
            </Position>
            <AltitudeMeters>311.23</AltitudeMeters>
            <DistanceMeters>1.4299999475479126</DistanceMeters>
            <Extensions>
              <ns3:TPX>
                <ns3:Speed>1.4279999732971191</ns3:Speed>
                <ns3:RunCadence>60</ns3:RunCadence>
              </ns3:TPX>
            </Extensions>
          </Trackpoint>
          <Trackpoint>
            <Time>2021-01-02T23:04:49.000Z</Time>
            <Position>
              <LatitudeDegrees>22.328282473578195</LatitudeDegrees>
              <LongitudeDegrees>114.20822059414417</LongitudeDegrees>
            </Position>
            <AltitudeMeters>311.21</AltitudeMeters>
            <DistanceMeters>22.56999969482422</DistanceMeters>
            <Extensions>
              <ns3:TPX>
                <ns3:Speed>2.509999990463257</ns3:Speed>
                <ns3:RunCadence>86</ns3:RunCadence>
              </ns3:TPX>
            </Extensions>
          </Trackpoint>
          <Trackpoint>
            <Time>2021-01-02T23:04:57.000Z</Time>
            <Position>
              <LatitudeDegrees>22.328491017692862</LatitudeDegrees>
              <LongitudeDegrees>114.20818629108068</LongitudeDegrees>
            </Position>
            <AltitudeMeters>311.81</AltitudeMeters>
            <DistanceMeters>43.45000076293945</DistanceMeters>
            <Extensions>
              <ns3:TPX>
                <ns3:Speed>2.6589999198913574</ns3:Speed>
                <ns3:RunCadence>85</ns3:RunCadence>
              </ns3:TPX>
            </Extensions>
          </Trackpoint>
          <Trackpoint>
            <Time>2021-01-02T23:05:05.000Z</Time>
            <Position>
              <LatitudeDegrees>22.32870517567572</LatitudeDegrees>
              <LongitudeDegrees>114.20811606211412</LongitudeDegrees>
            </Position>
            <AltitudeMeters>311.2</AltitudeMeters>
            <DistanceMeters>64.83999633789062</DistanceMeters>
            <Extensions>
              <ns3:TPX>
                <ns3:Speed>2.677999973297119</ns3:Speed>
                <ns3:RunCadence>87</ns3:RunCadence>
              </ns3:TPX>
            </Extensions>
          </Trackpoint>
          <Trackpoint>
            <Time>2021-01-02T23:05:13.000Z</Time>
            <Position>
              <LatitudeDegrees>22.328930593801598</LatitudeDegrees>
              <LongitudeDegrees>114.20808920480161</LongitudeDegrees>
            </Position>
            <AltitudeMeters>311.2</AltitudeMeters>
            <DistanceMeters>86.45999908447266</DistanceMeters>
            <Extensions>
              <ns3:TPX>
                <ns3:Speed>2.7249999046325684</ns3:Speed>
                <ns3:RunCadence>86</ns3:RunCadence>
              </ns3:TPX>
            </Extensions>
          </Trackpoint>
          <Trackpoint>
            <Time>2021-01-02T23:05:21.000Z</Time>
            <Position>
              <LatitudeDegrees>22.329157411210417</LatitudeDegrees>
              <LongitudeDegrees>114.20806298679327</LongitudeDegrees>
            </Position>
            <AltitudeMeters>311.21</AltitudeMeters>
            <DistanceMeters>108.20999908447266</DistanceMeters>
            <Extensions>
              <ns3:TPX>
                <ns3:Speed>2.743000030517578</ns3:Speed>
                <ns3:RunCadence>87</ns3:RunCadence>
              </ns3:TPX>
            </Extensions>
          </Trackpoint>
          <Trackpoint>
            <Time>2021-01-02T23:05:29.000Z</Time>
            <Position>
              <LatitudeDegrees>22.32938967729985</LatitudeDegrees>
              <LongitudeDegrees>114.20806836312089</LongitudeDegrees>
            </Position>
            <AltitudeMeters>311.37</AltitudeMeters>
            <DistanceMeters>130.4199981689453</DistanceMeters>
            <Extensions>
              <ns3:TPX>
                <ns3:Speed>2.743000030517578</ns3:Speed>
                <ns3:RunCadence>87</ns3:RunCadence>
              </ns3:TPX>
            </Extensions>
          </Trackpoint>
          <Trackpoint>
            <Time>2021-01-02T23:05:37.000Z</Time>
            <Position>
              <LatitudeDegrees>22.329614491119774</LatitudeDegrees>
              <LongitudeDegrees>114.20810706484592</LongitudeDegrees>
            </Position>
            <AltitudeMeters>311.2</AltitudeMeters>
            <DistanceMeters>152.17999267578125</DistanceMeters>
            <Extensions>
              <ns3:TPX>
                <ns3:Speed>2.7809998989105225</ns3:Speed>
                <ns3:RunCadence>87</ns3:RunCadence>
              </ns3:TPX>
            </Extensions>
          </Trackpoint>
          <Trackpoint>
            <Time>2021-01-02T23:05:45.000Z</Time>
            <Position>
              <LatitudeDegrees>22.329851361830737</LatitudeDegrees>
              <LongitudeDegrees>114.20810871410312</LongitudeDegrees>
            </Position>
            <AltitudeMeters>311.12</AltitudeMeters>
            <DistanceMeters>174.77999877929688</DistanceMeters>
            <Extensions>
              <ns3:TPX>
                <ns3:Speed>2.865000009536743</ns3:Speed>
                <ns3:RunCadence>87</ns3:RunCadence>
              </ns3:TPX>
            </Extensions>
          </Trackpoint>
          <Trackpoint>
            <Time>2021-01-02T23:05:53.000Z</Time>
            <Position>
              <LatitudeDegrees>22.33008715204388</LatitudeDegrees>
              <LongitudeDegrees>114.20808108874894</LongitudeDegrees>
            </Position>
            <AltitudeMeters>311.0</AltitudeMeters>
            <DistanceMeters>197.44000244140625</DistanceMeters>
            <Extensions>
              <ns3:TPX>
                <ns3:Speed>2.809000015258789</ns3:Speed>
                <ns3:RunCadence>87</ns3:RunCadence>
              </ns3:TPX>
            </Extensions>
          </Trackpoint>
          <Trackpoint>
            <Time>2021-01-02T23:06:01.000Z</Time>
            <Position>
              <LatitudeDegrees>22.33032023045984</LatitudeDegrees>
              <LongitudeDegrees>114.20805216103786</LongitudeDegrees>
            </Position>
            <AltitudeMeters>310.81</AltitudeMeters>
            <DistanceMeters>219.8300018310547</DistanceMeters>
            <Extensions>
              <ns3:TPX>
                <ns3:Speed>2.7899999618530273</ns3:Speed>
                <ns3:RunCadence>87</ns3:RunCadence>
              </ns3:TPX>
            </Extensions>
          </Trackpoint>
          <Trackpoint>
            <Time>2021-01-02T23:06:04.000Z</Time>
            <Position>
              <LatitudeDegrees>22.330389309145804</LatitudeDegrees>
              <LongitudeDegrees>114.20799617085737</LongitudeDegrees>
            </Position>
            <AltitudeMeters>310.96</AltitudeMeters>
            <DistanceMeters>228.1999969482422</DistanceMeters>
            <Extensions>
              <ns3:TPX>
                <ns3:Speed>2.7899999618530273</ns3:Speed>
                <ns3:RunCadence>87</ns3:RunCadence>
              </ns3:TPX>
            </Extensions>
          </Trackpoint>
          <Trackpoint>
            <Time>2021-01-02T23:06:12.000Z</Time>
            <Position>
              <LatitudeDegrees>22.330523582386995</LatitudeDegrees>
              <LongitudeDegrees>114.20780039874936</LongitudeDegrees>
            </Position>
            <AltitudeMeters>311.06</AltitudeMeters>
            <DistanceMeters>250.41000366210938</DistanceMeters>
            <Extensions>
              <ns3:TPX>
                <ns3:Speed>2.7709999084472656</ns3:Speed>
                <ns3:RunCadence>86</ns3:RunCadence>
              </ns3:TPX>
            </Extensions>
          </Trackpoint>
          <Trackpoint>
            <Time>2021-01-02T23:06:20.000Z</Time>
            <Position>
              <LatitudeDegrees>22.330657954762316</LatitudeDegrees>
              <LongitudeDegrees>114.20760347194717</LongitudeDegrees>
            </Position>
            <AltitudeMeters>311.2</AltitudeMeters>
            <DistanceMeters>272.5</DistanceMeters>
            <Extensions>
              <ns3:TPX>
                <ns3:Speed>2.753000020980835</ns3:Speed>
                <ns3:RunCadence>87</ns3:RunCadence>
              </ns3:TPX>
            </Extensions>
          </Trackpoint>
          <Trackpoint>
            <Time>2021-01-02T23:06:28.000Z</Time>
            <Position>
              <LatitudeDegrees>22.33068584377521</LatitudeDegrees>
              <LongitudeDegrees>114.20738452375109</LongitudeDegrees>
            </Position>
            <AltitudeMeters>311.3</AltitudeMeters>
            <DistanceMeters>294.3399963378906</DistanceMeters>
            <Extensions>
              <ns3:TPX>
                <ns3:Speed>2.697000026702881</ns3:Speed>
                <ns3:RunCadence>85</ns3:RunCadence>
              </ns3:TPX>
            </Extensions>
          </Trackpoint>
          <Trackpoint>
            <Time>2021-01-02T23:06:36.000Z</Time>
            <Position>
              <LatitudeDegrees>22.330809177039384</LatitudeDegrees>
              <LongitudeDegrees>114.2071861882745</LongitudeDegrees>
            </Position>
            <AltitudeMeters>311.11</AltitudeMeters>
            <DistanceMeters>315.7799987792969</DistanceMeters>
            <Extensions>
              <ns3:TPX>
                <ns3:Speed>2.6689999103546143</ns3:Speed>
                <ns3:RunCadence>86</ns3:RunCadence>
              </ns3:TPX>
            </Extensions>
          </Trackpoint>
          <Trackpoint>
            <Time>2021-01-02T23:06:44.000Z</Time>
            <Position>
              <LatitudeDegrees>22.33095850720847</LatitudeDegrees>
              <LongitudeDegrees>114.2070046774511</LongitudeDegrees>
            </Position>
            <AltitudeMeters>311.19</AltitudeMeters>
            <DistanceMeters>337.2099914550781</DistanceMeters>
            <Extensions>
              <ns3:TPX>
                <ns3:Speed>2.677999973297119</ns3:Speed>
                <ns3:RunCadence>86</ns3:RunCadence>
              </ns3:TPX>
            </Extensions>
          </Trackpoint>
          <Trackpoint>
            <Time>2021-01-02T23:06:52.000Z</Time>
            <Position>
              <LatitudeDegrees>22.331143131282364</LatitudeDegrees>
              <LongitudeDegrees>114.20687082300508</LongitudeDegrees>
            </Position>
            <AltitudeMeters>311.35</AltitudeMeters>
            <DistanceMeters>358.6300048828125</DistanceMeters>
            <Extensions>
              <ns3:TPX>
                <ns3:Speed>2.677999973297119</ns3:Speed>
                <ns3:RunCadence>86</ns3:RunCadence>
              </ns3:TPX>
            </Extensions>
          </Trackpoint>
          <Trackpoint>
            <Time>2021-01-02T23:07:00.000Z</Time>
            <Position>
              <LatitudeDegrees>22.331299473398126</LatitudeDegrees>
              <LongitudeDegrees>114.20670015205394</LongitudeDegrees>
            </Position>
            <AltitudeMeters>311.59</AltitudeMeters>
            <DistanceMeters>380.1300048828125</DistanceMeters>
            <Extensions>
              <ns3:TPX>
                <ns3:Speed>2.697000026702881</ns3:Speed>
                <ns3:RunCadence>86</ns3:RunCadence>
              </ns3:TPX>
            </Extensions>
          </Trackpoint>
          <Trackpoint>
            <Time>2021-01-02T23:07:08.000Z</Time>
            <Position>
              <LatitudeDegrees>22.33138970171104</LatitudeDegrees>
              <LongitudeDegrees>114.20647965107693</LongitudeDegrees>
            </Position>
            <AltitudeMeters>312.25</AltitudeMeters>
            <DistanceMeters>401.6300048828125</DistanceMeters>
            <Extensions>
              <ns3:TPX>
                <ns3:Speed>2.697000026702881</ns3:Speed>
                <ns3:RunCadence>87</ns3:RunCadence>
              </ns3:TPX>
            </Extensions>
          </Trackpoint>
          <Trackpoint>
            <Time>2021-01-02T23:07:16.000Z</Time>
            <Position>
              <LatitudeDegrees>22.331313447478927</LatitudeDegrees>
              <LongitudeDegrees>114.20631629525167</LongitudeDegrees>
            </Position>
            <AltitudeMeters>312.65</AltitudeMeters>
            <DistanceMeters>423.1700134277344</DistanceMeters>
            <Extensions>
              <ns3:TPX>
                <ns3:Speed>2.697000026702881</ns3:Speed>
                <ns3:RunCadence>86</ns3:RunCadence>
              </ns3:TPX>
            </Extensions>
          </Trackpoint>
          <Trackpoint>
            <Time>2021-01-02T23:07:24.000Z</Time>
            <Position>
              <LatitudeDegrees>22.33129272810105</LatitudeDegrees>
              <LongitudeDegrees>114.20611496836354</LongitudeDegrees>
            </Position>
            <AltitudeMeters>312.6</AltitudeMeters>
            <DistanceMeters>444.6000061035156</DistanceMeters>
            <Extensions>
              <ns3:TPX>
                <ns3:Speed>2.6689999103546143</ns3:Speed>
                <ns3:RunCadence>86</ns3:RunCadence>
              </ns3:TPX>
            </Extensions>
          </Trackpoint>
          <Trackpoint>
            <Time>2021-01-02T23:07:32.000Z</Time>
            <Position>
              <LatitudeDegrees>22.33141325702432</LatitudeDegrees>
              <LongitudeDegrees>114.20591438283284</LongitudeDegrees>
            </Position>
            <AltitudeMeters>313.18</AltitudeMeters>
            <DistanceMeters>465.8800048828125</DistanceMeters>
            <Extensions>
              <ns3:TPX>
                <ns3:Speed>2.6689999103546143</ns3:Speed>
                <ns3:RunCadence>85</ns3:RunCadence>
              </ns3:TPX>
            </Extensions>
          </Trackpoint>
          <Trackpoint>
            <Time>2021-01-02T23:07:39.000Z</Time>
            <Position>
              <LatitudeDegrees>22.331452062383068</LatitudeDegrees>
              <LongitudeDegrees>114.20571020126441</LongitudeDegrees>
            </Position>
            <AltitudeMeters>312.22</AltitudeMeters>
            <DistanceMeters>484.6199951171875</DistanceMeters>
            <Extensions>
              <ns3:TPX>
                <ns3:Speed>2.687000036239624</ns3:Speed>
                <ns3:RunCadence>86</ns3:RunCadence>
              </ns3:TPX>
            </Extensions>
          </Trackpoint>
          <Trackpoint>
            <Time>2021-01-02T23:07:47.000Z</Time>
            <Position>
              <LatitudeDegrees>22.33128741339214</LatitudeDegrees>
              <LongitudeDegrees>114.20554837971845</LongitudeDegrees>
            </Position>
            <AltitudeMeters>312.12</AltitudeMeters>
            <DistanceMeters>506.1199951171875</DistanceMeters>
            <Extensions>
              <ns3:TPX>
                <ns3:Speed>2.7060000896453857</ns3:Speed>
                <ns3:RunCadence>87</ns3:RunCadence>
              </ns3:TPX>
            </Extensions>
          </Trackpoint>
          <Trackpoint>
            <Time>2021-01-02T23:07:55.000Z</Time>
            <Position>
              <LatitudeDegrees>22.33111469268241</LatitudeDegrees>
              <LongitudeDegrees>114.20539002648583</LongitudeDegrees>
            </Position>
            <AltitudeMeters>312.71</AltitudeMeters>
            <DistanceMeters>527.7100219726562</DistanceMeters>
            <Extensions>
              <ns3:TPX>
                <ns3:Speed>2.687000036239624</ns3:Speed>
                <ns3:RunCadence>87</ns3:RunCadence>
              </ns3:TPX>
            </Extensions>
          </Trackpoint>
          <Trackpoint>
            <Time>2021-01-02T23:08:03.000Z</Time>
            <Position>
              <LatitudeDegrees>22.331160945571664</LatitudeDegrees>
              <LongitudeDegrees>114.20517870428058</LongitudeDegrees>
            </Position>
            <AltitudeMeters>312.67</AltitudeMeters>
            <DistanceMeters>549.3300170898438</DistanceMeters>
            <Extensions>
              <ns3:TPX>
                <ns3:Speed>2.697000026702881</ns3:Speed>
                <ns3:RunCadence>88</ns3:RunCadence>
              </ns3:TPX>
            </Extensions>
          </Trackpoint>
          <Trackpoint>
            <Time>2021-01-02T23:08:11.000Z</Time>
            <Position>
              <LatitudeDegrees>22.331304234655565</LatitudeDegrees>
              <LongitudeDegrees>114.20499378258353</LongitudeDegrees>
            </Position>
            <AltitudeMeters>312.2</AltitudeMeters>
            <DistanceMeters>570.9400024414062</DistanceMeters>
            <Extensions>
              <ns3:TPX>
                <ns3:Speed>2.697000026702881</ns3:Speed>
                <ns3:RunCadence>88</ns3:RunCadence>
              </ns3:TPX>
            </Extensions>
          </Trackpoint>
          <Trackpoint>
            <Time>2021-01-02T23:08:19.000Z</Time>
            <Position>
              <LatitudeDegrees>22.331280422718415</LatitudeDegrees>
              <LongitudeDegrees>114.2047579032642</LongitudeDegrees>
            </Position>
            <AltitudeMeters>312.17</AltitudeMeters>
            <DistanceMeters>592.6900024414062</DistanceMeters>
            <Extensions>
              <ns3:TPX>
                <ns3:Speed>2.7249999046325684</ns3:Speed>
                <ns3:RunCadence>87</ns3:RunCadence>
              </ns3:TPX>
            </Extensions>
          </Trackpoint>
          <Trackpoint>
            <Time>2021-01-02T23:08:27.000Z</Time>
            <Position>
              <LatitudeDegrees>22.33113779810066</LatitudeDegrees>
              <LongitudeDegrees>114.20456743374277</LongitudeDegrees>
            </Position>
            <AltitudeMeters>312.01</AltitudeMeters>
            <DistanceMeters>614.2999877929688</DistanceMeters>
            <Extensions>
              <ns3:TPX>
                <ns3:Speed>2.677999973297119</ns3:Speed>
                <ns3:RunCadence>86</ns3:RunCadence>
              </ns3:TPX>
            </Extensions>
          </Trackpoint>
          <Trackpoint>
            <Time>2021-01-02T23:08:35.000Z</Time>
            <Position>
              <LatitudeDegrees>22.331228025707663</LatitudeDegrees>
              <LongitudeDegrees>114.20446387859037</LongitudeDegrees>
            </Position>
            <AltitudeMeters>312.09</AltitudeMeters>
            <DistanceMeters>635.8300170898438</DistanceMeters>
            <Extensions>
              <ns3:TPX>
                <ns3:Speed>2.7060000896453857</ns3:Speed>
                <ns3:RunCadence>88</ns3:RunCadence>
              </ns3:TPX>
            </Extensions>
          </Trackpoint>
          <Trackpoint>
            <Time>2021-01-02T23:08:43.000Z</Time>
            <Position>
              <LatitudeDegrees>22.331446233262795</LatitudeDegrees>
              <LongitudeDegrees>114.20452415431089</LongitudeDegrees>
            </Position>
            <AltitudeMeters>312.31</AltitudeMeters>
            <DistanceMeters>657.5399780273438</DistanceMeters>
            <Extensions>
              <ns3:TPX>
                <ns3:Speed>2.7249999046325684</ns3:Speed>
                <ns3:RunCadence>88</ns3:RunCadence>
              </ns3:TPX>
            </Extensions>
          </Trackpoint>
          <Trackpoint>
            <Time>2021-01-02T23:08:51.000Z</Time>
            <Position>
              <LatitudeDegrees>22.3316745965073</LatitudeDegrees>
              <LongitudeDegrees>114.20454312334908</LongitudeDegrees>
            </Position>
            <AltitudeMeters>312.26</AltitudeMeters>
            <DistanceMeters>679.3800048828125</DistanceMeters>
            <Extensions>
              <ns3:TPX>
                <ns3:Speed>2.7249999046325684</ns3:Speed>
                <ns3:RunCadence>87</ns3:RunCadence>
              </ns3:TPX>
            </Extensions>
          </Trackpoint>
          <Trackpoint>
            <Time>2021-01-02T23:08:54.000Z</Time>
            <Position>
              <LatitudeDegrees>22.331759515557465</LatitudeDegrees>
              <LongitudeDegrees>114.20454342158074</LongitudeDegrees>
            </Position>
            <AltitudeMeters>312.26</AltitudeMeters>
            <DistanceMeters>687.5</DistanceMeters>
            <Extensions>
              <ns3:TPX>
                <ns3:Speed>2.697000026702881</ns3:Speed>
                <ns3:RunCadence>88</ns3:RunCadence>
              </ns3:TPX>
            </Extensions>
          </Trackpoint>
          <Trackpoint>
            <Time>2021-01-02T23:09:02.000Z</Time>
            <Position>
              <LatitudeDegrees>22.331980456596146</LatitudeDegrees>
              <LongitudeDegrees>114.20451719087261</LongitudeDegrees>
            </Position>
            <AltitudeMeters>312.56</AltitudeMeters>
            <DistanceMeters>708.6900024414062</DistanceMeters>
            <Extensions>
              <ns3:TPX>
                <ns3:Speed>2.575000047683716</ns3:Speed>
                <ns3:RunCadence>88</ns3:RunCadence>
              </ns3:TPX>
            </Extensions>
          </Trackpoint>
          <Trackpoint>
            <Time>2021-01-02T23:09:10.000Z</Time>
            <Position>
              <LatitudeDegrees>22.33219699746514</LatitudeDegrees>
              <LongitudeDegrees>114.20448926212768</LongitudeDegrees>
            </Position>
            <AltitudeMeters>312.41</AltitudeMeters>
            <DistanceMeters>729.47998046875</DistanceMeters>
            <Extensions>
              <ns3:TPX>
                <ns3:Speed>2.6029999256134033</ns3:Speed>
                <ns3:RunCadence>87</ns3:RunCadence>
              </ns3:TPX>
            </Extensions>
          </Trackpoint>
          <Trackpoint>
            <Time>2021-01-02T23:09:18.000Z</Time>
            <Position>
              <LatitudeDegrees>22.332418434014205</LatitudeDegrees>
              <LongitudeDegrees>114.20446070195368</LongitudeDegrees>
            </Position>
            <AltitudeMeters>312.26</AltitudeMeters>
            <DistanceMeters>750.739990234375</DistanceMeters>
            <Extensions>
              <ns3:TPX>
                <ns3:Speed>2.7060000896453857</ns3:Speed>
                <ns3:RunCadence>88</ns3:RunCadence>
              </ns3:TPX>
            </Extensions>
          </Trackpoint>
          <Trackpoint>
            <Time>2021-01-02T23:09:26.000Z</Time>
            <Position>
              <LatitudeDegrees>22.332643866574845</LatitudeDegrees>
              <LongitudeDegrees>114.20441972745101</LongitudeDegrees>
            </Position>
            <AltitudeMeters>312.35</AltitudeMeters>
            <DistanceMeters>772.5499877929688</DistanceMeters>
            <Extensions>
              <ns3:TPX>
                <ns3:Speed>2.7339999675750732</ns3:Speed>
                <ns3:RunCadence>87</ns3:RunCadence>
              </ns3:TPX>
            </Extensions>
          </Trackpoint>
          <Trackpoint>
            <Time>2021-01-02T23:09:34.000Z</Time>
            <Position>
              <LatitudeDegrees>22.33286420313968</LatitudeDegrees>
              <LongitudeDegrees>114.20437159415495</LongitudeDegrees>
            </Position>
            <AltitudeMeters>312.6</AltitudeMeters>
            <DistanceMeters>793.97998046875</DistanceMeters>
            <Extensions>
              <ns3:TPX>
                <ns3:Speed>2.63100004196167</ns3:Speed>
                <ns3:RunCadence>87</ns3:RunCadence>
              </ns3:TPX>
            </Extensions>
          </Trackpoint>
          <Trackpoint>
            <Time>2021-01-02T23:09:42.000Z</Time>
            <Position>
              <LatitudeDegrees>22.333040458559992</LatitudeDegrees>
              <LongitudeDegrees>114.20452138812607</LongitudeDegrees>
            </Position>
            <AltitudeMeters>312.01</AltitudeMeters>
            <DistanceMeters>815.5499877929688</DistanceMeters>
            <Extensions>
              <ns3:TPX>
                <ns3:Speed>2.7339999675750732</ns3:Speed>
                <ns3:RunCadence>89</ns3:RunCadence>
              </ns3:TPX>
            </Extensions>
          </Trackpoint>
          <Trackpoint>
            <Time>2021-01-02T23:09:50.000Z</Time>
            <Position>
              <LatitudeDegrees>22.333272054963288</LatitudeDegrees>
              <LongitudeDegrees>114.20456673556147</LongitudeDegrees>
            </Position>
            <AltitudeMeters>312.2</AltitudeMeters>
            <DistanceMeters>837.989990234375</DistanceMeters>
            <Extensions>
              <ns3:TPX>
                <ns3:Speed>2.8459999561309814</ns3:Speed>
                <ns3:RunCadence>89</ns3:RunCadence>
              </ns3:TPX>
            </Extensions>
          </Trackpoint>
          <Trackpoint>
            <Time>2021-01-02T23:09:57.000Z</Time>
            <Position>
              <LatitudeDegrees>22.333480437317377</LatitudeDegrees>
              <LongitudeDegrees>114.20459620423281</LongitudeDegrees>
            </Position>
            <AltitudeMeters>312.12</AltitudeMeters>
            <DistanceMeters>858.0399780273438</DistanceMeters>
            <Extensions>
              <ns3:TPX>
                <ns3:Speed>2.8929998874664307</ns3:Speed>
                <ns3:RunCadence>89</ns3:RunCadence>
              </ns3:TPX>
            </Extensions>
          </Trackpoint>
          <Trackpoint>
            <Time>2021-01-02T23:10:04.000Z</Time>
            <Position>
              <LatitudeDegrees>22.333693806792233</LatitudeDegrees>
              <LongitudeDegrees>114.20459596366817</LongitudeDegrees>
            </Position>
            <AltitudeMeters>311.71</AltitudeMeters>
            <DistanceMeters>878.4199829101562</DistanceMeters>
            <Extensions>
              <ns3:TPX>
                <ns3:Speed>2.9110000133514404</ns3:Speed>
                <ns3:RunCadence>89</ns3:RunCadence>
              </ns3:TPX>
            </Extensions>
          </Trackpoint>
          <Trackpoint>
            <Time>2021-01-02T23:10:11.000Z</Time>
            <Position>
              <LatitudeDegrees>22.333905393901773</LatitudeDegrees>
              <LongitudeDegrees>114.20457732026783</LongitudeDegrees>
            </Position>
            <AltitudeMeters>312.07</AltitudeMeters>
            <DistanceMeters>898.739990234375</DistanceMeters>
            <Extensions>
              <ns3:TPX>
                <ns3:Speed>2.882999897003174</ns3:Speed>
                <ns3:RunCadence>89</ns3:RunCadence>
              </ns3:TPX>
            </Extensions>
          </Trackpoint>
          <Trackpoint>
            <Time>2021-01-02T23:10:19.000Z</Time>
            <Position>
              <LatitudeDegrees>22.334142482837038</LatitudeDegrees>
              <LongitudeDegrees>114.20458945123282</LongitudeDegrees>
            </Position>
            <AltitudeMeters>311.8</AltitudeMeters>
            <DistanceMeters>921.3699951171875</DistanceMeters>
            <Extensions>
              <ns3:TPX>
                <ns3:Speed>2.8459999561309814</ns3:Speed>
                <ns3:RunCadence>89</ns3:RunCadence>
              </ns3:TPX>
            </Extensions>
          </Trackpoint>
          <Trackpoint>
            <Time>2021-01-02T23:10:27.000Z</Time>
            <Position>
              <LatitudeDegrees>22.33438179878656</LatitudeDegrees>
              <LongitudeDegrees>114.20459249926637</LongitudeDegrees>
            </Position>
            <AltitudeMeters>312.22</AltitudeMeters>
            <DistanceMeters>944.1900024414062</DistanceMeters>
            <Extensions>
              <ns3:TPX>
                <ns3:Speed>2.8459999561309814</ns3:Speed>
                <ns3:RunCadence>89</ns3:RunCadence>
              </ns3:TPX>
            </Extensions>
          </Trackpoint>
          <Trackpoint>
            <Time>2021-01-02T23:10:35.000Z</Time>
            <Position>
              <LatitudeDegrees>22.33462094344998</LatitudeDegrees>
              <LongitudeDegrees>114.2045993881846</LongitudeDegrees>
            </Position>
            <AltitudeMeters>312.35</AltitudeMeters>
            <DistanceMeters>967.0</DistanceMeters>
            <Extensions>
              <ns3:TPX>
                <ns3:Speed>2.8369998931884766</ns3:Speed>
                <ns3:RunCadence>88</ns3:RunCadence>
              </ns3:TPX>
            </Extensions>
          </Trackpoint>
          <Trackpoint>
            <Time>2021-01-02T23:10:43.000Z</Time>
            <Position>
              <LatitudeDegrees>22.33485111280557</LatitudeDegrees>
              <LongitudeDegrees>114.20455915200814</LongitudeDegrees>
            </Position>
            <AltitudeMeters>312.2</AltitudeMeters>
            <DistanceMeters>989.4400024414062</DistanceMeters>
            <Extensions>
              <ns3:TPX>
                <ns3:Speed>2.7899999618530273</ns3:Speed>
                <ns3:RunCadence>87</ns3:RunCadence>
              </ns3:TPX>
            </Extensions>
          </Trackpoint>
          <Trackpoint>
            <Time>2021-01-02T23:10:47.000Z</Time>
            <Position>
              <LatitudeDegrees>22.33490854598797</LatitudeDegrees>
              <LongitudeDegrees>114.20451740454754</LongitudeDegrees>
            </Position>
            <AltitudeMeters>312.2</AltitudeMeters>
            <DistanceMeters>1000.6500244140625</DistanceMeters>
            <Extensions>
              <ns3:TPX>
                <ns3:Speed>2.818000078201294</ns3:Speed>
                <ns3:RunCadence>87</ns3:RunCadence>
              </ns3:TPX>
            </Extensions>
          </Trackpoint>
        </Track>
        <Extensions>
          <ns3:LX>
            <ns3:AvgSpeed>2.7009999752044678</ns3:AvgSpeed>
            <ns3:AvgRunCadence>86</ns3:AvgRunCadence>
            <ns3:MaxRunCadence>89</ns3:MaxRunCadence>
          </ns3:LX>
        </Extensions>
      </Lap>
      <Lap StartTime="2021-01-02T23:10:48.000Z">
        <TotalTimeSeconds>364.281</TotalTimeSeconds>
        <DistanceMeters>1000.0</DistanceMeters>
        <MaximumSpeed>2.874000072479248</MaximumSpeed>
        <Calories>70</Calories>
        <Intensity>Active</Intensity>
        <TriggerMethod>Manual</TriggerMethod>
        <Track>
          <Trackpoint>
            <Time>2021-01-02T23:10:55.000Z</Time>
            <Position>
              <LatitudeDegrees>22.334815664775217</LatitudeDegrees>
              <LongitudeDegrees>114.20431538606458</LongitudeDegrees>
            </Position>
            <AltitudeMeters>312.81</AltitudeMeters>
            <DistanceMeters>1023.1400146484375</DistanceMeters>
            <Extensions>
              <ns3:TPX>
                <ns3:Speed>2.809000015258789</ns3:Speed>
                <ns3:RunCadence>87</ns3:RunCadence>
              </ns3:TPX>
            </Extensions>
          </Trackpoint>
          <Trackpoint>
            <Time>2021-01-02T23:10:57.000Z</Time>
            <Position>
              <LatitudeDegrees>22.33478443561663</LatitudeDegrees>
              <LongitudeDegrees>114.20426738663402</LongitudeDegrees>
            </Position>
            <AltitudeMeters>312.93</AltitudeMeters>
            <DistanceMeters>1028.760009765625</DistanceMeters>
            <Extensions>
              <ns3:TPX>
                <ns3:Speed>2.809000015258789</ns3:Speed>
                <ns3:RunCadence>87</ns3:RunCadence>
              </ns3:TPX>
            </Extensions>
          </Trackpoint>
          <Trackpoint>
            <Time>2021-01-02T23:11:05.000Z</Time>
            <Position>
              <LatitudeDegrees>22.33458327782931</LatitudeDegrees>
              <LongitudeDegrees>114.20414139177619</LongitudeDegrees>
            </Position>
            <AltitudeMeters>312.66</AltitudeMeters>
            <DistanceMeters>1051.219970703125</DistanceMeters>
            <Extensions>
              <ns3:TPX>
                <ns3:Speed>2.809000015258789</ns3:Speed>
                <ns3:RunCadence>88</ns3:RunCadence>
              </ns3:TPX>
            </Extensions>
          </Trackpoint>
          <Trackpoint>
            <Time>2021-01-02T23:11:13.000Z</Time>
            <Position>
              <LatitudeDegrees>22.334595936458243</LatitudeDegrees>
              <LongitudeDegrees>114.20394935643368</LongitudeDegrees>
            </Position>
            <AltitudeMeters>313.18</AltitudeMeters>
            <DistanceMeters>1073.7099609375</DistanceMeters>
            <Extensions>
              <ns3:TPX>
                <ns3:Speed>2.818000078201294</ns3:Speed>
                <ns3:RunCadence>88</ns3:RunCadence>
              </ns3:TPX>
            </Extensions>
          </Trackpoint>
          <Trackpoint>
            <Time>2021-01-02T23:11:21.000Z</Time>
            <Position>
              <LatitudeDegrees>22.334748225229003</LatitudeDegrees>
              <LongitudeDegrees>114.20375980013122</LongitudeDegrees>
            </Position>
            <AltitudeMeters>313.59</AltitudeMeters>
            <DistanceMeters>1095.97998046875</DistanceMeters>
            <Extensions>
              <ns3:TPX>
                <ns3:Speed>2.76200008392334</ns3:Speed>
                <ns3:RunCadence>87</ns3:RunCadence>
              </ns3:TPX>
            </Extensions>
          </Trackpoint>
          <Trackpoint>
            <Time>2021-01-02T23:11:29.000Z</Time>
            <Position>
              <LatitudeDegrees>22.334889558738727</LatitudeDegrees>
              <LongitudeDegrees>114.20356378186678</LongitudeDegrees>
            </Position>
            <AltitudeMeters>313.4</AltitudeMeters>
            <DistanceMeters>1118.0</DistanceMeters>
            <Extensions>
              <ns3:TPX>
                <ns3:Speed>2.76200008392334</ns3:Speed>
                <ns3:RunCadence>87</ns3:RunCadence>
              </ns3:TPX>
            </Extensions>
          </Trackpoint>
          <Trackpoint>
            <Time>2021-01-02T23:11:37.000Z</Time>
            <Position>
              <LatitudeDegrees>22.335059814225964</LatitudeDegrees>
              <LongitudeDegrees>114.20339718786249</LongitudeDegrees>
            </Position>
            <AltitudeMeters>313.25</AltitudeMeters>
            <DistanceMeters>1140.06005859375</DistanceMeters>
            <Extensions>
              <ns3:TPX>
                <ns3:Speed>2.76200008392334</ns3:Speed>
                <ns3:RunCadence>88</ns3:RunCadence>
              </ns3:TPX>
            </Extensions>
          </Trackpoint>
          <Trackpoint>
            <Time>2021-01-02T23:11:45.000Z</Time>
            <Position>
              <LatitudeDegrees>22.33517520310745</LatitudeDegrees>
              <LongitudeDegrees>114.20319383190309</LongitudeDegrees>
            </Position>
            <AltitudeMeters>312.6</AltitudeMeters>
            <DistanceMeters>1162.1600341796875</DistanceMeters>
            <Extensions>
              <ns3:TPX>
                <ns3:Speed>2.753000020980835</ns3:Speed>
                <ns3:RunCadence>87</ns3:RunCadence>
              </ns3:TPX>
            </Extensions>
          </Trackpoint>
          <Trackpoint>
            <Time>2021-01-02T23:11:53.000Z</Time>
            <Position>
              <LatitudeDegrees>22.33501774740229</LatitudeDegrees>
              <LongitudeDegrees>114.20306996644887</LongitudeDegrees>
            </Position>
            <AltitudeMeters>312.6</AltitudeMeters>
            <DistanceMeters>1183.989990234375</DistanceMeters>
            <Extensions>
              <ns3:TPX>
                <ns3:Speed>2.7249999046325684</ns3:Speed>
                <ns3:RunCadence>87</ns3:RunCadence>
              </ns3:TPX>
            </Extensions>
          </Trackpoint>
          <Trackpoint>
            <Time>2021-01-02T23:12:01.000Z</Time>
            <Position>
              <LatitudeDegrees>22.334856136946392</LatitudeDegrees>
              <LongitudeDegrees>114.20290429412304</LongitudeDegrees>
            </Position>
            <AltitudeMeters>312.79</AltitudeMeters>
            <DistanceMeters>1205.8699951171875</DistanceMeters>
            <Extensions>
              <ns3:TPX>
                <ns3:Speed>2.743000030517578</ns3:Speed>
                <ns3:RunCadence>87</ns3:RunCadence>
              </ns3:TPX>
            </Extensions>
          </Trackpoint>
          <Trackpoint>
            <Time>2021-01-02T23:12:09.000Z</Time>
            <Position>
              <LatitudeDegrees>22.334788737152724</LatitudeDegrees>
              <LongitudeDegrees>114.20276509986525</LongitudeDegrees>
            </Position>
            <AltitudeMeters>313.2</AltitudeMeters>
            <DistanceMeters>1227.81005859375</DistanceMeters>
            <Extensions>
              <ns3:TPX>
                <ns3:Speed>2.7339999675750732</ns3:Speed>
                <ns3:RunCadence>87</ns3:RunCadence>
              </ns3:TPX>
            </Extensions>
          </Trackpoint>
          <Trackpoint>
            <Time>2021-01-02T23:12:17.000Z</Time>
            <Position>
              <LatitudeDegrees>22.33470852695477</LatitudeDegrees>
              <LongitudeDegrees>114.20260116287423</LongitudeDegrees>
            </Position>
            <AltitudeMeters>312.91</AltitudeMeters>
            <DistanceMeters>1249.7099609375</DistanceMeters>
            <Extensions>
              <ns3:TPX>
                <ns3:Speed>2.7339999675750732</ns3:Speed>
                <ns3:RunCadence>87</ns3:RunCadence>
              </ns3:TPX>
            </Extensions>
          </Trackpoint>
          <Trackpoint>
            <Time>2021-01-02T23:12:25.000Z</Time>
            <Position>
              <LatitudeDegrees>22.334773340631596</LatitudeDegrees>
              <LongitudeDegrees>114.20236412282901</LongitudeDegrees>
            </Position>
            <AltitudeMeters>312.6</AltitudeMeters>
            <DistanceMeters>1271.5400390625</DistanceMeters>
            <Extensions>
              <ns3:TPX>
                <ns3:Speed>2.7249999046325684</ns3:Speed>
                <ns3:RunCadence>87</ns3:RunCadence>
              </ns3:TPX>
            </Extensions>
          </Trackpoint>
          <Trackpoint>
            <Time>2021-01-02T23:12:33.000Z</Time>
            <Position>
              <LatitudeDegrees>22.334813590533795</LatitudeDegrees>
              <LongitudeDegrees>114.2021217407903</LongitudeDegrees>
            </Position>
            <AltitudeMeters>312.74</AltitudeMeters>
            <DistanceMeters>1293.280029296875</DistanceMeters>
            <Extensions>
              <ns3:TPX>
                <ns3:Speed>2.7149999141693115</ns3:Speed>
                <ns3:RunCadence>85</ns3:RunCadence>
              </ns3:TPX>
            </Extensions>
          </Trackpoint>
          <Trackpoint>
            <Time>2021-01-02T23:12:41.000Z</Time>
            <Position>
              <LatitudeDegrees>22.33475137180003</LatitudeDegrees>
              <LongitudeDegrees>114.20189260592096</LongitudeDegrees>
            </Position>
            <AltitudeMeters>312.62</AltitudeMeters>
            <DistanceMeters>1314.949951171875</DistanceMeters>
            <Extensions>
              <ns3:TPX>
                <ns3:Speed>2.7060000896453857</ns3:Speed>
                <ns3:RunCadence>86</ns3:RunCadence>
              </ns3:TPX>
            </Extensions>
          </Trackpoint>
          <Trackpoint>
            <Time>2021-01-02T23:12:49.000Z</Time>
            <Position>
              <LatitudeDegrees>22.334863554546185</LatitudeDegrees>
              <LongitudeDegrees>114.20181293379162</LongitudeDegrees>
            </Position>
            <AltitudeMeters>312.72</AltitudeMeters>
            <DistanceMeters>1336.6600341796875</DistanceMeters>
            <Extensions>
              <ns3:TPX>
                <ns3:Speed>2.7149999141693115</ns3:Speed>
                <ns3:RunCadence>87</ns3:RunCadence>
              </ns3:TPX>
            </Extensions>
          </Trackpoint>
          <Trackpoint>
            <Time>2021-01-02T23:12:57.000Z</Time>
            <Position>
              <LatitudeDegrees>22.334895980703596</LatitudeDegrees>
              <LongitudeDegrees>114.20166794762073</LongitudeDegrees>
            </Position>
            <AltitudeMeters>312.22</AltitudeMeters>
            <DistanceMeters>1358.3800048828125</DistanceMeters>
            <Extensions>
              <ns3:TPX>
                <ns3:Speed>2.7149999141693115</ns3:Speed>
                <ns3:RunCadence>87</ns3:RunCadence>
              </ns3:TPX>
            </Extensions>
          </Trackpoint>
          <Trackpoint>
            <Time>2021-01-02T23:13:05.000Z</Time>
            <Position>
              <LatitudeDegrees>22.334867041753323</LatitudeDegrees>
              <LongitudeDegrees>114.20142271703487</LongitudeDegrees>
            </Position>
            <AltitudeMeters>312.29</AltitudeMeters>
            <DistanceMeters>1380.1800537109375</DistanceMeters>
            <Extensions>
              <ns3:TPX>
                <ns3:Speed>2.7249999046325684</ns3:Speed>
                <ns3:RunCadence>87</ns3:RunCadence>
              </ns3:TPX>
            </Extensions>
          </Trackpoint>
          <Trackpoint>
            <Time>2021-01-02T23:13:09.000Z</Time>
            <Position>
              <LatitudeDegrees>22.334852492714145</LatitudeDegrees>
              <LongitudeDegrees>114.20129942751095</LongitudeDegrees>
            </Position>
            <AltitudeMeters>312.32</AltitudeMeters>
            <DistanceMeters>1391.1400146484375</DistanceMeters>
            <Extensions>
              <ns3:TPX>
                <ns3:Speed>2.753000020980835</ns3:Speed>
                <ns3:RunCadence>87</ns3:RunCadence>
              </ns3:TPX>
            </Extensions>
          </Trackpoint>
          <Trackpoint>
            <Time>2021-01-02T23:13:17.000Z</Time>
            <Position>
              <LatitudeDegrees>22.334823195482603</LatitudeDegrees>
              <LongitudeDegrees>114.20105116082581</LongitudeDegrees>
            </Position>
            <AltitudeMeters>312.4</AltitudeMeters>
            <DistanceMeters>1413.2099609375</DistanceMeters>
            <Extensions>
              <ns3:TPX>
                <ns3:Speed>2.753000020980835</ns3:Speed>
                <ns3:RunCadence>87</ns3:RunCadence>
              </ns3:TPX>
            </Extensions>
          </Trackpoint>
          <Trackpoint>
            <Time>2021-01-02T23:13:25.000Z</Time>
            <Position>
              <LatitudeDegrees>22.334691227146866</LatitudeDegrees>
              <LongitudeDegrees>114.20101054640374</LongitudeDegrees>
            </Position>
            <AltitudeMeters>312.06</AltitudeMeters>
            <DistanceMeters>1435.1500244140625</DistanceMeters>
            <Extensions>
              <ns3:TPX>
                <ns3:Speed>2.743000030517578</ns3:Speed>
                <ns3:RunCadence>86</ns3:RunCadence>
              </ns3:TPX>
            </Extensions>
          </Trackpoint>
          <Trackpoint>
            <Time>2021-01-02T23:13:33.000Z</Time>
            <Position>
              <LatitudeDegrees>22.33456805278895</LatitudeDegrees>
              <LongitudeDegrees>114.2008093880629</LongitudeDegrees>
            </Position>
            <AltitudeMeters>312.38</AltitudeMeters>
            <DistanceMeters>1457.0</DistanceMeters>
            <Extensions>
              <ns3:TPX>
                <ns3:Speed>2.7249999046325684</ns3:Speed>
                <ns3:RunCadence>86</ns3:RunCadence>
              </ns3:TPX>
            </Extensions>
          </Trackpoint>
          <Trackpoint>
            <Time>2021-01-02T23:13:41.000Z</Time>
            <Position>
              <LatitudeDegrees>22.334496764360996</LatitudeDegrees>
              <LongitudeDegrees>114.20057803648947</LongitudeDegrees>
            </Position>
            <AltitudeMeters>312.2</AltitudeMeters>
            <DistanceMeters>1478.6700439453125</DistanceMeters>
            <Extensions>
              <ns3:TPX>
                <ns3:Speed>2.7060000896453857</ns3:Speed>
                <ns3:RunCadence>86</ns3:RunCadence>
              </ns3:TPX>
            </Extensions>
          </Trackpoint>
          <Trackpoint>
            <Time>2021-01-02T23:13:49.000Z</Time>
            <Position>
              <LatitudeDegrees>22.334406227261688</LatitudeDegrees>
              <LongitudeDegrees>114.20038703349233</LongitudeDegrees>
            </Position>
            <AltitudeMeters>312.33</AltitudeMeters>
            <DistanceMeters>1500.2099609375</DistanceMeters>
            <Extensions>
              <ns3:TPX>
                <ns3:Speed>2.697000026702881</ns3:Speed>
                <ns3:RunCadence>86</ns3:RunCadence>
              </ns3:TPX>
            </Extensions>
          </Trackpoint>
          <Trackpoint>
            <Time>2021-01-02T23:13:57.000Z</Time>
            <Position>
              <LatitudeDegrees>22.334266343981838</LatitudeDegrees>
              <LongitudeDegrees>114.20022768891057</LongitudeDegrees>
            </Position>
            <AltitudeMeters>312.4</AltitudeMeters>
            <DistanceMeters>1521.780029296875</DistanceMeters>
            <Extensions>
              <ns3:TPX>
                <ns3:Speed>2.697000026702881</ns3:Speed>
                <ns3:RunCadence>86</ns3:RunCadence>
              </ns3:TPX>
            </Extensions>
          </Trackpoint>
          <Trackpoint>
            <Time>2021-01-02T23:14:05.000Z</Time>
            <Position>
              <LatitudeDegrees>22.33408905894975</LatitudeDegrees>
              <LongitudeDegrees>114.20028876451521</LongitudeDegrees>
            </Position>
            <AltitudeMeters>312.24</AltitudeMeters>
            <DistanceMeters>1543.449951171875</DistanceMeters>
            <Extensions>
              <ns3:TPX>
                <ns3:Speed>2.7149999141693115</ns3:Speed>
                <ns3:RunCadence>87</ns3:RunCadence>
              </ns3:TPX>
            </Extensions>
          </Trackpoint>
          <Trackpoint>
            <Time>2021-01-02T23:14:13.000Z</Time>
            <Position>
              <LatitudeDegrees>22.333910564853444</LatitudeDegrees>
              <LongitudeDegrees>114.2004415155708</LongitudeDegrees>
            </Position>
            <AltitudeMeters>311.6</AltitudeMeters>
            <DistanceMeters>1565.1600341796875</DistanceMeters>
            <Extensions>
              <ns3:TPX>
                <ns3:Speed>2.7060000896453857</ns3:Speed>
                <ns3:RunCadence>86</ns3:RunCadence>
              </ns3:TPX>
            </Extensions>
          </Trackpoint>
          <Trackpoint>
            <Time>2021-01-02T23:14:21.000Z</Time>
            <Position>
              <LatitudeDegrees>22.333719860025838</LatitudeDegrees>
              <LongitudeDegrees>114.2005851726403</LongitudeDegrees>
            </Position>
            <AltitudeMeters>311.68</AltitudeMeters>
            <DistanceMeters>1587.3199462890625</DistanceMeters>
            <Extensions>
              <ns3:TPX>
                <ns3:Speed>2.865000009536743</ns3:Speed>
                <ns3:RunCadence>86</ns3:RunCadence>
              </ns3:TPX>
            </Extensions>
          </Trackpoint>
          <Trackpoint>
            <Time>2021-01-02T23:14:28.000Z</Time>
            <Position>
              <LatitudeDegrees>22.333547883605227</LatitudeDegrees>
              <LongitudeDegrees>114.20071588534917</LongitudeDegrees>
            </Position>
            <AltitudeMeters>312.0</AltitudeMeters>
            <DistanceMeters>1607.3699951171875</DistanceMeters>
            <Extensions>
              <ns3:TPX>
                <ns3:Speed>2.8550000190734863</ns3:Speed>
                <ns3:RunCadence>87</ns3:RunCadence>
              </ns3:TPX>
            </Extensions>
          </Trackpoint>
          <Trackpoint>
            <Time>2021-01-02T23:14:36.000Z</Time>
            <Position>
              <LatitudeDegrees>22.333352094130372</LatitudeDegrees>
              <LongitudeDegrees>114.20085995610545</LongitudeDegrees>
            </Position>
            <AltitudeMeters>312.0</AltitudeMeters>
            <DistanceMeters>1630.010009765625</DistanceMeters>
            <Extensions>
              <ns3:TPX>
                <ns3:Speed>2.809000015258789</ns3:Speed>
                <ns3:RunCadence>86</ns3:RunCadence>
              </ns3:TPX>
            </Extensions>
          </Trackpoint>
          <Trackpoint>
            <Time>2021-01-02T23:14:44.000Z</Time>
            <Position>
              <LatitudeDegrees>22.333169623085762</LatitudeDegrees>
              <LongitudeDegrees>114.20101475077804</LongitudeDegrees>
            </Position>
            <AltitudeMeters>311.67</AltitudeMeters>
            <DistanceMeters>1652.3900146484375</DistanceMeters>
            <Extensions>
              <ns3:TPX>
                <ns3:Speed>2.7990000247955322</ns3:Speed>
                <ns3:RunCadence>86</ns3:RunCadence>
              </ns3:TPX>
            </Extensions>
          </Trackpoint>
          <Trackpoint>
            <Time>2021-01-02T23:14:52.000Z</Time>
            <Position>
              <LatitudeDegrees>22.33309078063367</LatitudeDegrees>
              <LongitudeDegrees>114.20086673442837</LongitudeDegrees>
            </Position>
            <AltitudeMeters>311.49</AltitudeMeters>
            <DistanceMeters>1674.6099853515625</DistanceMeters>
            <Extensions>
              <ns3:TPX>
                <ns3:Speed>2.76200008392334</ns3:Speed>
                <ns3:RunCadence>86</ns3:RunCadence>
              </ns3:TPX>
            </Extensions>
          </Trackpoint>
          <Trackpoint>
            <Time>2021-01-02T23:15:00.000Z</Time>
            <Position>
              <LatitudeDegrees>22.333064173383658</LatitudeDegrees>
              <LongitudeDegrees>114.20061994290292</LongitudeDegrees>
            </Position>
            <AltitudeMeters>311.6</AltitudeMeters>
            <DistanceMeters>1696.52001953125</DistanceMeters>
            <Extensions>
              <ns3:TPX>
                <ns3:Speed>2.743000030517578</ns3:Speed>
                <ns3:RunCadence>86</ns3:RunCadence>
              </ns3:TPX>
            </Extensions>
          </Trackpoint>
          <Trackpoint>
            <Time>2021-01-02T23:15:08.000Z</Time>
            <Position>
              <LatitudeDegrees>22.333037420413195</LatitudeDegrees>
              <LongitudeDegrees>114.20037179976944</LongitudeDegrees>
            </Position>
            <AltitudeMeters>311.72</AltitudeMeters>
            <DistanceMeters>1718.550048828125</DistanceMeters>
            <Extensions>
              <ns3:TPX>
                <ns3:Speed>2.76200008392334</ns3:Speed>
                <ns3:RunCadence>87</ns3:RunCadence>
              </ns3:TPX>
            </Extensions>
          </Trackpoint>
          <Trackpoint>
            <Time>2021-01-02T23:15:16.000Z</Time>
            <Position>
              <LatitudeDegrees>22.333010667590973</LatitudeDegrees>
              <LongitudeDegrees>114.20012365801095</LongitudeDegrees>
            </Position>
            <AltitudeMeters>311.84</AltitudeMeters>
            <DistanceMeters>1740.5799560546875</DistanceMeters>
            <Extensions>
              <ns3:TPX>
                <ns3:Speed>2.753000020980835</ns3:Speed>
                <ns3:RunCadence>86</ns3:RunCadence>
              </ns3:TPX>
            </Extensions>
          </Trackpoint>
          <Trackpoint>
            <Time>2021-01-02T23:15:24.000Z</Time>
            <Position>
              <LatitudeDegrees>22.33298403602951</LatitudeDegrees>
              <LongitudeDegrees>114.19987664098834</LongitudeDegrees>
            </Position>
            <AltitudeMeters>311.96</AltitudeMeters>
            <DistanceMeters>1762.510009765625</DistanceMeters>
            <Extensions>
              <ns3:TPX>
                <ns3:Speed>2.7339999675750732</ns3:Speed>
                <ns3:RunCadence>85</ns3:RunCadence>
              </ns3:TPX>
            </Extensions>
          </Trackpoint>
          <Trackpoint>
            <Time>2021-01-02T23:15:32.000Z</Time>
            <Position>
              <LatitudeDegrees>22.332957659590026</LatitudeDegrees>
              <LongitudeDegrees>114.19963199031099</LongitudeDegrees>
            </Position>
            <AltitudeMeters>312.08</AltitudeMeters>
            <DistanceMeters>1784.22998046875</DistanceMeters>
            <Extensions>
              <ns3:TPX>
                <ns3:Speed>2.697000026702881</ns3:Speed>
                <ns3:RunCadence>87</ns3:RunCadence>
              </ns3:TPX>
            </Extensions>
          </Trackpoint>
          <Trackpoint>
            <Time>2021-01-02T23:15:40.000Z</Time>
            <Position>
              <LatitudeDegrees>22.332931210216188</LatitudeDegrees>
              <LongitudeDegrees>114.19938666314215</LongitudeDegrees>
            </Position>
            <AltitudeMeters>312.19</AltitudeMeters>
            <DistanceMeters>1806.010009765625</DistanceMeters>
            <Extensions>
              <ns3:TPX>
                <ns3:Speed>2.7339999675750732</ns3:Speed>
                <ns3:RunCadence>87</ns3:RunCadence>
              </ns3:TPX>
            </Extensions>
          </Trackpoint>
          <Trackpoint>
            <Time>2021-01-02T23:15:48.000Z</Time>
            <Position>
              <LatitudeDegrees>22.332976698637573</LatitudeDegrees>
              <LongitudeDegrees>114.19914423245412</LongitudeDegrees>
            </Position>
            <AltitudeMeters>312.13</AltitudeMeters>
            <DistanceMeters>1827.8800048828125</DistanceMeters>
            <Extensions>
              <ns3:TPX>
                <ns3:Speed>2.7339999675750732</ns3:Speed>
                <ns3:RunCadence>88</ns3:RunCadence>
              </ns3:TPX>
            </Extensions>
          </Trackpoint>
          <Trackpoint>
            <Time>2021-01-02T23:15:56.000Z</Time>
            <Position>
              <LatitudeDegrees>22.33302603298125</LatitudeDegrees>
              <LongitudeDegrees>114.1989015621206</LongitudeDegrees>
            </Position>
            <AltitudeMeters>312.05</AltitudeMeters>
            <DistanceMeters>1849.7900390625</DistanceMeters>
            <Extensions>
              <ns3:TPX>
                <ns3:Speed>2.7249999046325684</ns3:Speed>
                <ns3:RunCadence>87</ns3:RunCadence>
              </ns3:TPX>
            </Extensions>
          </Trackpoint>
          <Trackpoint>
            <Time>2021-01-02T23:16:04.000Z</Time>
            <Position>
              <LatitudeDegrees>22.33307480413055</LatitudeDegrees>
              <LongitudeDegrees>114.19866166207972</LongitudeDegrees>
            </Position>
            <AltitudeMeters>311.97</AltitudeMeters>
            <DistanceMeters>1871.449951171875</DistanceMeters>
            <Extensions>
              <ns3:TPX>
                <ns3:Speed>2.697000026702881</ns3:Speed>
                <ns3:RunCadence>86</ns3:RunCadence>
              </ns3:TPX>
            </Extensions>
          </Trackpoint>
          <Trackpoint>
            <Time>2021-01-02T23:16:12.000Z</Time>
            <Position>
              <LatitudeDegrees>22.333123485399632</LatitudeDegrees>
              <LongitudeDegrees>114.19842220414994</LongitudeDegrees>
            </Position>
            <AltitudeMeters>311.9</AltitudeMeters>
            <DistanceMeters>1893.0699462890625</DistanceMeters>
            <Extensions>
              <ns3:TPX>
                <ns3:Speed>2.7149999141693115</ns3:Speed>
                <ns3:RunCadence>85</ns3:RunCadence>
              </ns3:TPX>
            </Extensions>
          </Trackpoint>
          <Trackpoint>
            <Time>2021-01-02T23:16:19.000Z</Time>
            <Position>
              <LatitudeDegrees>22.333166627628593</LatitudeDegrees>
              <LongitudeDegrees>114.19820999216311</LongitudeDegrees>
            </Position>
            <AltitudeMeters>311.83</AltitudeMeters>
            <DistanceMeters>1912.22998046875</DistanceMeters>
            <Extensions>
              <ns3:TPX>
                <ns3:Speed>2.743000030517578</ns3:Speed>
                <ns3:RunCadence>87</ns3:RunCadence>
              </ns3:TPX>
            </Extensions>
          </Trackpoint>
          <Trackpoint>
            <Time>2021-01-02T23:16:27.000Z</Time>
            <Position>
              <LatitudeDegrees>22.333267346577422</LatitudeDegrees>
              <LongitudeDegrees>114.19799315216677</LongitudeDegrees>
            </Position>
            <AltitudeMeters>312.06</AltitudeMeters>
            <DistanceMeters>1934.1099853515625</DistanceMeters>
            <Extensions>
              <ns3:TPX>
                <ns3:Speed>2.7249999046325684</ns3:Speed>
                <ns3:RunCadence>86</ns3:RunCadence>
              </ns3:TPX>
            </Extensions>
          </Trackpoint>
          <Trackpoint>
            <Time>2021-01-02T23:16:31.000Z</Time>
            <Position>
              <LatitudeDegrees>22.333347971272296</LatitudeDegrees>
              <LongitudeDegrees>114.19790899353707</LongitudeDegrees>
            </Position>
            <AltitudeMeters>312.18</AltitudeMeters>
            <DistanceMeters>1945.050048828125</DistanceMeters>
            <Extensions>
              <ns3:TPX>
                <ns3:Speed>2.7339999675750732</ns3:Speed>
                <ns3:RunCadence>87</ns3:RunCadence>
              </ns3:TPX>
            </Extensions>
          </Trackpoint>
          <Trackpoint>
            <Time>2021-01-02T23:16:39.000Z</Time>
            <Position>
              <LatitudeDegrees>22.333552989120246</LatitudeDegrees>
              <LongitudeDegrees>114.1977952124575</LongitudeDegrees>
            </Position>
            <AltitudeMeters>312.03</AltitudeMeters>
            <DistanceMeters>1967.02001953125</DistanceMeters>
            <Extensions>
              <ns3:TPX>
                <ns3:Speed>2.743000030517578</ns3:Speed>
                <ns3:RunCadence>86</ns3:RunCadence>
              </ns3:TPX>
            </Extensions>
          </Trackpoint>
          <Trackpoint>
            <Time>2021-01-02T23:16:43.000Z</Time>
            <Position>
              <LatitudeDegrees>22.333655357931566</LatitudeDegrees>
              <LongitudeDegrees>114.19773839967765</LongitudeDegrees>
            </Position>
            <AltitudeMeters>311.96</AltitudeMeters>
            <DistanceMeters>1977.989990234375</DistanceMeters>
            <Extensions>
              <ns3:TPX>
                <ns3:Speed>2.743000030517578</ns3:Speed>
                <ns3:RunCadence>86</ns3:RunCadence>
              </ns3:TPX>
            </Extensions>
          </Trackpoint>
          <Trackpoint>
            <Time>2021-01-02T23:16:51.000Z</Time>
            <Position>
              <LatitudeDegrees>22.333859536242716</LatitudeDegrees>
              <LongitudeDegrees>114.19762508452534</LongitudeDegrees>
            </Position>
            <AltitudeMeters>311.82</AltitudeMeters>
            <DistanceMeters>1999.8699951171875</DistanceMeters>
            <Extensions>
              <ns3:TPX>
                <ns3:Speed>2.7249999046325684</ns3:Speed>
                <ns3:RunCadence>85</ns3:RunCadence>
              </ns3:TPX>
            </Extensions>
          </Trackpoint>
          <Trackpoint>
            <Time>2021-01-02T23:16:52.000Z</Time>
            <Position>
              <LatitudeDegrees>22.33388482486813</LatitudeDegrees>
              <LongitudeDegrees>114.19761104981018</LongitudeDegrees>
            </Position>
            <AltitudeMeters>311.81</AltitudeMeters>
            <DistanceMeters>2002.5799560546875</DistanceMeters>
            <Extensions>
              <ns3:TPX>
                <ns3:Speed>2.7149999141693115</ns3:Speed>
                <ns3:RunCadence>85</ns3:RunCadence>
              </ns3:TPX>
            </Extensions>
          </Trackpoint>
        </Track>
        <Extensions>
          <ns3:LX>
            <ns3:AvgSpeed>2.744999885559082</ns3:AvgSpeed>
            <ns3:AvgRunCadence>86</ns3:AvgRunCadence>
            <ns3:MaxRunCadence>90</ns3:MaxRunCadence>
          </ns3:LX>
        </Extensions>
      </Lap>
      <Lap StartTime="2021-01-02T23:16:53.000Z">
        <TotalTimeSeconds>367.834</TotalTimeSeconds>
        <DistanceMeters>1000.0</DistanceMeters>
        <MaximumSpeed>2.7809998989105225</MaximumSpeed>
        <Calories>70</Calories>
        <Intensity>Active</Intensity>
        <TriggerMethod>Manual</TriggerMethod>
        <Track>
          <Trackpoint>
            <Time>2021-01-02T23:17:00.000Z</Time>
            <Position>
              <LatitudeDegrees>22.333947848201056</LatitudeDegrees>
              <LongitudeDegrees>114.19750161609878</LongitudeDegrees>
            </Position>
            <AltitudeMeters>312.2</AltitudeMeters>
            <DistanceMeters>2024.1199951171875</DistanceMeters>
            <Extensions>
              <ns3:TPX>
                <ns3:Speed>2.687000036239624</ns3:Speed>
                <ns3:RunCadence>86</ns3:RunCadence>
              </ns3:TPX>
            </Extensions>
          </Trackpoint>
          <Trackpoint>
            <Time>2021-01-02T23:17:06.000Z</Time>
            <Position>
              <LatitudeDegrees>22.333798502413885</LatitudeDegrees>
              <LongitudeDegrees>114.19741279134655</LongitudeDegrees>
            </Position>
            <AltitudeMeters>312.2</AltitudeMeters>
            <DistanceMeters>2040.3699951171875</DistanceMeters>
            <Extensions>
              <ns3:TPX>
                <ns3:Speed>2.7249999046325684</ns3:Speed>
                <ns3:RunCadence>86</ns3:RunCadence>
              </ns3:TPX>
            </Extensions>
          </Trackpoint>
          <Trackpoint>
            <Time>2021-01-02T23:17:14.000Z</Time>
            <Position>
              <LatitudeDegrees>22.3335989129924</LatitudeDegrees>
              <LongitudeDegrees>114.19730381498118</LongitudeDegrees>
            </Position>
            <AltitudeMeters>312.2</AltitudeMeters>
            <DistanceMeters>2062.219970703125</DistanceMeters>
            <Extensions>
              <ns3:TPX>
                <ns3:Speed>2.7339999675750732</ns3:Speed>
                <ns3:RunCadence>86</ns3:RunCadence>
              </ns3:TPX>
            </Extensions>
          </Trackpoint>
          <Trackpoint>
            <Time>2021-01-02T23:17:22.000Z</Time>
            <Position>
              <LatitudeDegrees>22.333429615754103</LatitudeDegrees>
              <LongitudeDegrees>114.19714112671194</LongitudeDegrees>
            </Position>
            <AltitudeMeters>312.2</AltitudeMeters>
            <DistanceMeters>2083.969970703125</DistanceMeters>
            <Extensions>
              <ns3:TPX>
                <ns3:Speed>2.7060000896453857</ns3:Speed>
                <ns3:RunCadence>86</ns3:RunCadence>
              </ns3:TPX>
            </Extensions>
          </Trackpoint>
          <Trackpoint>
            <Time>2021-01-02T23:17:30.000Z</Time>
            <Position>
              <LatitudeDegrees>22.33326961649392</LatitudeDegrees>
              <LongitudeDegrees>114.19714777384154</LongitudeDegrees>
            </Position>
            <AltitudeMeters>312.13</AltitudeMeters>
            <DistanceMeters>2105.5400390625</DistanceMeters>
            <Extensions>
              <ns3:TPX>
                <ns3:Speed>2.7149999141693115</ns3:Speed>
                <ns3:RunCadence>87</ns3:RunCadence>
              </ns3:TPX>
            </Extensions>
          </Trackpoint>
          <Trackpoint>
            <Time>2021-01-02T23:17:32.000Z</Time>
            <Position>
              <LatitudeDegrees>22.33322075824571</LatitudeDegrees>
              <LongitudeDegrees>114.19717951375411</LongitudeDegrees>
            </Position>
            <AltitudeMeters>312.0</AltitudeMeters>
            <DistanceMeters>2110.97998046875</DistanceMeters>
            <Extensions>
              <ns3:TPX>
                <ns3:Speed>2.7149999141693115</ns3:Speed>
                <ns3:RunCadence>86</ns3:RunCadence>
              </ns3:TPX>
            </Extensions>
          </Trackpoint>
          <Trackpoint>
            <Time>2021-01-02T23:17:40.000Z</Time>
            <Position>
              <LatitudeDegrees>22.333008028989095</LatitudeDegrees>
              <LongitudeDegrees>114.19725595909829</LongitudeDegrees>
            </Position>
            <AltitudeMeters>312.29</AltitudeMeters>
            <DistanceMeters>2132.550048828125</DistanceMeters>
            <Extensions>
              <ns3:TPX>
                <ns3:Speed>2.677999973297119</ns3:Speed>
                <ns3:RunCadence>87</ns3:RunCadence>
              </ns3:TPX>
            </Extensions>
          </Trackpoint>
          <Trackpoint>
            <Time>2021-01-02T23:17:48.000Z</Time>
            <Position>
              <LatitudeDegrees>22.3328124055102</LatitudeDegrees>
              <LongitudeDegrees>114.19736231081535</LongitudeDegrees>
            </Position>
            <AltitudeMeters>312.09</AltitudeMeters>
            <DistanceMeters>2153.969970703125</DistanceMeters>
            <Extensions>
              <ns3:TPX>
                <ns3:Speed>2.6689999103546143</ns3:Speed>
                <ns3:RunCadence>87</ns3:RunCadence>
              </ns3:TPX>
            </Extensions>
          </Trackpoint>
          <Trackpoint>
            <Time>2021-01-02T23:17:56.000Z</Time>
            <Position>
              <LatitudeDegrees>22.33264933582503</LatitudeDegrees>
              <LongitudeDegrees>114.19752526427123</LongitudeDegrees>
            </Position>
            <AltitudeMeters>311.81</AltitudeMeters>
            <DistanceMeters>2175.139892578125</DistanceMeters>
            <Extensions>
              <ns3:TPX>
                <ns3:Speed>2.677999973297119</ns3:Speed>
                <ns3:RunCadence>87</ns3:RunCadence>
              </ns3:TPX>
            </Extensions>
          </Trackpoint>
          <Trackpoint>
            <Time>2021-01-02T23:17:59.000Z</Time>
            <Position>
              <LatitudeDegrees>22.332574443663983</LatitudeDegrees>
              <LongitudeDegrees>114.19749946336839</LongitudeDegrees>
            </Position>
            <AltitudeMeters>312.38</AltitudeMeters>
            <DistanceMeters>2183.219970703125</DistanceMeters>
            <Extensions>
              <ns3:TPX>
                <ns3:Speed>2.697000026702881</ns3:Speed>
                <ns3:RunCadence>87</ns3:RunCadence>
              </ns3:TPX>
            </Extensions>
          </Trackpoint>
          <Trackpoint>
            <Time>2021-01-02T23:18:07.000Z</Time>
            <Position>
              <LatitudeDegrees>22.332359737314935</LatitudeDegrees>
              <LongitudeDegrees>114.19745225776177</LongitudeDegrees>
            </Position>
            <AltitudeMeters>311.4</AltitudeMeters>
            <DistanceMeters>2205.030029296875</DistanceMeters>
            <Extensions>
              <ns3:TPX>
                <ns3:Speed>2.743000030517578</ns3:Speed>
                <ns3:RunCadence>87</ns3:RunCadence>
              </ns3:TPX>
            </Extensions>
          </Trackpoint>
          <Trackpoint>
            <Time>2021-01-02T23:18:15.000Z</Time>
            <Position>
              <LatitudeDegrees>22.33237144180201</LatitudeDegrees>
              <LongitudeDegrees>114.19720332489977</LongitudeDegrees>
            </Position>
            <AltitudeMeters>311.56</AltitudeMeters>
            <DistanceMeters>2227.010009765625</DistanceMeters>
            <Extensions>
              <ns3:TPX>
                <ns3:Speed>2.76200008392334</ns3:Speed>
                <ns3:RunCadence>86</ns3:RunCadence>
              </ns3:TPX>
            </Extensions>
          </Trackpoint>
          <Trackpoint>
            <Time>2021-01-02T23:18:23.000Z</Time>
            <Position>
              <LatitudeDegrees>22.332341599067753</LatitudeDegrees>
              <LongitudeDegrees>114.19695728182721</LongitudeDegrees>
            </Position>
            <AltitudeMeters>311.93</AltitudeMeters>
            <DistanceMeters>2249.02001953125</DistanceMeters>
            <Extensions>
              <ns3:TPX>
                <ns3:Speed>2.743000030517578</ns3:Speed>
                <ns3:RunCadence>86</ns3:RunCadence>
              </ns3:TPX>
            </Extensions>
          </Trackpoint>
          <Trackpoint>
            <Time>2021-01-02T23:18:31.000Z</Time>
            <Position>
              <LatitudeDegrees>22.332228801698417</LatitudeDegrees>
              <LongitudeDegrees>114.19674081834698</LongitudeDegrees>
            </Position>
            <AltitudeMeters>312.19</AltitudeMeters>
            <DistanceMeters>2271.139892578125</DistanceMeters>
            <Extensions>
              <ns3:TPX>
                <ns3:Speed>2.76200008392334</ns3:Speed>
                <ns3:RunCadence>87</ns3:RunCadence>
              </ns3:TPX>
            </Extensions>
          </Trackpoint>
          <Trackpoint>
            <Time>2021-01-02T23:18:39.000Z</Time>
            <Position>
              <LatitudeDegrees>22.332008242307126</LatitudeDegrees>
              <LongitudeDegrees>114.19677558633202</LongitudeDegrees>
            </Position>
            <AltitudeMeters>311.83</AltitudeMeters>
            <DistanceMeters>2293.02001953125</DistanceMeters>
            <Extensions>
              <ns3:TPX>
                <ns3:Speed>2.7149999141693115</ns3:Speed>
                <ns3:RunCadence>87</ns3:RunCadence>
              </ns3:TPX>
            </Extensions>
          </Trackpoint>
          <Trackpoint>
            <Time>2021-01-02T23:18:47.000Z</Time>
            <Position>
              <LatitudeDegrees>22.331844332828588</LatitudeDegrees>
              <LongitudeDegrees>114.19693601203045</LongitudeDegrees>
            </Position>
            <AltitudeMeters>311.8</AltitudeMeters>
            <DistanceMeters>2314.360107421875</DistanceMeters>
            <Extensions>
              <ns3:TPX>
                <ns3:Speed>2.6029999256134033</ns3:Speed>
                <ns3:RunCadence>87</ns3:RunCadence>
              </ns3:TPX>
            </Extensions>
          </Trackpoint>
          <Trackpoint>
            <Time>2021-01-02T23:18:55.000Z</Time>
            <Position>
              <LatitudeDegrees>22.331700528709813</LatitudeDegrees>
              <LongitudeDegrees>114.1971161407049</LongitudeDegrees>
            </Position>
            <AltitudeMeters>311.8</AltitudeMeters>
            <DistanceMeters>2335.3798828125</DistanceMeters>
            <Extensions>
              <ns3:TPX>
                <ns3:Speed>2.6589999198913574</ns3:Speed>
                <ns3:RunCadence>88</ns3:RunCadence>
              </ns3:TPX>
            </Extensions>
          </Trackpoint>
          <Trackpoint>
            <Time>2021-01-02T23:19:03.000Z</Time>
            <Position>
              <LatitudeDegrees>22.33165896832822</LatitudeDegrees>
              <LongitudeDegrees>114.1973197294699</LongitudeDegrees>
            </Position>
            <AltitudeMeters>312.45</AltitudeMeters>
            <DistanceMeters>2356.780029296875</DistanceMeters>
            <Extensions>
              <ns3:TPX>
                <ns3:Speed>2.677999973297119</ns3:Speed>
                <ns3:RunCadence>87</ns3:RunCadence>
              </ns3:TPX>
            </Extensions>
          </Trackpoint>
          <Trackpoint>
            <Time>2021-01-02T23:19:11.000Z</Time>
            <Position>
              <LatitudeDegrees>22.331779482747667</LatitudeDegrees>
              <LongitudeDegrees>114.19752619447354</LongitudeDegrees>
            </Position>
            <AltitudeMeters>312.25</AltitudeMeters>
            <DistanceMeters>2378.320068359375</DistanceMeters>
            <Extensions>
              <ns3:TPX>
                <ns3:Speed>2.7060000896453857</ns3:Speed>
                <ns3:RunCadence>87</ns3:RunCadence>
              </ns3:TPX>
            </Extensions>
          </Trackpoint>
          <Trackpoint>
            <Time>2021-01-02T23:19:19.000Z</Time>
            <Position>
              <LatitudeDegrees>22.331800511729487</LatitudeDegrees>
              <LongitudeDegrees>114.19773671792377</LongitudeDegrees>
            </Position>
            <AltitudeMeters>312.21</AltitudeMeters>
            <DistanceMeters>2400.030029296875</DistanceMeters>
            <Extensions>
              <ns3:TPX>
                <ns3:Speed>2.7249999046325684</ns3:Speed>
                <ns3:RunCadence>88</ns3:RunCadence>
              </ns3:TPX>
            </Extensions>
          </Trackpoint>
          <Trackpoint>
            <Time>2021-01-02T23:19:27.000Z</Time>
            <Position>
              <LatitudeDegrees>22.331716717160443</LatitudeDegrees>
              <LongitudeDegrees>114.19796093253522</LongitudeDegrees>
            </Position>
            <AltitudeMeters>312.6</AltitudeMeters>
            <DistanceMeters>2421.8798828125</DistanceMeters>
            <Extensions>
              <ns3:TPX>
                <ns3:Speed>2.743000030517578</ns3:Speed>
                <ns3:RunCadence>88</ns3:RunCadence>
              </ns3:TPX>
            </Extensions>
          </Trackpoint>
          <Trackpoint>
            <Time>2021-01-02T23:19:35.000Z</Time>
            <Position>
              <LatitudeDegrees>22.33164457834029</LatitudeDegrees>
              <LongitudeDegrees>114.19819502713852</LongitudeDegrees>
            </Position>
            <AltitudeMeters>312.21</AltitudeMeters>
            <DistanceMeters>2444.0400390625</DistanceMeters>
            <Extensions>
              <ns3:TPX>
                <ns3:Speed>2.7709999084472656</ns3:Speed>
                <ns3:RunCadence>87</ns3:RunCadence>
              </ns3:TPX>
            </Extensions>
          </Trackpoint>
          <Trackpoint>
            <Time>2021-01-02T23:19:43.000Z</Time>
            <Position>
              <LatitudeDegrees>22.331761210987572</LatitudeDegrees>
              <LongitudeDegrees>114.19828546825619</LongitudeDegrees>
            </Position>
            <AltitudeMeters>312.29</AltitudeMeters>
            <DistanceMeters>2465.760009765625</DistanceMeters>
            <Extensions>
              <ns3:TPX>
                <ns3:Speed>2.697000026702881</ns3:Speed>
                <ns3:RunCadence>87</ns3:RunCadence>
              </ns3:TPX>
            </Extensions>
          </Trackpoint>
          <Trackpoint>
            <Time>2021-01-02T23:19:46.000Z</Time>
            <Position>
              <LatitudeDegrees>22.33184580572046</LatitudeDegrees>
              <LongitudeDegrees>114.19829368083346</LongitudeDegrees>
            </Position>
            <AltitudeMeters>312.35</AltitudeMeters>
            <DistanceMeters>2473.860107421875</DistanceMeters>
            <Extensions>
              <ns3:TPX>
                <ns3:Speed>2.7060000896453857</ns3:Speed>
                <ns3:RunCadence>87</ns3:RunCadence>
              </ns3:TPX>
            </Extensions>
          </Trackpoint>
          <Trackpoint>
            <Time>2021-01-02T23:19:54.000Z</Time>
            <Position>
              <LatitudeDegrees>22.332071465176668</LatitudeDegrees>
              <LongitudeDegrees>114.19831444706222</LongitudeDegrees>
            </Position>
            <AltitudeMeters>311.94</AltitudeMeters>
            <DistanceMeters>2495.530029296875</DistanceMeters>
            <Extensions>
              <ns3:TPX>
                <ns3:Speed>2.7149999141693115</ns3:Speed>
                <ns3:RunCadence>87</ns3:RunCadence>
              </ns3:TPX>
            </Extensions>
          </Trackpoint>
          <Trackpoint>
            <Time>2021-01-02T23:20:02.000Z</Time>
            <Position>
              <LatitudeDegrees>22.332259502797225</LatitudeDegrees>
              <LongitudeDegrees>114.19844452604195</LongitudeDegrees>
            </Position>
            <AltitudeMeters>311.64</AltitudeMeters>
            <DistanceMeters>2517.260009765625</DistanceMeters>
            <Extensions>
              <ns3:TPX>
                <ns3:Speed>2.7249999046325684</ns3:Speed>
                <ns3:RunCadence>89</ns3:RunCadence>
              </ns3:TPX>
            </Extensions>
          </Trackpoint>
          <Trackpoint>
            <Time>2021-01-02T23:20:10.000Z</Time>
            <Position>
              <LatitudeDegrees>22.332405721299377</LatitudeDegrees>
              <LongitudeDegrees>114.198637595907</LongitudeDegrees>
            </Position>
            <AltitudeMeters>312.0</AltitudeMeters>
            <DistanceMeters>2539.320068359375</DistanceMeters>
            <Extensions>
              <ns3:TPX>
                <ns3:Speed>2.7709999084472656</ns3:Speed>
                <ns3:RunCadence>88</ns3:RunCadence>
              </ns3:TPX>
            </Extensions>
          </Trackpoint>
          <Trackpoint>
            <Time>2021-01-02T23:20:18.000Z</Time>
            <Position>
              <LatitudeDegrees>22.33247555724972</LatitudeDegrees>
              <LongitudeDegrees>114.19887230297097</LongitudeDegrees>
            </Position>
            <AltitudeMeters>311.63</AltitudeMeters>
            <DistanceMeters>2561.10009765625</DistanceMeters>
            <Extensions>
              <ns3:TPX>
                <ns3:Speed>2.687000036239624</ns3:Speed>
                <ns3:RunCadence>88</ns3:RunCadence>
              </ns3:TPX>
            </Extensions>
          </Trackpoint>
          <Trackpoint>
            <Time>2021-01-02T23:20:26.000Z</Time>
            <Position>
              <LatitudeDegrees>22.332502269605097</LatitudeDegrees>
              <LongitudeDegrees>114.1991124210881</LongitudeDegrees>
            </Position>
            <AltitudeMeters>312.09</AltitudeMeters>
            <DistanceMeters>2582.469970703125</DistanceMeters>
            <Extensions>
              <ns3:TPX>
                <ns3:Speed>2.6410000324249268</ns3:Speed>
                <ns3:RunCadence>86</ns3:RunCadence>
              </ns3:TPX>
            </Extensions>
          </Trackpoint>
          <Trackpoint>
            <Time>2021-01-02T23:20:34.000Z</Time>
            <Position>
              <LatitudeDegrees>22.33255602653434</LatitudeDegrees>
              <LongitudeDegrees>114.19934613493372</LongitudeDegrees>
            </Position>
            <AltitudeMeters>312.2</AltitudeMeters>
            <DistanceMeters>2603.7099609375</DistanceMeters>
            <Extensions>
              <ns3:TPX>
                <ns3:Speed>2.6589999198913574</ns3:Speed>
                <ns3:RunCadence>88</ns3:RunCadence>
              </ns3:TPX>
            </Extensions>
          </Trackpoint>
          <Trackpoint>
            <Time>2021-01-02T23:20:42.000Z</Time>
            <Position>
              <LatitudeDegrees>22.332600331333065</LatitudeDegrees>
              <LongitudeDegrees>114.1995843754059</LongitudeDegrees>
            </Position>
            <AltitudeMeters>311.74</AltitudeMeters>
            <DistanceMeters>2625.14990234375</DistanceMeters>
            <Extensions>
              <ns3:TPX>
                <ns3:Speed>2.697000026702881</ns3:Speed>
                <ns3:RunCadence>88</ns3:RunCadence>
              </ns3:TPX>
            </Extensions>
          </Trackpoint>
          <Trackpoint>
            <Time>2021-01-02T23:20:50.000Z</Time>
            <Position>
              <LatitudeDegrees>22.33268321315468</LatitudeDegrees>
              <LongitudeDegrees>114.19978784493871</LongitudeDegrees>
            </Position>
            <AltitudeMeters>311.6</AltitudeMeters>
            <DistanceMeters>2646.860107421875</DistanceMeters>
            <Extensions>
              <ns3:TPX>
                <ns3:Speed>2.697000026702881</ns3:Speed>
                <ns3:RunCadence>88</ns3:RunCadence>
              </ns3:TPX>
            </Extensions>
          </Trackpoint>
          <Trackpoint>
            <Time>2021-01-02T23:20:58.000Z</Time>
            <Position>
              <LatitudeDegrees>22.33289250523823</LatitudeDegrees>
              <LongitudeDegrees>114.19988743702642</LongitudeDegrees>
            </Position>
            <AltitudeMeters>311.6</AltitudeMeters>
            <DistanceMeters>2668.659912109375</DistanceMeters>
            <Extensions>
              <ns3:TPX>
                <ns3:Speed>2.7339999675750732</ns3:Speed>
                <ns3:RunCadence>88</ns3:RunCadence>
              </ns3:TPX>
            </Extensions>
          </Trackpoint>
          <Trackpoint>
            <Time>2021-01-02T23:21:06.000Z</Time>
            <Position>
              <LatitudeDegrees>22.333103911525285</LatitudeDegrees>
              <LongitudeDegrees>114.1999880351624</LongitudeDegrees>
            </Position>
            <AltitudeMeters>311.6</AltitudeMeters>
            <DistanceMeters>2690.679931640625</DistanceMeters>
            <Extensions>
              <ns3:TPX>
                <ns3:Speed>2.753000020980835</ns3:Speed>
                <ns3:RunCadence>88</ns3:RunCadence>
              </ns3:TPX>
            </Extensions>
          </Trackpoint>
          <Trackpoint>
            <Time>2021-01-02T23:21:14.000Z</Time>
            <Position>
              <LatitudeDegrees>22.33331666321457</LatitudeDegrees>
              <LongitudeDegrees>114.20008927351093</LongitudeDegrees>
            </Position>
            <AltitudeMeters>311.6</AltitudeMeters>
            <DistanceMeters>2712.840087890625</DistanceMeters>
            <Extensions>
              <ns3:TPX>
                <ns3:Speed>2.7809998989105225</ns3:Speed>
                <ns3:RunCadence>88</ns3:RunCadence>
              </ns3:TPX>
            </Extensions>
          </Trackpoint>
          <Trackpoint>
            <Time>2021-01-02T23:21:22.000Z</Time>
            <Position>
              <LatitudeDegrees>22.33352950866011</LatitudeDegrees>
              <LongitudeDegrees>114.20019055647357</LongitudeDegrees>
            </Position>
            <AltitudeMeters>311.6</AltitudeMeters>
            <DistanceMeters>2735.010009765625</DistanceMeters>
            <Extensions>
              <ns3:TPX>
                <ns3:Speed>2.76200008392334</ns3:Speed>
                <ns3:RunCadence>88</ns3:RunCadence>
              </ns3:TPX>
            </Extensions>
          </Trackpoint>
          <Trackpoint>
            <Time>2021-01-02T23:21:30.000Z</Time>
            <Position>
              <LatitudeDegrees>22.33374043444637</LatitudeDegrees>
              <LongitudeDegrees>114.20029092596222</LongitudeDegrees>
            </Position>
            <AltitudeMeters>311.6</AltitudeMeters>
            <DistanceMeters>2756.97998046875</DistanceMeters>
            <Extensions>
              <ns3:TPX>
                <ns3:Speed>2.7339999675750732</ns3:Speed>
                <ns3:RunCadence>87</ns3:RunCadence>
              </ns3:TPX>
            </Extensions>
          </Trackpoint>
          <Trackpoint>
            <Time>2021-01-02T23:21:38.000Z</Time>
            <Position>
              <LatitudeDegrees>22.333950401574942</LatitudeDegrees>
              <LongitudeDegrees>114.20039083927155</LongitudeDegrees>
            </Position>
            <AltitudeMeters>311.6</AltitudeMeters>
            <DistanceMeters>2778.85009765625</DistanceMeters>
            <Extensions>
              <ns3:TPX>
                <ns3:Speed>2.7339999675750732</ns3:Speed>
                <ns3:RunCadence>87</ns3:RunCadence>
              </ns3:TPX>
            </Extensions>
          </Trackpoint>
          <Trackpoint>
            <Time>2021-01-02T23:21:46.000Z</Time>
            <Position>
              <LatitudeDegrees>22.334160366359608</LatitudeDegrees>
              <LongitudeDegrees>114.20049075146552</LongitudeDegrees>
            </Position>
            <AltitudeMeters>311.6</AltitudeMeters>
            <DistanceMeters>2800.719970703125</DistanceMeters>
            <Extensions>
              <ns3:TPX>
                <ns3:Speed>2.7339999675750732</ns3:Speed>
                <ns3:RunCadence>87</ns3:RunCadence>
              </ns3:TPX>
            </Extensions>
          </Trackpoint>
          <Trackpoint>
            <Time>2021-01-02T23:21:49.000Z</Time>
            <Position>
              <LatitudeDegrees>22.334239187241497</LatitudeDegrees>
              <LongitudeDegrees>114.20052825855156</LongitudeDegrees>
            </Position>
            <AltitudeMeters>311.6</AltitudeMeters>
            <DistanceMeters>2808.929931640625</DistanceMeters>
            <Extensions>
              <ns3:TPX>
                <ns3:Speed>2.743000030517578</ns3:Speed>
                <ns3:RunCadence>87</ns3:RunCadence>
              </ns3:TPX>
            </Extensions>
          </Trackpoint>
          <Trackpoint>
            <Time>2021-01-02T23:21:57.000Z</Time>
            <Position>
              <LatitudeDegrees>22.334449058269907</LatitudeDegrees>
              <LongitudeDegrees>114.20062812613142</LongitudeDegrees>
            </Position>
            <AltitudeMeters>311.6</AltitudeMeters>
            <DistanceMeters>2830.7900390625</DistanceMeters>
            <Extensions>
              <ns3:TPX>
                <ns3:Speed>2.7249999046325684</ns3:Speed>
                <ns3:RunCadence>87</ns3:RunCadence>
              </ns3:TPX>
            </Extensions>
          </Trackpoint>
          <Trackpoint>
            <Time>2021-01-02T23:22:05.000Z</Time>
            <Position>
              <LatitudeDegrees>22.334428426345514</LatitudeDegrees>
              <LongitudeDegrees>114.20068181718888</LongitudeDegrees>
            </Position>
            <AltitudeMeters>311.83</AltitudeMeters>
            <DistanceMeters>2852.6298828125</DistanceMeters>
            <Extensions>
              <ns3:TPX>
                <ns3:Speed>2.7339999675750732</ns3:Speed>
                <ns3:RunCadence>86</ns3:RunCadence>
              </ns3:TPX>
            </Extensions>
          </Trackpoint>
          <Trackpoint>
            <Time>2021-01-02T23:22:13.000Z</Time>
            <Position>
              <LatitudeDegrees>22.33420281723528</LatitudeDegrees>
              <LongitudeDegrees>114.20072168868188</LongitudeDegrees>
            </Position>
            <AltitudeMeters>311.42</AltitudeMeters>
            <DistanceMeters>2874.52001953125</DistanceMeters>
            <Extensions>
              <ns3:TPX>
                <ns3:Speed>2.7249999046325684</ns3:Speed>
                <ns3:RunCadence>85</ns3:RunCadence>
              </ns3:TPX>
            </Extensions>
          </Trackpoint>
          <Trackpoint>
            <Time>2021-01-02T23:22:21.000Z</Time>
            <Position>
              <LatitudeDegrees>22.33399625977111</LatitudeDegrees>
              <LongitudeDegrees>114.20064798360706</LongitudeDegrees>
            </Position>
            <AltitudeMeters>311.37</AltitudeMeters>
            <DistanceMeters>2896.22998046875</DistanceMeters>
            <Extensions>
              <ns3:TPX>
                <ns3:Speed>2.7249999046325684</ns3:Speed>
                <ns3:RunCadence>86</ns3:RunCadence>
              </ns3:TPX>
            </Extensions>
          </Trackpoint>
          <Trackpoint>
            <Time>2021-01-02T23:22:29.000Z</Time>
            <Position>
              <LatitudeDegrees>22.333792787795996</LatitudeDegrees>
              <LongitudeDegrees>114.20053392775941</LongitudeDegrees>
            </Position>
            <AltitudeMeters>311.58</AltitudeMeters>
            <DistanceMeters>2918.080078125</DistanceMeters>
            <Extensions>
              <ns3:TPX>
                <ns3:Speed>2.7060000896453857</ns3:Speed>
                <ns3:RunCadence>88</ns3:RunCadence>
              </ns3:TPX>
            </Extensions>
          </Trackpoint>
          <Trackpoint>
            <Time>2021-01-02T23:22:33.000Z</Time>
            <Position>
              <LatitudeDegrees>22.33369468523714</LatitudeDegrees>
              <LongitudeDegrees>114.20047117032284</LongitudeDegrees>
            </Position>
            <AltitudeMeters>311.6</AltitudeMeters>
            <DistanceMeters>2928.949951171875</DistanceMeters>
            <Extensions>
              <ns3:TPX>
                <ns3:Speed>2.7339999675750732</ns3:Speed>
                <ns3:RunCadence>88</ns3:RunCadence>
              </ns3:TPX>
            </Extensions>
          </Trackpoint>
          <Trackpoint>
            <Time>2021-01-02T23:22:41.000Z</Time>
            <Position>
              <LatitudeDegrees>22.333627767342726</LatitudeDegrees>
              <LongitudeDegrees>114.20024260367407</LongitudeDegrees>
            </Position>
            <AltitudeMeters>311.69</AltitudeMeters>
            <DistanceMeters>2950.97998046875</DistanceMeters>
            <Extensions>
              <ns3:TPX>
                <ns3:Speed>2.753000020980835</ns3:Speed>
                <ns3:RunCadence>86</ns3:RunCadence>
              </ns3:TPX>
            </Extensions>
          </Trackpoint>
          <Trackpoint>
            <Time>2021-01-02T23:22:49.000Z</Time>
            <Position>
              <LatitudeDegrees>22.333582677997395</LatitudeDegrees>
              <LongitudeDegrees>114.19999885467128</LongitudeDegrees>
            </Position>
            <AltitudeMeters>311.8</AltitudeMeters>
            <DistanceMeters>2972.89990234375</DistanceMeters>
            <Extensions>
              <ns3:TPX>
                <ns3:Speed>2.743000030517578</ns3:Speed>
                <ns3:RunCadence>88</ns3:RunCadence>
              </ns3:TPX>
            </Extensions>
          </Trackpoint>
          <Trackpoint>
            <Time>2021-01-02T23:22:57.000Z</Time>
            <Position>
              <LatitudeDegrees>22.3336594139875</LatitudeDegrees>
              <LongitudeDegrees>114.2001246370045</LongitudeDegrees>
            </Position>
            <AltitudeMeters>312.4</AltitudeMeters>
            <DistanceMeters>2994.820068359375</DistanceMeters>
            <Extensions>
              <ns3:TPX>
                <ns3:Speed>2.743000030517578</ns3:Speed>
                <ns3:RunCadence>88</ns3:RunCadence>
              </ns3:TPX>
            </Extensions>
          </Trackpoint>
          <Trackpoint>
            <Time>2021-01-02T23:22:59.000Z</Time>
            <Position>
              <LatitudeDegrees>22.333716611710532</LatitudeDegrees>
              <LongitudeDegrees>114.2001327859037</LongitudeDegrees>
            </Position>
            <AltitudeMeters>312.4</AltitudeMeters>
            <DistanceMeters>3000.320068359375</DistanceMeters>
            <Extensions>
              <ns3:TPX>
                <ns3:Speed>2.753000020980835</ns3:Speed>
                <ns3:RunCadence>88</ns3:RunCadence>
              </ns3:TPX>
            </Extensions>
          </Trackpoint>
        </Track>
        <Extensions>
          <ns3:LX>
            <ns3:AvgSpeed>2.7190001010894775</ns3:AvgSpeed>
            <ns3:AvgRunCadence>87</ns3:AvgRunCadence>
            <ns3:MaxRunCadence>89</ns3:MaxRunCadence>
          </ns3:LX>
        </Extensions>
      </Lap>
      <Lap StartTime="2021-01-02T23:23:00.000Z">
        <TotalTimeSeconds>394.646</TotalTimeSeconds>
        <DistanceMeters>1000.0</DistanceMeters>
        <MaximumSpeed>2.8550000190734863</MaximumSpeed>
        <Calories>69</Calories>
        <Intensity>Active</Intensity>
        <TriggerMethod>Manual</TriggerMethod>
        <Track>
          <Trackpoint>
            <Time>2021-01-02T23:23:07.000Z</Time>
            <Position>
              <LatitudeDegrees>22.33384909103514</LatitudeDegrees>
              <LongitudeDegrees>114.20030470029883</LongitudeDegrees>
            </Position>
            <AltitudeMeters>312.6</AltitudeMeters>
            <DistanceMeters>3022.409912109375</DistanceMeters>
            <Extensions>
              <ns3:TPX>
                <ns3:Speed>2.743000030517578</ns3:Speed>
                <ns3:RunCadence>87</ns3:RunCadence>
              </ns3:TPX>
            </Extensions>
          </Trackpoint>
          <Trackpoint>
            <Time>2021-01-02T23:23:15.000Z</Time>
            <Position>
              <LatitudeDegrees>22.333753059484472</LatitudeDegrees>
              <LongitudeDegrees>114.2005303473844</LongitudeDegrees>
            </Position>
            <AltitudeMeters>312.6</AltitudeMeters>
            <DistanceMeters>3044.52001953125</DistanceMeters>
            <Extensions>
              <ns3:TPX>
                <ns3:Speed>2.7709999084472656</ns3:Speed>
                <ns3:RunCadence>87</ns3:RunCadence>
              </ns3:TPX>
            </Extensions>
          </Trackpoint>
          <Trackpoint>
            <Time>2021-01-02T23:23:23.000Z</Time>
            <Position>
              <LatitudeDegrees>22.333589868772776</LatitudeDegrees>
              <LongitudeDegrees>114.20071236361622</LongitudeDegrees>
            </Position>
            <AltitudeMeters>312.89</AltitudeMeters>
            <DistanceMeters>3066.889892578125</DistanceMeters>
            <Extensions>
              <ns3:TPX>
                <ns3:Speed>2.7990000247955322</ns3:Speed>
                <ns3:RunCadence>87</ns3:RunCadence>
              </ns3:TPX>
            </Extensions>
          </Trackpoint>
          <Trackpoint>
            <Time>2021-01-02T23:23:24.000Z</Time>
            <Position>
              <LatitudeDegrees>22.333570649450053</LatitudeDegrees>
              <LongitudeDegrees>114.20073622434002</LongitudeDegrees>
            </Position>
            <AltitudeMeters>312.92</AltitudeMeters>
            <DistanceMeters>3069.679931640625</DistanceMeters>
            <Extensions>
              <ns3:TPX>
                <ns3:Speed>2.7899999618530273</ns3:Speed>
                <ns3:RunCadence>87</ns3:RunCadence>
              </ns3:TPX>
            </Extensions>
          </Trackpoint>
          <Trackpoint>
            <Time>2021-01-02T23:23:32.000Z</Time>
            <Position>
              <LatitudeDegrees>22.333447881790207</LatitudeDegrees>
              <LongitudeDegrees>114.2009487187814</LongitudeDegrees>
            </Position>
            <AltitudeMeters>312.34</AltitudeMeters>
            <DistanceMeters>3091.909912109375</DistanceMeters>
            <Extensions>
              <ns3:TPX>
                <ns3:Speed>2.7809998989105225</ns3:Speed>
                <ns3:RunCadence>87</ns3:RunCadence>
              </ns3:TPX>
            </Extensions>
          </Trackpoint>
          <Trackpoint>
            <Time>2021-01-02T23:23:40.000Z</Time>
            <Position>
              <LatitudeDegrees>22.333562834893947</LatitudeDegrees>
              <LongitudeDegrees>114.2010689845718</LongitudeDegrees>
            </Position>
            <AltitudeMeters>312.6</AltitudeMeters>
            <DistanceMeters>3113.8701171875</DistanceMeters>
            <Extensions>
              <ns3:TPX>
                <ns3:Speed>2.6589999198913574</ns3:Speed>
                <ns3:RunCadence>84</ns3:RunCadence>
              </ns3:TPX>
            </Extensions>
          </Trackpoint>
          <Trackpoint>
            <Time>2021-01-02T23:23:48.000Z</Time>
            <Position>
              <LatitudeDegrees>22.333624268669734</LatitudeDegrees>
              <LongitudeDegrees>114.20125367914056</LongitudeDegrees>
            </Position>
            <AltitudeMeters>312.76</AltitudeMeters>
            <DistanceMeters>3134.75</DistanceMeters>
            <Extensions>
              <ns3:TPX>
                <ns3:Speed>2.61299991607666</ns3:Speed>
                <ns3:RunCadence>0</ns3:RunCadence>
              </ns3:TPX>
            </Extensions>
          </Trackpoint>
          <Trackpoint>
            <Time>2021-01-02T23:23:57.000Z</Time>
            <Position>
              <LatitudeDegrees>22.333645425722935</LatitudeDegrees>
              <LongitudeDegrees>114.2014877353469</LongitudeDegrees>
            </Position>
            <AltitudeMeters>313.4</AltitudeMeters>
            <DistanceMeters>3156.510009765625</DistanceMeters>
            <Extensions>
              <ns3:TPX>
                <ns3:Speed>2.2950000762939453</ns3:Speed>
                <ns3:RunCadence>0</ns3:RunCadence>
              </ns3:TPX>
            </Extensions>
          </Trackpoint>
          <Trackpoint>
            <Time>2021-01-02T23:24:06.000Z</Time>
            <Position>
              <LatitudeDegrees>22.333763205661427</LatitudeDegrees>
              <LongitudeDegrees>114.20168046838116</LongitudeDegrees>
            </Position>
            <AltitudeMeters>312.99</AltitudeMeters>
            <DistanceMeters>3177.169921875</DistanceMeters>
            <Extensions>
              <ns3:TPX>
                <ns3:Speed>2.2950000762939453</ns3:Speed>
                <ns3:RunCadence>0</ns3:RunCadence>
              </ns3:TPX>
            </Extensions>
          </Trackpoint>
          <Trackpoint>
            <Time>2021-01-02T23:24:15.000Z</Time>
            <Position>
              <LatitudeDegrees>22.333936585557293</LatitudeDegrees>
              <LongitudeDegrees>114.2018171172202</LongitudeDegrees>
            </Position>
            <AltitudeMeters>312.48</AltitudeMeters>
            <DistanceMeters>3197.820068359375</DistanceMeters>
            <Extensions>
              <ns3:TPX>
                <ns3:Speed>2.2950000762939453</ns3:Speed>
                <ns3:RunCadence>0</ns3:RunCadence>
              </ns3:TPX>
            </Extensions>
          </Trackpoint>
          <Trackpoint>
            <Time>2021-01-02T23:24:24.000Z</Time>
            <Position>
              <LatitudeDegrees>22.33412679864649</LatitudeDegrees>
              <LongitudeDegrees>114.2019292613362</LongitudeDegrees>
            </Position>
            <AltitudeMeters>312.03</AltitudeMeters>
            <DistanceMeters>3218.47998046875</DistanceMeters>
            <Extensions>
              <ns3:TPX>
                <ns3:Speed>2.2950000762939453</ns3:Speed>
                <ns3:RunCadence>60</ns3:RunCadence>
              </ns3:TPX>
            </Extensions>
          </Trackpoint>
          <Trackpoint>
            <Time>2021-01-02T23:24:38.000Z</Time>
            <Position>
              <LatitudeDegrees>22.33430962676546</LatitudeDegrees>
              <LongitudeDegrees>114.20205744400857</LongitudeDegrees>
            </Position>
            <AltitudeMeters>311.58</AltitudeMeters>
            <DistanceMeters>3239.260009765625</DistanceMeters>
            <Extensions>
              <ns3:TPX>
                <ns3:Speed>1.4459999799728394</ns3:Speed>
                <ns3:RunCadence>60</ns3:RunCadence>
              </ns3:TPX>
            </Extensions>
          </Trackpoint>
          <Trackpoint>
            <Time>2021-01-02T23:24:47.000Z</Time>
            <Position>
              <LatitudeDegrees>22.334504592145688</LatitudeDegrees>
              <LongitudeDegrees>114.20218299956439</LongitudeDegrees>
            </Position>
            <AltitudeMeters>311.28</AltitudeMeters>
            <DistanceMeters>3260.919921875</DistanceMeters>
            <Extensions>
              <ns3:TPX>
                <ns3:Speed>2.8550000190734863</ns3:Speed>
                <ns3:RunCadence>89</ns3:RunCadence>
              </ns3:TPX>
            </Extensions>
          </Trackpoint>
          <Trackpoint>
            <Time>2021-01-02T23:24:55.000Z</Time>
            <Position>
              <LatitudeDegrees>22.334714707455955</LatitudeDegrees>
              <LongitudeDegrees>114.20229404760778</LongitudeDegrees>
            </Position>
            <AltitudeMeters>311.95</AltitudeMeters>
            <DistanceMeters>3283.39990234375</DistanceMeters>
            <Extensions>
              <ns3:TPX>
                <ns3:Speed>2.7899999618530273</ns3:Speed>
                <ns3:RunCadence>89</ns3:RunCadence>
              </ns3:TPX>
            </Extensions>
          </Trackpoint>
          <Trackpoint>
            <Time>2021-01-02T23:25:03.000Z</Time>
            <Position>
              <LatitudeDegrees>22.334899149269624</LatitudeDegrees>
              <LongitudeDegrees>114.20245083462423</LongitudeDegrees>
            </Position>
            <AltitudeMeters>311.98</AltitudeMeters>
            <DistanceMeters>3305.780029296875</DistanceMeters>
            <Extensions>
              <ns3:TPX>
                <ns3:Speed>2.7990000247955322</ns3:Speed>
                <ns3:RunCadence>87</ns3:RunCadence>
              </ns3:TPX>
            </Extensions>
          </Trackpoint>
          <Trackpoint>
            <Time>2021-01-02T23:25:11.000Z</Time>
            <Position>
              <LatitudeDegrees>22.335027878121306</LatitudeDegrees>
              <LongitudeDegrees>114.20264784649278</LongitudeDegrees>
            </Position>
            <AltitudeMeters>311.79</AltitudeMeters>
            <DistanceMeters>3328.110107421875</DistanceMeters>
            <Extensions>
              <ns3:TPX>
                <ns3:Speed>2.7899999618530273</ns3:Speed>
                <ns3:RunCadence>87</ns3:RunCadence>
              </ns3:TPX>
            </Extensions>
          </Trackpoint>
          <Trackpoint>
            <Time>2021-01-02T23:25:19.000Z</Time>
            <Position>
              <LatitudeDegrees>22.334956643728</LatitudeDegrees>
              <LongitudeDegrees>114.20285975952547</LongitudeDegrees>
            </Position>
            <AltitudeMeters>311.98</AltitudeMeters>
            <DistanceMeters>3350.340087890625</DistanceMeters>
            <Extensions>
              <ns3:TPX>
                <ns3:Speed>2.7899999618530273</ns3:Speed>
                <ns3:RunCadence>88</ns3:RunCadence>
              </ns3:TPX>
            </Extensions>
          </Trackpoint>
          <Trackpoint>
            <Time>2021-01-02T23:25:27.000Z</Time>
            <Position>
              <LatitudeDegrees>22.334965880792243</LatitudeDegrees>
              <LongitudeDegrees>114.20308117777715</LongitudeDegrees>
            </Position>
            <AltitudeMeters>311.8</AltitudeMeters>
            <DistanceMeters>3372.590087890625</DistanceMeters>
            <Extensions>
              <ns3:TPX>
                <ns3:Speed>2.7809998989105225</ns3:Speed>
                <ns3:RunCadence>88</ns3:RunCadence>
              </ns3:TPX>
            </Extensions>
          </Trackpoint>
          <Trackpoint>
            <Time>2021-01-02T23:25:35.000Z</Time>
            <Position>
              <LatitudeDegrees>22.33488928541741</LatitudeDegrees>
              <LongitudeDegrees>114.20329009365854</LongitudeDegrees>
            </Position>
            <AltitudeMeters>311.87</AltitudeMeters>
            <DistanceMeters>3394.639892578125</DistanceMeters>
            <Extensions>
              <ns3:TPX>
                <ns3:Speed>2.753000020980835</ns3:Speed>
                <ns3:RunCadence>88</ns3:RunCadence>
              </ns3:TPX>
            </Extensions>
          </Trackpoint>
          <Trackpoint>
            <Time>2021-01-02T23:25:38.000Z</Time>
            <Position>
              <LatitudeDegrees>22.334835654990446</LatitudeDegrees>
              <LongitudeDegrees>114.203361705648</LongitudeDegrees>
            </Position>
            <AltitudeMeters>312.05</AltitudeMeters>
            <DistanceMeters>3402.8798828125</DistanceMeters>
            <Extensions>
              <ns3:TPX>
                <ns3:Speed>2.743000030517578</ns3:Speed>
                <ns3:RunCadence>87</ns3:RunCadence>
              </ns3:TPX>
            </Extensions>
          </Trackpoint>
          <Trackpoint>
            <Time>2021-01-02T23:25:46.000Z</Time>
            <Position>
              <LatitudeDegrees>22.334645920162256</LatitudeDegrees>
              <LongitudeDegrees>114.20349955272448</LongitudeDegrees>
            </Position>
            <AltitudeMeters>312.54</AltitudeMeters>
            <DistanceMeters>3424.72998046875</DistanceMeters>
            <Extensions>
              <ns3:TPX>
                <ns3:Speed>2.743000030517578</ns3:Speed>
                <ns3:RunCadence>87</ns3:RunCadence>
              </ns3:TPX>
            </Extensions>
          </Trackpoint>
          <Trackpoint>
            <Time>2021-01-02T23:25:54.000Z</Time>
            <Position>
              <LatitudeDegrees>22.334445056677662</LatitudeDegrees>
              <LongitudeDegrees>114.20361060374819</LongitudeDegrees>
            </Position>
            <AltitudeMeters>312.43</AltitudeMeters>
            <DistanceMeters>3446.56005859375</DistanceMeters>
            <Extensions>
              <ns3:TPX>
                <ns3:Speed>2.7249999046325684</ns3:Speed>
                <ns3:RunCadence>87</ns3:RunCadence>
              </ns3:TPX>
            </Extensions>
          </Trackpoint>
          <Trackpoint>
            <Time>2021-01-02T23:26:02.000Z</Time>
            <Position>
              <LatitudeDegrees>22.334425084071977</LatitudeDegrees>
              <LongitudeDegrees>114.20381834096864</LongitudeDegrees>
            </Position>
            <AltitudeMeters>312.36</AltitudeMeters>
            <DistanceMeters>3468.280029296875</DistanceMeters>
            <Extensions>
              <ns3:TPX>
                <ns3:Speed>2.697000026702881</ns3:Speed>
                <ns3:RunCadence>85</ns3:RunCadence>
              </ns3:TPX>
            </Extensions>
          </Trackpoint>
          <Trackpoint>
            <Time>2021-01-02T23:26:10.000Z</Time>
            <Position>
              <LatitudeDegrees>22.334493062320163</LatitudeDegrees>
              <LongitudeDegrees>114.20404645552138</LongitudeDegrees>
            </Position>
            <AltitudeMeters>312.6</AltitudeMeters>
            <DistanceMeters>3489.419921875</DistanceMeters>
            <Extensions>
              <ns3:TPX>
                <ns3:Speed>2.546999931335449</ns3:Speed>
                <ns3:RunCadence>85</ns3:RunCadence>
              </ns3:TPX>
            </Extensions>
          </Trackpoint>
          <Trackpoint>
            <Time>2021-01-02T23:26:19.000Z</Time>
            <Position>
              <LatitudeDegrees>22.334438810613523</LatitudeDegrees>
              <LongitudeDegrees>114.2042775296937</LongitudeDegrees>
            </Position>
            <AltitudeMeters>311.95</AltitudeMeters>
            <DistanceMeters>3511.47998046875</DistanceMeters>
            <Extensions>
              <ns3:TPX>
                <ns3:Speed>2.434999942779541</ns3:Speed>
                <ns3:RunCadence>60</ns3:RunCadence>
              </ns3:TPX>
            </Extensions>
          </Trackpoint>
          <Trackpoint>
            <Time>2021-01-02T23:26:30.000Z</Time>
            <Position>
              <LatitudeDegrees>22.334257649345318</LatitudeDegrees>
              <LongitudeDegrees>114.20440475089413</LongitudeDegrees>
            </Position>
            <AltitudeMeters>311.99</AltitudeMeters>
            <DistanceMeters>3532.449951171875</DistanceMeters>
            <Extensions>
              <ns3:TPX>
                <ns3:Speed>2.565999984741211</ns3:Speed>
                <ns3:RunCadence>83</ns3:RunCadence>
              </ns3:TPX>
            </Extensions>
          </Trackpoint>
          <Trackpoint>
            <Time>2021-01-02T23:26:38.000Z</Time>
            <Position>
              <LatitudeDegrees>22.334045901158976</LatitudeDegrees>
              <LongitudeDegrees>114.2043885307761</LongitudeDegrees>
            </Position>
            <AltitudeMeters>311.8</AltitudeMeters>
            <DistanceMeters>3552.800048828125</DistanceMeters>
            <Extensions>
              <ns3:TPX>
                <ns3:Speed>2.556999921798706</ns3:Speed>
                <ns3:RunCadence>84</ns3:RunCadence>
              </ns3:TPX>
            </Extensions>
          </Trackpoint>
          <Trackpoint>
            <Time>2021-01-02T23:26:46.000Z</Time>
            <Position>
              <LatitudeDegrees>22.333881555202087</LatitudeDegrees>
              <LongitudeDegrees>114.20436095415866</LongitudeDegrees>
            </Position>
            <AltitudeMeters>312.29</AltitudeMeters>
            <DistanceMeters>3573.110107421875</DistanceMeters>
            <Extensions>
              <ns3:TPX>
                <ns3:Speed>2.4260001182556152</ns3:Speed>
                <ns3:RunCadence>82</ns3:RunCadence>
              </ns3:TPX>
            </Extensions>
          </Trackpoint>
          <Trackpoint>
            <Time>2021-01-02T23:26:55.000Z</Time>
            <Position>
              <LatitudeDegrees>22.333895243670472</LatitudeDegrees>
              <LongitudeDegrees>114.20454015963666</LongitudeDegrees>
            </Position>
            <AltitudeMeters>312.32</AltitudeMeters>
            <DistanceMeters>3593.68994140625</DistanceMeters>
            <Extensions>
              <ns3:TPX>
                <ns3:Speed>2.257999897003174</ns3:Speed>
                <ns3:RunCadence>0</ns3:RunCadence>
              </ns3:TPX>
            </Extensions>
          </Trackpoint>
          <Trackpoint>
            <Time>2021-01-02T23:27:04.000Z</Time>
            <Position>
              <LatitudeDegrees>22.333831219368612</LatitudeDegrees>
              <LongitudeDegrees>114.20455671869829</LongitudeDegrees>
            </Position>
            <AltitudeMeters>312.16</AltitudeMeters>
            <DistanceMeters>3614.010009765625</DistanceMeters>
            <Extensions>
              <ns3:TPX>
                <ns3:Speed>2.257999897003174</ns3:Speed>
                <ns3:RunCadence>0</ns3:RunCadence>
              </ns3:TPX>
            </Extensions>
          </Trackpoint>
          <Trackpoint>
            <Time>2021-01-02T23:27:14.000Z</Time>
            <Position>
              <LatitudeDegrees>22.333654789588753</LatitudeDegrees>
              <LongitudeDegrees>114.20447615897245</LongitudeDegrees>
            </Position>
            <AltitudeMeters>311.63</AltitudeMeters>
            <DistanceMeters>3634.929931640625</DistanceMeters>
            <Extensions>
              <ns3:TPX>
                <ns3:Speed>1.4279999732971191</ns3:Speed>
                <ns3:RunCadence>0</ns3:RunCadence>
              </ns3:TPX>
            </Extensions>
          </Trackpoint>
          <Trackpoint>
            <Time>2021-01-02T23:27:29.000Z</Time>
            <Position>
              <LatitudeDegrees>22.333453601469817</LatitudeDegrees>
              <LongitudeDegrees>114.20461679471377</LongitudeDegrees>
            </Position>
            <AltitudeMeters>311.78</AltitudeMeters>
            <DistanceMeters>3657.77001953125</DistanceMeters>
            <Extensions>
              <ns3:TPX>
                <ns3:Speed>2.8550000190734863</ns3:Speed>
                <ns3:RunCadence>88</ns3:RunCadence>
              </ns3:TPX>
            </Extensions>
          </Trackpoint>
          <Trackpoint>
            <Time>2021-01-02T23:27:37.000Z</Time>
            <Position>
              <LatitudeDegrees>22.333252536695568</LatitudeDegrees>
              <LongitudeDegrees>114.20474677425807</LongitudeDegrees>
            </Position>
            <AltitudeMeters>311.81</AltitudeMeters>
            <DistanceMeters>3680.169921875</DistanceMeters>
            <Extensions>
              <ns3:TPX>
                <ns3:Speed>2.76200008392334</ns3:Speed>
                <ns3:RunCadence>87</ns3:RunCadence>
              </ns3:TPX>
            </Extensions>
          </Trackpoint>
          <Trackpoint>
            <Time>2021-01-02T23:27:45.000Z</Time>
            <Position>
              <LatitudeDegrees>22.333022891456544</LatitudeDegrees>
              <LongitudeDegrees>114.20474919567455</LongitudeDegrees>
            </Position>
            <AltitudeMeters>311.8</AltitudeMeters>
            <DistanceMeters>3702.199951171875</DistanceMeters>
            <Extensions>
              <ns3:TPX>
                <ns3:Speed>2.7809998989105225</ns3:Speed>
                <ns3:RunCadence>89</ns3:RunCadence>
              </ns3:TPX>
            </Extensions>
          </Trackpoint>
          <Trackpoint>
            <Time>2021-01-02T23:27:53.000Z</Time>
            <Position>
              <LatitudeDegrees>22.332800923485042</LatitudeDegrees>
              <LongitudeDegrees>114.20466803836793</LongitudeDegrees>
            </Position>
            <AltitudeMeters>311.52</AltitudeMeters>
            <DistanceMeters>3724.64990234375</DistanceMeters>
            <Extensions>
              <ns3:TPX>
                <ns3:Speed>2.809000015258789</ns3:Speed>
                <ns3:RunCadence>88</ns3:RunCadence>
              </ns3:TPX>
            </Extensions>
          </Trackpoint>
          <Trackpoint>
            <Time>2021-01-02T23:28:01.000Z</Time>
            <Position>
              <LatitudeDegrees>22.332595691282954</LatitudeDegrees>
              <LongitudeDegrees>114.2045460554455</LongitudeDegrees>
            </Position>
            <AltitudeMeters>310.83</AltitudeMeters>
            <DistanceMeters>3747.0400390625</DistanceMeters>
            <Extensions>
              <ns3:TPX>
                <ns3:Speed>2.7899999618530273</ns3:Speed>
                <ns3:RunCadence>88</ns3:RunCadence>
              </ns3:TPX>
            </Extensions>
          </Trackpoint>
          <Trackpoint>
            <Time>2021-01-02T23:28:09.000Z</Time>
            <Position>
              <LatitudeDegrees>22.332376946638274</LatitudeDegrees>
              <LongitudeDegrees>114.2045848643872</LongitudeDegrees>
            </Position>
            <AltitudeMeters>310.4</AltitudeMeters>
            <DistanceMeters>3769.389892578125</DistanceMeters>
            <Extensions>
              <ns3:TPX>
                <ns3:Speed>2.7899999618530273</ns3:Speed>
                <ns3:RunCadence>88</ns3:RunCadence>
              </ns3:TPX>
            </Extensions>
          </Trackpoint>
          <Trackpoint>
            <Time>2021-01-02T23:28:17.000Z</Time>
            <Position>
              <LatitudeDegrees>22.33219104718562</LatitudeDegrees>
              <LongitudeDegrees>114.20472679308844</LongitudeDegrees>
            </Position>
            <AltitudeMeters>311.36</AltitudeMeters>
            <DistanceMeters>3791.68994140625</DistanceMeters>
            <Extensions>
              <ns3:TPX>
                <ns3:Speed>2.7809998989105225</ns3:Speed>
                <ns3:RunCadence>87</ns3:RunCadence>
              </ns3:TPX>
            </Extensions>
          </Trackpoint>
          <Trackpoint>
            <Time>2021-01-02T23:28:25.000Z</Time>
            <Position>
              <LatitudeDegrees>22.33198967697732</LatitudeDegrees>
              <LongitudeDegrees>114.20479385279884</LongitudeDegrees>
            </Position>
            <AltitudeMeters>311.05</AltitudeMeters>
            <DistanceMeters>3813.8798828125</DistanceMeters>
            <Extensions>
              <ns3:TPX>
                <ns3:Speed>2.76200008392334</ns3:Speed>
                <ns3:RunCadence>85</ns3:RunCadence>
              </ns3:TPX>
            </Extensions>
          </Trackpoint>
          <Trackpoint>
            <Time>2021-01-02T23:28:33.000Z</Time>
            <Position>
              <LatitudeDegrees>22.33187860389699</LatitudeDegrees>
              <LongitudeDegrees>114.20501369739218</LongitudeDegrees>
            </Position>
            <AltitudeMeters>310.81</AltitudeMeters>
            <DistanceMeters>3835.969970703125</DistanceMeters>
            <Extensions>
              <ns3:TPX>
                <ns3:Speed>2.753000020980835</ns3:Speed>
                <ns3:RunCadence>85</ns3:RunCadence>
              </ns3:TPX>
            </Extensions>
          </Trackpoint>
          <Trackpoint>
            <Time>2021-01-02T23:28:41.000Z</Time>
            <Position>
              <LatitudeDegrees>22.33171319817875</LatitudeDegrees>
              <LongitudeDegrees>114.20516221123158</LongitudeDegrees>
            </Position>
            <AltitudeMeters>310.81</AltitudeMeters>
            <DistanceMeters>3857.9599609375</DistanceMeters>
            <Extensions>
              <ns3:TPX>
                <ns3:Speed>2.743000030517578</ns3:Speed>
                <ns3:RunCadence>86</ns3:RunCadence>
              </ns3:TPX>
            </Extensions>
          </Trackpoint>
          <Trackpoint>
            <Time>2021-01-02T23:28:49.000Z</Time>
            <Position>
              <LatitudeDegrees>22.331506393135612</LatitudeDegrees>
              <LongitudeDegrees>114.20526859535423</LongitudeDegrees>
            </Position>
            <AltitudeMeters>310.94</AltitudeMeters>
            <DistanceMeters>3879.8701171875</DistanceMeters>
            <Extensions>
              <ns3:TPX>
                <ns3:Speed>2.743000030517578</ns3:Speed>
                <ns3:RunCadence>86</ns3:RunCadence>
              </ns3:TPX>
            </Extensions>
          </Trackpoint>
          <Trackpoint>
            <Time>2021-01-02T23:28:57.000Z</Time>
            <Position>
              <LatitudeDegrees>22.331323775805796</LatitudeDegrees>
              <LongitudeDegrees>114.20516654274161</LongitudeDegrees>
            </Position>
            <AltitudeMeters>311.2</AltitudeMeters>
            <DistanceMeters>3901.81005859375</DistanceMeters>
            <Extensions>
              <ns3:TPX>
                <ns3:Speed>2.743000030517578</ns3:Speed>
                <ns3:RunCadence>87</ns3:RunCadence>
              </ns3:TPX>
            </Extensions>
          </Trackpoint>
          <Trackpoint>
            <Time>2021-01-02T23:29:05.000Z</Time>
            <Position>
              <LatitudeDegrees>22.331168321390148</LatitudeDegrees>
              <LongitudeDegrees>114.20498760320184</LongitudeDegrees>
            </Position>
            <AltitudeMeters>310.92</AltitudeMeters>
            <DistanceMeters>3923.550048828125</DistanceMeters>
            <Extensions>
              <ns3:TPX>
                <ns3:Speed>2.7149999141693115</ns3:Speed>
                <ns3:RunCadence>85</ns3:RunCadence>
              </ns3:TPX>
            </Extensions>
          </Trackpoint>
          <Trackpoint>
            <Time>2021-01-02T23:29:13.000Z</Time>
            <Position>
              <LatitudeDegrees>22.330988096734217</LatitudeDegrees>
              <LongitudeDegrees>114.20484269940039</LongitudeDegrees>
            </Position>
            <AltitudeMeters>311.49</AltitudeMeters>
            <DistanceMeters>3945.2099609375</DistanceMeters>
            <Extensions>
              <ns3:TPX>
                <ns3:Speed>2.7060000896453857</ns3:Speed>
                <ns3:RunCadence>86</ns3:RunCadence>
              </ns3:TPX>
            </Extensions>
          </Trackpoint>
          <Trackpoint>
            <Time>2021-01-02T23:29:21.000Z</Time>
            <Position>
              <LatitudeDegrees>22.33078797644988</LatitudeDegrees>
              <LongitudeDegrees>114.20473164178514</LongitudeDegrees>
            </Position>
            <AltitudeMeters>310.83</AltitudeMeters>
            <DistanceMeters>3966.739990234375</DistanceMeters>
            <Extensions>
              <ns3:TPX>
                <ns3:Speed>2.687000036239624</ns3:Speed>
                <ns3:RunCadence>85</ns3:RunCadence>
              </ns3:TPX>
            </Extensions>
          </Trackpoint>
          <Trackpoint>
            <Time>2021-01-02T23:29:29.000Z</Time>
            <Position>
              <LatitudeDegrees>22.330600255924626</LatitudeDegrees>
              <LongitudeDegrees>114.20459880216146</LongitudeDegrees>
            </Position>
            <AltitudeMeters>310.82</AltitudeMeters>
            <DistanceMeters>3988.1298828125</DistanceMeters>
            <Extensions>
              <ns3:TPX>
                <ns3:Speed>2.61299991607666</ns3:Speed>
                <ns3:RunCadence>85</ns3:RunCadence>
              </ns3:TPX>
            </Extensions>
          </Trackpoint>
          <Trackpoint>
            <Time>2021-01-02T23:29:34.000Z</Time>
            <Position>
              <LatitudeDegrees>22.330483762050036</LatitudeDegrees>
              <LongitudeDegrees>114.20451938052629</LongitudeDegrees>
            </Position>
            <AltitudeMeters>311.08</AltitudeMeters>
            <DistanceMeters>4001.260009765625</DistanceMeters>
            <Extensions>
              <ns3:TPX>
                <ns3:Speed>2.677999973297119</ns3:Speed>
                <ns3:RunCadence>86</ns3:RunCadence>
              </ns3:TPX>
            </Extensions>
          </Trackpoint>
        </Track>
        <Extensions>
          <ns3:LX>
            <ns3:AvgSpeed>2.5339999198913574</ns3:AvgSpeed>
            <ns3:AvgRunCadence>66</ns3:AvgRunCadence>
            <ns3:MaxRunCadence>89</ns3:MaxRunCadence>
          </ns3:LX>
        </Extensions>
      </Lap>
      <Lap StartTime="2021-01-02T23:29:35.000Z">
        <TotalTimeSeconds>358.067</TotalTimeSeconds>
        <DistanceMeters>1000.0</DistanceMeters>
        <MaximumSpeed>2.938999891281128</MaximumSpeed>
        <Calories>70</Calories>
        <Intensity>Active</Intensity>
        <TriggerMethod>Manual</TriggerMethod>
        <Track>
          <Trackpoint>
            <Time>2021-01-02T23:29:42.000Z</Time>
            <Position>
              <LatitudeDegrees>22.330280673551915</LatitudeDegrees>
              <LongitudeDegrees>114.20441102048245</LongitudeDegrees>
            </Position>
            <AltitudeMeters>311.2</AltitudeMeters>
            <DistanceMeters>4022.9599609375</DistanceMeters>
            <Extensions>
              <ns3:TPX>
                <ns3:Speed>2.7249999046325684</ns3:Speed>
                <ns3:RunCadence>86</ns3:RunCadence>
              </ns3:TPX>
            </Extensions>
          </Trackpoint>
          <Trackpoint>
            <Time>2021-01-02T23:29:50.000Z</Time>
            <Position>
              <LatitudeDegrees>22.330066067412513</LatitudeDegrees>
              <LongitudeDegrees>114.20432905560824</LongitudeDegrees>
            </Position>
            <AltitudeMeters>310.87</AltitudeMeters>
            <DistanceMeters>4044.780029296875</DistanceMeters>
            <Extensions>
              <ns3:TPX>
                <ns3:Speed>2.7339999675750732</ns3:Speed>
                <ns3:RunCadence>87</ns3:RunCadence>
              </ns3:TPX>
            </Extensions>
          </Trackpoint>
          <Trackpoint>
            <Time>2021-01-02T23:29:58.000Z</Time>
            <Position>
              <LatitudeDegrees>22.329956236021832</LatitudeDegrees>
              <LongitudeDegrees>114.20454150171759</LongitudeDegrees>
            </Position>
            <AltitudeMeters>311.31</AltitudeMeters>
            <DistanceMeters>4067.010009765625</DistanceMeters>
            <Extensions>
              <ns3:TPX>
                <ns3:Speed>2.7899999618530273</ns3:Speed>
                <ns3:RunCadence>86</ns3:RunCadence>
              </ns3:TPX>
            </Extensions>
          </Trackpoint>
          <Trackpoint>
            <Time>2021-01-02T23:30:06.000Z</Time>
            <Position>
              <LatitudeDegrees>22.329802083556576</LatitudeDegrees>
              <LongitudeDegrees>114.20472204820004</LongitudeDegrees>
            </Position>
            <AltitudeMeters>311.4</AltitudeMeters>
            <DistanceMeters>4089.080078125</DistanceMeters>
            <Extensions>
              <ns3:TPX>
                <ns3:Speed>2.753000020980835</ns3:Speed>
                <ns3:RunCadence>87</ns3:RunCadence>
              </ns3:TPX>
            </Extensions>
          </Trackpoint>
          <Trackpoint>
            <Time>2021-01-02T23:30:14.000Z</Time>
            <Position>
              <LatitudeDegrees>22.329617535010776</LatitudeDegrees>
              <LongitudeDegrees>114.20485340025674</LongitudeDegrees>
            </Position>
            <AltitudeMeters>310.8</AltitudeMeters>
            <DistanceMeters>4111.080078125</DistanceMeters>
            <Extensions>
              <ns3:TPX>
                <ns3:Speed>2.7149999141693115</ns3:Speed>
                <ns3:RunCadence>87</ns3:RunCadence>
              </ns3:TPX>
            </Extensions>
          </Trackpoint>
          <Trackpoint>
            <Time>2021-01-02T23:30:22.000Z</Time>
            <Position>
              <LatitudeDegrees>22.32939711496701</LatitudeDegrees>
              <LongitudeDegrees>114.20480160306643</LongitudeDegrees>
            </Position>
            <AltitudeMeters>311.46</AltitudeMeters>
            <DistanceMeters>4132.83984375</DistanceMeters>
            <Extensions>
              <ns3:TPX>
                <ns3:Speed>2.7339999675750732</ns3:Speed>
                <ns3:RunCadence>86</ns3:RunCadence>
              </ns3:TPX>
            </Extensions>
          </Trackpoint>
          <Trackpoint>
            <Time>2021-01-02T23:30:30.000Z</Time>
            <Position>
              <LatitudeDegrees>22.329178234341512</LatitudeDegrees>
              <LongitudeDegrees>114.20472463092882</LongitudeDegrees>
            </Position>
            <AltitudeMeters>311.44</AltitudeMeters>
            <DistanceMeters>4154.830078125</DistanceMeters>
            <Extensions>
              <ns3:TPX>
                <ns3:Speed>2.753000020980835</ns3:Speed>
                <ns3:RunCadence>86</ns3:RunCadence>
              </ns3:TPX>
            </Extensions>
          </Trackpoint>
          <Trackpoint>
            <Time>2021-01-02T23:30:38.000Z</Time>
            <Position>
              <LatitudeDegrees>22.328951818381704</LatitudeDegrees>
              <LongitudeDegrees>114.20467538739135</LongitudeDegrees>
            </Position>
            <AltitudeMeters>311.77</AltitudeMeters>
            <DistanceMeters>4176.8701171875</DistanceMeters>
            <Extensions>
              <ns3:TPX>
                <ns3:Speed>2.76200008392334</ns3:Speed>
                <ns3:RunCadence>87</ns3:RunCadence>
              </ns3:TPX>
            </Extensions>
          </Trackpoint>
          <Trackpoint>
            <Time>2021-01-02T23:30:46.000Z</Time>
            <Position>
              <LatitudeDegrees>22.328729357821132</LatitudeDegrees>
              <LongitudeDegrees>114.20461000535265</LongitudeDegrees>
            </Position>
            <AltitudeMeters>310.59</AltitudeMeters>
            <DistanceMeters>4198.97021484375</DistanceMeters>
            <Extensions>
              <ns3:TPX>
                <ns3:Speed>2.76200008392334</ns3:Speed>
                <ns3:RunCadence>86</ns3:RunCadence>
              </ns3:TPX>
            </Extensions>
          </Trackpoint>
          <Trackpoint>
            <Time>2021-01-02T23:30:54.000Z</Time>
            <Position>
              <LatitudeDegrees>22.328520850981313</LatitudeDegrees>
              <LongitudeDegrees>114.20449925621735</LongitudeDegrees>
            </Position>
            <AltitudeMeters>311.52</AltitudeMeters>
            <DistanceMeters>4221.14990234375</DistanceMeters>
            <Extensions>
              <ns3:TPX>
                <ns3:Speed>2.7809998989105225</ns3:Speed>
                <ns3:RunCadence>85</ns3:RunCadence>
              </ns3:TPX>
            </Extensions>
          </Trackpoint>
          <Trackpoint>
            <Time>2021-01-02T23:31:02.000Z</Time>
            <Position>
              <LatitudeDegrees>22.32832329177686</LatitudeDegrees>
              <LongitudeDegrees>114.20436583357947</LongitudeDegrees>
            </Position>
            <AltitudeMeters>311.02</AltitudeMeters>
            <DistanceMeters>4243.39013671875</DistanceMeters>
            <Extensions>
              <ns3:TPX>
                <ns3:Speed>2.7809998989105225</ns3:Speed>
                <ns3:RunCadence>86</ns3:RunCadence>
              </ns3:TPX>
            </Extensions>
          </Trackpoint>
          <Trackpoint>
            <Time>2021-01-02T23:31:10.000Z</Time>
            <Position>
              <LatitudeDegrees>22.328135921482357</LatitudeDegrees>
              <LongitudeDegrees>114.20421684019148</LongitudeDegrees>
            </Position>
            <AltitudeMeters>310.67</AltitudeMeters>
            <DistanceMeters>4265.56982421875</DistanceMeters>
            <Extensions>
              <ns3:TPX>
                <ns3:Speed>2.7709999084472656</ns3:Speed>
                <ns3:RunCadence>86</ns3:RunCadence>
              </ns3:TPX>
            </Extensions>
          </Trackpoint>
          <Trackpoint>
            <Time>2021-01-02T23:31:18.000Z</Time>
            <Position>
              <LatitudeDegrees>22.327940126226196</LatitudeDegrees>
              <LongitudeDegrees>114.20408329458073</LongitudeDegrees>
            </Position>
            <AltitudeMeters>310.68</AltitudeMeters>
            <DistanceMeters>4287.68994140625</DistanceMeters>
            <Extensions>
              <ns3:TPX>
                <ns3:Speed>2.76200008392334</ns3:Speed>
                <ns3:RunCadence>86</ns3:RunCadence>
              </ns3:TPX>
            </Extensions>
          </Trackpoint>
          <Trackpoint>
            <Time>2021-01-02T23:31:26.000Z</Time>
            <Position>
              <LatitudeDegrees>22.32775721720001</LatitudeDegrees>
              <LongitudeDegrees>114.20393554502584</LongitudeDegrees>
            </Position>
            <AltitudeMeters>310.45</AltitudeMeters>
            <DistanceMeters>4309.759765625</DistanceMeters>
            <Extensions>
              <ns3:TPX>
                <ns3:Speed>2.753000020980835</ns3:Speed>
                <ns3:RunCadence>87</ns3:RunCadence>
              </ns3:TPX>
            </Extensions>
          </Trackpoint>
          <Trackpoint>
            <Time>2021-01-02T23:31:34.000Z</Time>
            <Position>
              <LatitudeDegrees>22.32758993531445</LatitudeDegrees>
              <LongitudeDegrees>114.20376993197324</LongitudeDegrees>
            </Position>
            <AltitudeMeters>310.71</AltitudeMeters>
            <DistanceMeters>4331.77978515625</DistanceMeters>
            <Extensions>
              <ns3:TPX>
                <ns3:Speed>2.753000020980835</ns3:Speed>
                <ns3:RunCadence>86</ns3:RunCadence>
              </ns3:TPX>
            </Extensions>
          </Trackpoint>
          <Trackpoint>
            <Time>2021-01-02T23:31:41.000Z</Time>
            <Position>
              <LatitudeDegrees>22.327667541581214</LatitudeDegrees>
              <LongitudeDegrees>114.2035700697713</LongitudeDegrees>
            </Position>
            <AltitudeMeters>310.79</AltitudeMeters>
            <DistanceMeters>4351.0498046875</DistanceMeters>
            <Extensions>
              <ns3:TPX>
                <ns3:Speed>2.753000020980835</ns3:Speed>
                <ns3:RunCadence>86</ns3:RunCadence>
              </ns3:TPX>
            </Extensions>
          </Trackpoint>
          <Trackpoint>
            <Time>2021-01-02T23:31:49.000Z</Time>
            <Position>
              <LatitudeDegrees>22.327827694130303</LatitudeDegrees>
              <LongitudeDegrees>114.20339153701931</LongitudeDegrees>
            </Position>
            <AltitudeMeters>310.22</AltitudeMeters>
            <DistanceMeters>4373.06982421875</DistanceMeters>
            <Extensions>
              <ns3:TPX>
                <ns3:Speed>2.753000020980835</ns3:Speed>
                <ns3:RunCadence>87</ns3:RunCadence>
              </ns3:TPX>
            </Extensions>
          </Trackpoint>
          <Trackpoint>
            <Time>2021-01-02T23:31:57.000Z</Time>
            <Position>
              <LatitudeDegrees>22.327978092656757</LatitudeDegrees>
              <LongitudeDegrees>114.20320186768689</LongitudeDegrees>
            </Position>
            <AltitudeMeters>310.4</AltitudeMeters>
            <DistanceMeters>4395.169921875</DistanceMeters>
            <Extensions>
              <ns3:TPX>
                <ns3:Speed>2.7709999084472656</ns3:Speed>
                <ns3:RunCadence>87</ns3:RunCadence>
              </ns3:TPX>
            </Extensions>
          </Trackpoint>
          <Trackpoint>
            <Time>2021-01-02T23:32:05.000Z</Time>
            <Position>
              <LatitudeDegrees>22.328090834658475</LatitudeDegrees>
              <LongitudeDegrees>114.20298200710582</LongitudeDegrees>
            </Position>
            <AltitudeMeters>310.3</AltitudeMeters>
            <DistanceMeters>4417.3701171875</DistanceMeters>
            <Extensions>
              <ns3:TPX>
                <ns3:Speed>2.7709999084472656</ns3:Speed>
                <ns3:RunCadence>88</ns3:RunCadence>
              </ns3:TPX>
            </Extensions>
          </Trackpoint>
          <Trackpoint>
            <Time>2021-01-02T23:32:13.000Z</Time>
            <Position>
              <LatitudeDegrees>22.328242933983137</LatitudeDegrees>
              <LongitudeDegrees>114.20280495961565</LongitudeDegrees>
            </Position>
            <AltitudeMeters>310.79</AltitudeMeters>
            <DistanceMeters>4439.41015625</DistanceMeters>
            <Extensions>
              <ns3:TPX>
                <ns3:Speed>2.753000020980835</ns3:Speed>
                <ns3:RunCadence>87</ns3:RunCadence>
              </ns3:TPX>
            </Extensions>
          </Trackpoint>
          <Trackpoint>
            <Time>2021-01-02T23:32:21.000Z</Time>
            <Position>
              <LatitudeDegrees>22.32839178557278</LatitudeDegrees>
              <LongitudeDegrees>114.20264008897928</LongitudeDegrees>
            </Position>
            <AltitudeMeters>310.01</AltitudeMeters>
            <DistanceMeters>4461.509765625</DistanceMeters>
            <Extensions>
              <ns3:TPX>
                <ns3:Speed>2.7709999084472656</ns3:Speed>
                <ns3:RunCadence>87</ns3:RunCadence>
              </ns3:TPX>
            </Extensions>
          </Trackpoint>
          <Trackpoint>
            <Time>2021-01-02T23:32:29.000Z</Time>
            <Position>
              <LatitudeDegrees>22.328501447891252</LatitudeDegrees>
              <LongitudeDegrees>114.2024260789633</LongitudeDegrees>
            </Position>
            <AltitudeMeters>311.2</AltitudeMeters>
            <DistanceMeters>4483.75</DistanceMeters>
            <Extensions>
              <ns3:TPX>
                <ns3:Speed>2.7899999618530273</ns3:Speed>
                <ns3:RunCadence>88</ns3:RunCadence>
              </ns3:TPX>
            </Extensions>
          </Trackpoint>
          <Trackpoint>
            <Time>2021-01-02T23:32:37.000Z</Time>
            <Position>
              <LatitudeDegrees>22.328697076733693</LatitudeDegrees>
              <LongitudeDegrees>114.20228517657809</LongitudeDegrees>
            </Position>
            <AltitudeMeters>311.2</AltitudeMeters>
            <DistanceMeters>4506.16015625</DistanceMeters>
            <Extensions>
              <ns3:TPX>
                <ns3:Speed>2.7990000247955322</ns3:Speed>
                <ns3:RunCadence>87</ns3:RunCadence>
              </ns3:TPX>
            </Extensions>
          </Trackpoint>
          <Trackpoint>
            <Time>2021-01-02T23:32:45.000Z</Time>
            <Position>
              <LatitudeDegrees>22.328891790681862</LatitudeDegrees>
              <LongitudeDegrees>114.20214328751199</LongitudeDegrees>
            </Position>
            <AltitudeMeters>311.16</AltitudeMeters>
            <DistanceMeters>4528.56005859375</DistanceMeters>
            <Extensions>
              <ns3:TPX>
                <ns3:Speed>2.7990000247955322</ns3:Speed>
                <ns3:RunCadence>86</ns3:RunCadence>
              </ns3:TPX>
            </Extensions>
          </Trackpoint>
          <Trackpoint>
            <Time>2021-01-02T23:32:53.000Z</Time>
            <Position>
              <LatitudeDegrees>22.329055184614017</LatitudeDegrees>
              <LongitudeDegrees>114.20196404632502</LongitudeDegrees>
            </Position>
            <AltitudeMeters>310.91</AltitudeMeters>
            <DistanceMeters>4551.02001953125</DistanceMeters>
            <Extensions>
              <ns3:TPX>
                <ns3:Speed>2.818000078201294</ns3:Speed>
                <ns3:RunCadence>86</ns3:RunCadence>
              </ns3:TPX>
            </Extensions>
          </Trackpoint>
          <Trackpoint>
            <Time>2021-01-02T23:33:01.000Z</Time>
            <Position>
              <LatitudeDegrees>22.329217452362872</LatitudeDegrees>
              <LongitudeDegrees>114.2017812032087</LongitudeDegrees>
            </Position>
            <AltitudeMeters>310.8</AltitudeMeters>
            <DistanceMeters>4573.68017578125</DistanceMeters>
            <Extensions>
              <ns3:TPX>
                <ns3:Speed>2.8459999561309814</ns3:Speed>
                <ns3:RunCadence>87</ns3:RunCadence>
              </ns3:TPX>
            </Extensions>
          </Trackpoint>
          <Trackpoint>
            <Time>2021-01-02T23:33:09.000Z</Time>
            <Position>
              <LatitudeDegrees>22.329386953706113</LatitudeDegrees>
              <LongitudeDegrees>114.20162030275702</LongitudeDegrees>
            </Position>
            <AltitudeMeters>310.12</AltitudeMeters>
            <DistanceMeters>4596.5400390625</DistanceMeters>
            <Extensions>
              <ns3:TPX>
                <ns3:Speed>2.865000009536743</ns3:Speed>
                <ns3:RunCadence>86</ns3:RunCadence>
              </ns3:TPX>
            </Extensions>
          </Trackpoint>
          <Trackpoint>
            <Time>2021-01-02T23:33:16.000Z</Time>
            <Position>
              <LatitudeDegrees>22.32952222656442</LatitudeDegrees>
              <LongitudeDegrees>114.20144806363852</LongitudeDegrees>
            </Position>
            <AltitudeMeters>310.62</AltitudeMeters>
            <DistanceMeters>4616.6201171875</DistanceMeters>
            <Extensions>
              <ns3:TPX>
                <ns3:Speed>2.874000072479248</ns3:Speed>
                <ns3:RunCadence>87</ns3:RunCadence>
              </ns3:TPX>
            </Extensions>
          </Trackpoint>
          <Trackpoint>
            <Time>2021-01-02T23:33:23.000Z</Time>
            <Position>
              <LatitudeDegrees>22.329698006209163</LatitudeDegrees>
              <LongitudeDegrees>114.20132646270142</LongitudeDegrees>
            </Position>
            <AltitudeMeters>310.62</AltitudeMeters>
            <DistanceMeters>4636.66015625</DistanceMeters>
            <Extensions>
              <ns3:TPX>
                <ns3:Speed>2.8550000190734863</ns3:Speed>
                <ns3:RunCadence>87</ns3:RunCadence>
              </ns3:TPX>
            </Extensions>
          </Trackpoint>
          <Trackpoint>
            <Time>2021-01-02T23:33:28.000Z</Time>
            <Position>
              <LatitudeDegrees>22.32984057400397</LatitudeDegrees>
              <LongitudeDegrees>114.20127683724529</LongitudeDegrees>
            </Position>
            <AltitudeMeters>310.6</AltitudeMeters>
            <DistanceMeters>4650.97998046875</DistanceMeters>
            <Extensions>
              <ns3:TPX>
                <ns3:Speed>2.865000009536743</ns3:Speed>
                <ns3:RunCadence>88</ns3:RunCadence>
              </ns3:TPX>
            </Extensions>
          </Trackpoint>
          <Trackpoint>
            <Time>2021-01-02T23:33:35.000Z</Time>
            <Position>
              <LatitudeDegrees>22.330046737775408</LatitudeDegrees>
              <LongitudeDegrees>114.20123325323898</LongitudeDegrees>
            </Position>
            <AltitudeMeters>310.6</AltitudeMeters>
            <DistanceMeters>4671.02001953125</DistanceMeters>
            <Extensions>
              <ns3:TPX>
                <ns3:Speed>2.865000009536743</ns3:Speed>
                <ns3:RunCadence>86</ns3:RunCadence>
              </ns3:TPX>
            </Extensions>
          </Trackpoint>
          <Trackpoint>
            <Time>2021-01-02T23:33:42.000Z</Time>
            <Position>
              <LatitudeDegrees>22.33015491293985</LatitudeDegrees>
              <LongitudeDegrees>114.20103760772659</LongitudeDegrees>
            </Position>
            <AltitudeMeters>310.6</AltitudeMeters>
            <DistanceMeters>4691.1201171875</DistanceMeters>
            <Extensions>
              <ns3:TPX>
                <ns3:Speed>2.865000009536743</ns3:Speed>
                <ns3:RunCadence>85</ns3:RunCadence>
              </ns3:TPX>
            </Extensions>
          </Trackpoint>
          <Trackpoint>
            <Time>2021-01-02T23:33:49.000Z</Time>
            <Position>
              <LatitudeDegrees>22.330319518788894</LatitudeDegrees>
              <LongitudeDegrees>114.20091512331683</LongitudeDegrees>
            </Position>
            <AltitudeMeters>310.56</AltitudeMeters>
            <DistanceMeters>4711.22998046875</DistanceMeters>
            <Extensions>
              <ns3:TPX>
                <ns3:Speed>2.874000072479248</ns3:Speed>
                <ns3:RunCadence>85</ns3:RunCadence>
              </ns3:TPX>
            </Extensions>
          </Trackpoint>
          <Trackpoint>
            <Time>2021-01-02T23:33:56.000Z</Time>
            <Position>
              <LatitudeDegrees>22.330373738285207</LatitudeDegrees>
              <LongitudeDegrees>114.20069732726623</LongitudeDegrees>
            </Position>
            <AltitudeMeters>310.4</AltitudeMeters>
            <DistanceMeters>4731.2900390625</DistanceMeters>
            <Extensions>
              <ns3:TPX>
                <ns3:Speed>2.865000009536743</ns3:Speed>
                <ns3:RunCadence>85</ns3:RunCadence>
              </ns3:TPX>
            </Extensions>
          </Trackpoint>
          <Trackpoint>
            <Time>2021-01-02T23:34:03.000Z</Time>
            <Position>
              <LatitudeDegrees>22.330407900001216</LatitudeDegrees>
              <LongitudeDegrees>114.20047626610999</LongitudeDegrees>
            </Position>
            <AltitudeMeters>310.52</AltitudeMeters>
            <DistanceMeters>4751.31005859375</DistanceMeters>
            <Extensions>
              <ns3:TPX>
                <ns3:Speed>2.8459999561309814</ns3:Speed>
                <ns3:RunCadence>87</ns3:RunCadence>
              </ns3:TPX>
            </Extensions>
          </Trackpoint>
          <Trackpoint>
            <Time>2021-01-02T23:34:11.000Z</Time>
            <Position>
              <LatitudeDegrees>22.330511576016953</LatitudeDegrees>
              <LongitudeDegrees>114.20024476998964</LongitudeDegrees>
            </Position>
            <AltitudeMeters>310.9</AltitudeMeters>
            <DistanceMeters>4774.06982421875</DistanceMeters>
            <Extensions>
              <ns3:TPX>
                <ns3:Speed>2.8550000190734863</ns3:Speed>
                <ns3:RunCadence>86</ns3:RunCadence>
              </ns3:TPX>
            </Extensions>
          </Trackpoint>
          <Trackpoint>
            <Time>2021-01-02T23:34:19.000Z</Time>
            <Position>
              <LatitudeDegrees>22.330561961461417</LatitudeDegrees>
              <LongitudeDegrees>114.20033546360719</LongitudeDegrees>
            </Position>
            <AltitudeMeters>311.06</AltitudeMeters>
            <DistanceMeters>4796.41015625</DistanceMeters>
            <Extensions>
              <ns3:TPX>
                <ns3:Speed>2.753000020980835</ns3:Speed>
                <ns3:RunCadence>87</ns3:RunCadence>
              </ns3:TPX>
            </Extensions>
          </Trackpoint>
          <Trackpoint>
            <Time>2021-01-02T23:34:27.000Z</Time>
            <Position>
              <LatitudeDegrees>22.330665928652696</LatitudeDegrees>
              <LongitudeDegrees>114.20038215875998</LongitudeDegrees>
            </Position>
            <AltitudeMeters>310.6</AltitudeMeters>
            <DistanceMeters>4818.64990234375</DistanceMeters>
            <Extensions>
              <ns3:TPX>
                <ns3:Speed>2.7990000247955322</ns3:Speed>
                <ns3:RunCadence>86</ns3:RunCadence>
              </ns3:TPX>
            </Extensions>
          </Trackpoint>
          <Trackpoint>
            <Time>2021-01-02T23:34:35.000Z</Time>
            <Position>
              <LatitudeDegrees>22.330631476546948</LatitudeDegrees>
              <LongitudeDegrees>114.20036412931951</LongitudeDegrees>
            </Position>
            <AltitudeMeters>310.8</AltitudeMeters>
            <DistanceMeters>4841.10009765625</DistanceMeters>
            <Extensions>
              <ns3:TPX>
                <ns3:Speed>2.818000078201294</ns3:Speed>
                <ns3:RunCadence>87</ns3:RunCadence>
              </ns3:TPX>
            </Extensions>
          </Trackpoint>
          <Trackpoint>
            <Time>2021-01-02T23:34:43.000Z</Time>
            <Position>
              <LatitudeDegrees>22.330617489442943</LatitudeDegrees>
              <LongitudeDegrees>114.20031277866963</LongitudeDegrees>
            </Position>
            <AltitudeMeters>310.81</AltitudeMeters>
            <DistanceMeters>4863.7099609375</DistanceMeters>
            <Extensions>
              <ns3:TPX>
                <ns3:Speed>2.818000078201294</ns3:Speed>
                <ns3:RunCadence>87</ns3:RunCadence>
              </ns3:TPX>
            </Extensions>
          </Trackpoint>
          <Trackpoint>
            <Time>2021-01-02T23:34:51.000Z</Time>
            <Position>
              <LatitudeDegrees>22.33042938441948</LatitudeDegrees>
              <LongitudeDegrees>114.20040445491927</LongitudeDegrees>
            </Position>
            <AltitudeMeters>311.04</AltitudeMeters>
            <DistanceMeters>4886.240234375</DistanceMeters>
            <Extensions>
              <ns3:TPX>
                <ns3:Speed>2.7809998989105225</ns3:Speed>
                <ns3:RunCadence>86</ns3:RunCadence>
              </ns3:TPX>
            </Extensions>
          </Trackpoint>
          <Trackpoint>
            <Time>2021-01-02T23:34:59.000Z</Time>
            <Position>
              <LatitudeDegrees>22.33019886913132</LatitudeDegrees>
              <LongitudeDegrees>114.20038020803447</LongitudeDegrees>
            </Position>
            <AltitudeMeters>311.11</AltitudeMeters>
            <DistanceMeters>4908.31982421875</DistanceMeters>
            <Extensions>
              <ns3:TPX>
                <ns3:Speed>2.7709999084472656</ns3:Speed>
                <ns3:RunCadence>86</ns3:RunCadence>
              </ns3:TPX>
            </Extensions>
          </Trackpoint>
          <Trackpoint>
            <Time>2021-01-02T23:35:07.000Z</Time>
            <Position>
              <LatitudeDegrees>22.32997064273421</LatitudeDegrees>
              <LongitudeDegrees>114.20035620190801</LongitudeDegrees>
            </Position>
            <AltitudeMeters>311.18</AltitudeMeters>
            <DistanceMeters>4930.18017578125</DistanceMeters>
            <Extensions>
              <ns3:TPX>
                <ns3:Speed>2.7149999141693115</ns3:Speed>
                <ns3:RunCadence>87</ns3:RunCadence>
              </ns3:TPX>
            </Extensions>
          </Trackpoint>
          <Trackpoint>
            <Time>2021-01-02T23:35:15.000Z</Time>
            <Position>
              <LatitudeDegrees>22.329823370589402</LatitudeDegrees>
              <LongitudeDegrees>114.20051135762154</LongitudeDegrees>
            </Position>
            <AltitudeMeters>311.2</AltitudeMeters>
            <DistanceMeters>4951.97021484375</DistanceMeters>
            <Extensions>
              <ns3:TPX>
                <ns3:Speed>2.7899999618530273</ns3:Speed>
                <ns3:RunCadence>86</ns3:RunCadence>
              </ns3:TPX>
            </Extensions>
          </Trackpoint>
          <Trackpoint>
            <Time>2021-01-02T23:35:22.000Z</Time>
            <Position>
              <LatitudeDegrees>22.32968197158979</LatitudeDegrees>
              <LongitudeDegrees>114.20067981233588</LongitudeDegrees>
            </Position>
            <AltitudeMeters>311.06</AltitudeMeters>
            <DistanceMeters>4972.02978515625</DistanceMeters>
            <Extensions>
              <ns3:TPX>
                <ns3:Speed>2.8929998874664307</ns3:Speed>
                <ns3:RunCadence>87</ns3:RunCadence>
              </ns3:TPX>
            </Extensions>
          </Trackpoint>
          <Trackpoint>
            <Time>2021-01-02T23:35:29.000Z</Time>
            <Position>
              <LatitudeDegrees>22.329498944659672</LatitudeDegrees>
              <LongitudeDegrees>114.2007598314103</LongitudeDegrees>
            </Position>
            <AltitudeMeters>310.92</AltitudeMeters>
            <DistanceMeters>4992.3798828125</DistanceMeters>
            <Extensions>
              <ns3:TPX>
                <ns3:Speed>2.938999891281128</ns3:Speed>
                <ns3:RunCadence>87</ns3:RunCadence>
              </ns3:TPX>
            </Extensions>
          </Trackpoint>
          <Trackpoint>
            <Time>2021-01-02T23:35:32.000Z</Time>
            <Position>
              <LatitudeDegrees>22.329406732592833</LatitudeDegrees>
              <LongitudeDegrees>114.20076444262197</LongitudeDegrees>
            </Position>
            <AltitudeMeters>310.87</AltitudeMeters>
            <DistanceMeters>5001.18017578125</DistanceMeters>
            <Extensions>
              <ns3:TPX>
                <ns3:Speed>2.930000066757202</ns3:Speed>
                <ns3:RunCadence>87</ns3:RunCadence>
              </ns3:TPX>
            </Extensions>
          </Trackpoint>
        </Track>
        <Extensions>
          <ns3:LX>
            <ns3:AvgSpeed>2.7929999828338623</ns3:AvgSpeed>
            <ns3:AvgRunCadence>86</ns3:AvgRunCadence>
            <ns3:MaxRunCadence>88</ns3:MaxRunCadence>
          </ns3:LX>
        </Extensions>
      </Lap>
      <Lap StartTime="2021-01-02T23:35:33.000Z">
        <TotalTimeSeconds>123.448</TotalTimeSeconds>
        <DistanceMeters>366.91</DistanceMeters>
        <MaximumSpeed>2.994999885559082</MaximumSpeed>
        <Calories>25</Calories>
        <Intensity>Active</Intensity>
        <TriggerMethod>Manual</TriggerMethod>
        <Track>
          <Trackpoint>
            <Time>2021-01-02T23:35:39.000Z</Time>
            <Position>
              <LatitudeDegrees>22.329190674035956</LatitudeDegrees>
              <LongitudeDegrees>114.2007752469752</LongitudeDegrees>
            </Position>
            <AltitudeMeters>310.73</AltitudeMeters>
            <DistanceMeters>5021.7998046875</DistanceMeters>
            <Extensions>
              <ns3:TPX>
                <ns3:Speed>2.938999891281128</ns3:Speed>
                <ns3:RunCadence>87</ns3:RunCadence>
              </ns3:TPX>
            </Extensions>
          </Trackpoint>
          <Trackpoint>
            <Time>2021-01-02T23:35:46.000Z</Time>
            <Position>
              <LatitudeDegrees>22.32899199039629</LatitudeDegrees>
              <LongitudeDegrees>114.20079237091682</LongitudeDegrees>
            </Position>
            <AltitudeMeters>310.64</AltitudeMeters>
            <DistanceMeters>5042.39013671875</DistanceMeters>
            <Extensions>
              <ns3:TPX>
                <ns3:Speed>2.938999891281128</ns3:Speed>
                <ns3:RunCadence>87</ns3:RunCadence>
              </ns3:TPX>
            </Extensions>
          </Trackpoint>
          <Trackpoint>
            <Time>2021-01-02T23:35:53.000Z</Time>
            <Position>
              <LatitudeDegrees>22.32906695434172</LatitudeDegrees>
              <LongitudeDegrees>114.20099151356236</LongitudeDegrees>
            </Position>
            <AltitudeMeters>310.26</AltitudeMeters>
            <DistanceMeters>5062.9599609375</DistanceMeters>
            <Extensions>
              <ns3:TPX>
                <ns3:Speed>2.938999891281128</ns3:Speed>
                <ns3:RunCadence>86</ns3:RunCadence>
              </ns3:TPX>
            </Extensions>
          </Trackpoint>
          <Trackpoint>
            <Time>2021-01-02T23:36:00.000Z</Time>
            <Position>
              <LatitudeDegrees>22.32897573306122</LatitudeDegrees>
              <LongitudeDegrees>114.20120158088281</LongitudeDegrees>
            </Position>
            <AltitudeMeters>310.66</AltitudeMeters>
            <DistanceMeters>5083.509765625</DistanceMeters>
            <Extensions>
              <ns3:TPX>
                <ns3:Speed>2.930000066757202</ns3:Speed>
                <ns3:RunCadence>85</ns3:RunCadence>
              </ns3:TPX>
            </Extensions>
          </Trackpoint>
          <Trackpoint>
            <Time>2021-01-02T23:36:07.000Z</Time>
            <Position>
              <LatitudeDegrees>22.328827490187543</LatitudeDegrees>
              <LongitudeDegrees>114.20135143106513</LongitudeDegrees>
            </Position>
            <AltitudeMeters>310.25</AltitudeMeters>
            <DistanceMeters>5104.02001953125</DistanceMeters>
            <Extensions>
              <ns3:TPX>
                <ns3:Speed>2.930000066757202</ns3:Speed>
                <ns3:RunCadence>88</ns3:RunCadence>
              </ns3:TPX>
            </Extensions>
          </Trackpoint>
          <Trackpoint>
            <Time>2021-01-02T23:36:14.000Z</Time>
            <Position>
              <LatitudeDegrees>22.32864366568323</LatitudeDegrees>
              <LongitudeDegrees>114.20123719984188</LongitudeDegrees>
            </Position>
            <AltitudeMeters>309.7</AltitudeMeters>
            <DistanceMeters>5124.58984375</DistanceMeters>
            <Extensions>
              <ns3:TPX>
                <ns3:Speed>2.938999891281128</ns3:Speed>
                <ns3:RunCadence>85</ns3:RunCadence>
              </ns3:TPX>
            </Extensions>
          </Trackpoint>
          <Trackpoint>
            <Time>2021-01-02T23:36:21.000Z</Time>
            <Position>
              <LatitudeDegrees>22.32848955800159</LatitudeDegrees>
              <LongitudeDegrees>114.20122020032233</LongitudeDegrees>
            </Position>
            <AltitudeMeters>310.09</AltitudeMeters>
            <DistanceMeters>5145.16015625</DistanceMeters>
            <Extensions>
              <ns3:TPX>
                <ns3:Speed>2.938999891281128</ns3:Speed>
                <ns3:RunCadence>86</ns3:RunCadence>
              </ns3:TPX>
            </Extensions>
          </Trackpoint>
          <Trackpoint>
            <Time>2021-01-02T23:36:28.000Z</Time>
            <Position>
              <LatitudeDegrees>22.32853809714493</LatitudeDegrees>
              <LongitudeDegrees>114.20104662183175</LongitudeDegrees>
            </Position>
            <AltitudeMeters>310.0</AltitudeMeters>
            <DistanceMeters>5165.7099609375</DistanceMeters>
            <Extensions>
              <ns3:TPX>
                <ns3:Speed>2.938999891281128</ns3:Speed>
                <ns3:RunCadence>86</ns3:RunCadence>
              </ns3:TPX>
            </Extensions>
          </Trackpoint>
          <Trackpoint>
            <Time>2021-01-02T23:36:35.000Z</Time>
            <Position>
              <LatitudeDegrees>22.32874702922486</LatitudeDegrees>
              <LongitudeDegrees>114.20105777366393</LongitudeDegrees>
            </Position>
            <AltitudeMeters>310.27</AltitudeMeters>
            <DistanceMeters>5186.2900390625</DistanceMeters>
            <Extensions>
              <ns3:TPX>
                <ns3:Speed>2.938999891281128</ns3:Speed>
                <ns3:RunCadence>85</ns3:RunCadence>
              </ns3:TPX>
            </Extensions>
          </Trackpoint>
          <Trackpoint>
            <Time>2021-01-02T23:36:42.000Z</Time>
            <Position>
              <LatitudeDegrees>22.328911427734713</LatitudeDegrees>
              <LongitudeDegrees>114.20119442800495</LongitudeDegrees>
            </Position>
            <AltitudeMeters>310.5</AltitudeMeters>
            <DistanceMeters>5206.85986328125</DistanceMeters>
            <Extensions>
              <ns3:TPX>
                <ns3:Speed>2.938999891281128</ns3:Speed>
                <ns3:RunCadence>86</ns3:RunCadence>
              </ns3:TPX>
            </Extensions>
          </Trackpoint>
          <Trackpoint>
            <Time>2021-01-02T23:36:49.000Z</Time>
            <Position>
              <LatitudeDegrees>22.328973254352224</LatitudeDegrees>
              <LongitudeDegrees>114.20140279332614</LongitudeDegrees>
            </Position>
            <AltitudeMeters>310.4</AltitudeMeters>
            <DistanceMeters>5227.43994140625</DistanceMeters>
            <Extensions>
              <ns3:TPX>
                <ns3:Speed>2.947999954223633</ns3:Speed>
                <ns3:RunCadence>86</ns3:RunCadence>
              </ns3:TPX>
            </Extensions>
          </Trackpoint>
          <Trackpoint>
            <Time>2021-01-02T23:36:56.000Z</Time>
            <Position>
              <LatitudeDegrees>22.328795012217036</LatitudeDegrees>
              <LongitudeDegrees>114.20153409034964</LongitudeDegrees>
            </Position>
            <AltitudeMeters>309.79</AltitudeMeters>
            <DistanceMeters>5248.1298828125</DistanceMeters>
            <Extensions>
              <ns3:TPX>
                <ns3:Speed>2.9670000076293945</ns3:Speed>
                <ns3:RunCadence>86</ns3:RunCadence>
              </ns3:TPX>
            </Extensions>
          </Trackpoint>
          <Trackpoint>
            <Time>2021-01-02T23:37:03.000Z</Time>
            <Position>
              <LatitudeDegrees>22.32859955922904</LatitudeDegrees>
              <LongitudeDegrees>114.20163345054128</LongitudeDegrees>
            </Position>
            <AltitudeMeters>309.44</AltitudeMeters>
            <DistanceMeters>5268.97021484375</DistanceMeters>
            <Extensions>
              <ns3:TPX>
                <ns3:Speed>2.9760000705718994</ns3:Speed>
                <ns3:RunCadence>85</ns3:RunCadence>
              </ns3:TPX>
            </Extensions>
          </Trackpoint>
          <Trackpoint>
            <Time>2021-01-02T23:37:10.000Z</Time>
            <Position>
              <LatitudeDegrees>22.32842560944138</LatitudeDegrees>
              <LongitudeDegrees>114.20176906401865</LongitudeDegrees>
            </Position>
            <AltitudeMeters>309.6</AltitudeMeters>
            <DistanceMeters>5289.8798828125</DistanceMeters>
            <Extensions>
              <ns3:TPX>
                <ns3:Speed>2.994999885559082</ns3:Speed>
                <ns3:RunCadence>85</ns3:RunCadence>
              </ns3:TPX>
            </Extensions>
          </Trackpoint>
          <Trackpoint>
            <Time>2021-01-02T23:37:17.000Z</Time>
            <Position>
              <LatitudeDegrees>22.328359385497325</LatitudeDegrees>
              <LongitudeDegrees>114.2019267187514</LongitudeDegrees>
            </Position>
            <AltitudeMeters>309.5</AltitudeMeters>
            <DistanceMeters>5310.64990234375</DistanceMeters>
            <Extensions>
              <ns3:TPX>
                <ns3:Speed>2.947999954223633</ns3:Speed>
                <ns3:RunCadence>84</ns3:RunCadence>
              </ns3:TPX>
            </Extensions>
          </Trackpoint>
          <Trackpoint>
            <Time>2021-01-02T23:37:24.000Z</Time>
            <Position>
              <LatitudeDegrees>22.328259533922974</LatitudeDegrees>
              <LongitudeDegrees>114.2020790817828</LongitudeDegrees>
            </Position>
            <AltitudeMeters>310.03</AltitudeMeters>
            <DistanceMeters>5331.27978515625</DistanceMeters>
            <Extensions>
              <ns3:TPX>
                <ns3:Speed>2.947999954223633</ns3:Speed>
                <ns3:RunCadence>86</ns3:RunCadence>
              </ns3:TPX>
            </Extensions>
          </Trackpoint>
          <Trackpoint>
            <Time>2021-01-02T23:37:31.000Z</Time>
            <Position>
              <LatitudeDegrees>22.328253475745676</LatitudeDegrees>
              <LongitudeDegrees>114.20230643287302</LongitudeDegrees>
            </Position>
            <AltitudeMeters>310.15</AltitudeMeters>
            <DistanceMeters>5352.06005859375</DistanceMeters>
            <Extensions>
              <ns3:TPX>
                <ns3:Speed>2.9760000705718994</ns3:Speed>
                <ns3:RunCadence>85</ns3:RunCadence>
              </ns3:TPX>
            </Extensions>
          </Trackpoint>
          <Trackpoint>
            <Time>2021-01-02T23:37:36.000Z</Time>
            <Position>
              <LatitudeDegrees>22.328176852315664</LatitudeDegrees>
              <LongitudeDegrees>114.20245304703712</LongitudeDegrees>
            </Position>
            <AltitudeMeters>310.0</AltitudeMeters>
            <DistanceMeters>5366.91015625</DistanceMeters>
            <Extensions>
              <ns3:TPX>
                <ns3:Speed>2.9579999446868896</ns3:Speed>
                <ns3:RunCadence>86</ns3:RunCadence>
              </ns3:TPX>
            </Extensions>
          </Trackpoint>
        </Track>
        <Extensions>
          <ns3:LX>
            <ns3:AvgSpeed>2.9719998836517334</ns3:AvgSpeed>
            <ns3:AvgRunCadence>85</ns3:AvgRunCadence>
            <ns3:MaxRunCadence>88</ns3:MaxRunCadence>
          </ns3:LX>
        </Extensions>
      </Lap>
      <Notes>ROUTE RECONSTRUCTED: no GPS was recorded for this activity. Coordinates were projected from the accelerometer distance onto the GPS track of activity 6188052022 (2021-01-27) using mode "scale". Generated by 06_RepairMissingRoutes.py.</Notes>
      <Creator xsi:type="Device_t">
        <Name>fēnix 3</Name>
        <UnitId>3913938328</UnitId>
        <ProductID>2050</ProductID>
        <Version>
          <VersionMajor>9</VersionMajor>
          <VersionMinor>40</VersionMinor>
          <BuildMajor>0</BuildMajor>
          <BuildMinor>0</BuildMinor>
        </Version>
      </Creator>
    </Activity>
  </Activities>
  <Author xsi:type="Application_t">
    <Name>Connect Api</Name>
    <Build>
      <Version>
        <VersionMajor>0</VersionMajor>
        <VersionMinor>0</VersionMinor>
        <BuildMajor>0</BuildMajor>
        <BuildMinor>0</BuildMinor>
      </Version>
    </Build>
    <LangID>en</LangID>
    <PartNumber>006-D2449-00</PartNumber>
  </Author>
</TrainingCenterDatabase>
