<?xml version="1.0" encoding="UTF-8"?>
<TrainingCenterDatabase
  xsi:schemaLocation="http://www.garmin.com/xmlschemas/TrainingCenterDatabase/v2 http://www.garmin.com/xmlschemas/TrainingCenterDatabasev2.xsd"
  xmlns:ns5="http://www.garmin.com/xmlschemas/ActivityGoals/v1"
  xmlns:ns3="http://www.garmin.com/xmlschemas/ActivityExtension/v2"
  xmlns:ns2="http://www.garmin.com/xmlschemas/UserProfile/v2"
  xmlns="http://www.garmin.com/xmlschemas/TrainingCenterDatabase/v2"
  xmlns:xsi="http://www.w3.org/2001/XMLSchema-instance" xmlns:ns4="http://www.garmin.com/xmlschemas/ProfileExtension/v1">
  <Activities>
    <Activity Sport="Running">
      <Id>2021-01-01T23:12:15.000Z</Id>
      <Lap StartTime="2021-01-01T23:12:15.000Z">
        <TotalTimeSeconds>373.103</TotalTimeSeconds>
        <DistanceMeters>1000.0</DistanceMeters>
        <MaximumSpeed>2.7899999618530273</MaximumSpeed>
        <Calories>70</Calories>
        <Intensity>Active</Intensity>
        <TriggerMethod>Manual</TriggerMethod>
        <Track>
          <Trackpoint>
            <Time>2021-01-01T23:12:15.000Z</Time>
            <Position>
              <LatitudeDegrees>22.32843490093015</LatitudeDegrees>
              <LongitudeDegrees>114.20833294414145</LongitudeDegrees>
            </Position>
            <AltitudeMeters>311.4</AltitudeMeters>
            <DistanceMeters>2.5899999141693115</DistanceMeters>
            <Extensions>
              <ns3:TPX>
                <ns3:Speed>2.5940001010894775</ns3:Speed>
                <ns3:RunCadence>84</ns3:RunCadence>
              </ns3:TPX>
            </Extensions>
          </Trackpoint>
          <Trackpoint>
            <Time>2021-01-01T23:12:24.000Z</Time>
            <Position>
              <LatitudeDegrees>22.328291954485252</LatitudeDegrees>
              <LongitudeDegrees>114.20822348817795</LongitudeDegrees>
            </Position>
            <AltitudeMeters>311.25</AltitudeMeters>
            <DistanceMeters>24.18000030517578</DistanceMeters>
            <Extensions>
              <ns3:TPX>
                <ns3:Speed>2.5850000381469727</ns3:Speed>
                <ns3:RunCadence>85</ns3:RunCadence>
              </ns3:TPX>
            </Extensions>
          </Trackpoint>
          <Trackpoint>
            <Time>2021-01-01T23:12:32.000Z</Time>
            <Position>
              <LatitudeDegrees>22.32849314772441</LatitudeDegrees>
              <LongitudeDegrees>114.20818552218766</LongitudeDegrees>
            </Position>
            <AltitudeMeters>311.8</AltitudeMeters>
            <DistanceMeters>44.90999984741211</DistanceMeters>
            <Extensions>
              <ns3:TPX>
                <ns3:Speed>2.500999927520752</ns3:Speed>
                <ns3:RunCadence>84</ns3:RunCadence>
              </ns3:TPX>
            </Extensions>
          </Trackpoint>
          <Trackpoint>
            <Time>2021-01-01T23:12:40.000Z</Time>
            <Position>
              <LatitudeDegrees>22.32868956305318</LatitudeDegrees>
              <LongitudeDegrees>114.20811792227101</LongitudeDegrees>
            </Position>
            <AltitudeMeters>311.2</AltitudeMeters>
            <DistanceMeters>65.1500015258789</DistanceMeters>
            <Extensions>
              <ns3:TPX>
                <ns3:Speed>2.6689999103546143</ns3:Speed>
                <ns3:RunCadence>85</ns3:RunCadence>
              </ns3:TPX>
            </Extensions>
          </Trackpoint>
          <Trackpoint>
            <Time>2021-01-01T23:12:48.000Z</Time>
            <Position>
              <LatitudeDegrees>22.32891014671257</LatitudeDegrees>
              <LongitudeDegrees>114.20809164095823</LongitudeDegrees>
            </Position>
            <AltitudeMeters>311.2</AltitudeMeters>
            <DistanceMeters>86.91000366210938</DistanceMeters>
            <Extensions>
              <ns3:TPX>
                <ns3:Speed>2.753000020980835</ns3:Speed>
                <ns3:RunCadence>84</ns3:RunCadence>
              </ns3:TPX>
            </Extensions>
          </Trackpoint>
          <Trackpoint>
            <Time>2021-01-01T23:12:56.000Z</Time>
            <Position>
              <LatitudeDegrees>22.329134278269645</LatitudeDegrees>
              <LongitudeDegrees>114.20806493693323</LongitudeDegrees>
            </Position>
            <AltitudeMeters>311.2</AltitudeMeters>
            <DistanceMeters>109.0199966430664</DistanceMeters>
            <Extensions>
              <ns3:TPX>
                <ns3:Speed>2.76200008392334</ns3:Speed>
                <ns3:RunCadence>85</ns3:RunCadence>
              </ns3:TPX>
            </Extensions>
          </Trackpoint>
          <Trackpoint>
            <Time>2021-01-01T23:13:04.000Z</Time>
            <Position>
              <LatitudeDegrees>22.329359028082177</LatitudeDegrees>
              <LongitudeDegrees>114.2080613736901</LongitudeDegrees>
            </Position>
            <AltitudeMeters>311.4</AltitudeMeters>
            <DistanceMeters>131.07000732421875</DistanceMeters>
            <Extensions>
              <ns3:TPX>
                <ns3:Speed>2.753000020980835</ns3:Speed>
                <ns3:RunCadence>84</ns3:RunCadence>
              </ns3:TPX>
            </Extensions>
          </Trackpoint>
          <Trackpoint>
            <Time>2021-01-01T23:13:12.000Z</Time>
            <Position>
              <LatitudeDegrees>22.32958001954727</LatitudeDegrees>
              <LongitudeDegrees>114.208105706509</LongitudeDegrees>
            </Position>
            <AltitudeMeters>311.2</AltitudeMeters>
            <DistanceMeters>153.13999938964844</DistanceMeters>
            <Extensions>
              <ns3:TPX>
                <ns3:Speed>2.753000020980835</ns3:Speed>
                <ns3:RunCadence>83</ns3:RunCadence>
              </ns3:TPX>
            </Extensions>
          </Trackpoint>
          <Trackpoint>
            <Time>2021-01-01T23:13:20.000Z</Time>
            <Position>
              <LatitudeDegrees>22.329802897413458</LatitudeDegrees>
              <LongitudeDegrees>114.20811113637033</LongitudeDegrees>
            </Position>
            <AltitudeMeters>311.16</AltitudeMeters>
            <DistanceMeters>175.00999450683594</DistanceMeters>
            <Extensions>
              <ns3:TPX>
                <ns3:Speed>2.7149999141693115</ns3:Speed>
                <ns3:RunCadence>83</ns3:RunCadence>
              </ns3:TPX>
            </Extensions>
          </Trackpoint>
          <Trackpoint>
            <Time>2021-01-01T23:13:28.000Z</Time>
            <Position>
              <LatitudeDegrees>22.330024492396376</LatitudeDegrees>
              <LongitudeDegrees>114.20809334518964</LongitudeDegrees>
            </Position>
            <AltitudeMeters>311.0</AltitudeMeters>
            <DistanceMeters>196.8300018310547</DistanceMeters>
            <Extensions>
              <ns3:TPX>
                <ns3:Speed>2.7339999675750732</ns3:Speed>
                <ns3:RunCadence>85</ns3:RunCadence>
              </ns3:TPX>
            </Extensions>
          </Trackpoint>
          <Trackpoint>
            <Time>2021-01-01T23:13:36.000Z</Time>
            <Position>
              <LatitudeDegrees>22.33024457756394</LatitudeDegrees>
              <LongitudeDegrees>114.20805882717417</LongitudeDegrees>
            </Position>
            <AltitudeMeters>310.9</AltitudeMeters>
            <DistanceMeters>218.66000366210938</DistanceMeters>
            <Extensions>
              <ns3:TPX>
                <ns3:Speed>2.7249999046325684</ns3:Speed>
                <ns3:RunCadence>85</ns3:RunCadence>
              </ns3:TPX>
            </Extensions>
          </Trackpoint>
          <Trackpoint>
            <Time>2021-01-01T23:13:44.000Z</Time>
            <Position>
              <LatitudeDegrees>22.330427050255114</LatitudeDegrees>
              <LongitudeDegrees>114.20794896892563</LongitudeDegrees>
            </Position>
            <AltitudeMeters>311.0</AltitudeMeters>
            <DistanceMeters>240.41000366210938</DistanceMeters>
            <Extensions>
              <ns3:TPX>
                <ns3:Speed>2.7060000896453857</ns3:Speed>
                <ns3:RunCadence>85</ns3:RunCadence>
              </ns3:TPX>
            </Extensions>
          </Trackpoint>
          <Trackpoint>
            <Time>2021-01-01T23:13:52.000Z</Time>
            <Position>
              <LatitudeDegrees>22.330562225088908</LatitudeDegrees>
              <LongitudeDegrees>114.20777253633183</LongitudeDegrees>
            </Position>
            <AltitudeMeters>311.11</AltitudeMeters>
            <DistanceMeters>262.1199951171875</DistanceMeters>
            <Extensions>
              <ns3:TPX>
                <ns3:Speed>2.7249999046325684</ns3:Speed>
                <ns3:RunCadence>85</ns3:RunCadence>
              </ns3:TPX>
            </Extensions>
          </Trackpoint>
          <Trackpoint>
            <Time>2021-01-01T23:13:58.000Z</Time>
            <Position>
              <LatitudeDegrees>22.330648729948162</LatitudeDegrees>
              <LongitudeDegrees>114.20762183786573</LongitudeDegrees>
            </Position>
            <AltitudeMeters>311.2</AltitudeMeters>
            <DistanceMeters>278.3800048828125</DistanceMeters>
            <Extensions>
              <ns3:TPX>
                <ns3:Speed>2.697000026702881</ns3:Speed>
                <ns3:RunCadence>85</ns3:RunCadence>
              </ns3:TPX>
            </Extensions>
          </Trackpoint>
          <Trackpoint>
            <Time>2021-01-01T23:14:06.000Z</Time>
            <Position>
              <LatitudeDegrees>22.330669587819546</LatitudeDegrees>
              <LongitudeDegrees>114.20741002119755</LongitudeDegrees>
            </Position>
            <AltitudeMeters>311.27</AltitudeMeters>
            <DistanceMeters>299.92999267578125</DistanceMeters>
            <Extensions>
              <ns3:TPX>
                <ns3:Speed>2.687000036239624</ns3:Speed>
                <ns3:RunCadence>85</ns3:RunCadence>
              </ns3:TPX>
            </Extensions>
          </Trackpoint>
          <Trackpoint>
            <Time>2021-01-01T23:14:14.000Z</Time>
            <Position>
              <LatitudeDegrees>22.330783522761497</LatitudeDegrees>
              <LongitudeDegrees>114.20721108690356</LongitudeDegrees>
            </Position>
            <AltitudeMeters>311.38</AltitudeMeters>
            <DistanceMeters>321.4100036621094</DistanceMeters>
            <Extensions>
              <ns3:TPX>
                <ns3:Speed>2.677999973297119</ns3:Speed>
                <ns3:RunCadence>84</ns3:RunCadence>
              </ns3:TPX>
            </Extensions>
          </Trackpoint>
          <Trackpoint>
            <Time>2021-01-01T23:14:22.000Z</Time>
            <Position>
              <LatitudeDegrees>22.3309310667596</LatitudeDegrees>
              <LongitudeDegrees>114.20703852172032</LongitudeDegrees>
            </Position>
            <AltitudeMeters>311.15</AltitudeMeters>
            <DistanceMeters>342.75</DistanceMeters>
            <Extensions>
              <ns3:TPX>
                <ns3:Speed>2.6589999198913574</ns3:Speed>
                <ns3:RunCadence>85</ns3:RunCadence>
              </ns3:TPX>
            </Extensions>
          </Trackpoint>
          <Trackpoint>
            <Time>2021-01-01T23:14:30.000Z</Time>
            <Position>
              <LatitudeDegrees>22.331100575238704</LatitudeDegrees>
              <LongitudeDegrees>114.20689474528594</LongitudeDegrees>
            </Position>
            <AltitudeMeters>311.3</AltitudeMeters>
            <DistanceMeters>364.1600036621094</DistanceMeters>
            <Extensions>
              <ns3:TPX>
                <ns3:Speed>2.677999973297119</ns3:Speed>
                <ns3:RunCadence>84</ns3:RunCadence>
              </ns3:TPX>
            </Extensions>
          </Trackpoint>
          <Trackpoint>
            <Time>2021-01-01T23:14:32.000Z</Time>
            <Position>
              <LatitudeDegrees>22.331148984010508</LatitudeDegrees>
              <LongitudeDegrees>114.20686753297635</LongitudeDegrees>
            </Position>
            <AltitudeMeters>311.35</AltitudeMeters>
            <DistanceMeters>369.510009765625</DistanceMeters>
            <Extensions>
              <ns3:TPX>
                <ns3:Speed>2.677999973297119</ns3:Speed>
                <ns3:RunCadence>84</ns3:RunCadence>
              </ns3:TPX>
            </Extensions>
          </Trackpoint>
          <Trackpoint>
            <Time>2021-01-01T23:14:40.000Z</Time>
            <Position>
              <LatitudeDegrees>22.33129852655165</LatitudeDegrees>
              <LongitudeDegrees>114.20670140404849</LongitudeDegrees>
            </Position>
            <AltitudeMeters>311.59</AltitudeMeters>
            <DistanceMeters>390.8299865722656</DistanceMeters>
            <Extensions>
              <ns3:TPX>
                <ns3:Speed>2.6589999198913574</ns3:Speed>
                <ns3:RunCadence>85</ns3:RunCadence>
              </ns3:TPX>
            </Extensions>
          </Trackpoint>
          <Trackpoint>
            <Time>2021-01-01T23:14:48.000Z</Time>
            <Position>
              <LatitudeDegrees>22.331384063430335</LatitudeDegrees>
              <LongitudeDegrees>114.20648631206159</LongitudeDegrees>
            </Position>
            <AltitudeMeters>312.17</AltitudeMeters>
            <DistanceMeters>412.19000244140625</DistanceMeters>
            <Extensions>
              <ns3:TPX>
                <ns3:Speed>2.677999973297119</ns3:Speed>
                <ns3:RunCadence>84</ns3:RunCadence>
              </ns3:TPX>
            </Extensions>
          </Trackpoint>
          <Trackpoint>
            <Time>2021-01-01T23:14:56.000Z</Time>
            <Position>
              <LatitudeDegrees>22.33132520935992</LatitudeDegrees>
              <LongitudeDegrees>114.20632891358031</LongitudeDegrees>
            </Position>
            <AltitudeMeters>312.7</AltitudeMeters>
            <DistanceMeters>433.6199951171875</DistanceMeters>
            <Extensions>
              <ns3:TPX>
                <ns3:Speed>2.677999973297119</ns3:Speed>
                <ns3:RunCadence>86</ns3:RunCadence>
              </ns3:TPX>
            </Extensions>
          </Trackpoint>
          <Trackpoint>
            <Time>2021-01-01T23:15:04.000Z</Time>
            <Position>
              <LatitudeDegrees>22.331287185246815</LatitudeDegrees>
              <LongitudeDegrees>114.20613911195709</LongitudeDegrees>
            </Position>
            <AltitudeMeters>312.6</AltitudeMeters>
            <DistanceMeters>455.0299987792969</DistanceMeters>
            <Extensions>
              <ns3:TPX>
                <ns3:Speed>2.6689999103546143</ns3:Speed>
                <ns3:RunCadence>85</ns3:RunCadence>
              </ns3:TPX>
            </Extensions>
          </Trackpoint>
          <Trackpoint>
            <Time>2021-01-01T23:15:12.000Z</Time>
            <Position>
              <LatitudeDegrees>22.331395128330172</LatitudeDegrees>
              <LongitudeDegrees>114.20594309520902</LongitudeDegrees>
            </Position>
            <AltitudeMeters>313.09</AltitudeMeters>
            <DistanceMeters>476.0</DistanceMeters>
            <Extensions>
              <ns3:TPX>
                <ns3:Speed>2.6029999256134033</ns3:Speed>
                <ns3:RunCadence>86</ns3:RunCadence>
              </ns3:TPX>
            </Extensions>
          </Trackpoint>
          <Trackpoint>
            <Time>2021-01-01T23:15:20.000Z</Time>
            <Position>
              <LatitudeDegrees>22.33145726403117</LatitudeDegrees>
              <LongitudeDegrees>114.20572443601849</LongitudeDegrees>
            </Position>
            <AltitudeMeters>312.34</AltitudeMeters>
            <DistanceMeters>497.05999755859375</DistanceMeters>
            <Extensions>
              <ns3:TPX>
                <ns3:Speed>2.6500000953674316</ns3:Speed>
                <ns3:RunCadence>85</ns3:RunCadence>
              </ns3:TPX>
            </Extensions>
          </Trackpoint>
          <Trackpoint>
            <Time>2021-01-01T23:15:28.000Z</Time>
            <Position>
              <LatitudeDegrees>22.331304771322383</LatitudeDegrees>
              <LongitudeDegrees>114.20556429375893</LongitudeDegrees>
            </Position>
            <AltitudeMeters>312.06</AltitudeMeters>
            <DistanceMeters>518.3300170898438</DistanceMeters>
            <Extensions>
              <ns3:TPX>
                <ns3:Speed>2.6689999103546143</ns3:Speed>
                <ns3:RunCadence>86</ns3:RunCadence>
              </ns3:TPX>
            </Extensions>
          </Trackpoint>
          <Trackpoint>
            <Time>2021-01-01T23:15:36.000Z</Time>
            <Position>
              <LatitudeDegrees>22.331138320641855</LatitudeDegrees>
              <LongitudeDegrees>114.20541168899383</LongitudeDegrees>
            </Position>
            <AltitudeMeters>312.63</AltitudeMeters>
            <DistanceMeters>539.72998046875</DistanceMeters>
            <Extensions>
              <ns3:TPX>
                <ns3:Speed>2.687000036239624</ns3:Speed>
                <ns3:RunCadence>85</ns3:RunCadence>
              </ns3:TPX>
            </Extensions>
          </Trackpoint>
          <Trackpoint>
            <Time>2021-01-01T23:15:44.000Z</Time>
            <Position>
              <LatitudeDegrees>22.3311351336504</LatitudeDegrees>
              <LongitudeDegrees>114.20520913220237</LongitudeDegrees>
            </Position>
            <AltitudeMeters>312.75</AltitudeMeters>
            <DistanceMeters>561.260009765625</DistanceMeters>
            <Extensions>
              <ns3:TPX>
                <ns3:Speed>2.697000026702881</ns3:Speed>
                <ns3:RunCadence>84</ns3:RunCadence>
              </ns3:TPX>
            </Extensions>
          </Trackpoint>
          <Trackpoint>
            <Time>2021-01-01T23:15:52.000Z</Time>
            <Position>
              <LatitudeDegrees>22.331285057325402</LatitudeDegrees>
              <LongitudeDegrees>114.20503239735922</LongitudeDegrees>
            </Position>
            <AltitudeMeters>312.26</AltitudeMeters>
            <DistanceMeters>583.010009765625</DistanceMeters>
            <Extensions>
              <ns3:TPX>
                <ns3:Speed>2.7339999675750732</ns3:Speed>
                <ns3:RunCadence>87</ns3:RunCadence>
              </ns3:TPX>
            </Extensions>
          </Trackpoint>
          <Trackpoint>
            <Time>2021-01-01T23:16:00.000Z</Time>
            <Position>
              <LatitudeDegrees>22.331308408310157</LatitudeDegrees>
              <LongitudeDegrees>114.2047956112802</LongitudeDegrees>
            </Position>
            <AltitudeMeters>312.2</AltitudeMeters>
            <DistanceMeters>605.2100219726562</DistanceMeters>
            <Extensions>
              <ns3:TPX>
                <ns3:Speed>2.7899999618530273</ns3:Speed>
                <ns3:RunCadence>86</ns3:RunCadence>
              </ns3:TPX>
            </Extensions>
          </Trackpoint>
          <Trackpoint>
            <Time>2021-01-01T23:16:08.000Z</Time>
            <Position>
              <LatitudeDegrees>22.331167947426067</LatitudeDegrees>
              <LongitudeDegrees>114.20460769697132</LongitudeDegrees>
            </Position>
            <AltitudeMeters>312.05</AltitudeMeters>
            <DistanceMeters>627.1300048828125</DistanceMeters>
            <Extensions>
              <ns3:TPX>
                <ns3:Speed>2.697000026702881</ns3:Speed>
                <ns3:RunCadence>85</ns3:RunCadence>
              </ns3:TPX>
            </Extensions>
          </Trackpoint>
          <Trackpoint>
            <Time>2021-01-01T23:16:16.000Z</Time>
            <Position>
              <LatitudeDegrees>22.331168707855976</LatitudeDegrees>
              <LongitudeDegrees>114.20443682132469</LongitudeDegrees>
            </Position>
            <AltitudeMeters>312.02</AltitudeMeters>
            <DistanceMeters>647.6599731445312</DistanceMeters>
            <Extensions>
              <ns3:TPX>
                <ns3:Speed>2.5380001068115234</ns3:Speed>
                <ns3:RunCadence>85</ns3:RunCadence>
              </ns3:TPX>
            </Extensions>
          </Trackpoint>
          <Trackpoint>
            <Time>2021-01-01T23:16:24.000Z</Time>
            <Position>
              <LatitudeDegrees>22.331364540114883</LatitudeDegrees>
              <LongitudeDegrees>114.20451510261894</LongitudeDegrees>
            </Position>
            <AltitudeMeters>312.23</AltitudeMeters>
            <DistanceMeters>668.25</DistanceMeters>
            <Extensions>
              <ns3:TPX>
                <ns3:Speed>2.5940001010894775</ns3:Speed>
                <ns3:RunCadence>86</ns3:RunCadence>
              </ns3:TPX>
            </Extensions>
          </Trackpoint>
          <Trackpoint>
            <Time>2021-01-01T23:16:32.000Z</Time>
            <Position>
              <LatitudeDegrees>22.33157659596776</LatitudeDegrees>
              <LongitudeDegrees>114.20453697651809</LongitudeDegrees>
            </Position>
            <AltitudeMeters>312.36</AltitudeMeters>
            <DistanceMeters>689.1400146484375</DistanceMeters>
            <Extensions>
              <ns3:TPX>
                <ns3:Speed>2.621999979019165</ns3:Speed>
                <ns3:RunCadence>86</ns3:RunCadence>
              </ns3:TPX>
            </Extensions>
          </Trackpoint>
          <Trackpoint>
            <Time>2021-01-01T23:16:40.000Z</Time>
            <Position>
              <LatitudeDegrees>22.331790169866572</LatitudeDegrees>
              <LongitudeDegrees>114.20453988505261</LongitudeDegrees>
            </Position>
            <AltitudeMeters>312.32</AltitudeMeters>
            <DistanceMeters>710.1400146484375</DistanceMeters>
            <Extensions>
              <ns3:TPX>
                <ns3:Speed>2.63100004196167</ns3:Speed>
                <ns3:RunCadence>84</ns3:RunCadence>
              </ns3:TPX>
            </Extensions>
          </Trackpoint>
          <Trackpoint>
            <Time>2021-01-01T23:16:48.000Z</Time>
            <Position>
              <LatitudeDegrees>22.332005046277402</LatitudeDegrees>
              <LongitudeDegrees>114.2045140193746</LongitudeDegrees>
            </Position>
            <AltitudeMeters>312.55</AltitudeMeters>
            <DistanceMeters>731.3400268554688</DistanceMeters>
            <Extensions>
              <ns3:TPX>
                <ns3:Speed>2.6689999103546143</ns3:Speed>
                <ns3:RunCadence>86</ns3:RunCadence>
              </ns3:TPX>
            </Extensions>
          </Trackpoint>
          <Trackpoint>
            <Time>2021-01-01T23:16:56.000Z</Time>
            <Position>
              <LatitudeDegrees>22.332221858260155</LatitudeDegrees>
              <LongitudeDegrees>114.20448605566229</LongitudeDegrees>
            </Position>
            <AltitudeMeters>312.4</AltitudeMeters>
            <DistanceMeters>752.75</DistanceMeters>
            <Extensions>
              <ns3:TPX>
                <ns3:Speed>2.687000036239624</ns3:Speed>
                <ns3:RunCadence>86</ns3:RunCadence>
              </ns3:TPX>
            </Extensions>
          </Trackpoint>
          <Trackpoint>
            <Time>2021-01-01T23:17:04.000Z</Time>
            <Position>
              <LatitudeDegrees>22.33244008812668</LatitudeDegrees>
              <LongitudeDegrees>114.20445790907588</LongitudeDegrees>
            </Position>
            <AltitudeMeters>312.25</AltitudeMeters>
            <DistanceMeters>774.2999877929688</DistanceMeters>
            <Extensions>
              <ns3:TPX>
                <ns3:Speed>2.697000026702881</ns3:Speed>
                <ns3:RunCadence>86</ns3:RunCadence>
              </ns3:TPX>
            </Extensions>
          </Trackpoint>
          <Trackpoint>
            <Time>2021-01-01T23:17:12.000Z</Time>
            <Position>
              <LatitudeDegrees>22.332657321913512</LatitudeDegrees>
              <LongitudeDegrees>114.20441678808506</LongitudeDegrees>
            </Position>
            <AltitudeMeters>312.37</AltitudeMeters>
            <DistanceMeters>795.9400024414062</DistanceMeters>
            <Extensions>
              <ns3:TPX>
                <ns3:Speed>2.7060000896453857</ns3:Speed>
                <ns3:RunCadence>86</ns3:RunCadence>
              </ns3:TPX>
            </Extensions>
          </Trackpoint>
          <Trackpoint>
            <Time>2021-01-01T23:17:20.000Z</Time>
            <Position>
              <LatitudeDegrees>22.33287133051742</LatitudeDegrees>
              <LongitudeDegrees>114.20437805816213</LongitudeDegrees>
            </Position>
            <AltitudeMeters>312.57</AltitudeMeters>
            <DistanceMeters>817.5499877929688</DistanceMeters>
            <Extensions>
              <ns3:TPX>
                <ns3:Speed>2.697000026702881</ns3:Speed>
                <ns3:RunCadence>85</ns3:RunCadence>
              </ns3:TPX>
            </Extensions>
          </Trackpoint>
          <Trackpoint>
            <Time>2021-01-01T23:17:28.000Z</Time>
            <Position>
              <LatitudeDegrees>22.3330430559458</LatitudeDegrees>
              <LongitudeDegrees>114.20452191098292</LongitudeDegrees>
            </Position>
            <AltitudeMeters>312.02</AltitudeMeters>
            <DistanceMeters>839.0800170898438</DistanceMeters>
            <Extensions>
              <ns3:TPX>
                <ns3:Speed>2.687000036239624</ns3:Speed>
                <ns3:RunCadence>86</ns3:RunCadence>
              </ns3:TPX>
            </Extensions>
          </Trackpoint>
          <Trackpoint>
            <Time>2021-01-01T23:17:36.000Z</Time>
            <Position>
              <LatitudeDegrees>22.333259427157945</LatitudeDegrees>
              <LongitudeDegrees>114.20456474933377</LongitudeDegrees>
            </Position>
            <AltitudeMeters>312.2</AltitudeMeters>
            <DistanceMeters>860.6500244140625</DistanceMeters>
            <Extensions>
              <ns3:TPX>
                <ns3:Speed>2.697000026702881</ns3:Speed>
                <ns3:RunCadence>86</ns3:RunCadence>
              </ns3:TPX>
            </Extensions>
          </Trackpoint>
          <Trackpoint>
            <Time>2021-01-01T23:17:44.000Z</Time>
            <Position>
              <LatitudeDegrees>22.333475917501364</LatitudeDegrees>
              <LongitudeDegrees>114.20459607387141</LongitudeDegrees>
            </Position>
            <AltitudeMeters>312.14</AltitudeMeters>
            <DistanceMeters>882.0800170898438</DistanceMeters>
            <Extensions>
              <ns3:TPX>
                <ns3:Speed>2.6589999198913574</ns3:Speed>
                <ns3:RunCadence>85</ns3:RunCadence>
              </ns3:TPX>
            </Extensions>
          </Trackpoint>
          <Trackpoint>
            <Time>2021-01-01T23:17:52.000Z</Time>
            <Position>
              <LatitudeDegrees>22.333692848436005</LatitudeDegrees>
              <LongitudeDegrees>114.20459610772352</LongitudeDegrees>
            </Position>
            <AltitudeMeters>311.71</AltitudeMeters>
            <DistanceMeters>903.3900146484375</DistanceMeters>
            <Extensions>
              <ns3:TPX>
                <ns3:Speed>2.6589999198913574</ns3:Speed>
                <ns3:RunCadence>85</ns3:RunCadence>
              </ns3:TPX>
            </Extensions>
          </Trackpoint>
          <Trackpoint>
            <Time>2021-01-01T23:18:00.000Z</Time>
            <Position>
              <LatitudeDegrees>22.33390911253763</LatitudeDegrees>
              <LongitudeDegrees>114.20457756318542</LongitudeDegrees>
            </Position>
            <AltitudeMeters>312.06</AltitudeMeters>
            <DistanceMeters>924.75</DistanceMeters>
            <Extensions>
              <ns3:TPX>
                <ns3:Speed>2.677999973297119</ns3:Speed>
                <ns3:RunCadence>86</ns3:RunCadence>
              </ns3:TPX>
            </Extensions>
          </Trackpoint>
          <Trackpoint>
            <Time>2021-01-01T23:18:08.000Z</Time>
            <Position>
              <LatitudeDegrees>22.334127290386814</LatitudeDegrees>
              <LongitudeDegrees>114.20458891910843</LongitudeDegrees>
            </Position>
            <AltitudeMeters>311.8</AltitudeMeters>
            <DistanceMeters>946.1699829101562</DistanceMeters>
            <Extensions>
              <ns3:TPX>
                <ns3:Speed>2.677999973297119</ns3:Speed>
                <ns3:RunCadence>86</ns3:RunCadence>
              </ns3:TPX>
            </Extensions>
          </Trackpoint>
          <Trackpoint>
            <Time>2021-01-01T23:18:11.000Z</Time>
            <Position>
              <LatitudeDegrees>22.334208937589977</LatitudeDegrees>
              <LongitudeDegrees>114.20459177884912</LongitudeDegrees>
            </Position>
            <AltitudeMeters>311.8</AltitudeMeters>
            <DistanceMeters>954.1799926757812</DistanceMeters>
            <Extensions>
              <ns3:TPX>
                <ns3:Speed>2.6689999103546143</ns3:Speed>
                <ns3:RunCadence>86</ns3:RunCadence>
              </ns3:TPX>
            </Extensions>
          </Trackpoint>
          <Trackpoint>
            <Time>2021-01-01T23:18:19.000Z</Time>
            <Position>
              <LatitudeDegrees>22.334427267782655</LatitudeDegrees>
              <LongitudeDegrees>114.20459232302994</LongitudeDegrees>
            </Position>
            <AltitudeMeters>312.36</AltitudeMeters>
            <DistanceMeters>975.5900268554688</DistanceMeters>
            <Extensions>
              <ns3:TPX>
                <ns3:Speed>2.677999973297119</ns3:Speed>
                <ns3:RunCadence>86</ns3:RunCadence>
              </ns3:TPX>
            </Extensions>
          </Trackpoint>
          <Trackpoint>
            <Time>2021-01-01T23:18:27.000Z</Time>
            <Position>
              <LatitudeDegrees>22.33464629377932</LatitudeDegrees>
              <LongitudeDegrees>114.20460045102531</LongitudeDegrees>
            </Position>
            <AltitudeMeters>312.3</AltitudeMeters>
            <DistanceMeters>997.0800170898438</DistanceMeters>
            <Extensions>
              <ns3:TPX>
                <ns3:Speed>2.697000026702881</ns3:Speed>
                <ns3:RunCadence>86</ns3:RunCadence>
              </ns3:TPX>
            </Extensions>
          </Trackpoint>
          <Trackpoint>
            <Time>2021-01-01T23:18:29.000Z</Time>
            <Position>
              <LatitudeDegrees>22.334701193771323</LatitudeDegrees>
              <LongitudeDegrees>114.20460146418228</LongitudeDegrees>
            </Position>
            <AltitudeMeters>312.2</AltitudeMeters>
            <DistanceMeters>1002.47998046875</DistanceMeters>
            <Extensions>
              <ns3:TPX>
                <ns3:Speed>2.7060000896453857</ns3:Speed>
                <ns3:RunCadence>86</ns3:RunCadence>
              </ns3:TPX>
            </Extensions>
          </Trackpoint>
        </Track>
        <Extensions>
          <ns3:LX>
            <ns3:AvgSpeed>2.680000066757202</ns3:AvgSpeed>
            <ns3:AvgRunCadence>85</ns3:AvgRunCadence>
            <ns3:MaxRunCadence>87</ns3:MaxRunCadence>
          </ns3:LX>
        </Extensions>
      </Lap>
      <Lap StartTime="2021-01-01T23:18:30.000Z">
        <TotalTimeSeconds>380.799</TotalTimeSeconds>
        <DistanceMeters>1000.0</DistanceMeters>
        <MaximumSpeed>2.8550000190734863</MaximumSpeed>
        <Calories>68</Calories>
        <Intensity>Active</Intensity>
        <TriggerMethod>Manual</TriggerMethod>
        <Track>
          <Trackpoint>
            <Time>2021-01-01T23:18:37.000Z</Time>
            <Position>
              <LatitudeDegrees>22.334908958912596</LatitudeDegrees>
              <LongitudeDegrees>114.2045273039748</LongitudeDegrees>
            </Position>
            <AltitudeMeters>312.2</AltitudeMeters>
            <DistanceMeters>1024.0699462890625</DistanceMeters>
            <Extensions>
              <ns3:TPX>
                <ns3:Speed>2.697000026702881</ns3:Speed>
                <ns3:RunCadence>85</ns3:RunCadence>
              </ns3:TPX>
            </Extensions>
          </Trackpoint>
          <Trackpoint>
            <Time>2021-01-01T23:18:45.000Z</Time>
            <Position>
              <LatitudeDegrees>22.33483714377413</LatitudeDegrees>
              <LongitudeDegrees>114.20438544781952</LongitudeDegrees>
            </Position>
            <AltitudeMeters>312.46</AltitudeMeters>
            <DistanceMeters>1045.6400146484375</DistanceMeters>
            <Extensions>
              <ns3:TPX>
                <ns3:Speed>2.697000026702881</ns3:Speed>
                <ns3:RunCadence>85</ns3:RunCadence>
              </ns3:TPX>
            </Extensions>
          </Trackpoint>
          <Trackpoint>
            <Time>2021-01-01T23:18:53.000Z</Time>
            <Position>
              <LatitudeDegrees>22.334699184661485</LatitudeDegrees>
              <LongitudeDegrees>114.2042270342266</LongitudeDegrees>
            </Position>
            <AltitudeMeters>312.62</AltitudeMeters>
            <DistanceMeters>1067.239990234375</DistanceMeters>
            <Extensions>
              <ns3:TPX>
                <ns3:Speed>2.697000026702881</ns3:Speed>
                <ns3:RunCadence>86</ns3:RunCadence>
              </ns3:TPX>
            </Extensions>
          </Trackpoint>
          <Trackpoint>
            <Time>2021-01-01T23:19:01.000Z</Time>
            <Position>
              <LatitudeDegrees>22.33452760812349</LatitudeDegrees>
              <LongitudeDegrees>114.20408413150734</LongitudeDegrees>
            </Position>
            <AltitudeMeters>312.93</AltitudeMeters>
            <DistanceMeters>1088.75</DistanceMeters>
            <Extensions>
              <ns3:TPX>
                <ns3:Speed>2.677999973297119</ns3:Speed>
                <ns3:RunCadence>85</ns3:RunCadence>
              </ns3:TPX>
            </Extensions>
          </Trackpoint>
          <Trackpoint>
            <Time>2021-01-01T23:19:09.000Z</Time>
            <Position>
              <LatitudeDegrees>22.334631425329125</LatitudeDegrees>
              <LongitudeDegrees>114.20389857258702</LongitudeDegrees>
            </Position>
            <AltitudeMeters>313.26</AltitudeMeters>
            <DistanceMeters>1110.1199951171875</DistanceMeters>
            <Extensions>
              <ns3:TPX>
                <ns3:Speed>2.677999973297119</ns3:Speed>
                <ns3:RunCadence>86</ns3:RunCadence>
              </ns3:TPX>
            </Extensions>
          </Trackpoint>
          <Trackpoint>
            <Time>2021-01-01T23:19:17.000Z</Time>
            <Position>
              <LatitudeDegrees>22.334773672239297</LatitudeDegrees>
              <LongitudeDegrees>114.20372268028065</LongitudeDegrees>
            </Position>
            <AltitudeMeters>313.56</AltitudeMeters>
            <DistanceMeters>1131.449951171875</DistanceMeters>
            <Extensions>
              <ns3:TPX>
                <ns3:Speed>2.6500000953674316</ns3:Speed>
                <ns3:RunCadence>84</ns3:RunCadence>
              </ns3:TPX>
            </Extensions>
          </Trackpoint>
          <Trackpoint>
            <Time>2021-01-01T23:19:25.000Z</Time>
            <Position>
              <LatitudeDegrees>22.334910205626027</LatitudeDegrees>
              <LongitudeDegrees>114.20354670803157</LongitudeDegrees>
            </Position>
            <AltitudeMeters>313.4</AltitudeMeters>
            <DistanceMeters>1152.449951171875</DistanceMeters>
            <Extensions>
              <ns3:TPX>
                <ns3:Speed>2.5850000381469727</ns3:Speed>
                <ns3:RunCadence>81</ns3:RunCadence>
              </ns3:TPX>
            </Extensions>
          </Trackpoint>
          <Trackpoint>
            <Time>2021-01-01T23:19:33.000Z</Time>
            <Position>
              <LatitudeDegrees>22.335060613261664</LatitudeDegrees>
              <LongitudeDegrees>114.20339605311683</LongitudeDegrees>
            </Position>
            <AltitudeMeters>313.25</AltitudeMeters>
            <DistanceMeters>1172.719970703125</DistanceMeters>
            <Extensions>
              <ns3:TPX>
                <ns3:Speed>2.5850000381469727</ns3:Speed>
                <ns3:RunCadence>84</ns3:RunCadence>
              </ns3:TPX>
            </Extensions>
          </Trackpoint>
          <Trackpoint>
            <Time>2021-01-01T23:19:41.000Z</Time>
            <Position>
              <LatitudeDegrees>22.335171797807487</LatitudeDegrees>
              <LongitudeDegrees>114.20320996965705</LongitudeDegrees>
            </Position>
            <AltitudeMeters>312.6</AltitudeMeters>
            <DistanceMeters>1193.8199462890625</DistanceMeters>
            <Extensions>
              <ns3:TPX>
                <ns3:Speed>2.6500000953674316</ns3:Speed>
                <ns3:RunCadence>84</ns3:RunCadence>
              </ns3:TPX>
            </Extensions>
          </Trackpoint>
          <Trackpoint>
            <Time>2021-01-01T23:19:49.000Z</Time>
            <Position>
              <LatitudeDegrees>22.33504455842179</LatitudeDegrees>
              <LongitudeDegrees>114.20307646087933</LongitudeDegrees>
            </Position>
            <AltitudeMeters>312.6</AltitudeMeters>
            <DistanceMeters>1215.0799560546875</DistanceMeters>
            <Extensions>
              <ns3:TPX>
                <ns3:Speed>2.6689999103546143</ns3:Speed>
                <ns3:RunCadence>84</ns3:RunCadence>
              </ns3:TPX>
            </Extensions>
          </Trackpoint>
          <Trackpoint>
            <Time>2021-01-01T23:19:57.000Z</Time>
            <Position>
              <LatitudeDegrees>22.33488144933063</LatitudeDegrees>
              <LongitudeDegrees>114.20293657778687</LongitudeDegrees>
            </Position>
            <AltitudeMeters>312.75</AltitudeMeters>
            <DistanceMeters>1236.43994140625</DistanceMeters>
            <Extensions>
              <ns3:TPX>
                <ns3:Speed>2.6589999198913574</ns3:Speed>
                <ns3:RunCadence>84</ns3:RunCadence>
              </ns3:TPX>
            </Extensions>
          </Trackpoint>
          <Trackpoint>
            <Time>2021-01-01T23:20:05.000Z</Time>
            <Position>
              <LatitudeDegrees>22.334836187412662</LatitudeDegrees>
              <LongitudeDegrees>114.20278981312642</LongitudeDegrees>
            </Position>
            <AltitudeMeters>313.2</AltitudeMeters>
            <DistanceMeters>1257.6800537109375</DistanceMeters>
            <Extensions>
              <ns3:TPX>
                <ns3:Speed>2.6689999103546143</ns3:Speed>
                <ns3:RunCadence>85</ns3:RunCadence>
              </ns3:TPX>
            </Extensions>
          </Trackpoint>
          <Trackpoint>
            <Time>2021-01-01T23:20:13.000Z</Time>
            <Position>
              <LatitudeDegrees>22.334688509416143</LatitudeDegrees>
              <LongitudeDegrees>114.20266156382314</LongitudeDegrees>
            </Position>
            <AltitudeMeters>313.08</AltitudeMeters>
            <DistanceMeters>1279.550048828125</DistanceMeters>
            <Extensions>
              <ns3:TPX>
                <ns3:Speed>2.76200008392334</ns3:Speed>
                <ns3:RunCadence>85</ns3:RunCadence>
              </ns3:TPX>
            </Extensions>
          </Trackpoint>
          <Trackpoint>
            <Time>2021-01-01T23:20:21.000Z</Time>
            <Position>
              <LatitudeDegrees>22.334759491522505</LatitudeDegrees>
              <LongitudeDegrees>114.2024271139381</LongitudeDegrees>
            </Position>
            <AltitudeMeters>312.6</AltitudeMeters>
            <DistanceMeters>1301.949951171875</DistanceMeters>
            <Extensions>
              <ns3:TPX>
                <ns3:Speed>2.818000078201294</ns3:Speed>
                <ns3:RunCadence>85</ns3:RunCadence>
              </ns3:TPX>
            </Extensions>
          </Trackpoint>
          <Trackpoint>
            <Time>2021-01-01T23:20:29.000Z</Time>
            <Position>
              <LatitudeDegrees>22.334805321112455</LatitudeDegrees>
              <LongitudeDegrees>114.20218664896962</LongitudeDegrees>
            </Position>
            <AltitudeMeters>312.68</AltitudeMeters>
            <DistanceMeters>1324.239990234375</DistanceMeters>
            <Extensions>
              <ns3:TPX>
                <ns3:Speed>2.76200008392334</ns3:Speed>
                <ns3:RunCadence>83</ns3:RunCadence>
              </ns3:TPX>
            </Extensions>
          </Trackpoint>
          <Trackpoint>
            <Time>2021-01-01T23:20:37.000Z</Time>
            <Position>
              <LatitudeDegrees>22.334777593267383</LatitudeDegrees>
              <LongitudeDegrees>114.20195627087168</LongitudeDegrees>
            </Position>
            <AltitudeMeters>312.69</AltitudeMeters>
            <DistanceMeters>1346.1500244140625</DistanceMeters>
            <Extensions>
              <ns3:TPX>
                <ns3:Speed>2.7339999675750732</ns3:Speed>
                <ns3:RunCadence>82</ns3:RunCadence>
              </ns3:TPX>
            </Extensions>
          </Trackpoint>
          <Trackpoint>
            <Time>2021-01-01T23:20:45.000Z</Time>
            <Position>
              <LatitudeDegrees>22.33479605104248</LatitudeDegrees>
              <LongitudeDegrees>114.20179832119697</LongitudeDegrees>
            </Position>
            <AltitudeMeters>312.65</AltitudeMeters>
            <DistanceMeters>1368.050048828125</DistanceMeters>
            <Extensions>
              <ns3:TPX>
                <ns3:Speed>2.7339999675750732</ns3:Speed>
                <ns3:RunCadence>85</ns3:RunCadence>
              </ns3:TPX>
            </Extensions>
          </Trackpoint>
          <Trackpoint>
            <Time>2021-01-01T23:20:53.000Z</Time>
            <Position>
              <LatitudeDegrees>22.334908184231264</LatitudeDegrees>
              <LongitudeDegrees>114.20174314319632</LongitudeDegrees>
            </Position>
            <AltitudeMeters>312.3</AltitudeMeters>
            <DistanceMeters>1390.18994140625</DistanceMeters>
            <Extensions>
              <ns3:TPX>
                <ns3:Speed>2.7709999084472656</ns3:Speed>
                <ns3:RunCadence>85</ns3:RunCadence>
              </ns3:TPX>
            </Extensions>
          </Trackpoint>
          <Trackpoint>
            <Time>2021-01-01T23:21:01.000Z</Time>
            <Position>
              <LatitudeDegrees>22.334876259765558</LatitudeDegrees>
              <LongitudeDegrees>114.20150083108253</LongitudeDegrees>
            </Position>
            <AltitudeMeters>312.27</AltitudeMeters>
            <DistanceMeters>1412.4200439453125</DistanceMeters>
            <Extensions>
              <ns3:TPX>
                <ns3:Speed>2.7990000247955322</ns3:Speed>
                <ns3:RunCadence>84</ns3:RunCadence>
              </ns3:TPX>
            </Extensions>
          </Trackpoint>
          <Trackpoint>
            <Time>2021-01-01T23:21:09.000Z</Time>
            <Position>
              <LatitudeDegrees>22.334847684878362</LatitudeDegrees>
              <LongitudeDegrees>114.20125868559134</LongitudeDegrees>
            </Position>
            <AltitudeMeters>312.34</AltitudeMeters>
            <DistanceMeters>1434.56005859375</DistanceMeters>
            <Extensions>
              <ns3:TPX>
                <ns3:Speed>2.743000030517578</ns3:Speed>
                <ns3:RunCadence>85</ns3:RunCadence>
              </ns3:TPX>
            </Extensions>
          </Trackpoint>
          <Trackpoint>
            <Time>2021-01-01T23:21:12.000Z</Time>
            <Position>
              <LatitudeDegrees>22.334837037061586</LatitudeDegrees>
              <LongitudeDegrees>114.20116845528507</LongitudeDegrees>
            </Position>
            <AltitudeMeters>312.36</AltitudeMeters>
            <DistanceMeters>1442.81005859375</DistanceMeters>
            <Extensions>
              <ns3:TPX>
                <ns3:Speed>2.753000020980835</ns3:Speed>
                <ns3:RunCadence>85</ns3:RunCadence>
              </ns3:TPX>
            </Extensions>
          </Trackpoint>
          <Trackpoint>
            <Time>2021-01-01T23:21:13.000Z</Time>
            <Position>
              <LatitudeDegrees>22.33483348778933</LatitudeDegrees>
              <LongitudeDegrees>114.20113837851632</LongitudeDegrees>
            </Position>
            <AltitudeMeters>312.37</AltitudeMeters>
            <DistanceMeters>1445.56005859375</DistanceMeters>
            <Extensions>
              <ns3:TPX>
                <ns3:Speed>2.743000030517578</ns3:Speed>
                <ns3:RunCadence>84</ns3:RunCadence>
              </ns3:TPX>
            </Extensions>
          </Trackpoint>
          <Trackpoint>
            <Time>2021-01-01T23:21:21.000Z</Time>
            <Position>
              <LatitudeDegrees>22.334762850554363</LatitudeDegrees>
              <LongitudeDegrees>114.20106826867558</LongitudeDegrees>
            </Position>
            <AltitudeMeters>312.25</AltitudeMeters>
            <DistanceMeters>1467.3299560546875</DistanceMeters>
            <Extensions>
              <ns3:TPX>
                <ns3:Speed>2.697000026702881</ns3:Speed>
                <ns3:RunCadence>85</ns3:RunCadence>
              </ns3:TPX>
            </Extensions>
          </Trackpoint>
          <Trackpoint>
            <Time>2021-01-01T23:21:29.000Z</Time>
            <Position>
              <LatitudeDegrees>22.33460690326088</LatitudeDegrees>
              <LongitudeDegrees>114.20091138738368</LongitudeDegrees>
            </Position>
            <AltitudeMeters>312.26</AltitudeMeters>
            <DistanceMeters>1488.550048828125</DistanceMeters>
            <Extensions>
              <ns3:TPX>
                <ns3:Speed>2.6500000953674316</ns3:Speed>
                <ns3:RunCadence>84</ns3:RunCadence>
              </ns3:TPX>
            </Extensions>
          </Trackpoint>
          <Trackpoint>
            <Time>2021-01-01T23:21:37.000Z</Time>
            <Position>
              <LatitudeDegrees>22.33453722157604</LatitudeDegrees>
              <LongitudeDegrees>114.20068299033288</LongitudeDegrees>
            </Position>
            <AltitudeMeters>312.26</AltitudeMeters>
            <DistanceMeters>1510.4300537109375</DistanceMeters>
            <Extensions>
              <ns3:TPX>
                <ns3:Speed>2.7899999618530273</ns3:Speed>
                <ns3:RunCadence>85</ns3:RunCadence>
              </ns3:TPX>
            </Extensions>
          </Trackpoint>
          <Trackpoint>
            <Time>2021-01-01T23:21:45.000Z</Time>
            <Position>
              <LatitudeDegrees>22.33441398967798</LatitudeDegrees>
              <LongitudeDegrees>114.20048273322435</LongitudeDegrees>
            </Position>
            <AltitudeMeters>312.2</AltitudeMeters>
            <DistanceMeters>1532.8800048828125</DistanceMeters>
            <Extensions>
              <ns3:TPX>
                <ns3:Speed>2.7990000247955322</ns3:Speed>
                <ns3:RunCadence>84</ns3:RunCadence>
              </ns3:TPX>
            </Extensions>
          </Trackpoint>
          <Trackpoint>
            <Time>2021-01-01T23:21:53.000Z</Time>
            <Position>
              <LatitudeDegrees>22.33434949462969</LatitudeDegrees>
              <LongitudeDegrees>114.20029195674198</LongitudeDegrees>
            </Position>
            <AltitudeMeters>312.4</AltitudeMeters>
            <DistanceMeters>1555.1800537109375</DistanceMeters>
            <Extensions>
              <ns3:TPX>
                <ns3:Speed>2.7809998989105225</ns3:Speed>
                <ns3:RunCadence>86</ns3:RunCadence>
              </ns3:TPX>
            </Extensions>
          </Trackpoint>
          <Trackpoint>
            <Time>2021-01-01T23:22:01.000Z</Time>
            <Position>
              <LatitudeDegrees>22.334166504393764</LatitudeDegrees>
              <LongitudeDegrees>114.20021803373183</LongitudeDegrees>
            </Position>
            <AltitudeMeters>312.34</AltitudeMeters>
            <DistanceMeters>1577.550048828125</DistanceMeters>
            <Extensions>
              <ns3:TPX>
                <ns3:Speed>2.818000078201294</ns3:Speed>
                <ns3:RunCadence>88</ns3:RunCadence>
              </ns3:TPX>
            </Extensions>
          </Trackpoint>
          <Trackpoint>
            <Time>2021-01-01T23:22:09.000Z</Time>
            <Position>
              <LatitudeDegrees>22.33398807324866</LatitudeDegrees>
              <LongitudeDegrees>114.20037729048273</LongitudeDegrees>
            </Position>
            <AltitudeMeters>311.85</AltitudeMeters>
            <DistanceMeters>1600.239990234375</DistanceMeters>
            <Extensions>
              <ns3:TPX>
                <ns3:Speed>2.8550000190734863</ns3:Speed>
                <ns3:RunCadence>85</ns3:RunCadence>
              </ns3:TPX>
            </Extensions>
          </Trackpoint>
          <Trackpoint>
            <Time>2021-01-01T23:22:17.000Z</Time>
            <Position>
              <LatitudeDegrees>22.33379943091377</LatitudeDegrees>
              <LongitudeDegrees>114.20052442098117</LongitudeDegrees>
            </Position>
            <AltitudeMeters>311.6</AltitudeMeters>
            <DistanceMeters>1623.06005859375</DistanceMeters>
            <Extensions>
              <ns3:TPX>
                <ns3:Speed>2.8550000190734863</ns3:Speed>
                <ns3:RunCadence>85</ns3:RunCadence>
              </ns3:TPX>
            </Extensions>
          </Trackpoint>
          <Trackpoint>
            <Time>2021-01-01T23:22:18.000Z</Time>
            <Position>
              <LatitudeDegrees>22.333775592123555</LatitudeDegrees>
              <LongitudeDegrees>114.20054220460958</LongitudeDegrees>
            </Position>
            <AltitudeMeters>311.6</AltitudeMeters>
            <DistanceMeters>1625.9000244140625</DistanceMeters>
            <Extensions>
              <ns3:TPX>
                <ns3:Speed>2.8459999561309814</ns3:Speed>
                <ns3:RunCadence>85</ns3:RunCadence>
              </ns3:TPX>
            </Extensions>
          </Trackpoint>
          <Trackpoint>
            <Time>2021-01-01T23:22:26.000Z</Time>
            <Position>
              <LatitudeDegrees>22.333593416608625</LatitudeDegrees>
              <LongitudeDegrees>114.2006845015007</LongitudeDegrees>
            </Position>
            <AltitudeMeters>312.0</AltitudeMeters>
            <DistanceMeters>1647.93994140625</DistanceMeters>
            <Extensions>
              <ns3:TPX>
                <ns3:Speed>2.6029999256134033</ns3:Speed>
                <ns3:RunCadence>0</ns3:RunCadence>
              </ns3:TPX>
            </Extensions>
          </Trackpoint>
          <Trackpoint>
            <Time>2021-01-01T23:22:34.000Z</Time>
            <Position>
              <LatitudeDegrees>22.333420911262746</LatitudeDegrees>
              <LongitudeDegrees>114.2008034016661</LongitudeDegrees>
            </Position>
            <AltitudeMeters>312.0</AltitudeMeters>
            <DistanceMeters>1668.0</DistanceMeters>
            <Extensions>
              <ns3:TPX>
                <ns3:Speed>2.2669999599456787</ns3:Speed>
                <ns3:RunCadence>60</ns3:RunCadence>
              </ns3:TPX>
            </Extensions>
          </Trackpoint>
          <Trackpoint>
            <Time>2021-01-01T23:22:44.000Z</Time>
            <Position>
              <LatitudeDegrees>22.33326337373874</LatitudeDegrees>
              <LongitudeDegrees>114.20095440577629</LongitudeDegrees>
            </Position>
            <AltitudeMeters>312.0</AltitudeMeters>
            <DistanceMeters>1688.72998046875</DistanceMeters>
            <Extensions>
              <ns3:TPX>
                <ns3:Speed>2.052999973297119</ns3:Speed>
                <ns3:RunCadence>0</ns3:RunCadence>
              </ns3:TPX>
            </Extensions>
          </Trackpoint>
          <Trackpoint>
            <Time>2021-01-01T23:22:54.000Z</Time>
            <Position>
              <LatitudeDegrees>22.333106865758296</LatitudeDegrees>
              <LongitudeDegrees>114.20101592957037</LongitudeDegrees>
            </Position>
            <AltitudeMeters>311.41</AltitudeMeters>
            <DistanceMeters>1708.77001953125</DistanceMeters>
            <Extensions>
              <ns3:TPX>
                <ns3:Speed>1.8660000562667847</ns3:Speed>
                <ns3:RunCadence>0</ns3:RunCadence>
              </ns3:TPX>
            </Extensions>
          </Trackpoint>
          <Trackpoint>
            <Time>2021-01-01T23:23:05.000Z</Time>
            <Position>
              <LatitudeDegrees>22.3330827560295</LatitudeDegrees>
              <LongitudeDegrees>114.20079230342543</LongitudeDegrees>
            </Position>
            <AltitudeMeters>311.52</AltitudeMeters>
            <DistanceMeters>1729.18994140625</DistanceMeters>
            <Extensions>
              <ns3:TPX>
                <ns3:Speed>1.8569999933242798</ns3:Speed>
                <ns3:RunCadence>0</ns3:RunCadence>
              </ns3:TPX>
            </Extensions>
          </Trackpoint>
          <Trackpoint>
            <Time>2021-01-01T23:23:16.000Z</Time>
            <Position>
              <LatitudeDegrees>22.333057654411935</LatitudeDegrees>
              <LongitudeDegrees>114.20055947716614</LongitudeDegrees>
            </Position>
            <AltitudeMeters>311.63</AltitudeMeters>
            <DistanceMeters>1750.449951171875</DistanceMeters>
            <Extensions>
              <ns3:TPX>
                <ns3:Speed>2.490999937057495</ns3:Speed>
                <ns3:RunCadence>85</ns3:RunCadence>
              </ns3:TPX>
            </Extensions>
          </Trackpoint>
          <Trackpoint>
            <Time>2021-01-01T23:23:24.000Z</Time>
            <Position>
              <LatitudeDegrees>22.333032340205598</LatitudeDegrees>
              <LongitudeDegrees>114.20032467907181</LongitudeDegrees>
            </Position>
            <AltitudeMeters>311.75</AltitudeMeters>
            <DistanceMeters>1771.8900146484375</DistanceMeters>
            <Extensions>
              <ns3:TPX>
                <ns3:Speed>2.76200008392334</ns3:Speed>
                <ns3:RunCadence>86</ns3:RunCadence>
              </ns3:TPX>
            </Extensions>
          </Trackpoint>
          <Trackpoint>
            <Time>2021-01-01T23:23:32.000Z</Time>
            <Position>
              <LatitudeDegrees>22.333006116984077</LatitudeDegrees>
              <LongitudeDegrees>114.20008144954457</LongitudeDegrees>
            </Position>
            <AltitudeMeters>311.86</AltitudeMeters>
            <DistanceMeters>1794.0999755859375</DistanceMeters>
            <Extensions>
              <ns3:TPX>
                <ns3:Speed>2.7709999084472656</ns3:Speed>
                <ns3:RunCadence>85</ns3:RunCadence>
              </ns3:TPX>
            </Extensions>
          </Trackpoint>
          <Trackpoint>
            <Time>2021-01-01T23:23:40.000Z</Time>
            <Position>
              <LatitudeDegrees>22.332980023621868</LatitudeDegrees>
              <LongitudeDegrees>114.19983942450776</LongitudeDegrees>
            </Position>
            <AltitudeMeters>311.98</AltitudeMeters>
            <DistanceMeters>1816.199951171875</DistanceMeters>
            <Extensions>
              <ns3:TPX>
                <ns3:Speed>2.7339999675750732</ns3:Speed>
                <ns3:RunCadence>84</ns3:RunCadence>
              </ns3:TPX>
            </Extensions>
          </Trackpoint>
          <Trackpoint>
            <Time>2021-01-01T23:23:48.000Z</Time>
            <Position>
              <LatitudeDegrees>22.332954060118972</LatitudeDegrees>
              <LongitudeDegrees>114.19959860396135</LongitudeDegrees>
            </Position>
            <AltitudeMeters>312.09</AltitudeMeters>
            <DistanceMeters>1838.18994140625</DistanceMeters>
            <Extensions>
              <ns3:TPX>
                <ns3:Speed>2.7709999084472656</ns3:Speed>
                <ns3:RunCadence>86</ns3:RunCadence>
              </ns3:TPX>
            </Extensions>
          </Trackpoint>
          <Trackpoint>
            <Time>2021-01-01T23:23:56.000Z</Time>
            <Position>
              <LatitudeDegrees>22.33293362176599</LatitudeDegrees>
              <LongitudeDegrees>114.19935612295504</LongitudeDegrees>
            </Position>
            <AltitudeMeters>312.19</AltitudeMeters>
            <DistanceMeters>1860.3599853515625</DistanceMeters>
            <Extensions>
              <ns3:TPX>
                <ns3:Speed>2.753000020980835</ns3:Speed>
                <ns3:RunCadence>84</ns3:RunCadence>
              </ns3:TPX>
            </Extensions>
          </Trackpoint>
          <Trackpoint>
            <Time>2021-01-01T23:24:04.000Z</Time>
            <Position>
              <LatitudeDegrees>22.332981696753126</LatitudeDegrees>
              <LongitudeDegrees>114.19911964726097</LongitudeDegrees>
            </Position>
            <AltitudeMeters>312.12</AltitudeMeters>
            <DistanceMeters>1882.3199462890625</DistanceMeters>
            <Extensions>
              <ns3:TPX>
                <ns3:Speed>2.753000020980835</ns3:Speed>
                <ns3:RunCadence>86</ns3:RunCadence>
              </ns3:TPX>
            </Extensions>
          </Trackpoint>
          <Trackpoint>
            <Time>2021-01-01T23:24:12.000Z</Time>
            <Position>
              <LatitudeDegrees>22.33303031931024</LatitudeDegrees>
              <LongitudeDegrees>114.19888047812906</LongitudeDegrees>
            </Position>
            <AltitudeMeters>312.04</AltitudeMeters>
            <DistanceMeters>1904.530029296875</DistanceMeters>
            <Extensions>
              <ns3:TPX>
                <ns3:Speed>2.7809998989105225</ns3:Speed>
                <ns3:RunCadence>86</ns3:RunCadence>
              </ns3:TPX>
            </Extensions>
          </Trackpoint>
          <Trackpoint>
            <Time>2021-01-01T23:24:20.000Z</Time>
            <Position>
              <LatitudeDegrees>22.33307905116756</LatitudeDegrees>
              <LongitudeDegrees>114.19864077136118</LongitudeDegrees>
            </Position>
            <AltitudeMeters>311.97</AltitudeMeters>
            <DistanceMeters>1926.7900390625</DistanceMeters>
            <Extensions>
              <ns3:TPX>
                <ns3:Speed>2.743000030517578</ns3:Speed>
                <ns3:RunCadence>83</ns3:RunCadence>
              </ns3:TPX>
            </Extensions>
          </Trackpoint>
          <Trackpoint>
            <Time>2021-01-01T23:24:28.000Z</Time>
            <Position>
              <LatitudeDegrees>22.333125549986942</LatitudeDegrees>
              <LongitudeDegrees>114.19841204866688</LongitudeDegrees>
            </Position>
            <AltitudeMeters>311.9</AltitudeMeters>
            <DistanceMeters>1948.030029296875</DistanceMeters>
            <Extensions>
              <ns3:TPX>
                <ns3:Speed>2.6500000953674316</ns3:Speed>
                <ns3:RunCadence>0</ns3:RunCadence>
              </ns3:TPX>
            </Extensions>
          </Trackpoint>
          <Trackpoint>
            <Time>2021-01-01T23:24:37.000Z</Time>
            <Position>
              <LatitudeDegrees>22.333170757246688</LatitudeDegrees>
              <LongitudeDegrees>114.19818967901561</LongitudeDegrees>
            </Position>
            <AltitudeMeters>311.83</AltitudeMeters>
            <DistanceMeters>1968.6800537109375</DistanceMeters>
            <Extensions>
              <ns3:TPX>
                <ns3:Speed>1.781999945640564</ns3:Speed>
                <ns3:RunCadence>59</ns3:RunCadence>
              </ns3:TPX>
            </Extensions>
          </Trackpoint>
          <Trackpoint>
            <Time>2021-01-01T23:24:45.000Z</Time>
            <Position>
              <LatitudeDegrees>22.333266257461087</LatitudeDegrees>
              <LongitudeDegrees>114.19799472281032</LongitudeDegrees>
            </Position>
            <AltitudeMeters>312.05</AltitudeMeters>
            <DistanceMeters>1989.1199951171875</DistanceMeters>
            <Extensions>
              <ns3:TPX>
                <ns3:Speed>2.7899999618530273</ns3:Speed>
                <ns3:RunCadence>86</ns3:RunCadence>
              </ns3:TPX>
            </Extensions>
          </Trackpoint>
          <Trackpoint>
            <Time>2021-01-01T23:24:49.000Z</Time>
            <Position>
              <LatitudeDegrees>22.33334597246577</LatitudeDegrees>
              <LongitudeDegrees>114.19791010283738</LongitudeDegrees>
            </Position>
            <AltitudeMeters>312.18</AltitudeMeters>
            <DistanceMeters>2000.3299560546875</DistanceMeters>
            <Extensions>
              <ns3:TPX>
                <ns3:Speed>2.809000015258789</ns3:Speed>
                <ns3:RunCadence>86</ns3:RunCadence>
              </ns3:TPX>
            </Extensions>
          </Trackpoint>
        </Track>
        <Extensions>
          <ns3:LX>
            <ns3:AvgSpeed>2.6259999275207515</ns3:AvgSpeed>
            <ns3:AvgRunCadence>73</ns3:AvgRunCadence>
            <ns3:MaxRunCadence>88</ns3:MaxRunCadence>
          </ns3:LX>
        </Extensions>
      </Lap>
      <Lap StartTime="2021-01-01T23:24:50.000Z">
        <TotalTimeSeconds>370.493</TotalTimeSeconds>
        <DistanceMeters>1000.0</DistanceMeters>
        <MaximumSpeed>2.7809998989105225</MaximumSpeed>
        <Calories>70</Calories>
        <Intensity>Active</Intensity>
        <TriggerMethod>Manual</TriggerMethod>
        <Track>
          <Trackpoint>
            <Time>2021-01-01T23:24:57.000Z</Time>
            <Position>
              <LatitudeDegrees>22.333542490605264</LatitudeDegrees>
              <LongitudeDegrees>114.1978010389374</LongitudeDegrees>
            </Position>
            <AltitudeMeters>312.04</AltitudeMeters>
            <DistanceMeters>2021.989990234375</DistanceMeters>
            <Extensions>
              <ns3:TPX>
                <ns3:Speed>2.677999973297119</ns3:Speed>
                <ns3:RunCadence>86</ns3:RunCadence>
              </ns3:TPX>
            </Extensions>
          </Trackpoint>
          <Trackpoint>
            <Time>2021-01-01T23:25:05.000Z</Time>
            <Position>
              <LatitudeDegrees>22.33373882711065</LatitudeDegrees>
              <LongitudeDegrees>114.19769207584096</LongitudeDegrees>
            </Position>
            <AltitudeMeters>311.91</AltitudeMeters>
            <DistanceMeters>2043.6300048828125</DistanceMeters>
            <Extensions>
              <ns3:TPX>
                <ns3:Speed>2.7149999141693115</ns3:Speed>
                <ns3:RunCadence>86</ns3:RunCadence>
              </ns3:TPX>
            </Extensions>
          </Trackpoint>
          <Trackpoint>
            <Time>2021-01-01T23:25:13.000Z</Time>
            <Position>
              <LatitudeDegrees>22.333938539942967</LatitudeDegrees>
              <LongitudeDegrees>114.19759489309044</LongitudeDegrees>
            </Position>
            <AltitudeMeters>311.95</AltitudeMeters>
            <DistanceMeters>2065.219970703125</DistanceMeters>
            <Extensions>
              <ns3:TPX>
                <ns3:Speed>2.687000036239624</ns3:Speed>
                <ns3:RunCadence>85</ns3:RunCadence>
              </ns3:TPX>
            </Extensions>
          </Trackpoint>
          <Trackpoint>
            <Time>2021-01-01T23:25:21.000Z</Time>
            <Position>
              <LatitudeDegrees>22.33390421047154</LatitudeDegrees>
              <LongitudeDegrees>114.19747566216606</LongitudeDegrees>
            </Position>
            <AltitudeMeters>312.2</AltitudeMeters>
            <DistanceMeters>2086.760009765625</DistanceMeters>
            <Extensions>
              <ns3:TPX>
                <ns3:Speed>2.697000026702881</ns3:Speed>
                <ns3:RunCadence>86</ns3:RunCadence>
              </ns3:TPX>
            </Extensions>
          </Trackpoint>
          <Trackpoint>
            <Time>2021-01-01T23:25:28.000Z</Time>
            <Position>
              <LatitudeDegrees>22.3337316380782</LatitudeDegrees>
              <LongitudeDegrees>114.19738363103494</LongitudeDegrees>
            </Position>
            <AltitudeMeters>312.2</AltitudeMeters>
            <DistanceMeters>2105.679931640625</DistanceMeters>
            <Extensions>
              <ns3:TPX>
                <ns3:Speed>2.697000026702881</ns3:Speed>
                <ns3:RunCadence>85</ns3:RunCadence>
              </ns3:TPX>
            </Extensions>
          </Trackpoint>
          <Trackpoint>
            <Time>2021-01-01T23:25:36.000Z</Time>
            <Position>
              <LatitudeDegrees>22.333558262211792</LatitudeDegrees>
              <LongitudeDegrees>114.19725064422964</LongitudeDegrees>
            </Position>
            <AltitudeMeters>312.2</AltitudeMeters>
            <DistanceMeters>2127.320068359375</DistanceMeters>
            <Extensions>
              <ns3:TPX>
                <ns3:Speed>2.7149999141693115</ns3:Speed>
                <ns3:RunCadence>85</ns3:RunCadence>
              </ns3:TPX>
            </Extensions>
          </Trackpoint>
          <Trackpoint>
            <Time>2021-01-01T23:25:44.000Z</Time>
            <Position>
              <LatitudeDegrees>22.333383359618278</LatitudeDegrees>
              <LongitudeDegrees>114.19710442726833</LongitudeDegrees>
            </Position>
            <AltitudeMeters>312.2</AltitudeMeters>
            <DistanceMeters>2149.06005859375</DistanceMeters>
            <Extensions>
              <ns3:TPX>
                <ns3:Speed>2.7249999046325684</ns3:Speed>
                <ns3:RunCadence>85</ns3:RunCadence>
              </ns3:TPX>
            </Extensions>
          </Trackpoint>
          <Trackpoint>
            <Time>2021-01-01T23:25:52.000Z</Time>
            <Position>
              <LatitudeDegrees>22.333225204335925</LatitudeDegrees>
              <LongitudeDegrees>114.1971762903387</LongitudeDegrees>
            </Position>
            <AltitudeMeters>312.0</AltitudeMeters>
            <DistanceMeters>2170.68994140625</DistanceMeters>
            <Extensions>
              <ns3:TPX>
                <ns3:Speed>2.7060000896453857</ns3:Speed>
                <ns3:RunCadence>85</ns3:RunCadence>
              </ns3:TPX>
            </Extensions>
          </Trackpoint>
          <Trackpoint>
            <Time>2021-01-01T23:26:00.000Z</Time>
            <Position>
              <LatitudeDegrees>22.333019004975476</LatitudeDegrees>
              <LongitudeDegrees>114.19725294723219</LongitudeDegrees>
            </Position>
            <AltitudeMeters>312.31</AltitudeMeters>
            <DistanceMeters>2192.2900390625</DistanceMeters>
            <Extensions>
              <ns3:TPX>
                <ns3:Speed>2.687000036239624</ns3:Speed>
                <ns3:RunCadence>85</ns3:RunCadence>
              </ns3:TPX>
            </Extensions>
          </Trackpoint>
          <Trackpoint>
            <Time>2021-01-01T23:26:08.000Z</Time>
            <Position>
              <LatitudeDegrees>22.332834060398586</LatitudeDegrees>
              <LongitudeDegrees>114.19734067136166</LongitudeDegrees>
            </Position>
            <AltitudeMeters>312.13</AltitudeMeters>
            <DistanceMeters>2212.5400390625</DistanceMeters>
            <Extensions>
              <ns3:TPX>
                <ns3:Speed>2.4260001182556152</ns3:Speed>
                <ns3:RunCadence>84</ns3:RunCadence>
              </ns3:TPX>
            </Extensions>
          </Trackpoint>
          <Trackpoint>
            <Time>2021-01-01T23:26:17.000Z</Time>
            <Position>
              <LatitudeDegrees>22.33266495373108</LatitudeDegrees>
              <LongitudeDegrees>114.19750965749698</LongitudeDegrees>
            </Position>
            <AltitudeMeters>311.84</AltitudeMeters>
            <DistanceMeters>2235.1201171875</DistanceMeters>
            <Extensions>
              <ns3:TPX>
                <ns3:Speed>2.5850000381469727</ns3:Speed>
                <ns3:RunCadence>85</ns3:RunCadence>
              </ns3:TPX>
            </Extensions>
          </Trackpoint>
          <Trackpoint>
            <Time>2021-01-01T23:26:20.000Z</Time>
            <Position>
              <LatitudeDegrees>22.33259851776305</LatitudeDegrees>
              <LongitudeDegrees>114.19751164254475</LongitudeDegrees>
            </Position>
            <AltitudeMeters>312.17</AltitudeMeters>
            <DistanceMeters>2242.909912109375</DistanceMeters>
            <Extensions>
              <ns3:TPX>
                <ns3:Speed>2.6029999256134033</ns3:Speed>
                <ns3:RunCadence>86</ns3:RunCadence>
              </ns3:TPX>
            </Extensions>
          </Trackpoint>
          <Trackpoint>
            <Time>2021-01-01T23:26:28.000Z</Time>
            <Position>
              <LatitudeDegrees>22.332393989018623</LatitudeDegrees>
              <LongitudeDegrees>114.19745742759838</LongitudeDegrees>
            </Position>
            <AltitudeMeters>311.47</AltitudeMeters>
            <DistanceMeters>2264.1201171875</DistanceMeters>
            <Extensions>
              <ns3:TPX>
                <ns3:Speed>2.697000026702881</ns3:Speed>
                <ns3:RunCadence>85</ns3:RunCadence>
              </ns3:TPX>
            </Extensions>
          </Trackpoint>
          <Trackpoint>
            <Time>2021-01-01T23:26:36.000Z</Time>
            <Position>
              <LatitudeDegrees>22.33236907798478</LatitudeDegrees>
              <LongitudeDegrees>114.19725359893441</LongitudeDegrees>
            </Position>
            <AltitudeMeters>311.53</AltitudeMeters>
            <DistanceMeters>2285.989990234375</DistanceMeters>
            <Extensions>
              <ns3:TPX>
                <ns3:Speed>2.743000030517578</ns3:Speed>
                <ns3:RunCadence>85</ns3:RunCadence>
              </ns3:TPX>
            </Extensions>
          </Trackpoint>
          <Trackpoint>
            <Time>2021-01-01T23:26:44.000Z</Time>
            <Position>
              <LatitudeDegrees>22.33235227919783</LatitudeDegrees>
              <LongitudeDegrees>114.19701595551253</LongitudeDegrees>
            </Position>
            <AltitudeMeters>311.82</AltitudeMeters>
            <DistanceMeters>2307.77001953125</DistanceMeters>
            <Extensions>
              <ns3:TPX>
                <ns3:Speed>2.697000026702881</ns3:Speed>
                <ns3:RunCadence>84</ns3:RunCadence>
              </ns3:TPX>
            </Extensions>
          </Trackpoint>
          <Trackpoint>
            <Time>2021-01-01T23:26:52.000Z</Time>
            <Position>
              <LatitudeDegrees>22.332265520242608</LatitudeDegrees>
              <LongitudeDegrees>114.19680239294551</LongitudeDegrees>
            </Position>
            <AltitudeMeters>312.12</AltitudeMeters>
            <DistanceMeters>2329.300048828125</DistanceMeters>
            <Extensions>
              <ns3:TPX>
                <ns3:Speed>2.697000026702881</ns3:Speed>
                <ns3:RunCadence>84</ns3:RunCadence>
              </ns3:TPX>
            </Extensions>
          </Trackpoint>
          <Trackpoint>
            <Time>2021-01-01T23:27:00.000Z</Time>
            <Position>
              <LatitudeDegrees>22.33208424287419</LatitudeDegrees>
              <LongitudeDegrees>114.19675975974972</LongitudeDegrees>
            </Position>
            <AltitudeMeters>311.96</AltitudeMeters>
            <DistanceMeters>2350.860107421875</DistanceMeters>
            <Extensions>
              <ns3:TPX>
                <ns3:Speed>2.7060000896453857</ns3:Speed>
                <ns3:RunCadence>86</ns3:RunCadence>
              </ns3:TPX>
            </Extensions>
          </Trackpoint>
          <Trackpoint>
            <Time>2021-01-01T23:27:08.000Z</Time>
            <Position>
              <LatitudeDegrees>22.331900447161193</LatitudeDegrees>
              <LongitudeDegrees>114.19687601978428</LongitudeDegrees>
            </Position>
            <AltitudeMeters>311.8</AltitudeMeters>
            <DistanceMeters>2372.659912109375</DistanceMeters>
            <Extensions>
              <ns3:TPX>
                <ns3:Speed>2.7339999675750732</ns3:Speed>
                <ns3:RunCadence>85</ns3:RunCadence>
              </ns3:TPX>
            </Extensions>
          </Trackpoint>
          <Trackpoint>
            <Time>2021-01-01T23:27:13.000Z</Time>
            <Position>
              <LatitudeDegrees>22.33180139085624</LatitudeDegrees>
              <LongitudeDegrees>114.19698192160928</LongitudeDegrees>
            </Position>
            <AltitudeMeters>311.8</AltitudeMeters>
            <DistanceMeters>2386.320068359375</DistanceMeters>
            <Extensions>
              <ns3:TPX>
                <ns3:Speed>2.7249999046325684</ns3:Speed>
                <ns3:RunCadence>84</ns3:RunCadence>
              </ns3:TPX>
            </Extensions>
          </Trackpoint>
          <Trackpoint>
            <Time>2021-01-01T23:27:21.000Z</Time>
            <Position>
              <LatitudeDegrees>22.331663229116018</LatitudeDegrees>
              <LongitudeDegrees>114.19716925982077</LongitudeDegrees>
            </Position>
            <AltitudeMeters>311.86</AltitudeMeters>
            <DistanceMeters>2408.070068359375</DistanceMeters>
            <Extensions>
              <ns3:TPX>
                <ns3:Speed>2.7149999141693115</ns3:Speed>
                <ns3:RunCadence>86</ns3:RunCadence>
              </ns3:TPX>
            </Extensions>
          </Trackpoint>
          <Trackpoint>
            <Time>2021-01-01T23:27:29.000Z</Time>
            <Position>
              <LatitudeDegrees>22.331687818496437</LatitudeDegrees>
              <LongitudeDegrees>114.19737517271405</LongitudeDegrees>
            </Position>
            <AltitudeMeters>312.59</AltitudeMeters>
            <DistanceMeters>2429.800048828125</DistanceMeters>
            <Extensions>
              <ns3:TPX>
                <ns3:Speed>2.7249999046325684</ns3:Speed>
                <ns3:RunCadence>86</ns3:RunCadence>
              </ns3:TPX>
            </Extensions>
          </Trackpoint>
          <Trackpoint>
            <Time>2021-01-01T23:27:37.000Z</Time>
            <Position>
              <LatitudeDegrees>22.331812905155267</LatitudeDegrees>
              <LongitudeDegrees>114.19757254616003</LongitudeDegrees>
            </Position>
            <AltitudeMeters>312.2</AltitudeMeters>
            <DistanceMeters>2451.530029296875</DistanceMeters>
            <Extensions>
              <ns3:TPX>
                <ns3:Speed>2.7149999141693115</ns3:Speed>
                <ns3:RunCadence>86</ns3:RunCadence>
              </ns3:TPX>
            </Extensions>
          </Trackpoint>
          <Trackpoint>
            <Time>2021-01-01T23:27:45.000Z</Time>
            <Position>
              <LatitudeDegrees>22.331775639592887</LatitudeDegrees>
              <LongitudeDegrees>114.19778098010308</LongitudeDegrees>
            </Position>
            <AltitudeMeters>312.34</AltitudeMeters>
            <DistanceMeters>2473.2099609375</DistanceMeters>
            <Extensions>
              <ns3:TPX>
                <ns3:Speed>2.7060000896453857</ns3:Speed>
                <ns3:RunCadence>86</ns3:RunCadence>
              </ns3:TPX>
            </Extensions>
          </Trackpoint>
          <Trackpoint>
            <Time>2021-01-01T23:27:53.000Z</Time>
            <Position>
              <LatitudeDegrees>22.331713270928773</LatitudeDegrees>
              <LongitudeDegrees>114.19800392379396</LongitudeDegrees>
            </Position>
            <AltitudeMeters>312.6</AltitudeMeters>
            <DistanceMeters>2494.89990234375</DistanceMeters>
            <Extensions>
              <ns3:TPX>
                <ns3:Speed>2.7149999141693115</ns3:Speed>
                <ns3:RunCadence>87</ns3:RunCadence>
              </ns3:TPX>
            </Extensions>
          </Trackpoint>
          <Trackpoint>
            <Time>2021-01-01T23:28:00.000Z</Time>
            <Position>
              <LatitudeDegrees>22.331644430716718</LatitudeDegrees>
              <LongitudeDegrees>114.19819533665971</LongitudeDegrees>
            </Position>
            <AltitudeMeters>312.21</AltitudeMeters>
            <DistanceMeters>2513.81005859375</DistanceMeters>
            <Extensions>
              <ns3:TPX>
                <ns3:Speed>2.6589999198913574</ns3:Speed>
                <ns3:RunCadence>87</ns3:RunCadence>
              </ns3:TPX>
            </Extensions>
          </Trackpoint>
          <Trackpoint>
            <Time>2021-01-01T23:28:08.000Z</Time>
            <Position>
              <LatitudeDegrees>22.331751494948048</LatitudeDegrees>
              <LongitudeDegrees>114.1982843279493</LongitudeDegrees>
            </Position>
            <AltitudeMeters>312.27</AltitudeMeters>
            <DistanceMeters>2535.159912109375</DistanceMeters>
            <Extensions>
              <ns3:TPX>
                <ns3:Speed>2.6689999103546143</ns3:Speed>
                <ns3:RunCadence>86</ns3:RunCadence>
              </ns3:TPX>
            </Extensions>
          </Trackpoint>
          <Trackpoint>
            <Time>2021-01-01T23:28:16.000Z</Time>
            <Position>
              <LatitudeDegrees>22.331969971634784</LatitudeDegrees>
              <LongitudeDegrees>114.19830046457784</LongitudeDegrees>
            </Position>
            <AltitudeMeters>312.13</AltitudeMeters>
            <DistanceMeters>2556.639892578125</DistanceMeters>
            <Extensions>
              <ns3:TPX>
                <ns3:Speed>2.7060000896453857</ns3:Speed>
                <ns3:RunCadence>86</ns3:RunCadence>
              </ns3:TPX>
            </Extensions>
          </Trackpoint>
          <Trackpoint>
            <Time>2021-01-01T23:28:24.000Z</Time>
            <Position>
              <LatitudeDegrees>22.33217785339983</LatitudeDegrees>
              <LongitudeDegrees>114.19836696160525</LongitudeDegrees>
            </Position>
            <AltitudeMeters>311.76</AltitudeMeters>
            <DistanceMeters>2578.429931640625</DistanceMeters>
            <Extensions>
              <ns3:TPX>
                <ns3:Speed>2.7339999675750732</ns3:Speed>
                <ns3:RunCadence>86</ns3:RunCadence>
              </ns3:TPX>
            </Extensions>
          </Trackpoint>
          <Trackpoint>
            <Time>2021-01-01T23:28:32.000Z</Time>
            <Position>
              <LatitudeDegrees>22.332334660380603</LatitudeDegrees>
              <LongitudeDegrees>114.19853759910247</LongitudeDegrees>
            </Position>
            <AltitudeMeters>311.76</AltitudeMeters>
            <DistanceMeters>2600.340087890625</DistanceMeters>
            <Extensions>
              <ns3:TPX>
                <ns3:Speed>2.7339999675750732</ns3:Speed>
                <ns3:RunCadence>86</ns3:RunCadence>
              </ns3:TPX>
            </Extensions>
          </Trackpoint>
          <Trackpoint>
            <Time>2021-01-01T23:28:40.000Z</Time>
            <Position>
              <LatitudeDegrees>22.33244019750608</LatitudeDegrees>
              <LongitudeDegrees>114.19874755093049</LongitudeDegrees>
            </Position>
            <AltitudeMeters>311.8</AltitudeMeters>
            <DistanceMeters>2622.31005859375</DistanceMeters>
            <Extensions>
              <ns3:TPX>
                <ns3:Speed>2.753000020980835</ns3:Speed>
                <ns3:RunCadence>86</ns3:RunCadence>
              </ns3:TPX>
            </Extensions>
          </Trackpoint>
          <Trackpoint>
            <Time>2021-01-01T23:28:48.000Z</Time>
            <Position>
              <LatitudeDegrees>22.332484844320774</LatitudeDegrees>
              <LongitudeDegrees>114.19898344261473</LongitudeDegrees>
            </Position>
            <AltitudeMeters>311.84</AltitudeMeters>
            <DistanceMeters>2644.300048828125</DistanceMeters>
            <Extensions>
              <ns3:TPX>
                <ns3:Speed>2.743000030517578</ns3:Speed>
                <ns3:RunCadence>85</ns3:RunCadence>
              </ns3:TPX>
            </Extensions>
          </Trackpoint>
          <Trackpoint>
            <Time>2021-01-01T23:28:56.000Z</Time>
            <Position>
              <LatitudeDegrees>22.332528073926554</LatitudeDegrees>
              <LongitudeDegrees>114.19921921975661</LongitudeDegrees>
            </Position>
            <AltitudeMeters>312.31</AltitudeMeters>
            <DistanceMeters>2666.169921875</DistanceMeters>
            <Extensions>
              <ns3:TPX>
                <ns3:Speed>2.7339999675750732</ns3:Speed>
                <ns3:RunCadence>86</ns3:RunCadence>
              </ns3:TPX>
            </Extensions>
          </Trackpoint>
          <Trackpoint>
            <Time>2021-01-01T23:29:04.000Z</Time>
            <Position>
              <LatitudeDegrees>22.332578508408872</LatitudeDegrees>
              <LongitudeDegrees>114.19945419297582</LongitudeDegrees>
            </Position>
            <AltitudeMeters>311.92</AltitudeMeters>
            <DistanceMeters>2688.050048828125</DistanceMeters>
            <Extensions>
              <ns3:TPX>
                <ns3:Speed>2.7339999675750732</ns3:Speed>
                <ns3:RunCadence>86</ns3:RunCadence>
              </ns3:TPX>
            </Extensions>
          </Trackpoint>
          <Trackpoint>
            <Time>2021-01-01T23:29:12.000Z</Time>
            <Position>
              <LatitudeDegrees>22.332615773163088</LatitudeDegrees>
              <LongitudeDegrees>114.19969183936324</LongitudeDegrees>
            </Position>
            <AltitudeMeters>311.65</AltitudeMeters>
            <DistanceMeters>2709.919921875</DistanceMeters>
            <Extensions>
              <ns3:TPX>
                <ns3:Speed>2.7339999675750732</ns3:Speed>
                <ns3:RunCadence>85</ns3:RunCadence>
              </ns3:TPX>
            </Extensions>
          </Trackpoint>
          <Trackpoint>
            <Time>2021-01-01T23:29:20.000Z</Time>
            <Position>
              <LatitudeDegrees>22.33277043425197</LatitudeDegrees>
              <LongitudeDegrees>114.1998293492853</LongitudeDegrees>
            </Position>
            <AltitudeMeters>311.6</AltitudeMeters>
            <DistanceMeters>2731.72998046875</DistanceMeters>
            <Extensions>
              <ns3:TPX>
                <ns3:Speed>2.7149999141693115</ns3:Speed>
                <ns3:RunCadence>85</ns3:RunCadence>
              </ns3:TPX>
            </Extensions>
          </Trackpoint>
          <Trackpoint>
            <Time>2021-01-01T23:29:28.000Z</Time>
            <Position>
              <LatitudeDegrees>22.33297186906282</LatitudeDegrees>
              <LongitudeDegrees>114.1999252024729</LongitudeDegrees>
            </Position>
            <AltitudeMeters>311.6</AltitudeMeters>
            <DistanceMeters>2753.31005859375</DistanceMeters>
            <Extensions>
              <ns3:TPX>
                <ns3:Speed>2.687000036239624</ns3:Speed>
                <ns3:RunCadence>85</ns3:RunCadence>
              </ns3:TPX>
            </Extensions>
          </Trackpoint>
          <Trackpoint>
            <Time>2021-01-01T23:29:36.000Z</Time>
            <Position>
              <LatitudeDegrees>22.33317330159479</LatitudeDegrees>
              <LongitudeDegrees>114.2000210545761</LongitudeDegrees>
            </Position>
            <AltitudeMeters>311.6</AltitudeMeters>
            <DistanceMeters>2774.889892578125</DistanceMeters>
            <Extensions>
              <ns3:TPX>
                <ns3:Speed>2.7060000896453857</ns3:Speed>
                <ns3:RunCadence>85</ns3:RunCadence>
              </ns3:TPX>
            </Extensions>
          </Trackpoint>
          <Trackpoint>
            <Time>2021-01-01T23:29:42.000Z</Time>
            <Position>
              <LatitudeDegrees>22.333324238691215</LatitudeDegrees>
              <LongitudeDegrees>114.20009287831778</LongitudeDegrees>
            </Position>
            <AltitudeMeters>311.6</AltitudeMeters>
            <DistanceMeters>2791.06005859375</DistanceMeters>
            <Extensions>
              <ns3:TPX>
                <ns3:Speed>2.687000036239624</ns3:Speed>
                <ns3:RunCadence>84</ns3:RunCadence>
              </ns3:TPX>
            </Extensions>
          </Trackpoint>
          <Trackpoint>
            <Time>2021-01-01T23:29:50.000Z</Time>
            <Position>
              <LatitudeDegrees>22.33352548663386</LatitudeDegrees>
              <LongitudeDegrees>114.20018864258374</LongitudeDegrees>
            </Position>
            <AltitudeMeters>311.6</AltitudeMeters>
            <DistanceMeters>2812.6201171875</DistanceMeters>
            <Extensions>
              <ns3:TPX>
                <ns3:Speed>2.697000026702881</ns3:Speed>
                <ns3:RunCadence>84</ns3:RunCadence>
              </ns3:TPX>
            </Extensions>
          </Trackpoint>
          <Trackpoint>
            <Time>2021-01-01T23:29:58.000Z</Time>
            <Position>
              <LatitudeDegrees>22.333727012599933</LatitudeDegrees>
              <LongitudeDegrees>114.20028453914776</LongitudeDegrees>
            </Position>
            <AltitudeMeters>311.6</AltitudeMeters>
            <DistanceMeters>2834.2099609375</DistanceMeters>
            <Extensions>
              <ns3:TPX>
                <ns3:Speed>2.687000036239624</ns3:Speed>
                <ns3:RunCadence>84</ns3:RunCadence>
              </ns3:TPX>
            </Extensions>
          </Trackpoint>
          <Trackpoint>
            <Time>2021-01-01T23:30:06.000Z</Time>
            <Position>
              <LatitudeDegrees>22.333929101449506</LatitudeDegrees>
              <LongitudeDegrees>114.2003807035611</LongitudeDegrees>
            </Position>
            <AltitudeMeters>311.6</AltitudeMeters>
            <DistanceMeters>2855.860107421875</DistanceMeters>
            <Extensions>
              <ns3:TPX>
                <ns3:Speed>2.7249999046325684</ns3:Speed>
                <ns3:RunCadence>85</ns3:RunCadence>
              </ns3:TPX>
            </Extensions>
          </Trackpoint>
          <Trackpoint>
            <Time>2021-01-01T23:30:14.000Z</Time>
            <Position>
              <LatitudeDegrees>22.334132400384657</LatitudeDegrees>
              <LongitudeDegrees>114.20047744379626</LongitudeDegrees>
            </Position>
            <AltitudeMeters>311.6</AltitudeMeters>
            <DistanceMeters>2877.639892578125</DistanceMeters>
            <Extensions>
              <ns3:TPX>
                <ns3:Speed>2.7149999141693115</ns3:Speed>
                <ns3:RunCadence>84</ns3:RunCadence>
              </ns3:TPX>
            </Extensions>
          </Trackpoint>
          <Trackpoint>
            <Time>2021-01-01T23:30:22.000Z</Time>
            <Position>
              <LatitudeDegrees>22.334334676102436</LatitudeDegrees>
              <LongitudeDegrees>114.20057369713123</LongitudeDegrees>
            </Position>
            <AltitudeMeters>311.6</AltitudeMeters>
            <DistanceMeters>2899.31005859375</DistanceMeters>
            <Extensions>
              <ns3:TPX>
                <ns3:Speed>2.7149999141693115</ns3:Speed>
                <ns3:RunCadence>84</ns3:RunCadence>
              </ns3:TPX>
            </Extensions>
          </Trackpoint>
          <Trackpoint>
            <Time>2021-01-01T23:30:30.000Z</Time>
            <Position>
              <LatitudeDegrees>22.334537229843644</LatitudeDegrees>
              <LongitudeDegrees>114.20067008276425</LongitudeDegrees>
            </Position>
            <AltitudeMeters>311.6</AltitudeMeters>
            <DistanceMeters>2921.010009765625</DistanceMeters>
            <Extensions>
              <ns3:TPX>
                <ns3:Speed>2.7149999141693115</ns3:Speed>
                <ns3:RunCadence>84</ns3:RunCadence>
              </ns3:TPX>
            </Extensions>
          </Trackpoint>
          <Trackpoint>
            <Time>2021-01-01T23:30:38.000Z</Time>
            <Position>
              <LatitudeDegrees>22.3343402842251</LatitudeDegrees>
              <LongitudeDegrees>114.2006864526065</LongitudeDegrees>
            </Position>
            <AltitudeMeters>311.99</AltitudeMeters>
            <DistanceMeters>2942.679931640625</DistanceMeters>
            <Extensions>
              <ns3:TPX>
                <ns3:Speed>2.7060000896453857</ns3:Speed>
                <ns3:RunCadence>84</ns3:RunCadence>
              </ns3:TPX>
            </Extensions>
          </Trackpoint>
          <Trackpoint>
            <Time>2021-01-01T23:30:46.000Z</Time>
            <Position>
              <LatitudeDegrees>22.334128366157827</LatitudeDegrees>
              <LongitudeDegrees>114.2007220356032</LongitudeDegrees>
            </Position>
            <AltitudeMeters>311.23</AltitudeMeters>
            <DistanceMeters>2964.280029296875</DistanceMeters>
            <Extensions>
              <ns3:TPX>
                <ns3:Speed>2.697000026702881</ns3:Speed>
                <ns3:RunCadence>84</ns3:RunCadence>
              </ns3:TPX>
            </Extensions>
          </Trackpoint>
          <Trackpoint>
            <Time>2021-01-01T23:30:54.000Z</Time>
            <Position>
              <LatitudeDegrees>22.33393388997831</LatitudeDegrees>
              <LongitudeDegrees>114.2006130223325</LongitudeDegrees>
            </Position>
            <AltitudeMeters>311.43</AltitudeMeters>
            <DistanceMeters>2985.760009765625</DistanceMeters>
            <Extensions>
              <ns3:TPX>
                <ns3:Speed>2.6689999103546143</ns3:Speed>
                <ns3:RunCadence>83</ns3:RunCadence>
              </ns3:TPX>
            </Extensions>
          </Trackpoint>
          <Trackpoint>
            <Time>2021-01-01T23:30:58.000Z</Time>
            <Position>
              <LatitudeDegrees>22.333838009079507</LatitudeDegrees>
              <LongitudeDegrees>114.2005592764681</LongitudeDegrees>
            </Position>
            <AltitudeMeters>311.54</AltitudeMeters>
            <DistanceMeters>2996.35009765625</DistanceMeters>
            <Extensions>
              <ns3:TPX>
                <ns3:Speed>2.6500000953674316</ns3:Speed>
                <ns3:RunCadence>83</ns3:RunCadence>
              </ns3:TPX>
            </Extensions>
          </Trackpoint>
          <Trackpoint>
            <Time>2021-01-01T23:31:00.000Z</Time>
            <Position>
              <LatitudeDegrees>22.333790025527133</LatitudeDegrees>
              <LongitudeDegrees>114.2005323793746</LongitudeDegrees>
            </Position>
            <AltitudeMeters>311.59</AltitudeMeters>
            <DistanceMeters>3001.64990234375</DistanceMeters>
            <Extensions>
              <ns3:TPX>
                <ns3:Speed>2.6500000953674316</ns3:Speed>
                <ns3:RunCadence>83</ns3:RunCadence>
              </ns3:TPX>
            </Extensions>
          </Trackpoint>
        </Track>
        <Extensions>
          <ns3:LX>
            <ns3:AvgSpeed>2.6989998817443848</ns3:AvgSpeed>
            <ns3:AvgRunCadence>85</ns3:AvgRunCadence>
            <ns3:MaxRunCadence>88</ns3:MaxRunCadence>
          </ns3:LX>
        </Extensions>
      </Lap>
      <Lap StartTime="2021-01-01T23:31:01.000Z">
        <TotalTimeSeconds>380.596</TotalTimeSeconds>
        <DistanceMeters>1000.0</DistanceMeters>
        <MaximumSpeed>2.743000030517578</MaximumSpeed>
        <Calories>70</Calories>
        <Intensity>Active</Intensity>
        <TriggerMethod>Manual</TriggerMethod>
        <Track>
          <Trackpoint>
            <Time>2021-01-01T23:31:08.000Z</Time>
            <Position>
              <LatitudeDegrees>22.333653253611352</LatitudeDegrees>
              <LongitudeDegrees>114.2003803801824</LongitudeDegrees>
            </Position>
            <AltitudeMeters>311.63</AltitudeMeters>
            <DistanceMeters>3022.43994140625</DistanceMeters>
            <Extensions>
              <ns3:TPX>
                <ns3:Speed>2.4820001125335693</ns3:Speed>
                <ns3:RunCadence>0</ns3:RunCadence>
              </ns3:TPX>
            </Extensions>
          </Trackpoint>
          <Trackpoint>
            <Time>2021-01-01T23:31:17.000Z</Time>
            <Position>
              <LatitudeDegrees>22.333609034796968</LatitudeDegrees>
              <LongitudeDegrees>114.20014133719272</LongitudeDegrees>
            </Position>
            <AltitudeMeters>311.74</AltitudeMeters>
            <DistanceMeters>3044.550048828125</DistanceMeters>
            <Extensions>
              <ns3:TPX>
                <ns3:Speed>2.4539999961853027</ns3:Speed>
                <ns3:RunCadence>84</ns3:RunCadence>
              </ns3:TPX>
            </Extensions>
          </Trackpoint>
          <Trackpoint>
            <Time>2021-01-01T23:31:25.000Z</Time>
            <Position>
              <LatitudeDegrees>22.333558832038914</LatitudeDegrees>
              <LongitudeDegrees>114.2000719729548</LongitudeDegrees>
            </Position>
            <AltitudeMeters>312.21</AltitudeMeters>
            <DistanceMeters>3065.780029296875</DistanceMeters>
            <Extensions>
              <ns3:TPX>
                <ns3:Speed>2.697000026702881</ns3:Speed>
                <ns3:RunCadence>84</ns3:RunCadence>
              </ns3:TPX>
            </Extensions>
          </Trackpoint>
          <Trackpoint>
            <Time>2021-01-01T23:31:33.000Z</Time>
            <Position>
              <LatitudeDegrees>22.33372428096343</LatitudeDegrees>
              <LongitudeDegrees>114.20013387853407</LongitudeDegrees>
            </Position>
            <AltitudeMeters>312.4</AltitudeMeters>
            <DistanceMeters>3086.68994140625</DistanceMeters>
            <Extensions>
              <ns3:TPX>
                <ns3:Speed>2.61299991607666</ns3:Speed>
                <ns3:RunCadence>84</ns3:RunCadence>
              </ns3:TPX>
            </Extensions>
          </Trackpoint>
          <Trackpoint>
            <Time>2021-01-01T23:31:41.000Z</Time>
            <Position>
              <LatitudeDegrees>22.33384992764572</LatitudeDegrees>
              <LongitudeDegrees>114.20029625699466</LongitudeDegrees>
            </Position>
            <AltitudeMeters>312.59</AltitudeMeters>
            <DistanceMeters>3107.72998046875</DistanceMeters>
            <Extensions>
              <ns3:TPX>
                <ns3:Speed>2.6410000324249268</ns3:Speed>
                <ns3:RunCadence>84</ns3:RunCadence>
              </ns3:TPX>
            </Extensions>
          </Trackpoint>
          <Trackpoint>
            <Time>2021-01-01T23:31:49.000Z</Time>
            <Position>
              <LatitudeDegrees>22.333759085344035</LatitudeDegrees>
              <LongitudeDegrees>114.2005034989481</LongitudeDegrees>
            </Position>
            <AltitudeMeters>312.6</AltitudeMeters>
            <DistanceMeters>3128.85009765625</DistanceMeters>
            <Extensions>
              <ns3:TPX>
                <ns3:Speed>2.6410000324249268</ns3:Speed>
                <ns3:RunCadence>84</ns3:RunCadence>
              </ns3:TPX>
            </Extensions>
          </Trackpoint>
          <Trackpoint>
            <Time>2021-01-01T23:31:57.000Z</Time>
            <Position>
              <LatitudeDegrees>22.3336196779115</LatitudeDegrees>
              <LongitudeDegrees>114.20067535567189</LongitudeDegrees>
            </Position>
            <AltitudeMeters>312.84</AltitudeMeters>
            <DistanceMeters>3149.949951171875</DistanceMeters>
            <Extensions>
              <ns3:TPX>
                <ns3:Speed>2.621999979019165</ns3:Speed>
                <ns3:RunCadence>84</ns3:RunCadence>
              </ns3:TPX>
            </Extensions>
          </Trackpoint>
          <Trackpoint>
            <Time>2021-01-01T23:32:05.000Z</Time>
            <Position>
              <LatitudeDegrees>22.333490883581053</LatitudeDegrees>
              <LongitudeDegrees>114.20085949934192</LongitudeDegrees>
            </Position>
            <AltitudeMeters>312.73</AltitudeMeters>
            <DistanceMeters>3171.010009765625</DistanceMeters>
            <Extensions>
              <ns3:TPX>
                <ns3:Speed>2.6410000324249268</ns3:Speed>
                <ns3:RunCadence>84</ns3:RunCadence>
              </ns3:TPX>
            </Extensions>
          </Trackpoint>
          <Trackpoint>
            <Time>2021-01-01T23:32:13.000Z</Time>
            <Position>
              <LatitudeDegrees>22.333460565690537</LatitudeDegrees>
              <LongitudeDegrees>114.20106620846464</LongitudeDegrees>
            </Position>
            <AltitudeMeters>312.07</AltitudeMeters>
            <DistanceMeters>3192.1298828125</DistanceMeters>
            <Extensions>
              <ns3:TPX>
                <ns3:Speed>2.6410000324249268</ns3:Speed>
                <ns3:RunCadence>84</ns3:RunCadence>
              </ns3:TPX>
            </Extensions>
          </Trackpoint>
          <Trackpoint>
            <Time>2021-01-01T23:32:15.000Z</Time>
            <Position>
              <LatitudeDegrees>22.333512518112713</LatitudeDegrees>
              <LongitudeDegrees>114.2010634001703</LongitudeDegrees>
            </Position>
            <AltitudeMeters>312.43</AltitudeMeters>
            <DistanceMeters>3197.429931640625</DistanceMeters>
            <Extensions>
              <ns3:TPX>
                <ns3:Speed>2.6500000953674316</ns3:Speed>
                <ns3:RunCadence>83</ns3:RunCadence>
              </ns3:TPX>
            </Extensions>
          </Trackpoint>
          <Trackpoint>
            <Time>2021-01-01T23:32:23.000Z</Time>
            <Position>
              <LatitudeDegrees>22.33361443649133</LatitudeDegrees>
              <LongitudeDegrees>114.20119289023846</LongitudeDegrees>
            </Position>
            <AltitudeMeters>312.66</AltitudeMeters>
            <DistanceMeters>3218.60009765625</DistanceMeters>
            <Extensions>
              <ns3:TPX>
                <ns3:Speed>2.6410000324249268</ns3:Speed>
                <ns3:RunCadence>83</ns3:RunCadence>
              </ns3:TPX>
            </Extensions>
          </Trackpoint>
          <Trackpoint>
            <Time>2021-01-01T23:32:25.000Z</Time>
            <Position>
              <LatitudeDegrees>22.333623711240815</LatitudeDegrees>
              <LongitudeDegrees>114.20125023275354</LongitudeDegrees>
            </Position>
            <AltitudeMeters>312.76</AltitudeMeters>
            <DistanceMeters>3223.8798828125</DistanceMeters>
            <Extensions>
              <ns3:TPX>
                <ns3:Speed>2.6410000324249268</ns3:Speed>
                <ns3:RunCadence>83</ns3:RunCadence>
              </ns3:TPX>
            </Extensions>
          </Trackpoint>
          <Trackpoint>
            <Time>2021-01-01T23:32:33.000Z</Time>
            <Position>
              <LatitudeDegrees>22.333639214809363</LatitudeDegrees>
              <LongitudeDegrees>114.20147061187399</LongitudeDegrees>
            </Position>
            <AltitudeMeters>313.4</AltitudeMeters>
            <DistanceMeters>3244.909912109375</DistanceMeters>
            <Extensions>
              <ns3:TPX>
                <ns3:Speed>2.621999979019165</ns3:Speed>
                <ns3:RunCadence>84</ns3:RunCadence>
              </ns3:TPX>
            </Extensions>
          </Trackpoint>
          <Trackpoint>
            <Time>2021-01-01T23:32:41.000Z</Time>
            <Position>
              <LatitudeDegrees>22.33374994193775</LatitudeDegrees>
              <LongitudeDegrees>114.20166404495157</LongitudeDegrees>
            </Position>
            <AltitudeMeters>313.05</AltitudeMeters>
            <DistanceMeters>3265.85009765625</DistanceMeters>
            <Extensions>
              <ns3:TPX>
                <ns3:Speed>2.621999979019165</ns3:Speed>
                <ns3:RunCadence>84</ns3:RunCadence>
              </ns3:TPX>
            </Extensions>
          </Trackpoint>
          <Trackpoint>
            <Time>2021-01-01T23:32:49.000Z</Time>
            <Position>
              <LatitudeDegrees>22.33391777675966</LatitudeDegrees>
              <LongitudeDegrees>114.2018047835824</LongitudeDegrees>
            </Position>
            <AltitudeMeters>312.53</AltitudeMeters>
            <DistanceMeters>3286.909912109375</DistanceMeters>
            <Extensions>
              <ns3:TPX>
                <ns3:Speed>2.63100004196167</ns3:Speed>
                <ns3:RunCadence>84</ns3:RunCadence>
              </ns3:TPX>
            </Extensions>
          </Trackpoint>
          <Trackpoint>
            <Time>2021-01-01T23:32:57.000Z</Time>
            <Position>
              <LatitudeDegrees>22.33410693163148</LatitudeDegrees>
              <LongitudeDegrees>114.20191784225928</LongitudeDegrees>
            </Position>
            <AltitudeMeters>312.08</AltitudeMeters>
            <DistanceMeters>3308.110107421875</DistanceMeters>
            <Extensions>
              <ns3:TPX>
                <ns3:Speed>2.6589999198913574</ns3:Speed>
                <ns3:RunCadence>85</ns3:RunCadence>
              </ns3:TPX>
            </Extensions>
          </Trackpoint>
          <Trackpoint>
            <Time>2021-01-01T23:32:58.000Z</Time>
            <Position>
              <LatitudeDegrees>22.33413043326015</LatitudeDegrees>
              <LongitudeDegrees>114.20193135042372</LongitudeDegrees>
            </Position>
            <AltitudeMeters>312.02</AltitudeMeters>
            <DistanceMeters>3310.719970703125</DistanceMeters>
            <Extensions>
              <ns3:TPX>
                <ns3:Speed>2.61299991607666</ns3:Speed>
                <ns3:RunCadence>85</ns3:RunCadence>
              </ns3:TPX>
            </Extensions>
          </Trackpoint>
          <Trackpoint>
            <Time>2021-01-01T23:33:06.000Z</Time>
            <Position>
              <LatitudeDegrees>22.334310327259587</LatitudeDegrees>
              <LongitudeDegrees>114.20205791121484</LongitudeDegrees>
            </Position>
            <AltitudeMeters>311.57</AltitudeMeters>
            <DistanceMeters>3331.77001953125</DistanceMeters>
            <Extensions>
              <ns3:TPX>
                <ns3:Speed>2.6689999103546143</ns3:Speed>
                <ns3:RunCadence>85</ns3:RunCadence>
              </ns3:TPX>
            </Extensions>
          </Trackpoint>
          <Trackpoint>
            <Time>2021-01-01T23:33:14.000Z</Time>
            <Position>
              <LatitudeDegrees>22.334497248000407</LatitudeDegrees>
              <LongitudeDegrees>114.20217977244329</LongitudeDegrees>
            </Position>
            <AltitudeMeters>311.25</AltitudeMeters>
            <DistanceMeters>3353.18994140625</DistanceMeters>
            <Extensions>
              <ns3:TPX>
                <ns3:Speed>2.6689999103546143</ns3:Speed>
                <ns3:RunCadence>85</ns3:RunCadence>
              </ns3:TPX>
            </Extensions>
          </Trackpoint>
          <Trackpoint>
            <Time>2021-01-01T23:33:22.000Z</Time>
            <Position>
              <LatitudeDegrees>22.334694934823197</LatitudeDegrees>
              <LongitudeDegrees>114.20227632192159</LongitudeDegrees>
            </Position>
            <AltitudeMeters>311.97</AltitudeMeters>
            <DistanceMeters>3374.570068359375</DistanceMeters>
            <Extensions>
              <ns3:TPX>
                <ns3:Speed>2.6689999103546143</ns3:Speed>
                <ns3:RunCadence>84</ns3:RunCadence>
              </ns3:TPX>
            </Extensions>
          </Trackpoint>
          <Trackpoint>
            <Time>2021-01-01T23:33:30.000Z</Time>
            <Position>
              <LatitudeDegrees>22.334862357643146</LatitudeDegrees>
              <LongitudeDegrees>114.20242215543713</LongitudeDegrees>
            </Position>
            <AltitudeMeters>311.89</AltitudeMeters>
            <DistanceMeters>3395.659912109375</DistanceMeters>
            <Extensions>
              <ns3:TPX>
                <ns3:Speed>2.565999984741211</ns3:Speed>
                <ns3:RunCadence>84</ns3:RunCadence>
              </ns3:TPX>
            </Extensions>
          </Trackpoint>
          <Trackpoint>
            <Time>2021-01-01T23:33:39.000Z</Time>
            <Position>
              <LatitudeDegrees>22.335009342198667</LatitudeDegrees>
              <LongitudeDegrees>114.20258857433612</LongitudeDegrees>
            </Position>
            <AltitudeMeters>311.98</AltitudeMeters>
            <DistanceMeters>3417.39990234375</DistanceMeters>
            <Extensions>
              <ns3:TPX>
                <ns3:Speed>2.3420000076293945</ns3:Speed>
                <ns3:RunCadence>0</ns3:RunCadence>
              </ns3:TPX>
            </Extensions>
          </Trackpoint>
          <Trackpoint>
            <Time>2021-01-01T23:33:40.000Z</Time>
            <Position>
              <LatitudeDegrees>22.335016985808068</LatitudeDegrees>
              <LongitudeDegrees>114.20261301623862</LongitudeDegrees>
            </Position>
            <AltitudeMeters>311.9</AltitudeMeters>
            <DistanceMeters>3419.739990234375</DistanceMeters>
            <Extensions>
              <ns3:TPX>
                <ns3:Speed>2.3420000076293945</ns3:Speed>
                <ns3:RunCadence>0</ns3:RunCadence>
              </ns3:TPX>
            </Extensions>
          </Trackpoint>
          <Trackpoint>
            <Time>2021-01-01T23:33:49.000Z</Time>
            <Position>
              <LatitudeDegrees>22.334962897027218</LatitudeDegrees>
              <LongitudeDegrees>114.20280523550787</LongitudeDegrees>
            </Position>
            <AltitudeMeters>311.81</AltitudeMeters>
            <DistanceMeters>3440.820068359375</DistanceMeters>
            <Extensions>
              <ns3:TPX>
                <ns3:Speed>2.3420000076293945</ns3:Speed>
                <ns3:RunCadence>0</ns3:RunCadence>
              </ns3:TPX>
            </Extensions>
          </Trackpoint>
          <Trackpoint>
            <Time>2021-01-01T23:33:58.000Z</Time>
            <Position>
              <LatitudeDegrees>22.334943968352558</LatitudeDegrees>
              <LongitudeDegrees>114.20300869656687</LongitudeDegrees>
            </Position>
            <AltitudeMeters>311.8</AltitudeMeters>
            <DistanceMeters>3461.89990234375</DistanceMeters>
            <Extensions>
              <ns3:TPX>
                <ns3:Speed>2.3420000076293945</ns3:Speed>
                <ns3:RunCadence>86</ns3:RunCadence>
              </ns3:TPX>
            </Extensions>
          </Trackpoint>
          <Trackpoint>
            <Time>2021-01-01T23:34:06.000Z</Time>
            <Position>
              <LatitudeDegrees>22.33493595795763</LatitudeDegrees>
              <LongitudeDegrees>114.20321147477401</LongitudeDegrees>
            </Position>
            <AltitudeMeters>311.68</AltitudeMeters>
            <DistanceMeters>3483.030029296875</DistanceMeters>
            <Extensions>
              <ns3:TPX>
                <ns3:Speed>2.6689999103546143</ns3:Speed>
                <ns3:RunCadence>85</ns3:RunCadence>
              </ns3:TPX>
            </Extensions>
          </Trackpoint>
          <Trackpoint>
            <Time>2021-01-01T23:34:14.000Z</Time>
            <Position>
              <LatitudeDegrees>22.33479914499262</LatitudeDegrees>
              <LongitudeDegrees>114.2033908858367</LongitudeDegrees>
            </Position>
            <AltitudeMeters>312.15</AltitudeMeters>
            <DistanceMeters>3504.429931640625</DistanceMeters>
            <Extensions>
              <ns3:TPX>
                <ns3:Speed>2.677999973297119</ns3:Speed>
                <ns3:RunCadence>85</ns3:RunCadence>
              </ns3:TPX>
            </Extensions>
          </Trackpoint>
          <Trackpoint>
            <Time>2021-01-01T23:34:22.000Z</Time>
            <Position>
              <LatitudeDegrees>22.334613900108486</LatitudeDegrees>
              <LongitudeDegrees>114.20351511720771</LongitudeDegrees>
            </Position>
            <AltitudeMeters>312.62</AltitudeMeters>
            <DistanceMeters>3525.909912109375</DistanceMeters>
            <Extensions>
              <ns3:TPX>
                <ns3:Speed>2.687000036239624</ns3:Speed>
                <ns3:RunCadence>85</ns3:RunCadence>
              </ns3:TPX>
            </Extensions>
          </Trackpoint>
          <Trackpoint>
            <Time>2021-01-01T23:34:30.000Z</Time>
            <Position>
              <LatitudeDegrees>22.334425696744955</LatitudeDegrees>
              <LongitudeDegrees>114.20362560435457</LongitudeDegrees>
            </Position>
            <AltitudeMeters>312.35</AltitudeMeters>
            <DistanceMeters>3547.239990234375</DistanceMeters>
            <Extensions>
              <ns3:TPX>
                <ns3:Speed>2.6589999198913574</ns3:Speed>
                <ns3:RunCadence>85</ns3:RunCadence>
              </ns3:TPX>
            </Extensions>
          </Trackpoint>
          <Trackpoint>
            <Time>2021-01-01T23:34:38.000Z</Time>
            <Position>
              <LatitudeDegrees>22.33442809471347</LatitudeDegrees>
              <LongitudeDegrees>114.20383066049311</LongitudeDegrees>
            </Position>
            <AltitudeMeters>312.37</AltitudeMeters>
            <DistanceMeters>3568.39990234375</DistanceMeters>
            <Extensions>
              <ns3:TPX>
                <ns3:Speed>2.6410000324249268</ns3:Speed>
                <ns3:RunCadence>85</ns3:RunCadence>
              </ns3:TPX>
            </Extensions>
          </Trackpoint>
          <Trackpoint>
            <Time>2021-01-01T23:34:46.000Z</Time>
            <Position>
              <LatitudeDegrees>22.334492756856932</LatitudeDegrees>
              <LongitudeDegrees>114.20405400432308</LongitudeDegrees>
            </Position>
            <AltitudeMeters>312.58</AltitudeMeters>
            <DistanceMeters>3589.679931640625</DistanceMeters>
            <Extensions>
              <ns3:TPX>
                <ns3:Speed>2.6689999103546143</ns3:Speed>
                <ns3:RunCadence>84</ns3:RunCadence>
              </ns3:TPX>
            </Extensions>
          </Trackpoint>
          <Trackpoint>
            <Time>2021-01-01T23:34:52.000Z</Time>
            <Position>
              <LatitudeDegrees>22.334476383732017</LatitudeDegrees>
              <LongitudeDegrees>114.2042287502199</LongitudeDegrees>
            </Position>
            <AltitudeMeters>312.05</AltitudeMeters>
            <DistanceMeters>3605.610107421875</DistanceMeters>
            <Extensions>
              <ns3:TPX>
                <ns3:Speed>2.621999979019165</ns3:Speed>
                <ns3:RunCadence>84</ns3:RunCadence>
              </ns3:TPX>
            </Extensions>
          </Trackpoint>
          <Trackpoint>
            <Time>2021-01-01T23:35:00.000Z</Time>
            <Position>
              <LatitudeDegrees>22.334327387080613</LatitudeDegrees>
              <LongitudeDegrees>114.20438016155445</LongitudeDegrees>
            </Position>
            <AltitudeMeters>311.8</AltitudeMeters>
            <DistanceMeters>3626.030029296875</DistanceMeters>
            <Extensions>
              <ns3:TPX>
                <ns3:Speed>2.565999984741211</ns3:Speed>
                <ns3:RunCadence>84</ns3:RunCadence>
              </ns3:TPX>
            </Extensions>
          </Trackpoint>
          <Trackpoint>
            <Time>2021-01-01T23:35:01.000Z</Time>
            <Position>
              <LatitudeDegrees>22.33430291446848</LatitudeDegrees>
              <LongitudeDegrees>114.20438964497512</LongitudeDegrees>
            </Position>
            <AltitudeMeters>311.86</AltitudeMeters>
            <DistanceMeters>3628.60009765625</DistanceMeters>
            <Extensions>
              <ns3:TPX>
                <ns3:Speed>2.575000047683716</ns3:Speed>
                <ns3:RunCadence>83</ns3:RunCadence>
              </ns3:TPX>
            </Extensions>
          </Trackpoint>
          <Trackpoint>
            <Time>2021-01-01T23:35:09.000Z</Time>
            <Position>
              <LatitudeDegrees>22.33409439040798</LatitudeDegrees>
              <LongitudeDegrees>114.20438823534515</LongitudeDegrees>
            </Position>
            <AltitudeMeters>311.83</AltitudeMeters>
            <DistanceMeters>3649.360107421875</DistanceMeters>
            <Extensions>
              <ns3:TPX>
                <ns3:Speed>2.61299991607666</ns3:Speed>
                <ns3:RunCadence>84</ns3:RunCadence>
              </ns3:TPX>
            </Extensions>
          </Trackpoint>
          <Trackpoint>
            <Time>2021-01-01T23:35:17.000Z</Time>
            <Position>
              <LatitudeDegrees>22.333927983881264</LatitudeDegrees>
              <LongitudeDegrees>114.2043571561532</LongitudeDegrees>
            </Position>
            <AltitudeMeters>312.38</AltitudeMeters>
            <DistanceMeters>3670.5</DistanceMeters>
            <Extensions>
              <ns3:TPX>
                <ns3:Speed>2.6689999103546143</ns3:Speed>
                <ns3:RunCadence>84</ns3:RunCadence>
              </ns3:TPX>
            </Extensions>
          </Trackpoint>
          <Trackpoint>
            <Time>2021-01-01T23:35:25.000Z</Time>
            <Position>
              <LatitudeDegrees>22.333882714066394</LatitudeDegrees>
              <LongitudeDegrees>114.20449469551363</LongitudeDegrees>
            </Position>
            <AltitudeMeters>312.28</AltitudeMeters>
            <DistanceMeters>3691.929931640625</DistanceMeters>
            <Extensions>
              <ns3:TPX>
                <ns3:Speed>2.687000036239624</ns3:Speed>
                <ns3:RunCadence>84</ns3:RunCadence>
              </ns3:TPX>
            </Extensions>
          </Trackpoint>
          <Trackpoint>
            <Time>2021-01-01T23:35:33.000Z</Time>
            <Position>
              <LatitudeDegrees>22.333859165704357</LatitudeDegrees>
              <LongitudeDegrees>114.20458198899753</LongitudeDegrees>
            </Position>
            <AltitudeMeters>312.3</AltitudeMeters>
            <DistanceMeters>3713.56005859375</DistanceMeters>
            <Extensions>
              <ns3:TPX>
                <ns3:Speed>2.7149999141693115</ns3:Speed>
                <ns3:RunCadence>84</ns3:RunCadence>
              </ns3:TPX>
            </Extensions>
          </Trackpoint>
          <Trackpoint>
            <Time>2021-01-01T23:35:41.000Z</Time>
            <Position>
              <LatitudeDegrees>22.333683987649284</LatitudeDegrees>
              <LongitudeDegrees>114.20445574876678</LongitudeDegrees>
            </Position>
            <AltitudeMeters>311.61</AltitudeMeters>
            <DistanceMeters>3735.239990234375</DistanceMeters>
            <Extensions>
              <ns3:TPX>
                <ns3:Speed>2.7060000896453857</ns3:Speed>
                <ns3:RunCadence>84</ns3:RunCadence>
              </ns3:TPX>
            </Extensions>
          </Trackpoint>
          <Trackpoint>
            <Time>2021-01-01T23:35:49.000Z</Time>
            <Position>
              <LatitudeDegrees>22.333499257664542</LatitudeDegrees>
              <LongitudeDegrees>114.20458487984313</LongitudeDegrees>
            </Position>
            <AltitudeMeters>311.75</AltitudeMeters>
            <DistanceMeters>3756.81005859375</DistanceMeters>
            <Extensions>
              <ns3:TPX>
                <ns3:Speed>2.687000036239624</ns3:Speed>
                <ns3:RunCadence>84</ns3:RunCadence>
              </ns3:TPX>
            </Extensions>
          </Trackpoint>
          <Trackpoint>
            <Time>2021-01-01T23:35:57.000Z</Time>
            <Position>
              <LatitudeDegrees>22.33331365869087</LatitudeDegrees>
              <LongitudeDegrees>114.20471002653842</LongitudeDegrees>
            </Position>
            <AltitudeMeters>311.8</AltitudeMeters>
            <DistanceMeters>3778.260009765625</DistanceMeters>
            <Extensions>
              <ns3:TPX>
                <ns3:Speed>2.6500000953674316</ns3:Speed>
                <ns3:RunCadence>84</ns3:RunCadence>
              </ns3:TPX>
            </Extensions>
          </Trackpoint>
          <Trackpoint>
            <Time>2021-01-01T23:36:05.000Z</Time>
            <Position>
              <LatitudeDegrees>22.333115367098838</LatitudeDegrees>
              <LongitudeDegrees>114.20475664169797</LongitudeDegrees>
            </Position>
            <AltitudeMeters>311.95</AltitudeMeters>
            <DistanceMeters>3798.659912109375</DistanceMeters>
            <Extensions>
              <ns3:TPX>
                <ns3:Speed>2.575000047683716</ns3:Speed>
                <ns3:RunCadence>86</ns3:RunCadence>
              </ns3:TPX>
            </Extensions>
          </Trackpoint>
          <Trackpoint>
            <Time>2021-01-01T23:36:13.000Z</Time>
            <Position>
              <LatitudeDegrees>22.332903135195618</LatitudeDegrees>
              <LongitudeDegrees>114.2047161046204</LongitudeDegrees>
            </Position>
            <AltitudeMeters>311.42</AltitudeMeters>
            <DistanceMeters>3820.0</DistanceMeters>
            <Extensions>
              <ns3:TPX>
                <ns3:Speed>2.697000026702881</ns3:Speed>
                <ns3:RunCadence>85</ns3:RunCadence>
              </ns3:TPX>
            </Extensions>
          </Trackpoint>
          <Trackpoint>
            <Time>2021-01-01T23:36:21.000Z</Time>
            <Position>
              <LatitudeDegrees>22.332702169753652</LatitudeDegrees>
              <LongitudeDegrees>114.20461875135864</LongitudeDegrees>
            </Position>
            <AltitudeMeters>311.51</AltitudeMeters>
            <DistanceMeters>3841.610107421875</DistanceMeters>
            <Extensions>
              <ns3:TPX>
                <ns3:Speed>2.7249999046325684</ns3:Speed>
                <ns3:RunCadence>84</ns3:RunCadence>
              </ns3:TPX>
            </Extensions>
          </Trackpoint>
          <Trackpoint>
            <Time>2021-01-01T23:36:29.000Z</Time>
            <Position>
              <LatitudeDegrees>22.332509592702625</LatitudeDegrees>
              <LongitudeDegrees>114.20454473819736</LongitudeDegrees>
            </Position>
            <AltitudeMeters>310.4</AltitudeMeters>
            <DistanceMeters>3863.43994140625</DistanceMeters>
            <Extensions>
              <ns3:TPX>
                <ns3:Speed>2.7339999675750732</ns3:Speed>
                <ns3:RunCadence>83</ns3:RunCadence>
              </ns3:TPX>
            </Extensions>
          </Trackpoint>
          <Trackpoint>
            <Time>2021-01-01T23:36:37.000Z</Time>
            <Position>
              <LatitudeDegrees>22.332304830427546</LatitudeDegrees>
              <LongitudeDegrees>114.20463078954631</LongitudeDegrees>
            </Position>
            <AltitudeMeters>310.67</AltitudeMeters>
            <DistanceMeters>3885.3798828125</DistanceMeters>
            <Extensions>
              <ns3:TPX>
                <ns3:Speed>2.743000030517578</ns3:Speed>
                <ns3:RunCadence>85</ns3:RunCadence>
              </ns3:TPX>
            </Extensions>
          </Trackpoint>
          <Trackpoint>
            <Time>2021-01-01T23:36:45.000Z</Time>
            <Position>
              <LatitudeDegrees>22.332115720225932</LatitudeDegrees>
              <LongitudeDegrees>114.20473136237214</LongitudeDegrees>
            </Position>
            <AltitudeMeters>311.2</AltitudeMeters>
            <DistanceMeters>3907.280029296875</DistanceMeters>
            <Extensions>
              <ns3:TPX>
                <ns3:Speed>2.7249999046325684</ns3:Speed>
                <ns3:RunCadence>85</ns3:RunCadence>
              </ns3:TPX>
            </Extensions>
          </Trackpoint>
          <Trackpoint>
            <Time>2021-01-01T23:36:49.000Z</Time>
            <Position>
              <LatitudeDegrees>22.332011908089257</LatitudeDegrees>
              <LongitudeDegrees>114.20474962383119</LongitudeDegrees>
            </Position>
            <AltitudeMeters>311.01</AltitudeMeters>
            <DistanceMeters>3918.139892578125</DistanceMeters>
            <Extensions>
              <ns3:TPX>
                <ns3:Speed>2.7149999141693115</ns3:Speed>
                <ns3:RunCadence>83</ns3:RunCadence>
              </ns3:TPX>
            </Extensions>
          </Trackpoint>
          <Trackpoint>
            <Time>2021-01-01T23:36:57.000Z</Time>
            <Position>
              <LatitudeDegrees>22.33190673483573</LatitudeDegrees>
              <LongitudeDegrees>114.20495862706458</LongitudeDegrees>
            </Position>
            <AltitudeMeters>311.12</AltitudeMeters>
            <DistanceMeters>3939.719970703125</DistanceMeters>
            <Extensions>
              <ns3:TPX>
                <ns3:Speed>2.687000036239624</ns3:Speed>
                <ns3:RunCadence>84</ns3:RunCadence>
              </ns3:TPX>
            </Extensions>
          </Trackpoint>
          <Trackpoint>
            <Time>2021-01-01T23:37:05.000Z</Time>
            <Position>
              <LatitudeDegrees>22.331785804894754</LatitudeDegrees>
              <LongitudeDegrees>114.20513574109083</LongitudeDegrees>
            </Position>
            <AltitudeMeters>310.41</AltitudeMeters>
            <DistanceMeters>3960.530029296875</DistanceMeters>
            <Extensions>
              <ns3:TPX>
                <ns3:Speed>2.565999984741211</ns3:Speed>
                <ns3:RunCadence>84</ns3:RunCadence>
              </ns3:TPX>
            </Extensions>
          </Trackpoint>
          <Trackpoint>
            <Time>2021-01-01T23:37:13.000Z</Time>
            <Position>
              <LatitudeDegrees>22.33158849699989</LatitudeDegrees>
              <LongitudeDegrees>114.20522161639757</LongitudeDegrees>
            </Position>
            <AltitudeMeters>310.83</AltitudeMeters>
            <DistanceMeters>3981.469970703125</DistanceMeters>
            <Extensions>
              <ns3:TPX>
                <ns3:Speed>2.6589999198913574</ns3:Speed>
                <ns3:RunCadence>84</ns3:RunCadence>
              </ns3:TPX>
            </Extensions>
          </Trackpoint>
          <Trackpoint>
            <Time>2021-01-01T23:37:20.000Z</Time>
            <Position>
              <LatitudeDegrees>22.33142359574607</LatitudeDegrees>
              <LongitudeDegrees>114.20526195075081</LongitudeDegrees>
            </Position>
            <AltitudeMeters>311.2</AltitudeMeters>
            <DistanceMeters>4000.080078125</DistanceMeters>
            <Extensions>
              <ns3:TPX>
                <ns3:Speed>2.6500000953674316</ns3:Speed>
                <ns3:RunCadence>84</ns3:RunCadence>
              </ns3:TPX>
            </Extensions>
          </Trackpoint>
        </Track>
        <Extensions>
          <ns3:LX>
            <ns3:AvgSpeed>2.6270000934600826</ns3:AvgSpeed>
            <ns3:AvgRunCadence>77</ns3:AvgRunCadence>
            <ns3:MaxRunCadence>86</ns3:MaxRunCadence>
          </ns3:LX>
        </Extensions>
      </Lap>
      <Lap StartTime="2021-01-01T23:37:21.000Z">
        <TotalTimeSeconds>380.139</TotalTimeSeconds>
        <DistanceMeters>1000.0</DistanceMeters>
        <MaximumSpeed>3.013999938964844</MaximumSpeed>
        <Calories>70</Calories>
        <Intensity>Active</Intensity>
        <TriggerMethod>Manual</TriggerMethod>
        <Track>
          <Trackpoint>
            <Time>2021-01-01T23:37:28.000Z</Time>
            <Position>
              <LatitudeDegrees>22.33126839679901</LatitudeDegrees>
              <LongitudeDegrees>114.20510127223399</LongitudeDegrees>
            </Position>
            <AltitudeMeters>311.06</AltitudeMeters>
            <DistanceMeters>4021.18994140625</DistanceMeters>
            <Extensions>
              <ns3:TPX>
                <ns3:Speed>2.621999979019165</ns3:Speed>
                <ns3:RunCadence>84</ns3:RunCadence>
              </ns3:TPX>
            </Extensions>
          </Trackpoint>
          <Trackpoint>
            <Time>2021-01-01T23:37:37.000Z</Time>
            <Position>
              <LatitudeDegrees>22.331109566029596</LatitudeDegrees>
              <LongitudeDegrees>114.20494227983804</LongitudeDegrees>
            </Position>
            <AltitudeMeters>311.26</AltitudeMeters>
            <DistanceMeters>4042.610107421875</DistanceMeters>
            <Extensions>
              <ns3:TPX>
                <ns3:Speed>2.1549999713897705</ns3:Speed>
                <ns3:RunCadence>0</ns3:RunCadence>
              </ns3:TPX>
            </Extensions>
          </Trackpoint>
          <Trackpoint>
            <Time>2021-01-01T23:37:47.000Z</Time>
            <Position>
              <LatitudeDegrees>22.330932739544824</LatitudeDegrees>
              <LongitudeDegrees>114.20481700718265</LongitudeDegrees>
            </Position>
            <AltitudeMeters>311.37</AltitudeMeters>
            <DistanceMeters>4063.68994140625</DistanceMeters>
            <Extensions>
              <ns3:TPX>
                <ns3:Speed>2.1089999675750732</ns3:Speed>
                <ns3:RunCadence>62</ns3:RunCadence>
              </ns3:TPX>
            </Extensions>
          </Trackpoint>
          <Trackpoint>
            <Time>2021-01-01T23:37:55.000Z</Time>
            <Position>
              <LatitudeDegrees>22.330755818565684</LatitudeDegrees>
              <LongitudeDegrees>114.20470840489295</LongitudeDegrees>
            </Position>
            <AltitudeMeters>310.66</AltitudeMeters>
            <DistanceMeters>4083.719970703125</DistanceMeters>
            <Extensions>
              <ns3:TPX>
                <ns3:Speed>2.687000036239624</ns3:Speed>
                <ns3:RunCadence>87</ns3:RunCadence>
              </ns3:TPX>
            </Extensions>
          </Trackpoint>
          <Trackpoint>
            <Time>2021-01-01T23:38:03.000Z</Time>
            <Position>
              <LatitudeDegrees>22.3305683349871</LatitudeDegrees>
              <LongitudeDegrees>114.20457658786663</LongitudeDegrees>
            </Position>
            <AltitudeMeters>310.94</AltitudeMeters>
            <DistanceMeters>4105.64990234375</DistanceMeters>
            <Extensions>
              <ns3:TPX>
                <ns3:Speed>2.743000030517578</ns3:Speed>
                <ns3:RunCadence>85</ns3:RunCadence>
              </ns3:TPX>
            </Extensions>
          </Trackpoint>
          <Trackpoint>
            <Time>2021-01-01T23:38:11.000Z</Time>
            <Position>
              <LatitudeDegrees>22.330376384235187</LatitudeDegrees>
              <LongitudeDegrees>114.20444945069326</LongitudeDegrees>
            </Position>
            <AltitudeMeters>311.2</AltitudeMeters>
            <DistanceMeters>4127.740234375</DistanceMeters>
            <Extensions>
              <ns3:TPX>
                <ns3:Speed>2.7709999084472656</ns3:Speed>
                <ns3:RunCadence>86</ns3:RunCadence>
              </ns3:TPX>
            </Extensions>
          </Trackpoint>
          <Trackpoint>
            <Time>2021-01-01T23:38:19.000Z</Time>
            <Position>
              <LatitudeDegrees>22.330167452071823</LatitudeDegrees>
              <LongitudeDegrees>114.2043647474116</LongitudeDegrees>
            </Position>
            <AltitudeMeters>311.01</AltitudeMeters>
            <DistanceMeters>4149.6201171875</DistanceMeters>
            <Extensions>
              <ns3:TPX>
                <ns3:Speed>2.7060000896453857</ns3:Speed>
                <ns3:RunCadence>86</ns3:RunCadence>
              </ns3:TPX>
            </Extensions>
          </Trackpoint>
          <Trackpoint>
            <Time>2021-01-01T23:38:27.000Z</Time>
            <Position>
              <LatitudeDegrees>22.330006934052644</LatitudeDegrees>
              <LongitudeDegrees>114.20442462752925</LongitudeDegrees>
            </Position>
            <AltitudeMeters>311.14</AltitudeMeters>
            <DistanceMeters>4171.35009765625</DistanceMeters>
            <Extensions>
              <ns3:TPX>
                <ns3:Speed>2.7249999046325684</ns3:Speed>
                <ns3:RunCadence>86</ns3:RunCadence>
              </ns3:TPX>
            </Extensions>
          </Trackpoint>
          <Trackpoint>
            <Time>2021-01-01T23:38:35.000Z</Time>
            <Position>
              <LatitudeDegrees>22.329899821239742</LatitudeDegrees>
              <LongitudeDegrees>114.20463189227911</LongitudeDegrees>
            </Position>
            <AltitudeMeters>311.4</AltitudeMeters>
            <DistanceMeters>4193.16015625</DistanceMeters>
            <Extensions>
              <ns3:TPX>
                <ns3:Speed>2.7060000896453857</ns3:Speed>
                <ns3:RunCadence>86</ns3:RunCadence>
              </ns3:TPX>
            </Extensions>
          </Trackpoint>
          <Trackpoint>
            <Time>2021-01-01T23:38:42.000Z</Time>
            <Position>
              <LatitudeDegrees>22.32975268756812</LatitudeDegrees>
              <LongitudeDegrees>114.20476648167225</LongitudeDegrees>
            </Position>
            <AltitudeMeters>311.32</AltitudeMeters>
            <DistanceMeters>4212.06005859375</DistanceMeters>
            <Extensions>
              <ns3:TPX>
                <ns3:Speed>2.687000036239624</ns3:Speed>
                <ns3:RunCadence>85</ns3:RunCadence>
              </ns3:TPX>
            </Extensions>
          </Trackpoint>
          <Trackpoint>
            <Time>2021-01-01T23:38:50.000Z</Time>
            <Position>
              <LatitudeDegrees>22.329577038571752</LatitudeDegrees>
              <LongitudeDegrees>114.20484113163113</LongitudeDegrees>
            </Position>
            <AltitudeMeters>310.8</AltitudeMeters>
            <DistanceMeters>4232.509765625</DistanceMeters>
            <Extensions>
              <ns3:TPX>
                <ns3:Speed>2.5190000534057617</ns3:Speed>
                <ns3:RunCadence>85</ns3:RunCadence>
              </ns3:TPX>
            </Extensions>
          </Trackpoint>
          <Trackpoint>
            <Time>2021-01-01T23:38:58.000Z</Time>
            <Position>
              <LatitudeDegrees>22.32937401557112</LatitudeDegrees>
              <LongitudeDegrees>114.20479149982023</LongitudeDegrees>
            </Position>
            <AltitudeMeters>311.54</AltitudeMeters>
            <DistanceMeters>4253.2099609375</DistanceMeters>
            <Extensions>
              <ns3:TPX>
                <ns3:Speed>2.621999979019165</ns3:Speed>
                <ns3:RunCadence>85</ns3:RunCadence>
              </ns3:TPX>
            </Extensions>
          </Trackpoint>
          <Trackpoint>
            <Time>2021-01-01T23:39:06.000Z</Time>
            <Position>
              <LatitudeDegrees>22.32917017849804</LatitudeDegrees>
              <LongitudeDegrees>114.2047223799807</LongitudeDegrees>
            </Position>
            <AltitudeMeters>311.41</AltitudeMeters>
            <DistanceMeters>4274.2001953125</DistanceMeters>
            <Extensions>
              <ns3:TPX>
                <ns3:Speed>2.63100004196167</ns3:Speed>
                <ns3:RunCadence>85</ns3:RunCadence>
              </ns3:TPX>
            </Extensions>
          </Trackpoint>
          <Trackpoint>
            <Time>2021-01-01T23:39:14.000Z</Time>
            <Position>
              <LatitudeDegrees>22.328958901676998</LatitudeDegrees>
              <LongitudeDegrees>114.20467755790116</LongitudeDegrees>
            </Position>
            <AltitudeMeters>311.79</AltitudeMeters>
            <DistanceMeters>4295.330078125</DistanceMeters>
            <Extensions>
              <ns3:TPX>
                <ns3:Speed>2.6500000953674316</ns3:Speed>
                <ns3:RunCadence>85</ns3:RunCadence>
              </ns3:TPX>
            </Extensions>
          </Trackpoint>
          <Trackpoint>
            <Time>2021-01-01T23:39:22.000Z</Time>
            <Position>
              <LatitudeDegrees>22.328751202923158</LatitudeDegrees>
              <LongitudeDegrees>114.20461091744102</LongitudeDegrees>
            </Position>
            <AltitudeMeters>310.6</AltitudeMeters>
            <DistanceMeters>4316.6298828125</DistanceMeters>
            <Extensions>
              <ns3:TPX>
                <ns3:Speed>2.6589999198913574</ns3:Speed>
                <ns3:RunCadence>85</ns3:RunCadence>
              </ns3:TPX>
            </Extensions>
          </Trackpoint>
          <Trackpoint>
            <Time>2021-01-01T23:39:30.000Z</Time>
            <Position>
              <LatitudeDegrees>22.328559251093964</LatitudeDegrees>
              <LongitudeDegrees>114.20452137628223</LongitudeDegrees>
            </Position>
            <AltitudeMeters>311.23</AltitudeMeters>
            <DistanceMeters>4337.330078125</DistanceMeters>
            <Extensions>
              <ns3:TPX>
                <ns3:Speed>2.5850000381469727</ns3:Speed>
                <ns3:RunCadence>86</ns3:RunCadence>
              </ns3:TPX>
            </Extensions>
          </Trackpoint>
          <Trackpoint>
            <Time>2021-01-01T23:39:38.000Z</Time>
            <Position>
              <LatitudeDegrees>22.32837626198231</LatitudeDegrees>
              <LongitudeDegrees>114.20440027982309</LongitudeDegrees>
            </Position>
            <AltitudeMeters>311.21</AltitudeMeters>
            <DistanceMeters>4358.41015625</DistanceMeters>
            <Extensions>
              <ns3:TPX>
                <ns3:Speed>2.6589999198913574</ns3:Speed>
                <ns3:RunCadence>85</ns3:RunCadence>
              </ns3:TPX>
            </Extensions>
          </Trackpoint>
          <Trackpoint>
            <Time>2021-01-01T23:39:46.000Z</Time>
            <Position>
              <LatitudeDegrees>22.328197510754176</LatitudeDegrees>
              <LongitudeDegrees>114.20426498792821</LongitudeDegrees>
            </Position>
            <AltitudeMeters>310.69</AltitudeMeters>
            <DistanceMeters>4379.830078125</DistanceMeters>
            <Extensions>
              <ns3:TPX>
                <ns3:Speed>2.687000036239624</ns3:Speed>
                <ns3:RunCadence>86</ns3:RunCadence>
              </ns3:TPX>
            </Extensions>
          </Trackpoint>
          <Trackpoint>
            <Time>2021-01-01T23:39:54.000Z</Time>
            <Position>
              <LatitudeDegrees>22.328019249390337</LatitudeDegrees>
              <LongitudeDegrees>114.204129290994</LongitudeDegrees>
            </Position>
            <AltitudeMeters>310.96</AltitudeMeters>
            <DistanceMeters>4401.2099609375</DistanceMeters>
            <Extensions>
              <ns3:TPX>
                <ns3:Speed>2.6589999198913574</ns3:Speed>
                <ns3:RunCadence>83</ns3:RunCadence>
              </ns3:TPX>
            </Extensions>
          </Trackpoint>
          <Trackpoint>
            <Time>2021-01-01T23:40:02.000Z</Time>
            <Position>
              <LatitudeDegrees>22.327829432006077</LatitudeDegrees>
              <LongitudeDegrees>114.20401486641565</LongitudeDegrees>
            </Position>
            <AltitudeMeters>310.25</AltitudeMeters>
            <DistanceMeters>4422.64013671875</DistanceMeters>
            <Extensions>
              <ns3:TPX>
                <ns3:Speed>2.697000026702881</ns3:Speed>
                <ns3:RunCadence>85</ns3:RunCadence>
              </ns3:TPX>
            </Extensions>
          </Trackpoint>
          <Trackpoint>
            <Time>2021-01-01T23:40:10.000Z</Time>
            <Position>
              <LatitudeDegrees>22.327671872076074</LatitudeDegrees>
              <LongitudeDegrees>114.2038503629925</LongitudeDegrees>
            </Position>
            <AltitudeMeters>310.66</AltitudeMeters>
            <DistanceMeters>4444.14990234375</DistanceMeters>
            <Extensions>
              <ns3:TPX>
                <ns3:Speed>2.677999973297119</ns3:Speed>
                <ns3:RunCadence>84</ns3:RunCadence>
              </ns3:TPX>
            </Extensions>
          </Trackpoint>
          <Trackpoint>
            <Time>2021-01-01T23:40:18.000Z</Time>
            <Position>
              <LatitudeDegrees>22.327625001785407</LatitudeDegrees>
              <LongitudeDegrees>114.20366981970751</LongitudeDegrees>
            </Position>
            <AltitudeMeters>310.68</AltitudeMeters>
            <DistanceMeters>4465.240234375</DistanceMeters>
            <Extensions>
              <ns3:TPX>
                <ns3:Speed>2.63100004196167</ns3:Speed>
                <ns3:RunCadence>85</ns3:RunCadence>
              </ns3:TPX>
            </Extensions>
          </Trackpoint>
          <Trackpoint>
            <Time>2021-01-01T23:40:26.000Z</Time>
            <Position>
              <LatitudeDegrees>22.327744097937607</LatitudeDegrees>
              <LongitudeDegrees>114.20348108671423</LongitudeDegrees>
            </Position>
            <AltitudeMeters>310.5</AltitudeMeters>
            <DistanceMeters>4486.31005859375</DistanceMeters>
            <Extensions>
              <ns3:TPX>
                <ns3:Speed>2.61299991607666</ns3:Speed>
                <ns3:RunCadence>83</ns3:RunCadence>
              </ns3:TPX>
            </Extensions>
          </Trackpoint>
          <Trackpoint>
            <Time>2021-01-01T23:40:27.000Z</Time>
            <Position>
              <LatitudeDegrees>22.327762845570568</LatitudeDegrees>
              <LongitudeDegrees>114.20346128832898</LongitudeDegrees>
            </Position>
            <AltitudeMeters>310.42</AltitudeMeters>
            <DistanceMeters>4488.8798828125</DistanceMeters>
            <Extensions>
              <ns3:TPX>
                <ns3:Speed>2.575000047683716</ns3:Speed>
                <ns3:RunCadence>79</ns3:RunCadence>
              </ns3:TPX>
            </Extensions>
          </Trackpoint>
          <Trackpoint>
            <Time>2021-01-01T23:40:35.000Z</Time>
            <Position>
              <LatitudeDegrees>22.32790639314895</LatitudeDegrees>
              <LongitudeDegrees>114.2032999451651</LongitudeDegrees>
            </Position>
            <AltitudeMeters>310.33</AltitudeMeters>
            <DistanceMeters>4509.18994140625</DistanceMeters>
            <Extensions>
              <ns3:TPX>
                <ns3:Speed>2.5290000438690186</ns3:Speed>
                <ns3:RunCadence>82</ns3:RunCadence>
              </ns3:TPX>
            </Extensions>
          </Trackpoint>
          <Trackpoint>
            <Time>2021-01-01T23:40:43.000Z</Time>
            <Position>
              <LatitudeDegrees>22.32802622462619</LatitudeDegrees>
              <LongitudeDegrees>114.20311714538447</LongitudeDegrees>
            </Position>
            <AltitudeMeters>310.4</AltitudeMeters>
            <DistanceMeters>4529.60009765625</DistanceMeters>
            <Extensions>
              <ns3:TPX>
                <ns3:Speed>2.575000047683716</ns3:Speed>
                <ns3:RunCadence>85</ns3:RunCadence>
              </ns3:TPX>
            </Extensions>
          </Trackpoint>
          <Trackpoint>
            <Time>2021-01-01T23:40:51.000Z</Time>
            <Position>
              <LatitudeDegrees>22.32812125381105</LatitudeDegrees>
              <LongitudeDegrees>114.20291249980826</LongitudeDegrees>
            </Position>
            <AltitudeMeters>310.23</AltitudeMeters>
            <DistanceMeters>4550.39013671875</DistanceMeters>
            <Extensions>
              <ns3:TPX>
                <ns3:Speed>2.61299991607666</ns3:Speed>
                <ns3:RunCadence>84</ns3:RunCadence>
              </ns3:TPX>
            </Extensions>
          </Trackpoint>
          <Trackpoint>
            <Time>2021-01-01T23:40:59.000Z</Time>
            <Position>
              <LatitudeDegrees>22.32828847580867</LatitudeDegrees>
              <LongitudeDegrees>114.20277335076499</LongitudeDegrees>
            </Position>
            <AltitudeMeters>311.0</AltitudeMeters>
            <DistanceMeters>4571.41015625</DistanceMeters>
            <Extensions>
              <ns3:TPX>
                <ns3:Speed>2.63100004196167</ns3:Speed>
                <ns3:RunCadence>84</ns3:RunCadence>
              </ns3:TPX>
            </Extensions>
          </Trackpoint>
          <Trackpoint>
            <Time>2021-01-01T23:41:07.000Z</Time>
            <Position>
              <LatitudeDegrees>22.328402867890034</LatitudeDegrees>
              <LongitudeDegrees>114.20260230400966</LongitudeDegrees>
            </Position>
            <AltitudeMeters>310.29</AltitudeMeters>
            <DistanceMeters>4592.41015625</DistanceMeters>
            <Extensions>
              <ns3:TPX>
                <ns3:Speed>2.621999979019165</ns3:Speed>
                <ns3:RunCadence>84</ns3:RunCadence>
              </ns3:TPX>
            </Extensions>
          </Trackpoint>
          <Trackpoint>
            <Time>2021-01-01T23:41:15.000Z</Time>
            <Position>
              <LatitudeDegrees>22.328516132954853</LatitudeDegrees>
              <LongitudeDegrees>114.20241550199285</LongitudeDegrees>
            </Position>
            <AltitudeMeters>311.2</AltitudeMeters>
            <DistanceMeters>4613.419921875</DistanceMeters>
            <Extensions>
              <ns3:TPX>
                <ns3:Speed>2.63100004196167</ns3:Speed>
                <ns3:RunCadence>85</ns3:RunCadence>
              </ns3:TPX>
            </Extensions>
          </Trackpoint>
          <Trackpoint>
            <Time>2021-01-01T23:41:23.000Z</Time>
            <Position>
              <LatitudeDegrees>22.32869563842213</LatitudeDegrees>
              <LongitudeDegrees>114.20228621252723</LongitudeDegrees>
            </Position>
            <AltitudeMeters>311.2</AltitudeMeters>
            <DistanceMeters>4634.56982421875</DistanceMeters>
            <Extensions>
              <ns3:TPX>
                <ns3:Speed>2.6589999198913574</ns3:Speed>
                <ns3:RunCadence>86</ns3:RunCadence>
              </ns3:TPX>
            </Extensions>
          </Trackpoint>
          <Trackpoint>
            <Time>2021-01-01T23:41:31.000Z</Time>
            <Position>
              <LatitudeDegrees>22.32887659516715</LatitudeDegrees>
              <LongitudeDegrees>114.20215643172025</LongitudeDegrees>
            </Position>
            <AltitudeMeters>311.18</AltitudeMeters>
            <DistanceMeters>4655.8701171875</DistanceMeters>
            <Extensions>
              <ns3:TPX>
                <ns3:Speed>2.6689999103546143</ns3:Speed>
                <ns3:RunCadence>85</ns3:RunCadence>
              </ns3:TPX>
            </Extensions>
          </Trackpoint>
          <Trackpoint>
            <Time>2021-01-01T23:41:39.000Z</Time>
            <Position>
              <LatitudeDegrees>22.32903454685535</LatitudeDegrees>
              <LongitudeDegrees>114.20199844813725</LongitudeDegrees>
            </Position>
            <AltitudeMeters>310.95</AltitudeMeters>
            <DistanceMeters>4677.16015625</DistanceMeters>
            <Extensions>
              <ns3:TPX>
                <ns3:Speed>2.6589999198913574</ns3:Speed>
                <ns3:RunCadence>83</ns3:RunCadence>
              </ns3:TPX>
            </Extensions>
          </Trackpoint>
          <Trackpoint>
            <Time>2021-01-01T23:41:47.000Z</Time>
            <Position>
              <LatitudeDegrees>22.329170875115533</LatitudeDegrees>
              <LongitudeDegrees>114.20182018545195</LongitudeDegrees>
            </Position>
            <AltitudeMeters>310.8</AltitudeMeters>
            <DistanceMeters>4698.41015625</DistanceMeters>
            <Extensions>
              <ns3:TPX>
                <ns3:Speed>2.6500000953674316</ns3:Speed>
                <ns3:RunCadence>85</ns3:RunCadence>
              </ns3:TPX>
            </Extensions>
          </Trackpoint>
          <Trackpoint>
            <Time>2021-01-01T23:41:55.000Z</Time>
            <Position>
              <LatitudeDegrees>22.32934449117946</LatitudeDegrees>
              <LongitudeDegrees>114.20169610673663</LongitudeDegrees>
            </Position>
            <AltitudeMeters>310.04</AltitudeMeters>
            <DistanceMeters>4719.66015625</DistanceMeters>
            <Extensions>
              <ns3:TPX>
                <ns3:Speed>2.6500000953674316</ns3:Speed>
                <ns3:RunCadence>85</ns3:RunCadence>
              </ns3:TPX>
            </Extensions>
          </Trackpoint>
          <Trackpoint>
            <Time>2021-01-01T23:42:03.000Z</Time>
            <Position>
              <LatitudeDegrees>22.329467597131437</LatitudeDegrees>
              <LongitudeDegrees>114.20150532375715</LongitudeDegrees>
            </Position>
            <AltitudeMeters>310.38</AltitudeMeters>
            <DistanceMeters>4740.89013671875</DistanceMeters>
            <Extensions>
              <ns3:TPX>
                <ns3:Speed>2.6500000953674316</ns3:Speed>
                <ns3:RunCadence>86</ns3:RunCadence>
              </ns3:TPX>
            </Extensions>
          </Trackpoint>
          <Trackpoint>
            <Time>2021-01-01T23:42:11.000Z</Time>
            <Position>
              <LatitudeDegrees>22.329637112770243</LatitudeDegrees>
              <LongitudeDegrees>114.20136218002946</LongitudeDegrees>
            </Position>
            <AltitudeMeters>310.7</AltitudeMeters>
            <DistanceMeters>4762.169921875</DistanceMeters>
            <Extensions>
              <ns3:TPX>
                <ns3:Speed>2.6589999198913574</ns3:Speed>
                <ns3:RunCadence>84</ns3:RunCadence>
              </ns3:TPX>
            </Extensions>
          </Trackpoint>
          <Trackpoint>
            <Time>2021-01-01T23:42:19.000Z</Time>
            <Position>
              <LatitudeDegrees>22.32983805628333</LatitudeDegrees>
              <LongitudeDegrees>114.2012773652441</LongitudeDegrees>
            </Position>
            <AltitudeMeters>310.6</AltitudeMeters>
            <DistanceMeters>4783.43994140625</DistanceMeters>
            <Extensions>
              <ns3:TPX>
                <ns3:Speed>2.6589999198913574</ns3:Speed>
                <ns3:RunCadence>85</ns3:RunCadence>
              </ns3:TPX>
            </Extensions>
          </Trackpoint>
          <Trackpoint>
            <Time>2021-01-01T23:42:27.000Z</Time>
            <Position>
              <LatitudeDegrees>22.330048656243644</LatitudeDegrees>
              <LongitudeDegrees>114.20122978349893</LongitudeDegrees>
            </Position>
            <AltitudeMeters>310.6</AltitudeMeters>
            <DistanceMeters>4804.669921875</DistanceMeters>
            <Extensions>
              <ns3:TPX>
                <ns3:Speed>2.6500000953674316</ns3:Speed>
                <ns3:RunCadence>85</ns3:RunCadence>
              </ns3:TPX>
            </Extensions>
          </Trackpoint>
          <Trackpoint>
            <Time>2021-01-01T23:42:35.000Z</Time>
            <Position>
              <LatitudeDegrees>22.330159377136802</LatitudeDegrees>
              <LongitudeDegrees>114.2010295337837</LongitudeDegrees>
            </Position>
            <AltitudeMeters>310.6</AltitudeMeters>
            <DistanceMeters>4825.830078125</DistanceMeters>
            <Extensions>
              <ns3:TPX>
                <ns3:Speed>2.6410000324249268</ns3:Speed>
                <ns3:RunCadence>85</ns3:RunCadence>
              </ns3:TPX>
            </Extensions>
          </Trackpoint>
          <Trackpoint>
            <Time>2021-01-01T23:42:43.000Z</Time>
            <Position>
              <LatitudeDegrees>22.330323956299733</LatitudeDegrees>
              <LongitudeDegrees>114.20090173882467</LongitudeDegrees>
            </Position>
            <AltitudeMeters>310.55</AltitudeMeters>
            <DistanceMeters>4846.9501953125</DistanceMeters>
            <Extensions>
              <ns3:TPX>
                <ns3:Speed>2.6410000324249268</ns3:Speed>
                <ns3:RunCadence>84</ns3:RunCadence>
              </ns3:TPX>
            </Extensions>
          </Trackpoint>
          <Trackpoint>
            <Time>2021-01-01T23:42:51.000Z</Time>
            <Position>
              <LatitudeDegrees>22.330374765829006</LatitudeDegrees>
              <LongitudeDegrees>114.2006766640027</LongitudeDegrees>
            </Position>
            <AltitudeMeters>310.4</AltitudeMeters>
            <DistanceMeters>4868.169921875</DistanceMeters>
            <Extensions>
              <ns3:TPX>
                <ns3:Speed>2.6589999198913574</ns3:Speed>
                <ns3:RunCadence>85</ns3:RunCadence>
              </ns3:TPX>
            </Extensions>
          </Trackpoint>
          <Trackpoint>
            <Time>2021-01-01T23:42:59.000Z</Time>
            <Position>
              <LatitudeDegrees>22.330418067741306</LatitudeDegrees>
              <LongitudeDegrees>114.20044984336437</LongitudeDegrees>
            </Position>
            <AltitudeMeters>310.56</AltitudeMeters>
            <DistanceMeters>4889.47998046875</DistanceMeters>
            <Extensions>
              <ns3:TPX>
                <ns3:Speed>2.6689999103546143</ns3:Speed>
                <ns3:RunCadence>85</ns3:RunCadence>
              </ns3:TPX>
            </Extensions>
          </Trackpoint>
          <Trackpoint>
            <Time>2021-01-01T23:43:07.000Z</Time>
            <Position>
              <LatitudeDegrees>22.330515206321333</LatitudeDegrees>
              <LongitudeDegrees>114.2002386858684</LongitudeDegrees>
            </Position>
            <AltitudeMeters>310.91</AltitudeMeters>
            <DistanceMeters>4910.9501953125</DistanceMeters>
            <Extensions>
              <ns3:TPX>
                <ns3:Speed>2.697000026702881</ns3:Speed>
                <ns3:RunCadence>85</ns3:RunCadence>
              </ns3:TPX>
            </Extensions>
          </Trackpoint>
          <Trackpoint>
            <Time>2021-01-01T23:43:15.000Z</Time>
            <Position>
              <LatitudeDegrees>22.330563843467534</LatitudeDegrees>
              <LongitudeDegrees>114.20032731761057</LongitudeDegrees>
            </Position>
            <AltitudeMeters>311.07</AltitudeMeters>
            <DistanceMeters>4932.509765625</DistanceMeters>
            <Extensions>
              <ns3:TPX>
                <ns3:Speed>2.687000036239624</ns3:Speed>
                <ns3:RunCadence>85</ns3:RunCadence>
              </ns3:TPX>
            </Extensions>
          </Trackpoint>
          <Trackpoint>
            <Time>2021-01-01T23:43:23.000Z</Time>
            <Position>
              <LatitudeDegrees>22.330673443418252</LatitudeDegrees>
              <LongitudeDegrees>114.20040383419472</LongitudeDegrees>
            </Position>
            <AltitudeMeters>310.39</AltitudeMeters>
            <DistanceMeters>4953.93017578125</DistanceMeters>
            <Extensions>
              <ns3:TPX>
                <ns3:Speed>2.677999973297119</ns3:Speed>
                <ns3:RunCadence>85</ns3:RunCadence>
              </ns3:TPX>
            </Extensions>
          </Trackpoint>
          <Trackpoint>
            <Time>2021-01-01T23:43:31.000Z</Time>
            <Position>
              <LatitudeDegrees>22.330595248768333</LatitudeDegrees>
              <LongitudeDegrees>114.20034757520571</LongitudeDegrees>
            </Position>
            <AltitudeMeters>310.8</AltitudeMeters>
            <DistanceMeters>4975.3798828125</DistanceMeters>
            <Extensions>
              <ns3:TPX>
                <ns3:Speed>2.687000036239624</ns3:Speed>
                <ns3:RunCadence>86</ns3:RunCadence>
              </ns3:TPX>
            </Extensions>
          </Trackpoint>
          <Trackpoint>
            <Time>2021-01-01T23:43:39.000Z</Time>
            <Position>
              <LatitudeDegrees>22.330669791514026</LatitudeDegrees>
              <LongitudeDegrees>114.20031310078413</LongitudeDegrees>
            </Position>
            <AltitudeMeters>310.71</AltitudeMeters>
            <DistanceMeters>4996.990234375</DistanceMeters>
            <Extensions>
              <ns3:TPX>
                <ns3:Speed>2.7149999141693115</ns3:Speed>
                <ns3:RunCadence>84</ns3:RunCadence>
              </ns3:TPX>
            </Extensions>
          </Trackpoint>
          <Trackpoint>
            <Time>2021-01-01T23:43:41.000Z</Time>
            <Position>
              <LatitudeDegrees>22.330617930303614</LatitudeDegrees>
              <LongitudeDegrees>114.20031215036012</LongitudeDegrees>
            </Position>
            <AltitudeMeters>310.81</AltitudeMeters>
            <DistanceMeters>5002.419921875</DistanceMeters>
            <Extensions>
              <ns3:TPX>
                <ns3:Speed>2.7149999141693115</ns3:Speed>
                <ns3:RunCadence>85</ns3:RunCadence>
              </ns3:TPX>
            </Extensions>
          </Trackpoint>
        </Track>
        <Extensions>
          <ns3:LX>
            <ns3:AvgSpeed>2.63100004196167</ns3:AvgSpeed>
            <ns3:AvgRunCadence>82</ns3:AvgRunCadence>
            <ns3:MaxRunCadence>91</ns3:MaxRunCadence>
          </ns3:LX>
        </Extensions>
      </Lap>
      <Lap StartTime="2021-01-01T23:43:42.000Z">
        <TotalTimeSeconds>192.68</TotalTimeSeconds>
        <DistanceMeters>520.05</DistanceMeters>
        <MaximumSpeed>2.7809998989105225</MaximumSpeed>
        <Calories>36</Calories>
        <Intensity>Active</Intensity>
        <TriggerMethod>Manual</TriggerMethod>
        <Track>
          <Trackpoint>
            <Time>2021-01-01T23:43:49.000Z</Time>
            <Position>
              <LatitudeDegrees>22.330446181958592</LatitudeDegrees>
              <LongitudeDegrees>114.2004062217782</LongitudeDegrees>
            </Position>
            <AltitudeMeters>311.03</AltitudeMeters>
            <DistanceMeters>5024.009765625</DistanceMeters>
            <Extensions>
              <ns3:TPX>
                <ns3:Speed>2.687000036239624</ns3:Speed>
                <ns3:RunCadence>86</ns3:RunCadence>
              </ns3:TPX>
            </Extensions>
          </Trackpoint>
          <Trackpoint>
            <Time>2021-01-01T23:43:57.000Z</Time>
            <Position>
              <LatitudeDegrees>22.33022763760452</LatitudeDegrees>
              <LongitudeDegrees>114.20038323406307</LongitudeDegrees>
            </Position>
            <AltitudeMeters>311.1</AltitudeMeters>
            <DistanceMeters>5045.5400390625</DistanceMeters>
            <Extensions>
              <ns3:TPX>
                <ns3:Speed>2.7060000896453857</ns3:Speed>
                <ns3:RunCadence>86</ns3:RunCadence>
              </ns3:TPX>
            </Extensions>
          </Trackpoint>
          <Trackpoint>
            <Time>2021-01-01T23:44:05.000Z</Time>
            <Position>
              <LatitudeDegrees>22.33000777486704</LatitudeDegrees>
              <LongitudeDegrees>114.20036010767302</LongitudeDegrees>
            </Position>
            <AltitudeMeters>311.17</AltitudeMeters>
            <DistanceMeters>5067.2001953125</DistanceMeters>
            <Extensions>
              <ns3:TPX>
                <ns3:Speed>2.697000026702881</ns3:Speed>
                <ns3:RunCadence>86</ns3:RunCadence>
              </ns3:TPX>
            </Extensions>
          </Trackpoint>
          <Trackpoint>
            <Time>2021-01-01T23:44:13.000Z</Time>
            <Position>
              <LatitudeDegrees>22.32985020160862</LatitudeDegrees>
              <LongitudeDegrees>114.20046770822856</LongitudeDegrees>
            </Position>
            <AltitudeMeters>311.2</AltitudeMeters>
            <DistanceMeters>5088.509765625</DistanceMeters>
            <Extensions>
              <ns3:TPX>
                <ns3:Speed>2.6500000953674316</ns3:Speed>
                <ns3:RunCadence>84</ns3:RunCadence>
              </ns3:TPX>
            </Extensions>
          </Trackpoint>
          <Trackpoint>
            <Time>2021-01-01T23:44:21.000Z</Time>
            <Position>
              <LatitudeDegrees>22.329710701860417</LatitudeDegrees>
              <LongitudeDegrees>114.20064558472787</LongitudeDegrees>
            </Position>
            <AltitudeMeters>311.09</AltitudeMeters>
            <DistanceMeters>5109.7099609375</DistanceMeters>
            <Extensions>
              <ns3:TPX>
                <ns3:Speed>2.6500000953674316</ns3:Speed>
                <ns3:RunCadence>85</ns3:RunCadence>
              </ns3:TPX>
            </Extensions>
          </Trackpoint>
          <Trackpoint>
            <Time>2021-01-01T23:44:29.000Z</Time>
            <Position>
              <LatitudeDegrees>22.32953860405801</LatitudeDegrees>
              <LongitudeDegrees>114.20075784817874</LongitudeDegrees>
            </Position>
            <AltitudeMeters>310.95</AltitudeMeters>
            <DistanceMeters>5130.93994140625</DistanceMeters>
            <Extensions>
              <ns3:TPX>
                <ns3:Speed>2.6500000953674316</ns3:Speed>
                <ns3:RunCadence>84</ns3:RunCadence>
              </ns3:TPX>
            </Extensions>
          </Trackpoint>
          <Trackpoint>
            <Time>2021-01-01T23:44:37.000Z</Time>
            <Position>
              <LatitudeDegrees>22.32932201306796</LatitudeDegrees>
              <LongitudeDegrees>114.20076867915714</LongitudeDegrees>
            </Position>
            <AltitudeMeters>310.81</AltitudeMeters>
            <DistanceMeters>5152.2001953125</DistanceMeters>
            <Extensions>
              <ns3:TPX>
                <ns3:Speed>2.6589999198913574</ns3:Speed>
                <ns3:RunCadence>85</ns3:RunCadence>
              </ns3:TPX>
            </Extensions>
          </Trackpoint>
          <Trackpoint>
            <Time>2021-01-01T23:44:45.000Z</Time>
            <Position>
              <LatitudeDegrees>22.329104611248315</LatitudeDegrees>
              <LongitudeDegrees>114.20077955068236</LongitudeDegrees>
            </Position>
            <AltitudeMeters>310.68</AltitudeMeters>
            <DistanceMeters>5173.5400390625</DistanceMeters>
            <Extensions>
              <ns3:TPX>
                <ns3:Speed>2.6689999103546143</ns3:Speed>
                <ns3:RunCadence>86</ns3:RunCadence>
              </ns3:TPX>
            </Extensions>
          </Trackpoint>
          <Trackpoint>
            <Time>2021-01-01T23:44:53.000Z</Time>
            <Position>
              <LatitudeDegrees>22.329056214597337</LatitudeDegrees>
              <LongitudeDegrees>114.20085716182602</LongitudeDegrees>
            </Position>
            <AltitudeMeters>310.95</AltitudeMeters>
            <DistanceMeters>5195.0</DistanceMeters>
            <Extensions>
              <ns3:TPX>
                <ns3:Speed>2.687000036239624</ns3:Speed>
                <ns3:RunCadence>85</ns3:RunCadence>
              </ns3:TPX>
            </Extensions>
          </Trackpoint>
          <Trackpoint>
            <Time>2021-01-01T23:45:01.000Z</Time>
            <Position>
              <LatitudeDegrees>22.32903305724099</LatitudeDegrees>
              <LongitudeDegrees>114.20108487378872</LongitudeDegrees>
            </Position>
            <AltitudeMeters>310.48</AltitudeMeters>
            <DistanceMeters>5216.52978515625</DistanceMeters>
            <Extensions>
              <ns3:TPX>
                <ns3:Speed>2.687000036239624</ns3:Speed>
                <ns3:RunCadence>84</ns3:RunCadence>
              </ns3:TPX>
            </Extensions>
          </Trackpoint>
          <Trackpoint>
            <Time>2021-01-01T23:45:09.000Z</Time>
            <Position>
              <LatitudeDegrees>22.32892144321888</LatitudeDegrees>
              <LongitudeDegrees>114.20128922019973</LongitudeDegrees>
            </Position>
            <AltitudeMeters>310.76</AltitudeMeters>
            <DistanceMeters>5238.1298828125</DistanceMeters>
            <Extensions>
              <ns3:TPX>
                <ns3:Speed>2.7060000896453857</ns3:Speed>
                <ns3:RunCadence>85</ns3:RunCadence>
              </ns3:TPX>
            </Extensions>
          </Trackpoint>
          <Trackpoint>
            <Time>2021-01-01T23:45:17.000Z</Time>
            <Position>
              <LatitudeDegrees>22.328740350861995</LatitudeDegrees>
              <LongitudeDegrees>114.20130530573434</LongitudeDegrees>
            </Position>
            <AltitudeMeters>309.77</AltitudeMeters>
            <DistanceMeters>5259.5</DistanceMeters>
            <Extensions>
              <ns3:TPX>
                <ns3:Speed>2.6410000324249268</ns3:Speed>
                <ns3:RunCadence>84</ns3:RunCadence>
              </ns3:TPX>
            </Extensions>
          </Trackpoint>
          <Trackpoint>
            <Time>2021-01-01T23:45:25.000Z</Time>
            <Position>
              <LatitudeDegrees>22.32856219426318</LatitudeDegrees>
              <LongitudeDegrees>114.2011798106552</LongitudeDegrees>
            </Position>
            <AltitudeMeters>309.63</AltitudeMeters>
            <DistanceMeters>5280.35009765625</DistanceMeters>
            <Extensions>
              <ns3:TPX>
                <ns3:Speed>2.5940001010894775</ns3:Speed>
                <ns3:RunCadence>85</ns3:RunCadence>
              </ns3:TPX>
            </Extensions>
          </Trackpoint>
          <Trackpoint>
            <Time>2021-01-01T23:45:33.000Z</Time>
            <Position>
              <LatitudeDegrees>22.328484238670363</LatitudeDegrees>
              <LongitudeDegrees>114.2011583783535</LongitudeDegrees>
            </Position>
            <AltitudeMeters>310.41</AltitudeMeters>
            <DistanceMeters>5301.2099609375</DistanceMeters>
            <Extensions>
              <ns3:TPX>
                <ns3:Speed>2.61299991607666</ns3:Speed>
                <ns3:RunCadence>85</ns3:RunCadence>
              </ns3:TPX>
            </Extensions>
          </Trackpoint>
          <Trackpoint>
            <Time>2021-01-01T23:45:41.000Z</Time>
            <Position>
              <LatitudeDegrees>22.328630099987908</LatitudeDegrees>
              <LongitudeDegrees>114.20103177010317</LongitudeDegrees>
            </Position>
            <AltitudeMeters>310.0</AltitudeMeters>
            <DistanceMeters>5322.22998046875</DistanceMeters>
            <Extensions>
              <ns3:TPX>
                <ns3:Speed>2.6589999198913574</ns3:Speed>
                <ns3:RunCadence>85</ns3:RunCadence>
              </ns3:TPX>
            </Extensions>
          </Trackpoint>
          <Trackpoint>
            <Time>2021-01-01T23:45:49.000Z</Time>
            <Position>
              <LatitudeDegrees>22.328838264201252</LatitudeDegrees>
              <LongitudeDegrees>114.20109537697397</LongitudeDegrees>
            </Position>
            <AltitudeMeters>310.58</AltitudeMeters>
            <DistanceMeters>5343.85009765625</DistanceMeters>
            <Extensions>
              <ns3:TPX>
                <ns3:Speed>2.7339999675750732</ns3:Speed>
                <ns3:RunCadence>85</ns3:RunCadence>
              </ns3:TPX>
            </Extensions>
          </Trackpoint>
          <Trackpoint>
            <Time>2021-01-01T23:45:57.000Z</Time>
            <Position>
              <LatitudeDegrees>22.328975863114977</LatitudeDegrees>
              <LongitudeDegrees>114.20128671122835</LongitudeDegrees>
            </Position>
            <AltitudeMeters>310.41</AltitudeMeters>
            <DistanceMeters>5365.919921875</DistanceMeters>
            <Extensions>
              <ns3:TPX>
                <ns3:Speed>2.76200008392334</ns3:Speed>
                <ns3:RunCadence>86</ns3:RunCadence>
              </ns3:TPX>
            </Extensions>
          </Trackpoint>
          <Trackpoint>
            <Time>2021-01-01T23:46:05.000Z</Time>
            <Position>
              <LatitudeDegrees>22.32887828804168</LatitudeDegrees>
              <LongitudeDegrees>114.20147492849621</LongitudeDegrees>
            </Position>
            <AltitudeMeters>310.07</AltitudeMeters>
            <DistanceMeters>5388.10009765625</DistanceMeters>
            <Extensions>
              <ns3:TPX>
                <ns3:Speed>2.7809998989105225</ns3:Speed>
                <ns3:RunCadence>85</ns3:RunCadence>
              </ns3:TPX>
            </Extensions>
          </Trackpoint>
          <Trackpoint>
            <Time>2021-01-01T23:46:13.000Z</Time>
            <Position>
              <LatitudeDegrees>22.328677601972952</LatitudeDegrees>
              <LongitudeDegrees>114.20158397015362</LongitudeDegrees>
            </Position>
            <AltitudeMeters>309.52</AltitudeMeters>
            <DistanceMeters>5410.25</DistanceMeters>
            <Extensions>
              <ns3:TPX>
                <ns3:Speed>2.76200008392334</ns3:Speed>
                <ns3:RunCadence>84</ns3:RunCadence>
              </ns3:TPX>
            </Extensions>
          </Trackpoint>
          <Trackpoint>
            <Time>2021-01-01T23:46:21.000Z</Time>
            <Position>
              <LatitudeDegrees>22.32850541999319</LatitudeDegrees>
              <LongitudeDegrees>114.20173475216008</LongitudeDegrees>
            </Position>
            <AltitudeMeters>309.6</AltitudeMeters>
            <DistanceMeters>5432.39990234375</DistanceMeters>
            <Extensions>
              <ns3:TPX>
                <ns3:Speed>2.7709999084472656</ns3:Speed>
                <ns3:RunCadence>85</ns3:RunCadence>
              </ns3:TPX>
            </Extensions>
          </Trackpoint>
          <Trackpoint>
            <Time>2021-01-01T23:46:29.000Z</Time>
            <Position>
              <LatitudeDegrees>22.328372598954537</LatitudeDegrees>
              <LongitudeDegrees>114.20186214326665</LongitudeDegrees>
            </Position>
            <AltitudeMeters>309.48</AltitudeMeters>
            <DistanceMeters>5454.52978515625</DistanceMeters>
            <Extensions>
              <ns3:TPX>
                <ns3:Speed>2.753000020980835</ns3:Speed>
                <ns3:RunCadence>85</ns3:RunCadence>
              </ns3:TPX>
            </Extensions>
          </Trackpoint>
          <Trackpoint>
            <Time>2021-01-01T23:46:37.000Z</Time>
            <Position>
              <LatitudeDegrees>22.32825003666926</LatitudeDegrees>
              <LongitudeDegrees>114.20200301533741</LongitudeDegrees>
            </Position>
            <AltitudeMeters>309.74</AltitudeMeters>
            <DistanceMeters>5476.43994140625</DistanceMeters>
            <Extensions>
              <ns3:TPX>
                <ns3:Speed>2.7249999046325684</ns3:Speed>
                <ns3:RunCadence>84</ns3:RunCadence>
              </ns3:TPX>
            </Extensions>
          </Trackpoint>
          <Trackpoint>
            <Time>2021-01-01T23:46:45.000Z</Time>
            <Position>
              <LatitudeDegrees>22.32827673615169</LatitudeDegrees>
              <LongitudeDegrees>114.20224160433169</LongitudeDegrees>
            </Position>
            <AltitudeMeters>310.18</AltitudeMeters>
            <DistanceMeters>5498.240234375</DistanceMeters>
            <Extensions>
              <ns3:TPX>
                <ns3:Speed>2.7249999046325684</ns3:Speed>
                <ns3:RunCadence>86</ns3:RunCadence>
              </ns3:TPX>
            </Extensions>
          </Trackpoint>
          <Trackpoint>
            <Time>2021-01-01T23:46:53.000Z</Time>
            <Position>
              <LatitudeDegrees>22.328176853295478</LatitudeDegrees>
              <LongitudeDegrees>114.20245304516231</LongitudeDegrees>
            </Position>
            <AltitudeMeters>310.0</AltitudeMeters>
            <DistanceMeters>5520.0498046875</DistanceMeters>
            <Extensions>
              <ns3:TPX>
                <ns3:Speed>2.7249999046325684</ns3:Speed>
                <ns3:RunCadence>85</ns3:RunCadence>
              </ns3:TPX>
            </Extensions>
          </Trackpoint>
        </Track>
        <Extensions>
          <ns3:LX>
            <ns3:AvgSpeed>2.6989998817443848</ns3:AvgSpeed>
            <ns3:AvgRunCadence>85</ns3:AvgRunCadence>
            <ns3:MaxRunCadence>87</ns3:MaxRunCadence>
          </ns3:LX>
        </Extensions>
      </Lap>
      <Notes>ROUTE RECONSTRUCTED: no GPS was recorded for this activity. Coordinates were projected from the accelerometer distance onto the GPS track of activity 6188052022 (2021-01-27) using mode "scale". Generated by 06_RepairMissingRoutes.py.</Notes>
      <Creator xsi:type="Device_t">
        <Name>fēnix 3</Name>
        <UnitId>3913938328</UnitId>
        <ProductID>2050</ProductID>
        <Version>
          <VersionMajor>9</VersionMajor>
          <VersionMinor>40</VersionMinor>
          <BuildMajor>0</BuildMajor>
          <BuildMinor>0</BuildMinor>
        </Version>
      </Creator>
    </Activity>
  </Activities>
  <Author xsi:type="Application_t">
    <Name>Connect Api</Name>
    <Build>
      <Version>
        <VersionMajor>0</VersionMajor>
        <VersionMinor>0</VersionMinor>
        <BuildMajor>0</BuildMajor>
        <BuildMinor>0</BuildMinor>
      </Version>
    </Build>
    <LangID>en</LangID>
    <PartNumber>006-D2449-00</PartNumber>
  </Author>
</TrainingCenterDatabase>
