<?xml version="1.0" encoding="UTF-8"?>
<TrainingCenterDatabase
  xsi:schemaLocation="http://www.garmin.com/xmlschemas/TrainingCenterDatabase/v2 http://www.garmin.com/xmlschemas/TrainingCenterDatabasev2.xsd"
  xmlns:ns5="http://www.garmin.com/xmlschemas/ActivityGoals/v1"
  xmlns:ns3="http://www.garmin.com/xmlschemas/ActivityExtension/v2"
  xmlns:ns2="http://www.garmin.com/xmlschemas/UserProfile/v2"
  xmlns="http://www.garmin.com/xmlschemas/TrainingCenterDatabase/v2"
  xmlns:xsi="http://www.w3.org/2001/XMLSchema-instance" xmlns:ns4="http://www.garmin.com/xmlschemas/ProfileExtension/v1">
  <Activities>
    <Activity Sport="Running">
      <Id>2021-01-04T22:24:06.000Z</Id>
      <Lap StartTime="2021-01-04T22:24:06.000Z">
        <TotalTimeSeconds>367.505</TotalTimeSeconds>
        <DistanceMeters>1000.0</DistanceMeters>
        <MaximumSpeed>2.930000066757202</MaximumSpeed>
        <Calories>70</Calories>
        <Intensity>Active</Intensity>
        <TriggerMethod>Manual</TriggerMethod>
        <Track>
          <Trackpoint>
            <Time>2021-01-04T22:24:06.000Z</Time>
            <Position>
              <LatitudeDegrees>22.328443060517696</LatitudeDegrees>
              <LongitudeDegrees>114.20833780753732</LongitudeDegrees>
            </Position>
            <AltitudeMeters>311.26</AltitudeMeters>
            <DistanceMeters>1.649999976158142</DistanceMeters>
            <Extensions>
              <ns3:TPX>
                <ns3:Speed>1.6519999504089355</ns3:Speed>
                <ns3:RunCadence>58</ns3:RunCadence>
              </ns3:TPX>
            </Extensions>
          </Trackpoint>
          <Trackpoint>
            <Time>2021-01-04T22:24:17.000Z</Time>
            <Position>
              <LatitudeDegrees>22.328278367247755</LatitudeDegrees>
              <LongitudeDegrees>114.2082193719786</LongitudeDegrees>
            </Position>
            <AltitudeMeters>311.2</AltitudeMeters>
            <DistanceMeters>22.3799991607666</DistanceMeters>
            <Extensions>
              <ns3:TPX>
                <ns3:Speed>2.5850000381469727</ns3:Speed>
                <ns3:RunCadence>85</ns3:RunCadence>
              </ns3:TPX>
            </Extensions>
          </Trackpoint>
          <Trackpoint>
            <Time>2021-01-04T22:24:25.000Z</Time>
            <Position>
              <LatitudeDegrees>22.328491355194576</LatitudeDegrees>
              <LongitudeDegrees>114.20818616925023</LongitudeDegrees>
            </Position>
            <AltitudeMeters>311.81</AltitudeMeters>
            <DistanceMeters>44.08000183105469</DistanceMeters>
            <Extensions>
              <ns3:TPX>
                <ns3:Speed>2.7339999675750732</ns3:Speed>
                <ns3:RunCadence>85</ns3:RunCadence>
              </ns3:TPX>
            </Extensions>
          </Trackpoint>
          <Trackpoint>
            <Time>2021-01-04T22:24:33.000Z</Time>
            <Position>
              <LatitudeDegrees>22.32871125612083</LatitudeDegrees>
              <LongitudeDegrees>114.20811533766299</LongitudeDegrees>
            </Position>
            <AltitudeMeters>311.2</AltitudeMeters>
            <DistanceMeters>66.31999969482422</DistanceMeters>
            <Extensions>
              <ns3:TPX>
                <ns3:Speed>2.7990000247955322</ns3:Speed>
                <ns3:RunCadence>85</ns3:RunCadence>
              </ns3:TPX>
            </Extensions>
          </Trackpoint>
          <Trackpoint>
            <Time>2021-01-04T22:24:41.000Z</Time>
            <Position>
              <LatitudeDegrees>22.32894319139397</LatitudeDegrees>
              <LongitudeDegrees>114.20808770386874</LongitudeDegrees>
            </Position>
            <AltitudeMeters>311.2</AltitudeMeters>
            <DistanceMeters>88.87000274658203</DistanceMeters>
            <Extensions>
              <ns3:TPX>
                <ns3:Speed>2.8369998931884766</ns3:Speed>
                <ns3:RunCadence>86</ns3:RunCadence>
              </ns3:TPX>
            </Extensions>
          </Trackpoint>
          <Trackpoint>
            <Time>2021-01-04T22:24:49.000Z</Time>
            <Position>
              <LatitudeDegrees>22.32917796765787</LatitudeDegrees>
              <LongitudeDegrees>114.2080627961488</LongitudeDegrees>
            </Position>
            <AltitudeMeters>311.23</AltitudeMeters>
            <DistanceMeters>111.68000030517578</DistanceMeters>
            <Extensions>
              <ns3:TPX>
                <ns3:Speed>2.865000009536743</ns3:Speed>
                <ns3:RunCadence>87</ns3:RunCadence>
              </ns3:TPX>
            </Extensions>
          </Trackpoint>
          <Trackpoint>
            <Time>2021-01-04T22:24:56.000Z</Time>
            <Position>
              <LatitudeDegrees>22.329387472152668</LatitudeDegrees>
              <LongitudeDegrees>114.20806786024595</LongitudeDegrees>
            </Position>
            <AltitudeMeters>311.37</AltitudeMeters>
            <DistanceMeters>131.99000549316406</DistanceMeters>
            <Extensions>
              <ns3:TPX>
                <ns3:Speed>2.9110000133514404</ns3:Speed>
                <ns3:RunCadence>86</ns3:RunCadence>
              </ns3:TPX>
            </Extensions>
          </Trackpoint>
          <Trackpoint>
            <Time>2021-01-04T22:25:03.000Z</Time>
            <Position>
              <LatitudeDegrees>22.329594987591225</LatitudeDegrees>
              <LongitudeDegrees>114.20810629631809</LongitudeDegrees>
            </Position>
            <AltitudeMeters>311.2</AltitudeMeters>
            <DistanceMeters>152.3800048828125</DistanceMeters>
            <Extensions>
              <ns3:TPX>
                <ns3:Speed>2.9019999504089355</ns3:Speed>
                <ns3:RunCadence>87</ns3:RunCadence>
              </ns3:TPX>
            </Extensions>
          </Trackpoint>
          <Trackpoint>
            <Time>2021-01-04T22:25:10.000Z</Time>
            <Position>
              <LatitudeDegrees>22.329806336752416</LatitudeDegrees>
              <LongitudeDegrees>114.20811096447106</LongitudeDegrees>
            </Position>
            <AltitudeMeters>311.16</AltitudeMeters>
            <DistanceMeters>172.82000732421875</DistanceMeters>
            <Extensions>
              <ns3:TPX>
                <ns3:Speed>2.9210000038146973</ns3:Speed>
                <ns3:RunCadence>87</ns3:RunCadence>
              </ns3:TPX>
            </Extensions>
          </Trackpoint>
          <Trackpoint>
            <Time>2021-01-04T22:25:17.000Z</Time>
            <Position>
              <LatitudeDegrees>22.330016216622422</LatitudeDegrees>
              <LongitudeDegrees>114.20809496395924</LongitudeDegrees>
            </Position>
            <AltitudeMeters>311.0</AltitudeMeters>
            <DistanceMeters>193.17999267578125</DistanceMeters>
            <Extensions>
              <ns3:TPX>
                <ns3:Speed>2.8929998874664307</ns3:Speed>
                <ns3:RunCadence>86</ns3:RunCadence>
              </ns3:TPX>
            </Extensions>
          </Trackpoint>
          <Trackpoint>
            <Time>2021-01-04T22:25:24.000Z</Time>
            <Position>
              <LatitudeDegrees>22.33022201098233</LatitudeDegrees>
              <LongitudeDegrees>114.20806081562296</LongitudeDegrees>
            </Position>
            <AltitudeMeters>310.93</AltitudeMeters>
            <DistanceMeters>213.32000732421875</DistanceMeters>
            <Extensions>
              <ns3:TPX>
                <ns3:Speed>2.865000009536743</ns3:Speed>
                <ns3:RunCadence>86</ns3:RunCadence>
              </ns3:TPX>
            </Extensions>
          </Trackpoint>
          <Trackpoint>
            <Time>2021-01-04T22:25:32.000Z</Time>
            <Position>
              <LatitudeDegrees>22.330422080277646</LatitudeDegrees>
              <LongitudeDegrees>114.2079576657332</LongitudeDegrees>
            </Position>
            <AltitudeMeters>311.0</AltitudeMeters>
            <DistanceMeters>236.02999877929688</DistanceMeters>
            <Extensions>
              <ns3:TPX>
                <ns3:Speed>2.818000078201294</ns3:Speed>
                <ns3:RunCadence>86</ns3:RunCadence>
              </ns3:TPX>
            </Extensions>
          </Trackpoint>
          <Trackpoint>
            <Time>2021-01-04T22:25:40.000Z</Time>
            <Position>
              <LatitudeDegrees>22.330563530728398</LatitudeDegrees>
              <LongitudeDegrees>114.20777146525528</LongitudeDegrees>
            </Position>
            <AltitudeMeters>311.11</AltitudeMeters>
            <DistanceMeters>258.5</DistanceMeters>
            <Extensions>
              <ns3:TPX>
                <ns3:Speed>2.818000078201294</ns3:Speed>
                <ns3:RunCadence>86</ns3:RunCadence>
              </ns3:TPX>
            </Extensions>
          </Trackpoint>
          <Trackpoint>
            <Time>2021-01-04T22:25:48.000Z</Time>
            <Position>
              <LatitudeDegrees>22.330667105125958</LatitudeDegrees>
              <LongitudeDegrees>114.20755573413598</LongitudeDegrees>
            </Position>
            <AltitudeMeters>311.2</AltitudeMeters>
            <DistanceMeters>280.9700012207031</DistanceMeters>
            <Extensions>
              <ns3:TPX>
                <ns3:Speed>2.7990000247955322</ns3:Speed>
                <ns3:RunCadence>86</ns3:RunCadence>
              </ns3:TPX>
            </Extensions>
          </Trackpoint>
          <Trackpoint>
            <Time>2021-01-04T22:25:56.000Z</Time>
            <Position>
              <LatitudeDegrees>22.330714589723065</LatitudeDegrees>
              <LongitudeDegrees>114.20733943576725</LongitudeDegrees>
            </Position>
            <AltitudeMeters>311.36</AltitudeMeters>
            <DistanceMeters>303.2699890136719</DistanceMeters>
            <Extensions>
              <ns3:TPX>
                <ns3:Speed>2.7809998989105225</ns3:Speed>
                <ns3:RunCadence>86</ns3:RunCadence>
              </ns3:TPX>
            </Extensions>
          </Trackpoint>
          <Trackpoint>
            <Time>2021-01-04T22:26:04.000Z</Time>
            <Position>
              <LatitudeDegrees>22.330847040385315</LatitudeDegrees>
              <LongitudeDegrees>114.20714215746062</LongitudeDegrees>
            </Position>
            <AltitudeMeters>311.04</AltitudeMeters>
            <DistanceMeters>325.489990234375</DistanceMeters>
            <Extensions>
              <ns3:TPX>
                <ns3:Speed>2.7809998989105225</ns3:Speed>
                <ns3:RunCadence>84</ns3:RunCadence>
              </ns3:TPX>
            </Extensions>
          </Trackpoint>
          <Trackpoint>
            <Time>2021-01-04T22:26:12.000Z</Time>
            <Position>
              <LatitudeDegrees>22.331000907309146</LatitudeDegrees>
              <LongitudeDegrees>114.20695900038228</LongitudeDegrees>
            </Position>
            <AltitudeMeters>311.2</AltitudeMeters>
            <DistanceMeters>347.6199951171875</DistanceMeters>
            <Extensions>
              <ns3:TPX>
                <ns3:Speed>2.76200008392334</ns3:Speed>
                <ns3:RunCadence>85</ns3:RunCadence>
              </ns3:TPX>
            </Extensions>
          </Trackpoint>
          <Trackpoint>
            <Time>2021-01-04T22:26:20.000Z</Time>
            <Position>
              <LatitudeDegrees>22.331196769037575</LatitudeDegrees>
              <LongitudeDegrees>114.20683595580107</LongitudeDegrees>
            </Position>
            <AltitudeMeters>311.41</AltitudeMeters>
            <DistanceMeters>369.6600036621094</DistanceMeters>
            <Extensions>
              <ns3:TPX>
                <ns3:Speed>2.76200008392334</ns3:Speed>
                <ns3:RunCadence>85</ns3:RunCadence>
              </ns3:TPX>
            </Extensions>
          </Trackpoint>
          <Trackpoint>
            <Time>2021-01-04T22:26:28.000Z</Time>
            <Position>
              <LatitudeDegrees>22.331328802858305</LatitudeDegrees>
              <LongitudeDegrees>114.20663590687798</LongitudeDegrees>
            </Position>
            <AltitudeMeters>311.72</AltitudeMeters>
            <DistanceMeters>391.7799987792969</DistanceMeters>
            <Extensions>
              <ns3:TPX>
                <ns3:Speed>2.76200008392334</ns3:Speed>
                <ns3:RunCadence>83</ns3:RunCadence>
              </ns3:TPX>
            </Extensions>
          </Trackpoint>
          <Trackpoint>
            <Time>2021-01-04T22:26:36.000Z</Time>
            <Position>
              <LatitudeDegrees>22.331424584730563</LatitudeDegrees>
              <LongitudeDegrees>114.20643606135245</LongitudeDegrees>
            </Position>
            <AltitudeMeters>312.6</AltitudeMeters>
            <DistanceMeters>413.7099914550781</DistanceMeters>
            <Extensions>
              <ns3:TPX>
                <ns3:Speed>2.7339999675750732</ns3:Speed>
                <ns3:RunCadence>85</ns3:RunCadence>
              </ns3:TPX>
            </Extensions>
          </Trackpoint>
          <Trackpoint>
            <Time>2021-01-04T22:26:44.000Z</Time>
            <Position>
              <LatitudeDegrees>22.33126615956845</LatitudeDegrees>
              <LongitudeDegrees>114.20626382291582</LongitudeDegrees>
            </Position>
            <AltitudeMeters>312.48</AltitudeMeters>
            <DistanceMeters>435.5199890136719</DistanceMeters>
            <Extensions>
              <ns3:TPX>
                <ns3:Speed>2.7149999141693115</ns3:Speed>
                <ns3:RunCadence>85</ns3:RunCadence>
              </ns3:TPX>
            </Extensions>
          </Trackpoint>
          <Trackpoint>
            <Time>2021-01-04T22:26:48.000Z</Time>
            <Position>
              <LatitudeDegrees>22.331282098192094</LatitudeDegrees>
              <LongitudeDegrees>114.20616127017672</LongitudeDegrees>
            </Position>
            <AltitudeMeters>312.6</AltitudeMeters>
            <DistanceMeters>446.42999267578125</DistanceMeters>
            <Extensions>
              <ns3:TPX>
                <ns3:Speed>2.7339999675750732</ns3:Speed>
                <ns3:RunCadence>85</ns3:RunCadence>
              </ns3:TPX>
            </Extensions>
          </Trackpoint>
          <Trackpoint>
            <Time>2021-01-04T22:26:56.000Z</Time>
            <Position>
              <LatitudeDegrees>22.331389655544683</LatitudeDegrees>
              <LongitudeDegrees>114.20595108302675</LongitudeDegrees>
            </Position>
            <AltitudeMeters>313.06</AltitudeMeters>
            <DistanceMeters>468.25</DistanceMeters>
            <Extensions>
              <ns3:TPX>
                <ns3:Speed>2.7249999046325684</ns3:Speed>
                <ns3:RunCadence>87</ns3:RunCadence>
              </ns3:TPX>
            </Extensions>
          </Trackpoint>
          <Trackpoint>
            <Time>2021-01-04T22:27:04.000Z</Time>
            <Position>
              <LatitudeDegrees>22.331456674839703</LatitudeDegrees>
              <LongitudeDegrees>114.20572282364574</LongitudeDegrees>
            </Position>
            <AltitudeMeters>312.33</AltitudeMeters>
            <DistanceMeters>490.04998779296875</DistanceMeters>
            <Extensions>
              <ns3:TPX>
                <ns3:Speed>2.7249999046325684</ns3:Speed>
                <ns3:RunCadence>84</ns3:RunCadence>
              </ns3:TPX>
            </Extensions>
          </Trackpoint>
          <Trackpoint>
            <Time>2021-01-04T22:27:12.000Z</Time>
            <Position>
              <LatitudeDegrees>22.331297971960357</LatitudeDegrees>
              <LongitudeDegrees>114.20555805999021</LongitudeDegrees>
            </Position>
            <AltitudeMeters>312.08</AltitudeMeters>
            <DistanceMeters>511.7200012207031</DistanceMeters>
            <Extensions>
              <ns3:TPX>
                <ns3:Speed>2.7060000896453857</ns3:Speed>
                <ns3:RunCadence>85</ns3:RunCadence>
              </ns3:TPX>
            </Extensions>
          </Trackpoint>
          <Trackpoint>
            <Time>2021-01-04T22:27:20.000Z</Time>
            <Position>
              <LatitudeDegrees>22.331127587137516</LatitudeDegrees>
              <LongitudeDegrees>114.20540184833771</LongitudeDegrees>
            </Position>
            <AltitudeMeters>312.67</AltitudeMeters>
            <DistanceMeters>533.3099975585938</DistanceMeters>
            <Extensions>
              <ns3:TPX>
                <ns3:Speed>2.697000026702881</ns3:Speed>
                <ns3:RunCadence>85</ns3:RunCadence>
              </ns3:TPX>
            </Extensions>
          </Trackpoint>
          <Trackpoint>
            <Time>2021-01-04T22:27:28.000Z</Time>
            <Position>
              <LatitudeDegrees>22.3311449278896</LatitudeDegrees>
              <LongitudeDegrees>114.20519758643864</LongitudeDegrees>
            </Position>
            <AltitudeMeters>312.72</AltitudeMeters>
            <DistanceMeters>554.5700073242188</DistanceMeters>
            <Extensions>
              <ns3:TPX>
                <ns3:Speed>2.6500000953674316</ns3:Speed>
                <ns3:RunCadence>84</ns3:RunCadence>
              </ns3:TPX>
            </Extensions>
          </Trackpoint>
          <Trackpoint>
            <Time>2021-01-04T22:27:36.000Z</Time>
            <Position>
              <LatitudeDegrees>22.33129305773073</LatitudeDegrees>
              <LongitudeDegrees>114.20502296622446</LongitudeDegrees>
            </Position>
            <AltitudeMeters>312.24</AltitudeMeters>
            <DistanceMeters>575.75</DistanceMeters>
            <Extensions>
              <ns3:TPX>
                <ns3:Speed>2.6589999198913574</ns3:Speed>
                <ns3:RunCadence>86</ns3:RunCadence>
              </ns3:TPX>
            </Extensions>
          </Trackpoint>
          <Trackpoint>
            <Time>2021-01-04T22:27:44.000Z</Time>
            <Position>
              <LatitudeDegrees>22.331304672418234</LatitudeDegrees>
              <LongitudeDegrees>114.20479028777672</LongitudeDegrees>
            </Position>
            <AltitudeMeters>312.2</AltitudeMeters>
            <DistanceMeters>597.0900268554688</DistanceMeters>
            <Extensions>
              <ns3:TPX>
                <ns3:Speed>2.6689999103546143</ns3:Speed>
                <ns3:RunCadence>83</ns3:RunCadence>
              </ns3:TPX>
            </Extensions>
          </Trackpoint>
          <Trackpoint>
            <Time>2021-01-04T22:27:52.000Z</Time>
            <Position>
              <LatitudeDegrees>22.331165213514165</LatitudeDegrees>
              <LongitudeDegrees>114.20460404594039</LongitudeDegrees>
            </Position>
            <AltitudeMeters>312.04</AltitudeMeters>
            <DistanceMeters>618.510009765625</DistanceMeters>
            <Extensions>
              <ns3:TPX>
                <ns3:Speed>2.697000026702881</ns3:Speed>
                <ns3:RunCadence>84</ns3:RunCadence>
              </ns3:TPX>
            </Extensions>
          </Trackpoint>
          <Trackpoint>
            <Time>2021-01-04T22:28:00.000Z</Time>
            <Position>
              <LatitudeDegrees>22.331184780609068</LatitudeDegrees>
              <LongitudeDegrees>114.20444415275593</LongitudeDegrees>
            </Position>
            <AltitudeMeters>312.04</AltitudeMeters>
            <DistanceMeters>640.010009765625</DistanceMeters>
            <Extensions>
              <ns3:TPX>
                <ns3:Speed>2.677999973297119</ns3:Speed>
                <ns3:RunCadence>84</ns3:RunCadence>
              </ns3:TPX>
            </Extensions>
          </Trackpoint>
          <Trackpoint>
            <Time>2021-01-04T22:28:08.000Z</Time>
            <Position>
              <LatitudeDegrees>22.3313934925913</LatitudeDegrees>
              <LongitudeDegrees>114.20451831058563</LongitudeDegrees>
            </Position>
            <AltitudeMeters>312.26</AltitudeMeters>
            <DistanceMeters>661.4299926757812</DistanceMeters>
            <Extensions>
              <ns3:TPX>
                <ns3:Speed>2.677999973297119</ns3:Speed>
                <ns3:RunCadence>85</ns3:RunCadence>
              </ns3:TPX>
            </Extensions>
          </Trackpoint>
          <Trackpoint>
            <Time>2021-01-04T22:28:16.000Z</Time>
            <Position>
              <LatitudeDegrees>22.331614133892813</LatitudeDegrees>
              <LongitudeDegrees>114.20453933098759</LongitudeDegrees>
            </Position>
            <AltitudeMeters>312.32</AltitudeMeters>
            <DistanceMeters>682.8400268554688</DistanceMeters>
            <Extensions>
              <ns3:TPX>
                <ns3:Speed>2.6689999103546143</ns3:Speed>
                <ns3:RunCadence>87</ns3:RunCadence>
              </ns3:TPX>
            </Extensions>
          </Trackpoint>
          <Trackpoint>
            <Time>2021-01-04T22:28:24.000Z</Time>
            <Position>
              <LatitudeDegrees>22.331836126236432</LatitudeDegrees>
              <LongitudeDegrees>114.20453458315545</LongitudeDegrees>
            </Position>
            <AltitudeMeters>312.42</AltitudeMeters>
            <DistanceMeters>704.3699951171875</DistanceMeters>
            <Extensions>
              <ns3:TPX>
                <ns3:Speed>2.7149999141693115</ns3:Speed>
                <ns3:RunCadence>85</ns3:RunCadence>
              </ns3:TPX>
            </Extensions>
          </Trackpoint>
          <Trackpoint>
            <Time>2021-01-04T22:28:32.000Z</Time>
            <Position>
              <LatitudeDegrees>22.332059215437226</LatitudeDegrees>
              <LongitudeDegrees>114.20450703281055</LongitudeDegrees>
            </Position>
            <AltitudeMeters>312.51</AltitudeMeters>
            <DistanceMeters>726.0700073242188</DistanceMeters>
            <Extensions>
              <ns3:TPX>
                <ns3:Speed>2.7060000896453857</ns3:Speed>
                <ns3:RunCadence>87</ns3:RunCadence>
              </ns3:TPX>
            </Extensions>
          </Trackpoint>
          <Trackpoint>
            <Time>2021-01-04T22:28:40.000Z</Time>
            <Position>
              <LatitudeDegrees>22.332283000036096</LatitudeDegrees>
              <LongitudeDegrees>114.20447816979265</LongitudeDegrees>
            </Position>
            <AltitudeMeters>312.36</AltitudeMeters>
            <DistanceMeters>747.8499755859375</DistanceMeters>
            <Extensions>
              <ns3:TPX>
                <ns3:Speed>2.743000030517578</ns3:Speed>
                <ns3:RunCadence>86</ns3:RunCadence>
              </ns3:TPX>
            </Extensions>
          </Trackpoint>
          <Trackpoint>
            <Time>2021-01-04T22:28:48.000Z</Time>
            <Position>
              <LatitudeDegrees>22.33250791533847</LatitudeDegrees>
              <LongitudeDegrees>114.20444916094023</LongitudeDegrees>
            </Position>
            <AltitudeMeters>312.2</AltitudeMeters>
            <DistanceMeters>769.739990234375</DistanceMeters>
            <Extensions>
              <ns3:TPX>
                <ns3:Speed>2.743000030517578</ns3:Speed>
                <ns3:RunCadence>87</ns3:RunCadence>
              </ns3:TPX>
            </Extensions>
          </Trackpoint>
          <Trackpoint>
            <Time>2021-01-04T22:28:56.000Z</Time>
            <Position>
              <LatitudeDegrees>22.3327313964923</LatitudeDegrees>
              <LongitudeDegrees>114.20440060623328</LongitudeDegrees>
            </Position>
            <AltitudeMeters>312.45</AltitudeMeters>
            <DistanceMeters>791.77001953125</DistanceMeters>
            <Extensions>
              <ns3:TPX>
                <ns3:Speed>2.753000020980835</ns3:Speed>
                <ns3:RunCadence>86</ns3:RunCadence>
              </ns3:TPX>
            </Extensions>
          </Trackpoint>
          <Trackpoint>
            <Time>2021-01-04T22:29:04.000Z</Time>
            <Position>
              <LatitudeDegrees>22.332934666483833</LatitudeDegrees>
              <LongitudeDegrees>114.20443611336366</LongitudeDegrees>
            </Position>
            <AltitudeMeters>312.34</AltitudeMeters>
            <DistanceMeters>813.7899780273438</DistanceMeters>
            <Extensions>
              <ns3:TPX>
                <ns3:Speed>2.753000020980835</ns3:Speed>
                <ns3:RunCadence>87</ns3:RunCadence>
              </ns3:TPX>
            </Extensions>
          </Trackpoint>
          <Trackpoint>
            <Time>2021-01-04T22:29:12.000Z</Time>
            <Position>
              <LatitudeDegrees>22.333129983780072</LatitudeDegrees>
              <LongitudeDegrees>114.20453940965909</LongitudeDegrees>
            </Position>
            <AltitudeMeters>312.1</AltitudeMeters>
            <DistanceMeters>835.530029296875</DistanceMeters>
            <Extensions>
              <ns3:TPX>
                <ns3:Speed>2.7060000896453857</ns3:Speed>
                <ns3:RunCadence>85</ns3:RunCadence>
              </ns3:TPX>
            </Extensions>
          </Trackpoint>
          <Trackpoint>
            <Time>2021-01-04T22:29:20.000Z</Time>
            <Position>
              <LatitudeDegrees>22.33334693672277</LatitudeDegrees>
              <LongitudeDegrees>114.20457851371461</LongitudeDegrees>
            </Position>
            <AltitudeMeters>312.2</AltitudeMeters>
            <DistanceMeters>856.7899780273438</DistanceMeters>
            <Extensions>
              <ns3:TPX>
                <ns3:Speed>2.6410000324249268</ns3:Speed>
                <ns3:RunCadence>84</ns3:RunCadence>
              </ns3:TPX>
            </Extensions>
          </Trackpoint>
          <Trackpoint>
            <Time>2021-01-04T22:29:28.000Z</Time>
            <Position>
              <LatitudeDegrees>22.33356689167076</LatitudeDegrees>
              <LongitudeDegrees>114.20459869776587</LongitudeDegrees>
            </Position>
            <AltitudeMeters>311.87</AltitudeMeters>
            <DistanceMeters>878.1599731445312</DistanceMeters>
            <Extensions>
              <ns3:TPX>
                <ns3:Speed>2.677999973297119</ns3:Speed>
                <ns3:RunCadence>85</ns3:RunCadence>
              </ns3:TPX>
            </Extensions>
          </Trackpoint>
          <Trackpoint>
            <Time>2021-01-04T22:29:36.000Z</Time>
            <Position>
              <LatitudeDegrees>22.333789006181785</LatitudeDegrees>
              <LongitudeDegrees>114.20458165376894</LongitudeDegrees>
            </Position>
            <AltitudeMeters>312.02</AltitudeMeters>
            <DistanceMeters>899.75</DistanceMeters>
            <Extensions>
              <ns3:TPX>
                <ns3:Speed>2.7060000896453857</ns3:Speed>
                <ns3:RunCadence>84</ns3:RunCadence>
              </ns3:TPX>
            </Extensions>
          </Trackpoint>
          <Trackpoint>
            <Time>2021-01-04T22:29:44.000Z</Time>
            <Position>
              <LatitudeDegrees>22.334011471439215</LatitudeDegrees>
              <LongitudeDegrees>114.2045842497177</LongitudeDegrees>
            </Position>
            <AltitudeMeters>311.84</AltitudeMeters>
            <DistanceMeters>921.3300170898438</DistanceMeters>
            <Extensions>
              <ns3:TPX>
                <ns3:Speed>2.697000026702881</ns3:Speed>
                <ns3:RunCadence>84</ns3:RunCadence>
              </ns3:TPX>
            </Extensions>
          </Trackpoint>
          <Trackpoint>
            <Time>2021-01-04T22:29:52.000Z</Time>
            <Position>
              <LatitudeDegrees>22.334235664580902</LatitudeDegrees>
              <LongitudeDegrees>114.20459271497748</LongitudeDegrees>
            </Position>
            <AltitudeMeters>311.8</AltitudeMeters>
            <DistanceMeters>943.010009765625</DistanceMeters>
            <Extensions>
              <ns3:TPX>
                <ns3:Speed>2.7249999046325684</ns3:Speed>
                <ns3:RunCadence>85</ns3:RunCadence>
              </ns3:TPX>
            </Extensions>
          </Trackpoint>
          <Trackpoint>
            <Time>2021-01-04T22:30:00.000Z</Time>
            <Position>
              <LatitudeDegrees>22.334461847691625</LatitudeDegrees>
              <LongitudeDegrees>114.20459301870781</LongitudeDegrees>
            </Position>
            <AltitudeMeters>312.48</AltitudeMeters>
            <DistanceMeters>964.8699951171875</DistanceMeters>
            <Extensions>
              <ns3:TPX>
                <ns3:Speed>2.7249999046325684</ns3:Speed>
                <ns3:RunCadence>83</ns3:RunCadence>
              </ns3:TPX>
            </Extensions>
          </Trackpoint>
          <Trackpoint>
            <Time>2021-01-04T22:30:08.000Z</Time>
            <Position>
              <LatitudeDegrees>22.33468643985054</LatitudeDegrees>
              <LongitudeDegrees>114.20460213419393</LongitudeDegrees>
            </Position>
            <AltitudeMeters>312.22</AltitudeMeters>
            <DistanceMeters>986.5900268554688</DistanceMeters>
            <Extensions>
              <ns3:TPX>
                <ns3:Speed>2.7060000896453857</ns3:Speed>
                <ns3:RunCadence>83</ns3:RunCadence>
              </ns3:TPX>
            </Extensions>
          </Trackpoint>
          <Trackpoint>
            <Time>2021-01-04T22:30:13.000Z</Time>
            <Position>
              <LatitudeDegrees>22.334822244962385</LatitudeDegrees>
              <LongitudeDegrees>114.20456729948064</LongitudeDegrees>
            </Position>
            <AltitudeMeters>312.2</AltitudeMeters>
            <DistanceMeters>1000.1199951171875</DistanceMeters>
            <Extensions>
              <ns3:TPX>
                <ns3:Speed>2.7060000896453857</ns3:Speed>
                <ns3:RunCadence>84</ns3:RunCadence>
              </ns3:TPX>
            </Extensions>
          </Trackpoint>
        </Track>
        <Extensions>
          <ns3:LX>
            <ns3:AvgSpeed>2.7209999561309814</ns3:AvgSpeed>
            <ns3:AvgRunCadence>85</ns3:AvgRunCadence>
            <ns3:MaxRunCadence>88</ns3:MaxRunCadence>
          </ns3:LX>
        </Extensions>
      </Lap>
      <Lap StartTime="2021-01-04T22:30:14.000Z">
        <TotalTimeSeconds>374.082</TotalTimeSeconds>
        <DistanceMeters>1000.0</DistanceMeters>
        <MaximumSpeed>2.7899999618530273</MaximumSpeed>
        <Calories>70</Calories>
        <Intensity>Active</Intensity>
        <TriggerMethod>Manual</TriggerMethod>
        <Track>
          <Trackpoint>
            <Time>2021-01-04T22:30:21.000Z</Time>
            <Position>
              <LatitudeDegrees>22.334865392561436</LatitudeDegrees>
              <LongitudeDegrees>114.20447759176074</LongitudeDegrees>
            </Position>
            <AltitudeMeters>312.0</AltitudeMeters>
            <DistanceMeters>1021.8900146484375</DistanceMeters>
            <Extensions>
              <ns3:TPX>
                <ns3:Speed>2.7339999675750732</ns3:Speed>
                <ns3:RunCadence>85</ns3:RunCadence>
              </ns3:TPX>
            </Extensions>
          </Trackpoint>
          <Trackpoint>
            <Time>2021-01-04T22:30:29.000Z</Time>
            <Position>
              <LatitudeDegrees>22.334776305786736</LatitudeDegrees>
              <LongitudeDegrees>114.20426353848701</LongitudeDegrees>
            </Position>
            <AltitudeMeters>312.9</AltitudeMeters>
            <DistanceMeters>1043.719970703125</DistanceMeters>
            <Extensions>
              <ns3:TPX>
                <ns3:Speed>2.7339999675750732</ns3:Speed>
                <ns3:RunCadence>85</ns3:RunCadence>
              </ns3:TPX>
            </Extensions>
          </Trackpoint>
          <Trackpoint>
            <Time>2021-01-04T22:30:30.000Z</Time>
            <Position>
              <LatitudeDegrees>22.334750428464304</LatitudeDegrees>
              <LongitudeDegrees>114.20425128980011</LongitudeDegrees>
            </Position>
            <AltitudeMeters>312.81</AltitudeMeters>
            <DistanceMeters>1046.449951171875</DistanceMeters>
            <Extensions>
              <ns3:TPX>
                <ns3:Speed>2.7339999675750732</ns3:Speed>
                <ns3:RunCadence>85</ns3:RunCadence>
              </ns3:TPX>
            </Extensions>
          </Trackpoint>
          <Trackpoint>
            <Time>2021-01-04T22:30:38.000Z</Time>
            <Position>
              <LatitudeDegrees>22.334562587697175</LatitudeDegrees>
              <LongitudeDegrees>114.20412011049743</LongitudeDegrees>
            </Position>
            <AltitudeMeters>312.76</AltitudeMeters>
            <DistanceMeters>1068.3900146484375</DistanceMeters>
            <Extensions>
              <ns3:TPX>
                <ns3:Speed>2.743000030517578</ns3:Speed>
                <ns3:RunCadence>85</ns3:RunCadence>
              </ns3:TPX>
            </Extensions>
          </Trackpoint>
          <Trackpoint>
            <Time>2021-01-04T22:30:45.000Z</Time>
            <Position>
              <LatitudeDegrees>22.33459070647533</LatitudeDegrees>
              <LongitudeDegrees>114.20395684043201</LongitudeDegrees>
            </Position>
            <AltitudeMeters>313.17</AltitudeMeters>
            <DistanceMeters>1087.5899658203125</DistanceMeters>
            <Extensions>
              <ns3:TPX>
                <ns3:Speed>2.7339999675750732</ns3:Speed>
                <ns3:RunCadence>85</ns3:RunCadence>
              </ns3:TPX>
            </Extensions>
          </Trackpoint>
          <Trackpoint>
            <Time>2021-01-04T22:30:53.000Z</Time>
            <Position>
              <LatitudeDegrees>22.334735447680742</LatitudeDegrees>
              <LongitudeDegrees>114.20377107089314</LongitudeDegrees>
            </Position>
            <AltitudeMeters>313.55</AltitudeMeters>
            <DistanceMeters>1109.4100341796875</DistanceMeters>
            <Extensions>
              <ns3:TPX>
                <ns3:Speed>2.7249999046325684</ns3:Speed>
                <ns3:RunCadence>85</ns3:RunCadence>
              </ns3:TPX>
            </Extensions>
          </Trackpoint>
          <Trackpoint>
            <Time>2021-01-04T22:31:01.000Z</Time>
            <Position>
              <LatitudeDegrees>22.334872746353255</LatitudeDegrees>
              <LongitudeDegrees>114.20357768478081</LongitudeDegrees>
            </Position>
            <AltitudeMeters>313.4</AltitudeMeters>
            <DistanceMeters>1131.280029296875</DistanceMeters>
            <Extensions>
              <ns3:TPX>
                <ns3:Speed>2.7339999675750732</ns3:Speed>
                <ns3:RunCadence>86</ns3:RunCadence>
              </ns3:TPX>
            </Extensions>
          </Trackpoint>
          <Trackpoint>
            <Time>2021-01-04T22:31:09.000Z</Time>
            <Position>
              <LatitudeDegrees>22.33504390637811</LatitudeDegrees>
              <LongitudeDegrees>114.20341977929534</LongitudeDegrees>
            </Position>
            <AltitudeMeters>313.31</AltitudeMeters>
            <DistanceMeters>1153.1500244140625</DistanceMeters>
            <Extensions>
              <ns3:TPX>
                <ns3:Speed>2.7339999675750732</ns3:Speed>
                <ns3:RunCadence>85</ns3:RunCadence>
              </ns3:TPX>
            </Extensions>
          </Trackpoint>
          <Trackpoint>
            <Time>2021-01-04T22:31:17.000Z</Time>
            <Position>
              <LatitudeDegrees>22.335168434575884</LatitudeDegrees>
              <LongitudeDegrees>114.20322590804857</LongitudeDegrees>
            </Position>
            <AltitudeMeters>312.6</AltitudeMeters>
            <DistanceMeters>1175.1500244140625</DistanceMeters>
            <Extensions>
              <ns3:TPX>
                <ns3:Speed>2.76200008392334</ns3:Speed>
                <ns3:RunCadence>85</ns3:RunCadence>
              </ns3:TPX>
            </Extensions>
          </Trackpoint>
          <Trackpoint>
            <Time>2021-01-04T22:31:25.000Z</Time>
            <Position>
              <LatitudeDegrees>22.33504652656973</LatitudeDegrees>
              <LongitudeDegrees>114.2030769376236</LongitudeDegrees>
            </Position>
            <AltitudeMeters>312.6</AltitudeMeters>
            <DistanceMeters>1197.3699951171875</DistanceMeters>
            <Extensions>
              <ns3:TPX>
                <ns3:Speed>2.76200008392334</ns3:Speed>
                <ns3:RunCadence>85</ns3:RunCadence>
              </ns3:TPX>
            </Extensions>
          </Trackpoint>
          <Trackpoint>
            <Time>2021-01-04T22:31:33.000Z</Time>
            <Position>
              <LatitudeDegrees>22.33487667902553</LatitudeDegrees>
              <LongitudeDegrees>114.20293049369283</LongitudeDegrees>
            </Position>
            <AltitudeMeters>312.76</AltitudeMeters>
            <DistanceMeters>1219.3299560546875</DistanceMeters>
            <Extensions>
              <ns3:TPX>
                <ns3:Speed>2.7339999675750732</ns3:Speed>
                <ns3:RunCadence>83</ns3:RunCadence>
              </ns3:TPX>
            </Extensions>
          </Trackpoint>
          <Trackpoint>
            <Time>2021-01-04T22:31:41.000Z</Time>
            <Position>
              <LatitudeDegrees>22.33482230565403</LatitudeDegrees>
              <LongitudeDegrees>114.20278258316546</LongitudeDegrees>
            </Position>
            <AltitudeMeters>313.2</AltitudeMeters>
            <DistanceMeters>1241.0400390625</DistanceMeters>
            <Extensions>
              <ns3:TPX>
                <ns3:Speed>2.697000026702881</ns3:Speed>
                <ns3:RunCadence>82</ns3:RunCadence>
              </ns3:TPX>
            </Extensions>
          </Trackpoint>
          <Trackpoint>
            <Time>2021-01-04T22:31:49.000Z</Time>
            <Position>
              <LatitudeDegrees>22.33469379465513</LatitudeDegrees>
              <LongitudeDegrees>114.20264561613567</LongitudeDegrees>
            </Position>
            <AltitudeMeters>313.04</AltitudeMeters>
            <DistanceMeters>1262.6199951171875</DistanceMeters>
            <Extensions>
              <ns3:TPX>
                <ns3:Speed>2.697000026702881</ns3:Speed>
                <ns3:RunCadence>83</ns3:RunCadence>
              </ns3:TPX>
            </Extensions>
          </Trackpoint>
          <Trackpoint>
            <Time>2021-01-04T22:31:57.000Z</Time>
            <Position>
              <LatitudeDegrees>22.334761782245305</LatitudeDegrees>
              <LongitudeDegrees>114.20241669484406</LongitudeDegrees>
            </Position>
            <AltitudeMeters>312.6</AltitudeMeters>
            <DistanceMeters>1284.1400146484375</DistanceMeters>
            <Extensions>
              <ns3:TPX>
                <ns3:Speed>2.687000036239624</ns3:Speed>
                <ns3:RunCadence>84</ns3:RunCadence>
              </ns3:TPX>
            </Extensions>
          </Trackpoint>
          <Trackpoint>
            <Time>2021-01-04T22:32:05.000Z</Time>
            <Position>
              <LatitudeDegrees>22.33480591200886</LatitudeDegrees>
              <LongitudeDegrees>114.20218201091718</LongitudeDegrees>
            </Position>
            <AltitudeMeters>312.68</AltitudeMeters>
            <DistanceMeters>1305.5699462890625</DistanceMeters>
            <Extensions>
              <ns3:TPX>
                <ns3:Speed>2.677999973297119</ns3:Speed>
                <ns3:RunCadence>84</ns3:RunCadence>
              </ns3:TPX>
            </Extensions>
          </Trackpoint>
          <Trackpoint>
            <Time>2021-01-04T22:32:13.000Z</Time>
            <Position>
              <LatitudeDegrees>22.334776354121992</LatitudeDegrees>
              <LongitudeDegrees>114.20195326226315</LongitudeDegrees>
            </Position>
            <AltitudeMeters>312.69</AltitudeMeters>
            <DistanceMeters>1327.0400390625</DistanceMeters>
            <Extensions>
              <ns3:TPX>
                <ns3:Speed>2.677999973297119</ns3:Speed>
                <ns3:RunCadence>84</ns3:RunCadence>
              </ns3:TPX>
            </Extensions>
          </Trackpoint>
          <Trackpoint>
            <Time>2021-01-04T22:32:21.000Z</Time>
            <Position>
              <LatitudeDegrees>22.334797776065724</LatitudeDegrees>
              <LongitudeDegrees>114.2017986946156</LongitudeDegrees>
            </Position>
            <AltitudeMeters>312.65</AltitudeMeters>
            <DistanceMeters>1348.5</DistanceMeters>
            <Extensions>
              <ns3:TPX>
                <ns3:Speed>2.687000036239624</ns3:Speed>
                <ns3:RunCadence>82</ns3:RunCadence>
              </ns3:TPX>
            </Extensions>
          </Trackpoint>
          <Trackpoint>
            <Time>2021-01-04T22:32:29.000Z</Time>
            <Position>
              <LatitudeDegrees>22.334909472819316</LatitudeDegrees>
              <LongitudeDegrees>114.20174716796365</LongitudeDegrees>
            </Position>
            <AltitudeMeters>312.32</AltitudeMeters>
            <DistanceMeters>1369.77001953125</DistanceMeters>
            <Extensions>
              <ns3:TPX>
                <ns3:Speed>2.6410000324249268</ns3:Speed>
                <ns3:RunCadence>84</ns3:RunCadence>
              </ns3:TPX>
            </Extensions>
          </Trackpoint>
          <Trackpoint>
            <Time>2021-01-04T22:32:37.000Z</Time>
            <Position>
              <LatitudeDegrees>22.334877766191124</LatitudeDegrees>
              <LongitudeDegrees>114.20151359663276</LongitudeDegrees>
            </Position>
            <AltitudeMeters>312.26</AltitudeMeters>
            <DistanceMeters>1390.9100341796875</DistanceMeters>
            <Extensions>
              <ns3:TPX>
                <ns3:Speed>2.6500000953674316</ns3:Speed>
                <ns3:RunCadence>84</ns3:RunCadence>
              </ns3:TPX>
            </Extensions>
          </Trackpoint>
          <Trackpoint>
            <Time>2021-01-04T22:32:45.000Z</Time>
            <Position>
              <LatitudeDegrees>22.334849886601145</LatitudeDegrees>
              <LongitudeDegrees>114.20127734313637</LongitudeDegrees>
            </Position>
            <AltitudeMeters>312.33</AltitudeMeters>
            <DistanceMeters>1412.199951171875</DistanceMeters>
            <Extensions>
              <ns3:TPX>
                <ns3:Speed>2.677999973297119</ns3:Speed>
                <ns3:RunCadence>84</ns3:RunCadence>
              </ns3:TPX>
            </Extensions>
          </Trackpoint>
          <Trackpoint>
            <Time>2021-01-04T22:32:53.000Z</Time>
            <Position>
              <LatitudeDegrees>22.334822116041074</LatitudeDegrees>
              <LongitudeDegrees>114.20104383242838</LongitudeDegrees>
            </Position>
            <AltitudeMeters>312.4</AltitudeMeters>
            <DistanceMeters>1433.5799560546875</DistanceMeters>
            <Extensions>
              <ns3:TPX>
                <ns3:Speed>2.6589999198913574</ns3:Speed>
                <ns3:RunCadence>83</ns3:RunCadence>
              </ns3:TPX>
            </Extensions>
          </Trackpoint>
          <Trackpoint>
            <Time>2021-01-04T22:33:01.000Z</Time>
            <Position>
              <LatitudeDegrees>22.334691009881578</LatitudeDegrees>
              <LongitudeDegrees>114.20101035917752</LongitudeDegrees>
            </Position>
            <AltitudeMeters>312.06</AltitudeMeters>
            <DistanceMeters>1454.8499755859375</DistanceMeters>
            <Extensions>
              <ns3:TPX>
                <ns3:Speed>2.6589999198913574</ns3:Speed>
                <ns3:RunCadence>83</ns3:RunCadence>
              </ns3:TPX>
            </Extensions>
          </Trackpoint>
          <Trackpoint>
            <Time>2021-01-04T22:33:09.000Z</Time>
            <Position>
              <LatitudeDegrees>22.334570487022503</LatitudeDegrees>
              <LongitudeDegrees>114.20081936761176</LongitudeDegrees>
            </Position>
            <AltitudeMeters>312.39</AltitudeMeters>
            <DistanceMeters>1476.050048828125</DistanceMeters>
            <Extensions>
              <ns3:TPX>
                <ns3:Speed>2.6500000953674316</ns3:Speed>
                <ns3:RunCadence>83</ns3:RunCadence>
              </ns3:TPX>
            </Extensions>
          </Trackpoint>
          <Trackpoint>
            <Time>2021-01-04T22:33:17.000Z</Time>
            <Position>
              <LatitudeDegrees>22.33450554259576</LatitudeDegrees>
              <LongitudeDegrees>114.2005930769925</LongitudeDegrees>
            </Position>
            <AltitudeMeters>312.2</AltitudeMeters>
            <DistanceMeters>1497.3499755859375</DistanceMeters>
            <Extensions>
              <ns3:TPX>
                <ns3:Speed>2.6689999103546143</ns3:Speed>
                <ns3:RunCadence>83</ns3:RunCadence>
              </ns3:TPX>
            </Extensions>
          </Trackpoint>
          <Trackpoint>
            <Time>2021-01-04T22:33:25.000Z</Time>
            <Position>
              <LatitudeDegrees>22.33440077872709</LatitudeDegrees>
              <LongitudeDegrees>114.20040890659499</LongitudeDegrees>
            </Position>
            <AltitudeMeters>312.29</AltitudeMeters>
            <DistanceMeters>1518.75</DistanceMeters>
            <Extensions>
              <ns3:TPX>
                <ns3:Speed>2.677999973297119</ns3:Speed>
                <ns3:RunCadence>84</ns3:RunCadence>
              </ns3:TPX>
            </Extensions>
          </Trackpoint>
          <Trackpoint>
            <Time>2021-01-04T22:33:33.000Z</Time>
            <Position>
              <LatitudeDegrees>22.334287477853596</LatitudeDegrees>
              <LongitudeDegrees>114.20024402345688</LongitudeDegrees>
            </Position>
            <AltitudeMeters>312.4</AltitudeMeters>
            <DistanceMeters>1540.1300048828125</DistanceMeters>
            <Extensions>
              <ns3:TPX>
                <ns3:Speed>2.6589999198913574</ns3:Speed>
                <ns3:RunCadence>84</ns3:RunCadence>
              </ns3:TPX>
            </Extensions>
          </Trackpoint>
          <Trackpoint>
            <Time>2021-01-04T22:33:41.000Z</Time>
            <Position>
              <LatitudeDegrees>22.334114967622657</LatitudeDegrees>
              <LongitudeDegrees>114.20026510217129</LongitudeDegrees>
            </Position>
            <AltitudeMeters>312.27</AltitudeMeters>
            <DistanceMeters>1561.3299560546875</DistanceMeters>
            <Extensions>
              <ns3:TPX>
                <ns3:Speed>2.6589999198913574</ns3:Speed>
                <ns3:RunCadence>84</ns3:RunCadence>
              </ns3:TPX>
            </Extensions>
          </Trackpoint>
          <Trackpoint>
            <Time>2021-01-04T22:33:49.000Z</Time>
            <Position>
              <LatitudeDegrees>22.333943238172484</LatitudeDegrees>
              <LongitudeDegrees>114.20041603541273</LongitudeDegrees>
            </Position>
            <AltitudeMeters>311.64</AltitudeMeters>
            <DistanceMeters>1582.719970703125</DistanceMeters>
            <Extensions>
              <ns3:TPX>
                <ns3:Speed>2.6589999198913574</ns3:Speed>
                <ns3:RunCadence>83</ns3:RunCadence>
              </ns3:TPX>
            </Extensions>
          </Trackpoint>
          <Trackpoint>
            <Time>2021-01-04T22:33:51.000Z</Time>
            <Position>
              <LatitudeDegrees>22.333898601276882</LatitudeDegrees>
              <LongitudeDegrees>114.20045044034416</LongitudeDegrees>
            </Position>
            <AltitudeMeters>311.6</AltitudeMeters>
            <DistanceMeters>1588.02001953125</DistanceMeters>
            <Extensions>
              <ns3:TPX>
                <ns3:Speed>2.6500000953674316</ns3:Speed>
                <ns3:RunCadence>83</ns3:RunCadence>
              </ns3:TPX>
            </Extensions>
          </Trackpoint>
          <Trackpoint>
            <Time>2021-01-04T22:33:59.000Z</Time>
            <Position>
              <LatitudeDegrees>22.333718264865414</LatitudeDegrees>
              <LongitudeDegrees>114.20058643454993</LongitudeDegrees>
            </Position>
            <AltitudeMeters>311.69</AltitudeMeters>
            <DistanceMeters>1609.27001953125</DistanceMeters>
            <Extensions>
              <ns3:TPX>
                <ns3:Speed>2.6589999198913574</ns3:Speed>
                <ns3:RunCadence>84</ns3:RunCadence>
              </ns3:TPX>
            </Extensions>
          </Trackpoint>
          <Trackpoint>
            <Time>2021-01-04T22:34:07.000Z</Time>
            <Position>
              <LatitudeDegrees>22.333537185529742</LatitudeDegrees>
              <LongitudeDegrees>114.20072325905076</LongitudeDegrees>
            </Position>
            <AltitudeMeters>312.0</AltitudeMeters>
            <DistanceMeters>1630.6300048828125</DistanceMeters>
            <Extensions>
              <ns3:TPX>
                <ns3:Speed>2.677999973297119</ns3:Speed>
                <ns3:RunCadence>84</ns3:RunCadence>
              </ns3:TPX>
            </Extensions>
          </Trackpoint>
          <Trackpoint>
            <Time>2021-01-04T22:34:15.000Z</Time>
            <Position>
              <LatitudeDegrees>22.33335750786446</LatitudeDegrees>
              <LongitudeDegrees>114.20085419276973</LongitudeDegrees>
            </Position>
            <AltitudeMeters>312.0</AltitudeMeters>
            <DistanceMeters>1651.6199951171875</DistanceMeters>
            <Extensions>
              <ns3:TPX>
                <ns3:Speed>2.63100004196167</ns3:Speed>
                <ns3:RunCadence>84</ns3:RunCadence>
              </ns3:TPX>
            </Extensions>
          </Trackpoint>
          <Trackpoint>
            <Time>2021-01-04T22:34:17.000Z</Time>
            <Position>
              <LatitudeDegrees>22.33331865199926</LatitudeDegrees>
              <LongitudeDegrees>114.20089555782245</LongitudeDegrees>
            </Position>
            <AltitudeMeters>312.0</AltitudeMeters>
            <DistanceMeters>1656.8900146484375</DistanceMeters>
            <Extensions>
              <ns3:TPX>
                <ns3:Speed>2.63100004196167</ns3:Speed>
                <ns3:RunCadence>84</ns3:RunCadence>
              </ns3:TPX>
            </Extensions>
          </Trackpoint>
          <Trackpoint>
            <Time>2021-01-04T22:34:25.000Z</Time>
            <Position>
              <LatitudeDegrees>22.33314207727747</LatitudeDegrees>
              <LongitudeDegrees>114.20102920275079</LongitudeDegrees>
            </Position>
            <AltitudeMeters>311.54</AltitudeMeters>
            <DistanceMeters>1678.0</DistanceMeters>
            <Extensions>
              <ns3:TPX>
                <ns3:Speed>2.6410000324249268</ns3:Speed>
                <ns3:RunCadence>84</ns3:RunCadence>
              </ns3:TPX>
            </Extensions>
          </Trackpoint>
          <Trackpoint>
            <Time>2021-01-04T22:34:33.000Z</Time>
            <Position>
              <LatitudeDegrees>22.333088798772287</LatitudeDegrees>
              <LongitudeDegrees>114.20084835197272</LongitudeDegrees>
            </Position>
            <AltitudeMeters>311.49</AltitudeMeters>
            <DistanceMeters>1699.219970703125</DistanceMeters>
            <Extensions>
              <ns3:TPX>
                <ns3:Speed>2.6689999103546143</ns3:Speed>
                <ns3:RunCadence>84</ns3:RunCadence>
              </ns3:TPX>
            </Extensions>
          </Trackpoint>
          <Trackpoint>
            <Time>2021-01-04T22:34:41.000Z</Time>
            <Position>
              <LatitudeDegrees>22.333063270073087</LatitudeDegrees>
              <LongitudeDegrees>114.20061156438224</LongitudeDegrees>
            </Position>
            <AltitudeMeters>311.61</AltitudeMeters>
            <DistanceMeters>1720.530029296875</DistanceMeters>
            <Extensions>
              <ns3:TPX>
                <ns3:Speed>2.6589999198913574</ns3:Speed>
                <ns3:RunCadence>84</ns3:RunCadence>
              </ns3:TPX>
            </Extensions>
          </Trackpoint>
          <Trackpoint>
            <Time>2021-01-04T22:34:49.000Z</Time>
            <Position>
              <LatitudeDegrees>22.33303780133061</LatitudeDegrees>
              <LongitudeDegrees>114.20037533291138</LongitudeDegrees>
            </Position>
            <AltitudeMeters>311.72</AltitudeMeters>
            <DistanceMeters>1741.7900390625</DistanceMeters>
            <Extensions>
              <ns3:TPX>
                <ns3:Speed>2.6500000953674316</ns3:Speed>
                <ns3:RunCadence>84</ns3:RunCadence>
              </ns3:TPX>
            </Extensions>
          </Trackpoint>
          <Trackpoint>
            <Time>2021-01-04T22:34:57.000Z</Time>
            <Position>
              <LatitudeDegrees>22.333012416527566</LatitudeDegrees>
              <LongitudeDegrees>114.20013988000795</LongitudeDegrees>
            </Position>
            <AltitudeMeters>311.83</AltitudeMeters>
            <DistanceMeters>1762.97998046875</DistanceMeters>
            <Extensions>
              <ns3:TPX>
                <ns3:Speed>2.6500000953674316</ns3:Speed>
                <ns3:RunCadence>84</ns3:RunCadence>
              </ns3:TPX>
            </Extensions>
          </Trackpoint>
          <Trackpoint>
            <Time>2021-01-04T22:35:05.000Z</Time>
            <Position>
              <LatitudeDegrees>22.332987031578284</LatitudeDegrees>
              <LongitudeDegrees>114.19990442574814</LongitudeDegrees>
            </Position>
            <AltitudeMeters>311.95</AltitudeMeters>
            <DistanceMeters>1784.1700439453125</DistanceMeters>
            <Extensions>
              <ns3:TPX>
                <ns3:Speed>2.6500000953674316</ns3:Speed>
                <ns3:RunCadence>83</ns3:RunCadence>
              </ns3:TPX>
            </Extensions>
          </Trackpoint>
          <Trackpoint>
            <Time>2021-01-04T22:35:13.000Z</Time>
            <Position>
              <LatitudeDegrees>22.33296168274928</LatitudeDegrees>
              <LongitudeDegrees>114.19966930651648</LongitudeDegrees>
            </Position>
            <AltitudeMeters>312.06</AltitudeMeters>
            <DistanceMeters>1805.3299560546875</DistanceMeters>
            <Extensions>
              <ns3:TPX>
                <ns3:Speed>2.6410000324249268</ns3:Speed>
                <ns3:RunCadence>83</ns3:RunCadence>
              </ns3:TPX>
            </Extensions>
          </Trackpoint>
          <Trackpoint>
            <Time>2021-01-04T22:35:21.000Z</Time>
            <Position>
              <LatitudeDegrees>22.332936285808646</LatitudeDegrees>
              <LongitudeDegrees>114.19943374103276</LongitudeDegrees>
            </Position>
            <AltitudeMeters>312.17</AltitudeMeters>
            <DistanceMeters>1826.530029296875</DistanceMeters>
            <Extensions>
              <ns3:TPX>
                <ns3:Speed>2.6589999198913574</ns3:Speed>
                <ns3:RunCadence>83</ns3:RunCadence>
              </ns3:TPX>
            </Extensions>
          </Trackpoint>
          <Trackpoint>
            <Time>2021-01-04T22:35:29.000Z</Time>
            <Position>
              <LatitudeDegrees>22.332965200097824</LatitudeDegrees>
              <LongitudeDegrees>114.19920079253514</LongitudeDegrees>
            </Position>
            <AltitudeMeters>312.15</AltitudeMeters>
            <DistanceMeters>1847.760009765625</DistanceMeters>
            <Extensions>
              <ns3:TPX>
                <ns3:Speed>2.6410000324249268</ns3:Speed>
                <ns3:RunCadence>83</ns3:RunCadence>
              </ns3:TPX>
            </Extensions>
          </Trackpoint>
          <Trackpoint>
            <Time>2021-01-04T22:35:37.000Z</Time>
            <Position>
              <LatitudeDegrees>22.33301204574928</LatitudeDegrees>
              <LongitudeDegrees>114.19897036381117</LongitudeDegrees>
            </Position>
            <AltitudeMeters>312.07</AltitudeMeters>
            <DistanceMeters>1868.8499755859375</DistanceMeters>
            <Extensions>
              <ns3:TPX>
                <ns3:Speed>2.6410000324249268</ns3:Speed>
                <ns3:RunCadence>84</ns3:RunCadence>
              </ns3:TPX>
            </Extensions>
          </Trackpoint>
          <Trackpoint>
            <Time>2021-01-04T22:35:45.000Z</Time>
            <Position>
              <LatitudeDegrees>22.33305869156601</LatitudeDegrees>
              <LongitudeDegrees>114.19874091805272</LongitudeDegrees>
            </Position>
            <AltitudeMeters>312.0</AltitudeMeters>
            <DistanceMeters>1889.8499755859375</DistanceMeters>
            <Extensions>
              <ns3:TPX>
                <ns3:Speed>2.6410000324249268</ns3:Speed>
                <ns3:RunCadence>84</ns3:RunCadence>
              </ns3:TPX>
            </Extensions>
          </Trackpoint>
          <Trackpoint>
            <Time>2021-01-04T22:35:53.000Z</Time>
            <Position>
              <LatitudeDegrees>22.33310553721746</LatitudeDegrees>
              <LongitudeDegrees>114.19851048932875</LongitudeDegrees>
            </Position>
            <AltitudeMeters>311.93</AltitudeMeters>
            <DistanceMeters>1910.93994140625</DistanceMeters>
            <Extensions>
              <ns3:TPX>
                <ns3:Speed>2.63100004196167</ns3:Speed>
                <ns3:RunCadence>83</ns3:RunCadence>
              </ns3:TPX>
            </Extensions>
          </Trackpoint>
          <Trackpoint>
            <Time>2021-01-04T22:36:01.000Z</Time>
            <Position>
              <LatitudeDegrees>22.333152360906073</LatitudeDegrees>
              <LongitudeDegrees>114.19828016863762</LongitudeDegrees>
            </Position>
            <AltitudeMeters>311.85</AltitudeMeters>
            <DistanceMeters>1932.02001953125</DistanceMeters>
            <Extensions>
              <ns3:TPX>
                <ns3:Speed>2.63100004196167</ns3:Speed>
                <ns3:RunCadence>82</ns3:RunCadence>
              </ns3:TPX>
            </Extensions>
          </Trackpoint>
          <Trackpoint>
            <Time>2021-01-04T22:36:09.000Z</Time>
            <Position>
              <LatitudeDegrees>22.33321866814536</LatitudeDegrees>
              <LongitudeDegrees>114.19806335262432</LongitudeDegrees>
            </Position>
            <AltitudeMeters>311.9</AltitudeMeters>
            <DistanceMeters>1952.780029296875</DistanceMeters>
            <Extensions>
              <ns3:TPX>
                <ns3:Speed>2.556999921798706</ns3:Speed>
                <ns3:RunCadence>84</ns3:RunCadence>
              </ns3:TPX>
            </Extensions>
          </Trackpoint>
          <Trackpoint>
            <Time>2021-01-04T22:36:17.000Z</Time>
            <Position>
              <LatitudeDegrees>22.333364514808352</LatitudeDegrees>
              <LongitudeDegrees>114.1978998121833</LongitudeDegrees>
            </Position>
            <AltitudeMeters>312.16</AltitudeMeters>
            <DistanceMeters>1973.510009765625</DistanceMeters>
            <Extensions>
              <ns3:TPX>
                <ns3:Speed>2.621999979019165</ns3:Speed>
                <ns3:RunCadence>84</ns3:RunCadence>
              </ns3:TPX>
            </Extensions>
          </Trackpoint>
          <Trackpoint>
            <Time>2021-01-04T22:36:25.000Z</Time>
            <Position>
              <LatitudeDegrees>22.33355865934583</LatitudeDegrees>
              <LongitudeDegrees>114.19779206558813</LongitudeDegrees>
            </Position>
            <AltitudeMeters>312.03</AltitudeMeters>
            <DistanceMeters>1994.5999755859375</DistanceMeters>
            <Extensions>
              <ns3:TPX>
                <ns3:Speed>2.6500000953674316</ns3:Speed>
                <ns3:RunCadence>83</ns3:RunCadence>
              </ns3:TPX>
            </Extensions>
          </Trackpoint>
          <Trackpoint>
            <Time>2021-01-04T22:36:28.000Z</Time>
            <Position>
              <LatitudeDegrees>22.333631751922855</LatitudeDegrees>
              <LongitudeDegrees>114.19775150057194</LongitudeDegrees>
            </Position>
            <AltitudeMeters>311.98</AltitudeMeters>
            <DistanceMeters>2002.5400390625</DistanceMeters>
            <Extensions>
              <ns3:TPX>
                <ns3:Speed>2.6410000324249268</ns3:Speed>
                <ns3:RunCadence>84</ns3:RunCadence>
              </ns3:TPX>
            </Extensions>
          </Trackpoint>
        </Track>
        <Extensions>
          <ns3:LX>
            <ns3:AvgSpeed>2.6730000972747803</ns3:AvgSpeed>
            <ns3:AvgRunCadence>84</ns3:AvgRunCadence>
            <ns3:MaxRunCadence>86</ns3:MaxRunCadence>
          </ns3:LX>
        </Extensions>
      </Lap>
      <Lap StartTime="2021-01-04T22:36:29.000Z">
        <TotalTimeSeconds>376.738</TotalTimeSeconds>
        <DistanceMeters>1000.0</DistanceMeters>
        <MaximumSpeed>2.753000020980835</MaximumSpeed>
        <Calories>70</Calories>
        <Intensity>Active</Intensity>
        <TriggerMethod>Manual</TriggerMethod>
        <Track>
          <Trackpoint>
            <Time>2021-01-04T22:36:36.000Z</Time>
            <Position>
              <LatitudeDegrees>22.33382681678965</LatitudeDegrees>
              <LongitudeDegrees>114.19764324321119</LongitudeDegrees>
            </Position>
            <AltitudeMeters>311.85</AltitudeMeters>
            <DistanceMeters>2023.72998046875</DistanceMeters>
            <Extensions>
              <ns3:TPX>
                <ns3:Speed>2.6500000953674316</ns3:Speed>
                <ns3:RunCadence>84</ns3:RunCadence>
              </ns3:TPX>
            </Extensions>
          </Trackpoint>
          <Trackpoint>
            <Time>2021-01-04T22:36:44.000Z</Time>
            <Position>
              <LatitudeDegrees>22.3339956483036</LatitudeDegrees>
              <LongitudeDegrees>114.19755695326049</LongitudeDegrees>
            </Position>
            <AltitudeMeters>312.34</AltitudeMeters>
            <DistanceMeters>2045.02001953125</DistanceMeters>
            <Extensions>
              <ns3:TPX>
                <ns3:Speed>2.677999973297119</ns3:Speed>
                <ns3:RunCadence>82</ns3:RunCadence>
              </ns3:TPX>
            </Extensions>
          </Trackpoint>
          <Trackpoint>
            <Time>2021-01-04T22:36:52.000Z</Time>
            <Position>
              <LatitudeDegrees>22.3338156332981</LatitudeDegrees>
              <LongitudeDegrees>114.19742298009426</LongitudeDegrees>
            </Position>
            <AltitudeMeters>312.2</AltitudeMeters>
            <DistanceMeters>2066.449951171875</DistanceMeters>
            <Extensions>
              <ns3:TPX>
                <ns3:Speed>2.677999973297119</ns3:Speed>
                <ns3:RunCadence>83</ns3:RunCadence>
              </ns3:TPX>
            </Extensions>
          </Trackpoint>
          <Trackpoint>
            <Time>2021-01-04T22:37:00.000Z</Time>
            <Position>
              <LatitudeDegrees>22.333616969252958</LatitudeDegrees>
              <LongitudeDegrees>114.19732743236145</LongitudeDegrees>
            </Position>
            <AltitudeMeters>312.2</AltitudeMeters>
            <DistanceMeters>2087.75</DistanceMeters>
            <Extensions>
              <ns3:TPX>
                <ns3:Speed>2.6589999198913574</ns3:Speed>
                <ns3:RunCadence>83</ns3:RunCadence>
              </ns3:TPX>
            </Extensions>
          </Trackpoint>
          <Trackpoint>
            <Time>2021-01-04T22:37:03.000Z</Time>
            <Position>
              <LatitudeDegrees>22.333564560435423</LatitudeDegrees>
              <LongitudeDegrees>114.19725888223341</LongitudeDegrees>
            </Position>
            <AltitudeMeters>312.2</AltitudeMeters>
            <DistanceMeters>2095.699951171875</DistanceMeters>
            <Extensions>
              <ns3:TPX>
                <ns3:Speed>2.6500000953674316</ns3:Speed>
                <ns3:RunCadence>82</ns3:RunCadence>
              </ns3:TPX>
            </Extensions>
          </Trackpoint>
          <Trackpoint>
            <Time>2021-01-04T22:37:11.000Z</Time>
            <Position>
              <LatitudeDegrees>22.33339322051444</LatitudeDegrees>
              <LongitudeDegrees>114.19711225086613</LongitudeDegrees>
            </Position>
            <AltitudeMeters>312.2</AltitudeMeters>
            <DistanceMeters>2116.89990234375</DistanceMeters>
            <Extensions>
              <ns3:TPX>
                <ns3:Speed>2.6500000953674316</ns3:Speed>
                <ns3:RunCadence>83</ns3:RunCadence>
              </ns3:TPX>
            </Extensions>
          </Trackpoint>
          <Trackpoint>
            <Time>2021-01-04T22:37:19.000Z</Time>
            <Position>
              <LatitudeDegrees>22.333237408453545</LatitudeDegrees>
              <LongitudeDegrees>114.19716744235343</LongitudeDegrees>
            </Position>
            <AltitudeMeters>312.0</AltitudeMeters>
            <DistanceMeters>2137.97998046875</DistanceMeters>
            <Extensions>
              <ns3:TPX>
                <ns3:Speed>2.621999979019165</ns3:Speed>
                <ns3:RunCadence>84</ns3:RunCadence>
              </ns3:TPX>
            </Extensions>
          </Trackpoint>
          <Trackpoint>
            <Time>2021-01-04T22:37:27.000Z</Time>
            <Position>
              <LatitudeDegrees>22.3330350392604</LatitudeDegrees>
              <LongitudeDegrees>114.1972485473434</LongitudeDegrees>
            </Position>
            <AltitudeMeters>312.33</AltitudeMeters>
            <DistanceMeters>2159.090087890625</DistanceMeters>
            <Extensions>
              <ns3:TPX>
                <ns3:Speed>2.6500000953674316</ns3:Speed>
                <ns3:RunCadence>83</ns3:RunCadence>
              </ns3:TPX>
            </Extensions>
          </Trackpoint>
          <Trackpoint>
            <Time>2021-01-04T22:37:32.000Z</Time>
            <Position>
              <LatitudeDegrees>22.33290312574132</LatitudeDegrees>
              <LongitudeDegrees>114.19728767277071</LongitudeDegrees>
            </Position>
            <AltitudeMeters>312.2</AltitudeMeters>
            <DistanceMeters>2172.320068359375</DistanceMeters>
            <Extensions>
              <ns3:TPX>
                <ns3:Speed>2.6500000953674316</ns3:Speed>
                <ns3:RunCadence>84</ns3:RunCadence>
              </ns3:TPX>
            </Extensions>
          </Trackpoint>
          <Trackpoint>
            <Time>2021-01-04T22:37:40.000Z</Time>
            <Position>
              <LatitudeDegrees>22.33273570847036</LatitudeDegrees>
              <LongitudeDegrees>114.19743895318872</LongitudeDegrees>
            </Position>
            <AltitudeMeters>311.96</AltitudeMeters>
            <DistanceMeters>2193.590087890625</DistanceMeters>
            <Extensions>
              <ns3:TPX>
                <ns3:Speed>2.6589999198913574</ns3:Speed>
                <ns3:RunCadence>84</ns3:RunCadence>
              </ns3:TPX>
            </Extensions>
          </Trackpoint>
          <Trackpoint>
            <Time>2021-01-04T22:37:48.000Z</Time>
            <Position>
              <LatitudeDegrees>22.332563455469227</LatitudeDegrees>
              <LongitudeDegrees>114.19749390439974</LongitudeDegrees>
            </Position>
            <AltitudeMeters>312.47</AltitudeMeters>
            <DistanceMeters>2214.320068359375</DistanceMeters>
            <Extensions>
              <ns3:TPX>
                <ns3:Speed>2.565999984741211</ns3:Speed>
                <ns3:RunCadence>83</ns3:RunCadence>
              </ns3:TPX>
            </Extensions>
          </Trackpoint>
          <Trackpoint>
            <Time>2021-01-04T22:37:56.000Z</Time>
            <Position>
              <LatitudeDegrees>22.332359555156135</LatitudeDegrees>
              <LongitudeDegrees>114.19745613194358</LongitudeDegrees>
            </Position>
            <AltitudeMeters>311.4</AltitudeMeters>
            <DistanceMeters>2234.909912109375</DistanceMeters>
            <Extensions>
              <ns3:TPX>
                <ns3:Speed>2.5850000381469727</ns3:Speed>
                <ns3:RunCadence>82</ns3:RunCadence>
              </ns3:TPX>
            </Extensions>
          </Trackpoint>
          <Trackpoint>
            <Time>2021-01-04T22:38:04.000Z</Time>
            <Position>
              <LatitudeDegrees>22.3323703765068</LatitudeDegrees>
              <LongitudeDegrees>114.19722598176496</LongitudeDegrees>
            </Position>
            <AltitudeMeters>311.54</AltitudeMeters>
            <DistanceMeters>2255.510009765625</DistanceMeters>
            <Extensions>
              <ns3:TPX>
                <ns3:Speed>2.575000047683716</ns3:Speed>
                <ns3:RunCadence>83</ns3:RunCadence>
              </ns3:TPX>
            </Extensions>
          </Trackpoint>
          <Trackpoint>
            <Time>2021-01-04T22:38:09.000Z</Time>
            <Position>
              <LatitudeDegrees>22.332364295208293</LatitudeDegrees>
              <LongitudeDegrees>114.19708196815579</LongitudeDegrees>
            </Position>
            <AltitudeMeters>311.7</AltitudeMeters>
            <DistanceMeters>2268.489990234375</DistanceMeters>
            <Extensions>
              <ns3:TPX>
                <ns3:Speed>2.6029999256134033</ns3:Speed>
                <ns3:RunCadence>82</ns3:RunCadence>
              </ns3:TPX>
            </Extensions>
          </Trackpoint>
          <Trackpoint>
            <Time>2021-01-04T22:38:17.000Z</Time>
            <Position>
              <LatitudeDegrees>22.332300359793113</LatitudeDegrees>
              <LongitudeDegrees>114.19686081659444</LongitudeDegrees>
            </Position>
            <AltitudeMeters>312.06</AltitudeMeters>
            <DistanceMeters>2289.510009765625</DistanceMeters>
            <Extensions>
              <ns3:TPX>
                <ns3:Speed>2.6500000953674316</ns3:Speed>
                <ns3:RunCadence>83</ns3:RunCadence>
              </ns3:TPX>
            </Extensions>
          </Trackpoint>
          <Trackpoint>
            <Time>2021-01-04T22:38:23.000Z</Time>
            <Position>
              <LatitudeDegrees>22.33220193835435</LatitudeDegrees>
              <LongitudeDegrees>114.19673525049572</LongitudeDegrees>
            </Position>
            <AltitudeMeters>312.16</AltitudeMeters>
            <DistanceMeters>2305.389892578125</DistanceMeters>
            <Extensions>
              <ns3:TPX>
                <ns3:Speed>2.6410000324249268</ns3:Speed>
                <ns3:RunCadence>83</ns3:RunCadence>
              </ns3:TPX>
            </Extensions>
          </Trackpoint>
          <Trackpoint>
            <Time>2021-01-04T22:38:31.000Z</Time>
            <Position>
              <LatitudeDegrees>22.331988801735708</LatitudeDegrees>
              <LongitudeDegrees>114.19678155925808</LongitudeDegrees>
            </Position>
            <AltitudeMeters>311.8</AltitudeMeters>
            <DistanceMeters>2326.449951171875</DistanceMeters>
            <Extensions>
              <ns3:TPX>
                <ns3:Speed>2.61299991607666</ns3:Speed>
                <ns3:RunCadence>83</ns3:RunCadence>
              </ns3:TPX>
            </Extensions>
          </Trackpoint>
          <Trackpoint>
            <Time>2021-01-04T22:38:39.000Z</Time>
            <Position>
              <LatitudeDegrees>22.33183399894278</LatitudeDegrees>
              <LongitudeDegrees>114.19694706006385</LongitudeDegrees>
            </Position>
            <AltitudeMeters>311.8</AltitudeMeters>
            <DistanceMeters>2347.489990234375</DistanceMeters>
            <Extensions>
              <ns3:TPX>
                <ns3:Speed>2.6410000324249268</ns3:Speed>
                <ns3:RunCadence>83</ns3:RunCadence>
              </ns3:TPX>
            </Extensions>
          </Trackpoint>
          <Trackpoint>
            <Time>2021-01-04T22:38:47.000Z</Time>
            <Position>
              <LatitudeDegrees>22.33169299721336</LatitudeDegrees>
              <LongitudeDegrees>114.19712648367168</LongitudeDegrees>
            </Position>
            <AltitudeMeters>311.8</AltitudeMeters>
            <DistanceMeters>2368.570068359375</DistanceMeters>
            <Extensions>
              <ns3:TPX>
                <ns3:Speed>2.621999979019165</ns3:Speed>
                <ns3:RunCadence>82</ns3:RunCadence>
              </ns3:TPX>
            </Extensions>
          </Trackpoint>
          <Trackpoint>
            <Time>2021-01-04T22:38:55.000Z</Time>
            <Position>
              <LatitudeDegrees>22.331659783128263</LatitudeDegrees>
              <LongitudeDegrees>114.19732132761052</LongitudeDegrees>
            </Position>
            <AltitudeMeters>312.45</AltitudeMeters>
            <DistanceMeters>2389.25</DistanceMeters>
            <Extensions>
              <ns3:TPX>
                <ns3:Speed>2.61299991607666</ns3:Speed>
                <ns3:RunCadence>83</ns3:RunCadence>
              </ns3:TPX>
            </Extensions>
          </Trackpoint>
          <Trackpoint>
            <Time>2021-01-04T22:39:03.000Z</Time>
            <Position>
              <LatitudeDegrees>22.33177600779446</LatitudeDegrees>
              <LongitudeDegrees>114.19752046930215</LongitudeDegrees>
            </Position>
            <AltitudeMeters>312.26</AltitudeMeters>
            <DistanceMeters>2410.31005859375</DistanceMeters>
            <Extensions>
              <ns3:TPX>
                <ns3:Speed>2.6589999198913574</ns3:Speed>
                <ns3:RunCadence>83</ns3:RunCadence>
              </ns3:TPX>
            </Extensions>
          </Trackpoint>
          <Trackpoint>
            <Time>2021-01-04T22:39:11.000Z</Time>
            <Position>
              <LatitudeDegrees>22.3318065809788</LatitudeDegrees>
              <LongitudeDegrees>114.19772591715478</LongitudeDegrees>
            </Position>
            <AltitudeMeters>312.18</AltitudeMeters>
            <DistanceMeters>2431.800048828125</DistanceMeters>
            <Extensions>
              <ns3:TPX>
                <ns3:Speed>2.7060000896453857</ns3:Speed>
                <ns3:RunCadence>83</ns3:RunCadence>
              </ns3:TPX>
            </Extensions>
          </Trackpoint>
          <Trackpoint>
            <Time>2021-01-04T22:39:17.000Z</Time>
            <Position>
              <LatitudeDegrees>22.331722943190645</LatitudeDegrees>
              <LongitudeDegrees>114.197883263678</LongitudeDegrees>
            </Position>
            <AltitudeMeters>312.6</AltitudeMeters>
            <DistanceMeters>2448.110107421875</DistanceMeters>
            <Extensions>
              <ns3:TPX>
                <ns3:Speed>2.743000030517578</ns3:Speed>
                <ns3:RunCadence>84</ns3:RunCadence>
              </ns3:TPX>
            </Extensions>
          </Trackpoint>
          <Trackpoint>
            <Time>2021-01-04T22:39:25.000Z</Time>
            <Position>
              <LatitudeDegrees>22.33168011110614</LatitudeDegrees>
              <LongitudeDegrees>114.19812052586865</LongitudeDegrees>
            </Position>
            <AltitudeMeters>312.43</AltitudeMeters>
            <DistanceMeters>2470.050048828125</DistanceMeters>
            <Extensions>
              <ns3:TPX>
                <ns3:Speed>2.7249999046325684</ns3:Speed>
                <ns3:RunCadence>84</ns3:RunCadence>
              </ns3:TPX>
            </Extensions>
          </Trackpoint>
          <Trackpoint>
            <Time>2021-01-04T22:39:33.000Z</Time>
            <Position>
              <LatitudeDegrees>22.331676746194148</LatitudeDegrees>
              <LongitudeDegrees>114.19827555518557</LongitudeDegrees>
            </Position>
            <AltitudeMeters>312.13</AltitudeMeters>
            <DistanceMeters>2491.35009765625</DistanceMeters>
            <Extensions>
              <ns3:TPX>
                <ns3:Speed>2.677999973297119</ns3:Speed>
                <ns3:RunCadence>85</ns3:RunCadence>
              </ns3:TPX>
            </Extensions>
          </Trackpoint>
          <Trackpoint>
            <Time>2021-01-04T22:39:41.000Z</Time>
            <Position>
              <LatitudeDegrees>22.331900042308167</LatitudeDegrees>
              <LongitudeDegrees>114.19829664402307</LongitudeDegrees>
            </Position>
            <AltitudeMeters>312.25</AltitudeMeters>
            <DistanceMeters>2513.02001953125</DistanceMeters>
            <Extensions>
              <ns3:TPX>
                <ns3:Speed>2.7249999046325684</ns3:Speed>
                <ns3:RunCadence>84</ns3:RunCadence>
              </ns3:TPX>
            </Extensions>
          </Trackpoint>
          <Trackpoint>
            <Time>2021-01-04T22:39:49.000Z</Time>
            <Position>
              <LatitudeDegrees>22.3321226320233</LatitudeDegrees>
              <LongitudeDegrees>114.19833137148072</LongitudeDegrees>
            </Position>
            <AltitudeMeters>311.85</AltitudeMeters>
            <DistanceMeters>2534.909912109375</DistanceMeters>
            <Extensions>
              <ns3:TPX>
                <ns3:Speed>2.7149999141693115</ns3:Speed>
                <ns3:RunCadence>84</ns3:RunCadence>
              </ns3:TPX>
            </Extensions>
          </Trackpoint>
          <Trackpoint>
            <Time>2021-01-04T22:39:57.000Z</Time>
            <Position>
              <LatitudeDegrees>22.332296351521876</LatitudeDegrees>
              <LongitudeDegrees>114.19848369094134</LongitudeDegrees>
            </Position>
            <AltitudeMeters>311.63</AltitudeMeters>
            <DistanceMeters>2556.780029296875</DistanceMeters>
            <Extensions>
              <ns3:TPX>
                <ns3:Speed>2.7249999046325684</ns3:Speed>
                <ns3:RunCadence>85</ns3:RunCadence>
              </ns3:TPX>
            </Extensions>
          </Trackpoint>
          <Trackpoint>
            <Time>2021-01-04T22:40:05.000Z</Time>
            <Position>
              <LatitudeDegrees>22.33241989131882</LatitudeDegrees>
              <LongitudeDegrees>114.19868246635731</LongitudeDegrees>
            </Position>
            <AltitudeMeters>311.92</AltitudeMeters>
            <DistanceMeters>2578.3701171875</DistanceMeters>
            <Extensions>
              <ns3:TPX>
                <ns3:Speed>2.677999973297119</ns3:Speed>
                <ns3:RunCadence>84</ns3:RunCadence>
              </ns3:TPX>
            </Extensions>
          </Trackpoint>
          <Trackpoint>
            <Time>2021-01-04T22:40:06.000Z</Time>
            <Position>
              <LatitudeDegrees>22.33242875428681</LatitudeDegrees>
              <LongitudeDegrees>114.19871087358517</LongitudeDegrees>
            </Position>
            <AltitudeMeters>311.87</AltitudeMeters>
            <DistanceMeters>2581.050048828125</DistanceMeters>
            <Extensions>
              <ns3:TPX>
                <ns3:Speed>2.677999973297119</ns3:Speed>
                <ns3:RunCadence>84</ns3:RunCadence>
              </ns3:TPX>
            </Extensions>
          </Trackpoint>
          <Trackpoint>
            <Time>2021-01-04T22:40:14.000Z</Time>
            <Position>
              <LatitudeDegrees>22.332481275727147</LatitudeDegrees>
              <LongitudeDegrees>114.19894073676896</LongitudeDegrees>
            </Position>
            <AltitudeMeters>311.76</AltitudeMeters>
            <DistanceMeters>2602.35009765625</DistanceMeters>
            <Extensions>
              <ns3:TPX>
                <ns3:Speed>2.6410000324249268</ns3:Speed>
                <ns3:RunCadence>83</ns3:RunCadence>
              </ns3:TPX>
            </Extensions>
          </Trackpoint>
          <Trackpoint>
            <Time>2021-01-04T22:40:22.000Z</Time>
            <Position>
              <LatitudeDegrees>22.332517069918794</LatitudeDegrees>
              <LongitudeDegrees>114.19917367647895</LongitudeDegrees>
            </Position>
            <AltitudeMeters>312.21</AltitudeMeters>
            <DistanceMeters>2623.530029296875</DistanceMeters>
            <Extensions>
              <ns3:TPX>
                <ns3:Speed>2.6500000953674316</ns3:Speed>
                <ns3:RunCadence>85</ns3:RunCadence>
              </ns3:TPX>
            </Extensions>
          </Trackpoint>
          <Trackpoint>
            <Time>2021-01-04T22:40:25.000Z</Time>
            <Position>
              <LatitudeDegrees>22.33253801731835</LatitudeDegrees>
              <LongitudeDegrees>114.1992603733675</LongitudeDegrees>
            </Position>
            <AltitudeMeters>312.39</AltitudeMeters>
            <DistanceMeters>2631.5400390625</DistanceMeters>
            <Extensions>
              <ns3:TPX>
                <ns3:Speed>2.677999973297119</ns3:Speed>
                <ns3:RunCadence>84</ns3:RunCadence>
              </ns3:TPX>
            </Extensions>
          </Trackpoint>
          <Trackpoint>
            <Time>2021-01-04T22:40:33.000Z</Time>
            <Position>
              <LatitudeDegrees>22.332586382029763</LatitudeDegrees>
              <LongitudeDegrees>114.19949203715365</LongitudeDegrees>
            </Position>
            <AltitudeMeters>311.83</AltitudeMeters>
            <DistanceMeters>2652.77001953125</DistanceMeters>
            <Extensions>
              <ns3:TPX>
                <ns3:Speed>2.6410000324249268</ns3:Speed>
                <ns3:RunCadence>84</ns3:RunCadence>
              </ns3:TPX>
            </Extensions>
          </Trackpoint>
          <Trackpoint>
            <Time>2021-01-04T22:40:41.000Z</Time>
            <Position>
              <LatitudeDegrees>22.33262059034863</LatitudeDegrees>
              <LongitudeDegrees>114.19972536348705</LongitudeDegrees>
            </Position>
            <AltitudeMeters>311.63</AltitudeMeters>
            <DistanceMeters>2673.889892578125</DistanceMeters>
            <Extensions>
              <ns3:TPX>
                <ns3:Speed>2.6589999198913574</ns3:Speed>
                <ns3:RunCadence>84</ns3:RunCadence>
              </ns3:TPX>
            </Extensions>
          </Trackpoint>
          <Trackpoint>
            <Time>2021-01-04T22:40:49.000Z</Time>
            <Position>
              <LatitudeDegrees>22.332799481962873</LatitudeDegrees>
              <LongitudeDegrees>114.19984317170095</LongitudeDegrees>
            </Position>
            <AltitudeMeters>311.6</AltitudeMeters>
            <DistanceMeters>2695.419921875</DistanceMeters>
            <Extensions>
              <ns3:TPX>
                <ns3:Speed>2.7060000896453857</ns3:Speed>
                <ns3:RunCadence>83</ns3:RunCadence>
              </ns3:TPX>
            </Extensions>
          </Trackpoint>
          <Trackpoint>
            <Time>2021-01-04T22:40:57.000Z</Time>
            <Position>
              <LatitudeDegrees>22.333003862868168</LatitudeDegrees>
              <LongitudeDegrees>114.19994042679392</LongitudeDegrees>
            </Position>
            <AltitudeMeters>311.6</AltitudeMeters>
            <DistanceMeters>2717.0</DistanceMeters>
            <Extensions>
              <ns3:TPX>
                <ns3:Speed>2.677999973297119</ns3:Speed>
                <ns3:RunCadence>84</ns3:RunCadence>
              </ns3:TPX>
            </Extensions>
          </Trackpoint>
          <Trackpoint>
            <Time>2021-01-04T22:41:05.000Z</Time>
            <Position>
              <LatitudeDegrees>22.33320672696341</LatitudeDegrees>
              <LongitudeDegrees>114.20003696010957</LongitudeDegrees>
            </Position>
            <AltitudeMeters>311.6</AltitudeMeters>
            <DistanceMeters>2738.419921875</DistanceMeters>
            <Extensions>
              <ns3:TPX>
                <ns3:Speed>2.677999973297119</ns3:Speed>
                <ns3:RunCadence>85</ns3:RunCadence>
              </ns3:TPX>
            </Extensions>
          </Trackpoint>
          <Trackpoint>
            <Time>2021-01-04T22:41:13.000Z</Time>
            <Position>
              <LatitudeDegrees>22.33340741526863</LatitudeDegrees>
              <LongitudeDegrees>114.20013245807087</LongitudeDegrees>
            </Position>
            <AltitudeMeters>311.6</AltitudeMeters>
            <DistanceMeters>2759.610107421875</DistanceMeters>
            <Extensions>
              <ns3:TPX>
                <ns3:Speed>2.6410000324249268</ns3:Speed>
                <ns3:RunCadence>84</ns3:RunCadence>
              </ns3:TPX>
            </Extensions>
          </Trackpoint>
          <Trackpoint>
            <Time>2021-01-04T22:41:21.000Z</Time>
            <Position>
              <LatitudeDegrees>22.33360516475438</LatitudeDegrees>
              <LongitudeDegrees>114.2002265575886</LongitudeDegrees>
            </Position>
            <AltitudeMeters>311.6</AltitudeMeters>
            <DistanceMeters>2780.489990234375</DistanceMeters>
            <Extensions>
              <ns3:TPX>
                <ns3:Speed>2.6029999256134033</ns3:Speed>
                <ns3:RunCadence>85</ns3:RunCadence>
              </ns3:TPX>
            </Extensions>
          </Trackpoint>
          <Trackpoint>
            <Time>2021-01-04T22:41:29.000Z</Time>
            <Position>
              <LatitudeDegrees>22.333804241448924</LatitudeDegrees>
              <LongitudeDegrees>114.2003212886615</LongitudeDegrees>
            </Position>
            <AltitudeMeters>311.6</AltitudeMeters>
            <DistanceMeters>2801.510009765625</DistanceMeters>
            <Extensions>
              <ns3:TPX>
                <ns3:Speed>2.6410000324249268</ns3:Speed>
                <ns3:RunCadence>84</ns3:RunCadence>
              </ns3:TPX>
            </Extensions>
          </Trackpoint>
          <Trackpoint>
            <Time>2021-01-04T22:41:37.000Z</Time>
            <Position>
              <LatitudeDegrees>22.334003792146607</LatitudeDegrees>
              <LongitudeDegrees>114.20041624528982</LongitudeDegrees>
            </Position>
            <AltitudeMeters>311.6</AltitudeMeters>
            <DistanceMeters>2822.580078125</DistanceMeters>
            <Extensions>
              <ns3:TPX>
                <ns3:Speed>2.63100004196167</ns3:Speed>
                <ns3:RunCadence>84</ns3:RunCadence>
              </ns3:TPX>
            </Extensions>
          </Trackpoint>
          <Trackpoint>
            <Time>2021-01-04T22:41:45.000Z</Time>
            <Position>
              <LatitudeDegrees>22.334202205236753</LatitudeDegrees>
              <LongitudeDegrees>114.20051066058512</LongitudeDegrees>
            </Position>
            <AltitudeMeters>311.6</AltitudeMeters>
            <DistanceMeters>2843.530029296875</DistanceMeters>
            <Extensions>
              <ns3:TPX>
                <ns3:Speed>2.621999979019165</ns3:Speed>
                <ns3:RunCadence>85</ns3:RunCadence>
              </ns3:TPX>
            </Extensions>
          </Trackpoint>
          <Trackpoint>
            <Time>2021-01-04T22:41:53.000Z</Time>
            <Position>
              <LatitudeDegrees>22.334402512027253</LatitudeDegrees>
              <LongitudeDegrees>114.20060597700183</LongitudeDegrees>
            </Position>
            <AltitudeMeters>311.6</AltitudeMeters>
            <DistanceMeters>2864.679931640625</DistanceMeters>
            <Extensions>
              <ns3:TPX>
                <ns3:Speed>2.621999979019165</ns3:Speed>
                <ns3:RunCadence>86</ns3:RunCadence>
              </ns3:TPX>
            </Extensions>
          </Trackpoint>
          <Trackpoint>
            <Time>2021-01-04T22:42:01.000Z</Time>
            <Position>
              <LatitudeDegrees>22.334489134119952</LatitudeDegrees>
              <LongitudeDegrees>114.20067862455082</LongitudeDegrees>
            </Position>
            <AltitudeMeters>311.71</AltitudeMeters>
            <DistanceMeters>2885.860107421875</DistanceMeters>
            <Extensions>
              <ns3:TPX>
                <ns3:Speed>2.6589999198913574</ns3:Speed>
                <ns3:RunCadence>85</ns3:RunCadence>
              </ns3:TPX>
            </Extensions>
          </Trackpoint>
          <Trackpoint>
            <Time>2021-01-04T22:42:09.000Z</Time>
            <Position>
              <LatitudeDegrees>22.334270504625117</LatitudeDegrees>
              <LongitudeDegrees>114.20070379146719</LongitudeDegrees>
            </Position>
            <AltitudeMeters>311.72</AltitudeMeters>
            <DistanceMeters>2907.18994140625</DistanceMeters>
            <Extensions>
              <ns3:TPX>
                <ns3:Speed>2.6589999198913574</ns3:Speed>
                <ns3:RunCadence>85</ns3:RunCadence>
              </ns3:TPX>
            </Extensions>
          </Trackpoint>
          <Trackpoint>
            <Time>2021-01-04T22:42:17.000Z</Time>
            <Position>
              <LatitudeDegrees>22.334063701024196</LatitudeDegrees>
              <LongitudeDegrees>114.2006857876795</LongitudeDegrees>
            </Position>
            <AltitudeMeters>311.29</AltitudeMeters>
            <DistanceMeters>2928.590087890625</DistanceMeters>
            <Extensions>
              <ns3:TPX>
                <ns3:Speed>2.6689999103546143</ns3:Speed>
                <ns3:RunCadence>84</ns3:RunCadence>
              </ns3:TPX>
            </Extensions>
          </Trackpoint>
          <Trackpoint>
            <Time>2021-01-04T22:42:25.000Z</Time>
            <Position>
              <LatitudeDegrees>22.33386711614182</LatitudeDegrees>
              <LongitudeDegrees>114.20057559237922</LongitudeDegrees>
            </Position>
            <AltitudeMeters>311.51</AltitudeMeters>
            <DistanceMeters>2949.989990234375</DistanceMeters>
            <Extensions>
              <ns3:TPX>
                <ns3:Speed>2.677999973297119</ns3:Speed>
                <ns3:RunCadence>84</ns3:RunCadence>
              </ns3:TPX>
            </Extensions>
          </Trackpoint>
          <Trackpoint>
            <Time>2021-01-04T22:42:28.000Z</Time>
            <Position>
              <LatitudeDegrees>22.333793626130802</LatitudeDegrees>
              <LongitudeDegrees>114.20053439768647</LongitudeDegrees>
            </Position>
            <AltitudeMeters>311.58</AltitudeMeters>
            <DistanceMeters>2957.989990234375</DistanceMeters>
            <Extensions>
              <ns3:TPX>
                <ns3:Speed>2.6589999198913574</ns3:Speed>
                <ns3:RunCadence>84</ns3:RunCadence>
              </ns3:TPX>
            </Extensions>
          </Trackpoint>
          <Trackpoint>
            <Time>2021-01-04T22:42:36.000Z</Time>
            <Position>
              <LatitudeDegrees>22.33365224345198</LatitudeDegrees>
              <LongitudeDegrees>114.20037491935041</LongitudeDegrees>
            </Position>
            <AltitudeMeters>311.63</AltitudeMeters>
            <DistanceMeters>2979.3701171875</DistanceMeters>
            <Extensions>
              <ns3:TPX>
                <ns3:Speed>2.6589999198913574</ns3:Speed>
                <ns3:RunCadence>84</ns3:RunCadence>
              </ns3:TPX>
            </Extensions>
          </Trackpoint>
          <Trackpoint>
            <Time>2021-01-04T22:42:44.000Z</Time>
            <Position>
              <LatitudeDegrees>22.333609163855236</LatitudeDegrees>
              <LongitudeDegrees>114.20014203487027</LongitudeDegrees>
            </Position>
            <AltitudeMeters>311.74</AltitudeMeters>
            <DistanceMeters>3000.60009765625</DistanceMeters>
            <Extensions>
              <ns3:TPX>
                <ns3:Speed>2.6689999103546143</ns3:Speed>
                <ns3:RunCadence>85</ns3:RunCadence>
              </ns3:TPX>
            </Extensions>
          </Trackpoint>
        </Track>
        <Extensions>
          <ns3:LX>
            <ns3:AvgSpeed>2.6540000438690186</ns3:AvgSpeed>
            <ns3:AvgRunCadence>84</ns3:AvgRunCadence>
            <ns3:MaxRunCadence>86</ns3:MaxRunCadence>
          </ns3:LX>
        </Extensions>
      </Lap>
      <Lap StartTime="2021-01-04T22:42:45.000Z">
        <TotalTimeSeconds>380.915</TotalTimeSeconds>
        <DistanceMeters>1000.0</DistanceMeters>
        <MaximumSpeed>2.7809998989105225</MaximumSpeed>
        <Calories>71</Calories>
        <Intensity>Active</Intensity>
        <TriggerMethod>Manual</TriggerMethod>
        <Track>
          <Trackpoint>
            <Time>2021-01-04T22:42:52.000Z</Time>
            <Position>
              <LatitudeDegrees>22.333557471280955</LatitudeDegrees>
              <LongitudeDegrees>114.20007669799877</LongitudeDegrees>
            </Position>
            <AltitudeMeters>312.23</AltitudeMeters>
            <DistanceMeters>3022.030029296875</DistanceMeters>
            <Extensions>
              <ns3:TPX>
                <ns3:Speed>2.697000026702881</ns3:Speed>
                <ns3:RunCadence>83</ns3:RunCadence>
              </ns3:TPX>
            </Extensions>
          </Trackpoint>
          <Trackpoint>
            <Time>2021-01-04T22:43:00.000Z</Time>
            <Position>
              <LatitudeDegrees>22.333740735226257</LatitudeDegrees>
              <LongitudeDegrees>114.20013622275552</LongitudeDegrees>
            </Position>
            <AltitudeMeters>312.4</AltitudeMeters>
            <DistanceMeters>3043.800048828125</DistanceMeters>
            <Extensions>
              <ns3:TPX>
                <ns3:Speed>2.7339999675750732</ns3:Speed>
                <ns3:RunCadence>84</ns3:RunCadence>
              </ns3:TPX>
            </Extensions>
          </Trackpoint>
          <Trackpoint>
            <Time>2021-01-04T22:43:08.000Z</Time>
            <Position>
              <LatitudeDegrees>22.333839508007923</LatitudeDegrees>
              <LongitudeDegrees>114.20032362723742</LongitudeDegrees>
            </Position>
            <AltitudeMeters>312.6</AltitudeMeters>
            <DistanceMeters>3065.77001953125</DistanceMeters>
            <Extensions>
              <ns3:TPX>
                <ns3:Speed>2.7709999084472656</ns3:Speed>
                <ns3:RunCadence>84</ns3:RunCadence>
              </ns3:TPX>
            </Extensions>
          </Trackpoint>
          <Trackpoint>
            <Time>2021-01-04T22:43:16.000Z</Time>
            <Position>
              <LatitudeDegrees>22.333741017041298</LatitudeDegrees>
              <LongitudeDegrees>114.20054304174931</LongitudeDegrees>
            </Position>
            <AltitudeMeters>312.62</AltitudeMeters>
            <DistanceMeters>3087.8798828125</DistanceMeters>
            <Extensions>
              <ns3:TPX>
                <ns3:Speed>2.743000030517578</ns3:Speed>
                <ns3:RunCadence>83</ns3:RunCadence>
              </ns3:TPX>
            </Extensions>
          </Trackpoint>
          <Trackpoint>
            <Time>2021-01-04T22:43:24.000Z</Time>
            <Position>
              <LatitudeDegrees>22.333585185648094</LatitudeDegrees>
              <LongitudeDegrees>114.20071817769958</LongitudeDegrees>
            </Position>
            <AltitudeMeters>312.89</AltitudeMeters>
            <DistanceMeters>3109.6201171875</DistanceMeters>
            <Extensions>
              <ns3:TPX>
                <ns3:Speed>2.7060000896453857</ns3:Speed>
                <ns3:RunCadence>84</ns3:RunCadence>
              </ns3:TPX>
            </Extensions>
          </Trackpoint>
          <Trackpoint>
            <Time>2021-01-04T22:43:32.000Z</Time>
            <Position>
              <LatitudeDegrees>22.33346148066507</LatitudeDegrees>
              <LongitudeDegrees>114.20092050404968</LongitudeDegrees>
            </Position>
            <AltitudeMeters>312.46</AltitudeMeters>
            <DistanceMeters>3131.449951171875</DistanceMeters>
            <Extensions>
              <ns3:TPX>
                <ns3:Speed>2.7249999046325684</ns3:Speed>
                <ns3:RunCadence>84</ns3:RunCadence>
              </ns3:TPX>
            </Extensions>
          </Trackpoint>
          <Trackpoint>
            <Time>2021-01-04T22:43:40.000Z</Time>
            <Position>
              <LatitudeDegrees>22.333530164992194</LatitudeDegrees>
              <LongitudeDegrees>114.20106196934223</LongitudeDegrees>
            </Position>
            <AltitudeMeters>312.5</AltitudeMeters>
            <DistanceMeters>3153.050048828125</DistanceMeters>
            <Extensions>
              <ns3:TPX>
                <ns3:Speed>2.697000026702881</ns3:Speed>
                <ns3:RunCadence>84</ns3:RunCadence>
              </ns3:TPX>
            </Extensions>
          </Trackpoint>
          <Trackpoint>
            <Time>2021-01-04T22:43:48.000Z</Time>
            <Position>
              <LatitudeDegrees>22.33361863426031</LatitudeDegrees>
              <LongitudeDegrees>114.20121884356814</LongitudeDegrees>
            </Position>
            <AltitudeMeters>312.7</AltitudeMeters>
            <DistanceMeters>3174.56005859375</DistanceMeters>
            <Extensions>
              <ns3:TPX>
                <ns3:Speed>2.6589999198913574</ns3:Speed>
                <ns3:RunCadence>83</ns3:RunCadence>
              </ns3:TPX>
            </Extensions>
          </Trackpoint>
          <Trackpoint>
            <Time>2021-01-04T22:43:56.000Z</Time>
            <Position>
              <LatitudeDegrees>22.333629976830185</LatitudeDegrees>
              <LongitudeDegrees>114.2014451427889</LongitudeDegrees>
            </Position>
            <AltitudeMeters>313.4</AltitudeMeters>
            <DistanceMeters>3195.68994140625</DistanceMeters>
            <Extensions>
              <ns3:TPX>
                <ns3:Speed>2.6410000324249268</ns3:Speed>
                <ns3:RunCadence>84</ns3:RunCadence>
              </ns3:TPX>
            </Extensions>
          </Trackpoint>
          <Trackpoint>
            <Time>2021-01-04T22:44:04.000Z</Time>
            <Position>
              <LatitudeDegrees>22.33373630521185</LatitudeDegrees>
              <LongitudeDegrees>114.20164715966257</LongitudeDegrees>
            </Position>
            <AltitudeMeters>313.11</AltitudeMeters>
            <DistanceMeters>3216.77001953125</DistanceMeters>
            <Extensions>
              <ns3:TPX>
                <ns3:Speed>2.63100004196167</ns3:Speed>
                <ns3:RunCadence>85</ns3:RunCadence>
              </ns3:TPX>
            </Extensions>
          </Trackpoint>
          <Trackpoint>
            <Time>2021-01-04T22:44:12.000Z</Time>
            <Position>
              <LatitudeDegrees>22.33390335456644</LatitudeDegrees>
              <LongitudeDegrees>114.20179532640653</LongitudeDegrees>
            </Position>
            <AltitudeMeters>312.56</AltitudeMeters>
            <DistanceMeters>3237.89990234375</DistanceMeters>
            <Extensions>
              <ns3:TPX>
                <ns3:Speed>2.6410000324249268</ns3:Speed>
                <ns3:RunCadence>84</ns3:RunCadence>
              </ns3:TPX>
            </Extensions>
          </Trackpoint>
          <Trackpoint>
            <Time>2021-01-04T22:44:20.000Z</Time>
            <Position>
              <LatitudeDegrees>22.334094006939225</LatitudeDegrees>
              <LongitudeDegrees>114.2019104134606</LongitudeDegrees>
            </Position>
            <AltitudeMeters>312.11</AltitudeMeters>
            <DistanceMeters>3259.010009765625</DistanceMeters>
            <Extensions>
              <ns3:TPX>
                <ns3:Speed>2.63100004196167</ns3:Speed>
                <ns3:RunCadence>84</ns3:RunCadence>
              </ns3:TPX>
            </Extensions>
          </Trackpoint>
          <Trackpoint>
            <Time>2021-01-04T22:44:28.000Z</Time>
            <Position>
              <LatitudeDegrees>22.33427630460234</LatitudeDegrees>
              <LongitudeDegrees>114.20203417825864</LongitudeDegrees>
            </Position>
            <AltitudeMeters>311.66</AltitudeMeters>
            <DistanceMeters>3279.830078125</DistanceMeters>
            <Extensions>
              <ns3:TPX>
                <ns3:Speed>2.61299991607666</ns3:Speed>
                <ns3:RunCadence>84</ns3:RunCadence>
              </ns3:TPX>
            </Extensions>
          </Trackpoint>
          <Trackpoint>
            <Time>2021-01-04T22:44:36.000Z</Time>
            <Position>
              <LatitudeDegrees>22.334460361003057</LatitudeDegrees>
              <LongitudeDegrees>114.20215797872511</LongitudeDegrees>
            </Position>
            <AltitudeMeters>311.25</AltitudeMeters>
            <DistanceMeters>3300.780029296875</DistanceMeters>
            <Extensions>
              <ns3:TPX>
                <ns3:Speed>2.621999979019165</ns3:Speed>
                <ns3:RunCadence>84</ns3:RunCadence>
              </ns3:TPX>
            </Extensions>
          </Trackpoint>
          <Trackpoint>
            <Time>2021-01-04T22:44:44.000Z</Time>
            <Position>
              <LatitudeDegrees>22.334660741412048</LatitudeDegrees>
              <LongitudeDegrees>114.20225161375599</LongitudeDegrees>
            </Position>
            <AltitudeMeters>311.94</AltitudeMeters>
            <DistanceMeters>3321.909912109375</DistanceMeters>
            <Extensions>
              <ns3:TPX>
                <ns3:Speed>2.6589999198913574</ns3:Speed>
                <ns3:RunCadence>84</ns3:RunCadence>
              </ns3:TPX>
            </Extensions>
          </Trackpoint>
          <Trackpoint>
            <Time>2021-01-04T22:44:48.000Z</Time>
            <Position>
              <LatitudeDegrees>22.334747135165436</LatitudeDegrees>
              <LongitudeDegrees>114.20232311826364</LongitudeDegrees>
            </Position>
            <AltitudeMeters>311.9</AltitudeMeters>
            <DistanceMeters>3332.47998046875</DistanceMeters>
            <Extensions>
              <ns3:TPX>
                <ns3:Speed>2.63100004196167</ns3:Speed>
                <ns3:RunCadence>84</ns3:RunCadence>
              </ns3:TPX>
            </Extensions>
          </Trackpoint>
          <Trackpoint>
            <Time>2021-01-04T22:44:56.000Z</Time>
            <Position>
              <LatitudeDegrees>22.334918656476745</LatitudeDegrees>
              <LongitudeDegrees>114.20246604055276</LongitudeDegrees>
            </Position>
            <AltitudeMeters>312.03</AltitudeMeters>
            <DistanceMeters>3353.419921875</DistanceMeters>
            <Extensions>
              <ns3:TPX>
                <ns3:Speed>2.6029999256134033</ns3:Speed>
                <ns3:RunCadence>85</ns3:RunCadence>
              </ns3:TPX>
            </Extensions>
          </Trackpoint>
          <Trackpoint>
            <Time>2021-01-04T22:45:04.000Z</Time>
            <Position>
              <LatitudeDegrees>22.33502906491399</LatitudeDegrees>
              <LongitudeDegrees>114.2026516414893</LongitudeDegrees>
            </Position>
            <AltitudeMeters>311.77</AltitudeMeters>
            <DistanceMeters>3374.090087890625</DistanceMeters>
            <Extensions>
              <ns3:TPX>
                <ns3:Speed>2.546999931335449</ns3:Speed>
                <ns3:RunCadence>85</ns3:RunCadence>
              </ns3:TPX>
            </Extensions>
          </Trackpoint>
          <Trackpoint>
            <Time>2021-01-04T22:45:12.000Z</Time>
            <Position>
              <LatitudeDegrees>22.334960800728282</LatitudeDegrees>
              <LongitudeDegrees>114.20284576395393</LongitudeDegrees>
            </Position>
            <AltitudeMeters>311.96</AltitudeMeters>
            <DistanceMeters>3394.85009765625</DistanceMeters>
            <Extensions>
              <ns3:TPX>
                <ns3:Speed>2.621999979019165</ns3:Speed>
                <ns3:RunCadence>84</ns3:RunCadence>
              </ns3:TPX>
            </Extensions>
          </Trackpoint>
          <Trackpoint>
            <Time>2021-01-04T22:45:20.000Z</Time>
            <Position>
              <LatitudeDegrees>22.33495526847633</LatitudeDegrees>
              <LongitudeDegrees>114.20304920871273</LongitudeDegrees>
            </Position>
            <AltitudeMeters>311.8</AltitudeMeters>
            <DistanceMeters>3415.780029296875</DistanceMeters>
            <Extensions>
              <ns3:TPX>
                <ns3:Speed>2.61299991607666</ns3:Speed>
                <ns3:RunCadence>84</ns3:RunCadence>
              </ns3:TPX>
            </Extensions>
          </Trackpoint>
          <Trackpoint>
            <Time>2021-01-04T22:45:28.000Z</Time>
            <Position>
              <LatitudeDegrees>22.334914848053295</LatitudeDegrees>
              <LongitudeDegrees>114.20324703395127</LongitudeDegrees>
            </Position>
            <AltitudeMeters>311.77</AltitudeMeters>
            <DistanceMeters>3436.60009765625</DistanceMeters>
            <Extensions>
              <ns3:TPX>
                <ns3:Speed>2.6029999256134033</ns3:Speed>
                <ns3:RunCadence>85</ns3:RunCadence>
              </ns3:TPX>
            </Extensions>
          </Trackpoint>
          <Trackpoint>
            <Time>2021-01-04T22:45:36.000Z</Time>
            <Position>
              <LatitudeDegrees>22.334769477866217</LatitudeDegrees>
              <LongitudeDegrees>114.20341459694045</LongitudeDegrees>
            </Position>
            <AltitudeMeters>312.23</AltitudeMeters>
            <DistanceMeters>3457.47998046875</DistanceMeters>
            <Extensions>
              <ns3:TPX>
                <ns3:Speed>2.5940001010894775</ns3:Speed>
                <ns3:RunCadence>85</ns3:RunCadence>
              </ns3:TPX>
            </Extensions>
          </Trackpoint>
          <Trackpoint>
            <Time>2021-01-04T22:45:44.000Z</Time>
            <Position>
              <LatitudeDegrees>22.33458335394858</LatitudeDegrees>
              <LongitudeDegrees>114.203523471713</LongitudeDegrees>
            </Position>
            <AltitudeMeters>312.7</AltitudeMeters>
            <DistanceMeters>3478.1298828125</DistanceMeters>
            <Extensions>
              <ns3:TPX>
                <ns3:Speed>2.5940001010894775</ns3:Speed>
                <ns3:RunCadence>85</ns3:RunCadence>
              </ns3:TPX>
            </Extensions>
          </Trackpoint>
          <Trackpoint>
            <Time>2021-01-04T22:45:52.000Z</Time>
            <Position>
              <LatitudeDegrees>22.334400611376083</LatitudeDegrees>
              <LongitudeDegrees>114.2036450411858</LongitudeDegrees>
            </Position>
            <AltitudeMeters>312.26</AltitudeMeters>
            <DistanceMeters>3499.090087890625</DistanceMeters>
            <Extensions>
              <ns3:TPX>
                <ns3:Speed>2.6410000324249268</ns3:Speed>
                <ns3:RunCadence>84</ns3:RunCadence>
              </ns3:TPX>
            </Extensions>
          </Trackpoint>
          <Trackpoint>
            <Time>2021-01-04T22:46:00.000Z</Time>
            <Position>
              <LatitudeDegrees>22.334434458675652</LatitudeDegrees>
              <LongitudeDegrees>114.203856701783</LongitudeDegrees>
            </Position>
            <AltitudeMeters>312.4</AltitudeMeters>
            <DistanceMeters>3519.3701171875</DistanceMeters>
            <Extensions>
              <ns3:TPX>
                <ns3:Speed>2.4730000495910645</ns3:Speed>
                <ns3:RunCadence>84</ns3:RunCadence>
              </ns3:TPX>
            </Extensions>
          </Trackpoint>
          <Trackpoint>
            <Time>2021-01-04T22:46:08.000Z</Time>
            <Position>
              <LatitudeDegrees>22.334491042020822</LatitudeDegrees>
              <LongitudeDegrees>114.20407230630121</LongitudeDegrees>
            </Position>
            <AltitudeMeters>312.52</AltitudeMeters>
            <DistanceMeters>3539.580078125</DistanceMeters>
            <Extensions>
              <ns3:TPX>
                <ns3:Speed>2.546999931335449</ns3:Speed>
                <ns3:RunCadence>85</ns3:RunCadence>
              </ns3:TPX>
            </Extensions>
          </Trackpoint>
          <Trackpoint>
            <Time>2021-01-04T22:46:16.000Z</Time>
            <Position>
              <LatitudeDegrees>22.334432001557655</LatitudeDegrees>
              <LongitudeDegrees>114.20428380149333</LongitudeDegrees>
            </Position>
            <AltitudeMeters>311.94</AltitudeMeters>
            <DistanceMeters>3560.47998046875</DistanceMeters>
            <Extensions>
              <ns3:TPX>
                <ns3:Speed>2.6410000324249268</ns3:Speed>
                <ns3:RunCadence>84</ns3:RunCadence>
              </ns3:TPX>
            </Extensions>
          </Trackpoint>
          <Trackpoint>
            <Time>2021-01-04T22:46:24.000Z</Time>
            <Position>
              <LatitudeDegrees>22.33424973790219</LatitudeDegrees>
              <LongitudeDegrees>114.20440590391405</LongitudeDegrees>
            </Position>
            <AltitudeMeters>312.0</AltitudeMeters>
            <DistanceMeters>3581.659912109375</DistanceMeters>
            <Extensions>
              <ns3:TPX>
                <ns3:Speed>2.6500000953674316</ns3:Speed>
                <ns3:RunCadence>84</ns3:RunCadence>
              </ns3:TPX>
            </Extensions>
          </Trackpoint>
          <Trackpoint>
            <Time>2021-01-04T22:46:32.000Z</Time>
            <Position>
              <LatitudeDegrees>22.334032438611214</LatitudeDegrees>
              <LongitudeDegrees>114.20439202997007</LongitudeDegrees>
            </Position>
            <AltitudeMeters>311.8</AltitudeMeters>
            <DistanceMeters>3602.840087890625</DistanceMeters>
            <Extensions>
              <ns3:TPX>
                <ns3:Speed>2.6500000953674316</ns3:Speed>
                <ns3:RunCadence>84</ns3:RunCadence>
              </ns3:TPX>
            </Extensions>
          </Trackpoint>
          <Trackpoint>
            <Time>2021-01-04T22:46:40.000Z</Time>
            <Position>
              <LatitudeDegrees>22.333862058833525</LatitudeDegrees>
              <LongitudeDegrees>114.2043625490202</LongitudeDegrees>
            </Position>
            <AltitudeMeters>312.25</AltitudeMeters>
            <DistanceMeters>3623.97998046875</DistanceMeters>
            <Extensions>
              <ns3:TPX>
                <ns3:Speed>2.63100004196167</ns3:Speed>
                <ns3:RunCadence>83</ns3:RunCadence>
              </ns3:TPX>
            </Extensions>
          </Trackpoint>
          <Trackpoint>
            <Time>2021-01-04T22:46:48.000Z</Time>
            <Position>
              <LatitudeDegrees>22.33390108659423</LatitudeDegrees>
              <LongitudeDegrees>114.20456136089756</LongitudeDegrees>
            </Position>
            <AltitudeMeters>312.34</AltitudeMeters>
            <DistanceMeters>3644.929931640625</DistanceMeters>
            <Extensions>
              <ns3:TPX>
                <ns3:Speed>2.61299991607666</ns3:Speed>
                <ns3:RunCadence>84</ns3:RunCadence>
              </ns3:TPX>
            </Extensions>
          </Trackpoint>
          <Trackpoint>
            <Time>2021-01-04T22:46:56.000Z</Time>
            <Position>
              <LatitudeDegrees>22.333813288803537</LatitudeDegrees>
              <LongitudeDegrees>114.204540505097</LongitudeDegrees>
            </Position>
            <AltitudeMeters>312.06</AltitudeMeters>
            <DistanceMeters>3665.81005859375</DistanceMeters>
            <Extensions>
              <ns3:TPX>
                <ns3:Speed>2.621999979019165</ns3:Speed>
                <ns3:RunCadence>84</ns3:RunCadence>
              </ns3:TPX>
            </Extensions>
          </Trackpoint>
          <Trackpoint>
            <Time>2021-01-04T22:47:04.000Z</Time>
            <Position>
              <LatitudeDegrees>22.33363678190348</LatitudeDegrees>
              <LongitudeDegrees>114.20448874681404</LongitudeDegrees>
            </Position>
            <AltitudeMeters>311.65</AltitudeMeters>
            <DistanceMeters>3686.830078125</DistanceMeters>
            <Extensions>
              <ns3:TPX>
                <ns3:Speed>2.63100004196167</ns3:Speed>
                <ns3:RunCadence>83</ns3:RunCadence>
              </ns3:TPX>
            </Extensions>
          </Trackpoint>
          <Trackpoint>
            <Time>2021-01-04T22:47:12.000Z</Time>
            <Position>
              <LatitudeDegrees>22.333455347465733</LatitudeDegrees>
              <LongitudeDegrees>114.2046155742171</LongitudeDegrees>
            </Position>
            <AltitudeMeters>311.78</AltitudeMeters>
            <DistanceMeters>3707.7099609375</DistanceMeters>
            <Extensions>
              <ns3:TPX>
                <ns3:Speed>2.6029999256134033</ns3:Speed>
                <ns3:RunCadence>84</ns3:RunCadence>
              </ns3:TPX>
            </Extensions>
          </Trackpoint>
          <Trackpoint>
            <Time>2021-01-04T22:47:20.000Z</Time>
            <Position>
              <LatitudeDegrees>22.3332715047449</LatitudeDegrees>
              <LongitudeDegrees>114.2047378419889</LongitudeDegrees>
            </Position>
            <AltitudeMeters>311.8</AltitudeMeters>
            <DistanceMeters>3728.570068359375</DistanceMeters>
            <Extensions>
              <ns3:TPX>
                <ns3:Speed>2.61299991607666</ns3:Speed>
                <ns3:RunCadence>84</ns3:RunCadence>
              </ns3:TPX>
            </Extensions>
          </Trackpoint>
          <Trackpoint>
            <Time>2021-01-04T22:47:28.000Z</Time>
            <Position>
              <LatitudeDegrees>22.33305751616608</LatitudeDegrees>
              <LongitudeDegrees>114.20475709538835</LongitudeDegrees>
            </Position>
            <AltitudeMeters>311.95</AltitudeMeters>
            <DistanceMeters>3749.530029296875</DistanceMeters>
            <Extensions>
              <ns3:TPX>
                <ns3:Speed>2.621999979019165</ns3:Speed>
                <ns3:RunCadence>83</ns3:RunCadence>
              </ns3:TPX>
            </Extensions>
          </Trackpoint>
          <Trackpoint>
            <Time>2021-01-04T22:47:36.000Z</Time>
            <Position>
              <LatitudeDegrees>22.33285147688323</LatitudeDegrees>
              <LongitudeDegrees>114.20469181169474</LongitudeDegrees>
            </Position>
            <AltitudeMeters>311.47</AltitudeMeters>
            <DistanceMeters>3770.3798828125</DistanceMeters>
            <Extensions>
              <ns3:TPX>
                <ns3:Speed>2.61299991607666</ns3:Speed>
                <ns3:RunCadence>84</ns3:RunCadence>
              </ns3:TPX>
            </Extensions>
          </Trackpoint>
          <Trackpoint>
            <Time>2021-01-04T22:47:44.000Z</Time>
            <Position>
              <LatitudeDegrees>22.332657849701683</LatitudeDegrees>
              <LongitudeDegrees>114.20458849278498</LongitudeDegrees>
            </Position>
            <AltitudeMeters>311.23</AltitudeMeters>
            <DistanceMeters>3791.300048828125</DistanceMeters>
            <Extensions>
              <ns3:TPX>
                <ns3:Speed>2.61299991607666</ns3:Speed>
                <ns3:RunCadence>84</ns3:RunCadence>
              </ns3:TPX>
            </Extensions>
          </Trackpoint>
          <Trackpoint>
            <Time>2021-01-04T22:47:52.000Z</Time>
            <Position>
              <LatitudeDegrees>22.332465942845236</LatitudeDegrees>
              <LongitudeDegrees>114.20455794252779</LongitudeDegrees>
            </Position>
            <AltitudeMeters>310.4</AltitudeMeters>
            <DistanceMeters>3812.1298828125</DistanceMeters>
            <Extensions>
              <ns3:TPX>
                <ns3:Speed>2.61299991607666</ns3:Speed>
                <ns3:RunCadence>84</ns3:RunCadence>
              </ns3:TPX>
            </Extensions>
          </Trackpoint>
          <Trackpoint>
            <Time>2021-01-04T22:48:00.000Z</Time>
            <Position>
              <LatitudeDegrees>22.332276751837153</LatitudeDegrees>
              <LongitudeDegrees>114.20465854518807</LongitudeDegrees>
            </Position>
            <AltitudeMeters>310.88</AltitudeMeters>
            <DistanceMeters>3833.050048828125</DistanceMeters>
            <Extensions>
              <ns3:TPX>
                <ns3:Speed>2.621999979019165</ns3:Speed>
                <ns3:RunCadence>84</ns3:RunCadence>
              </ns3:TPX>
            </Extensions>
          </Trackpoint>
          <Trackpoint>
            <Time>2021-01-04T22:48:08.000Z</Time>
            <Position>
              <LatitudeDegrees>22.332084495458147</LatitudeDegrees>
              <LongitudeDegrees>114.20473325644598</LongitudeDegrees>
            </Position>
            <AltitudeMeters>311.14</AltitudeMeters>
            <DistanceMeters>3853.97998046875</DistanceMeters>
            <Extensions>
              <ns3:TPX>
                <ns3:Speed>2.61299991607666</ns3:Speed>
                <ns3:RunCadence>83</ns3:RunCadence>
              </ns3:TPX>
            </Extensions>
          </Trackpoint>
          <Trackpoint>
            <Time>2021-01-04T22:48:16.000Z</Time>
            <Position>
              <LatitudeDegrees>22.331946796201418</LatitudeDegrees>
              <LongitudeDegrees>114.20487916443129</LongitudeDegrees>
            </Position>
            <AltitudeMeters>311.14</AltitudeMeters>
            <DistanceMeters>3874.840087890625</DistanceMeters>
            <Extensions>
              <ns3:TPX>
                <ns3:Speed>2.61299991607666</ns3:Speed>
                <ns3:RunCadence>83</ns3:RunCadence>
              </ns3:TPX>
            </Extensions>
          </Trackpoint>
          <Trackpoint>
            <Time>2021-01-04T22:48:24.000Z</Time>
            <Position>
              <LatitudeDegrees>22.331843056237602</LatitudeDegrees>
              <LongitudeDegrees>114.20508328700899</LongitudeDegrees>
            </Position>
            <AltitudeMeters>310.42</AltitudeMeters>
            <DistanceMeters>3895.659912109375</DistanceMeters>
            <Extensions>
              <ns3:TPX>
                <ns3:Speed>2.5940001010894775</ns3:Speed>
                <ns3:RunCadence>84</ns3:RunCadence>
              </ns3:TPX>
            </Extensions>
          </Trackpoint>
          <Trackpoint>
            <Time>2021-01-04T22:48:32.000Z</Time>
            <Position>
              <LatitudeDegrees>22.331657259873378</LatitudeDegrees>
              <LongitudeDegrees>114.20518260459046</LongitudeDegrees>
            </Position>
            <AltitudeMeters>311.12</AltitudeMeters>
            <DistanceMeters>3916.550048828125</DistanceMeters>
            <Extensions>
              <ns3:TPX>
                <ns3:Speed>2.621999979019165</ns3:Speed>
                <ns3:RunCadence>82</ns3:RunCadence>
              </ns3:TPX>
            </Extensions>
          </Trackpoint>
          <Trackpoint>
            <Time>2021-01-04T22:48:40.000Z</Time>
            <Position>
              <LatitudeDegrees>22.331466844316594</LatitudeDegrees>
              <LongitudeDegrees>114.20529122476724</LongitudeDegrees>
            </Position>
            <AltitudeMeters>311.0</AltitudeMeters>
            <DistanceMeters>3937.3798828125</DistanceMeters>
            <Extensions>
              <ns3:TPX>
                <ns3:Speed>2.5850000381469727</ns3:Speed>
                <ns3:RunCadence>83</ns3:RunCadence>
              </ns3:TPX>
            </Extensions>
          </Trackpoint>
          <Trackpoint>
            <Time>2021-01-04T22:48:48.000Z</Time>
            <Position>
              <LatitudeDegrees>22.3313022981672</LatitudeDegrees>
              <LongitudeDegrees>114.20514360816938</LongitudeDegrees>
            </Position>
            <AltitudeMeters>311.17</AltitudeMeters>
            <DistanceMeters>3958.219970703125</DistanceMeters>
            <Extensions>
              <ns3:TPX>
                <ns3:Speed>2.621999979019165</ns3:Speed>
                <ns3:RunCadence>83</ns3:RunCadence>
              </ns3:TPX>
            </Extensions>
          </Trackpoint>
          <Trackpoint>
            <Time>2021-01-04T22:48:56.000Z</Time>
            <Position>
              <LatitudeDegrees>22.33115361765041</LatitudeDegrees>
              <LongitudeDegrees>114.20497745687123</LongitudeDegrees>
            </Position>
            <AltitudeMeters>311.01</AltitudeMeters>
            <DistanceMeters>3979.02001953125</DistanceMeters>
            <Extensions>
              <ns3:TPX>
                <ns3:Speed>2.509999990463257</ns3:Speed>
                <ns3:RunCadence>84</ns3:RunCadence>
              </ns3:TPX>
            </Extensions>
          </Trackpoint>
          <Trackpoint>
            <Time>2021-01-04T22:49:05.000Z</Time>
            <Position>
              <LatitudeDegrees>22.33097412944461</LatitudeDegrees>
              <LongitudeDegrees>114.20483621694257</LongitudeDegrees>
            </Position>
            <AltitudeMeters>311.46</AltitudeMeters>
            <DistanceMeters>4000.760009765625</DistanceMeters>
            <Extensions>
              <ns3:TPX>
                <ns3:Speed>2.434999942779541</ns3:Speed>
                <ns3:RunCadence>84</ns3:RunCadence>
              </ns3:TPX>
            </Extensions>
          </Trackpoint>
        </Track>
        <Extensions>
          <ns3:LX>
            <ns3:AvgSpeed>2.625</ns3:AvgSpeed>
            <ns3:AvgRunCadence>84</ns3:AvgRunCadence>
            <ns3:MaxRunCadence>86</ns3:MaxRunCadence>
          </ns3:LX>
        </Extensions>
      </Lap>
      <Lap StartTime="2021-01-04T22:49:06.000Z">
        <TotalTimeSeconds>371.096</TotalTimeSeconds>
        <DistanceMeters>1000.0</DistanceMeters>
        <MaximumSpeed>2.8550000190734863</MaximumSpeed>
        <Calories>70</Calories>
        <Intensity>Active</Intensity>
        <TriggerMethod>Manual</TriggerMethod>
        <Track>
          <Trackpoint>
            <Time>2021-01-04T22:49:13.000Z</Time>
            <Position>
              <LatitudeDegrees>22.33079086882362</LatitudeDegrees>
              <LongitudeDegrees>114.20473373177889</LongitudeDegrees>
            </Position>
            <AltitudeMeters>310.85</AltitudeMeters>
            <DistanceMeters>4020.780029296875</DistanceMeters>
            <Extensions>
              <ns3:TPX>
                <ns3:Speed>2.5380001068115234</ns3:Speed>
                <ns3:RunCadence>84</ns3:RunCadence>
              </ns3:TPX>
            </Extensions>
          </Trackpoint>
          <Trackpoint>
            <Time>2021-01-04T22:49:21.000Z</Time>
            <Position>
              <LatitudeDegrees>22.330611038681894</LatitudeDegrees>
              <LongitudeDegrees>114.204606306056</LongitudeDegrees>
            </Position>
            <AltitudeMeters>310.77</AltitudeMeters>
            <DistanceMeters>4041.56005859375</DistanceMeters>
            <Extensions>
              <ns3:TPX>
                <ns3:Speed>2.6410000324249268</ns3:Speed>
                <ns3:RunCadence>84</ns3:RunCadence>
              </ns3:TPX>
            </Extensions>
          </Trackpoint>
          <Trackpoint>
            <Time>2021-01-04T22:49:29.000Z</Time>
            <Position>
              <LatitudeDegrees>22.33042347803812</LatitudeDegrees>
              <LongitudeDegrees>114.20447885195026</LongitudeDegrees>
            </Position>
            <AltitudeMeters>311.15</AltitudeMeters>
            <DistanceMeters>4062.969970703125</DistanceMeters>
            <Extensions>
              <ns3:TPX>
                <ns3:Speed>2.677999973297119</ns3:Speed>
                <ns3:RunCadence>84</ns3:RunCadence>
              </ns3:TPX>
            </Extensions>
          </Trackpoint>
          <Trackpoint>
            <Time>2021-01-04T22:49:37.000Z</Time>
            <Position>
              <LatitudeDegrees>22.330226883198915</LatitudeDegrees>
              <LongitudeDegrees>114.20438917581018</LongitudeDegrees>
            </Position>
            <AltitudeMeters>311.14</AltitudeMeters>
            <DistanceMeters>4083.659912109375</DistanceMeters>
            <Extensions>
              <ns3:TPX>
                <ns3:Speed>2.5940001010894775</ns3:Speed>
                <ns3:RunCadence>83</ns3:RunCadence>
              </ns3:TPX>
            </Extensions>
          </Trackpoint>
          <Trackpoint>
            <Time>2021-01-04T22:49:45.000Z</Time>
            <Position>
              <LatitudeDegrees>22.330037078960608</LatitudeDegrees>
              <LongitudeDegrees>114.20435513446226</LongitudeDegrees>
            </Position>
            <AltitudeMeters>311.03</AltitudeMeters>
            <DistanceMeters>4104.35986328125</DistanceMeters>
            <Extensions>
              <ns3:TPX>
                <ns3:Speed>2.5850000381469727</ns3:Speed>
                <ns3:RunCadence>84</ns3:RunCadence>
              </ns3:TPX>
            </Extensions>
          </Trackpoint>
          <Trackpoint>
            <Time>2021-01-04T22:49:53.000Z</Time>
            <Position>
              <LatitudeDegrees>22.329943630771243</LatitudeDegrees>
              <LongitudeDegrees>114.20457056060623</LongitudeDegrees>
            </Position>
            <AltitudeMeters>311.35</AltitudeMeters>
            <DistanceMeters>4125.6298828125</DistanceMeters>
            <Extensions>
              <ns3:TPX>
                <ns3:Speed>2.687000036239624</ns3:Speed>
                <ns3:RunCadence>85</ns3:RunCadence>
              </ns3:TPX>
            </Extensions>
          </Trackpoint>
          <Trackpoint>
            <Time>2021-01-04T22:50:01.000Z</Time>
            <Position>
              <LatitudeDegrees>22.32978636776629</LatitudeDegrees>
              <LongitudeDegrees>114.20473654487625</LongitudeDegrees>
            </Position>
            <AltitudeMeters>311.4</AltitudeMeters>
            <DistanceMeters>4147.1298828125</DistanceMeters>
            <Extensions>
              <ns3:TPX>
                <ns3:Speed>2.687000036239624</ns3:Speed>
                <ns3:RunCadence>84</ns3:RunCadence>
              </ns3:TPX>
            </Extensions>
          </Trackpoint>
          <Trackpoint>
            <Time>2021-01-04T22:50:09.000Z</Time>
            <Position>
              <LatitudeDegrees>22.32961120922176</LatitudeDegrees>
              <LongitudeDegrees>114.20485148382312</LongitudeDegrees>
            </Position>
            <AltitudeMeters>310.8</AltitudeMeters>
            <DistanceMeters>4168.06982421875</DistanceMeters>
            <Extensions>
              <ns3:TPX>
                <ns3:Speed>2.5940001010894775</ns3:Speed>
                <ns3:RunCadence>85</ns3:RunCadence>
              </ns3:TPX>
            </Extensions>
          </Trackpoint>
          <Trackpoint>
            <Time>2021-01-04T22:50:17.000Z</Time>
            <Position>
              <LatitudeDegrees>22.329401558237976</LatitudeDegrees>
              <LongitudeDegrees>114.20480354647053</LongitudeDegrees>
            </Position>
            <AltitudeMeters>311.44</AltitudeMeters>
            <DistanceMeters>4189.02978515625</DistanceMeters>
            <Extensions>
              <ns3:TPX>
                <ns3:Speed>2.621999979019165</ns3:Speed>
                <ns3:RunCadence>84</ns3:RunCadence>
              </ns3:TPX>
            </Extensions>
          </Trackpoint>
          <Trackpoint>
            <Time>2021-01-04T22:50:25.000Z</Time>
            <Position>
              <LatitudeDegrees>22.329195311706044</LatitudeDegrees>
              <LongitudeDegrees>114.20472940265284</LongitudeDegrees>
            </Position>
            <AltitudeMeters>311.49</AltitudeMeters>
            <DistanceMeters>4210.080078125</DistanceMeters>
            <Extensions>
              <ns3:TPX>
                <ns3:Speed>2.63100004196167</ns3:Speed>
                <ns3:RunCadence>84</ns3:RunCadence>
              </ns3:TPX>
            </Extensions>
          </Trackpoint>
          <Trackpoint>
            <Time>2021-01-04T22:50:33.000Z</Time>
            <Position>
              <LatitudeDegrees>22.328984157460205</LatitudeDegrees>
              <LongitudeDegrees>114.20468209099046</LongitudeDegrees>
            </Position>
            <AltitudeMeters>311.69</AltitudeMeters>
            <DistanceMeters>4230.93994140625</DistanceMeters>
            <Extensions>
              <ns3:TPX>
                <ns3:Speed>2.621999979019165</ns3:Speed>
                <ns3:RunCadence>85</ns3:RunCadence>
              </ns3:TPX>
            </Extensions>
          </Trackpoint>
          <Trackpoint>
            <Time>2021-01-04T22:50:41.000Z</Time>
            <Position>
              <LatitudeDegrees>22.328775372606746</LatitudeDegrees>
              <LongitudeDegrees>114.2046147293573</LongitudeDegrees>
            </Position>
            <AltitudeMeters>310.67</AltitudeMeters>
            <DistanceMeters>4252.02001953125</DistanceMeters>
            <Extensions>
              <ns3:TPX>
                <ns3:Speed>2.63100004196167</ns3:Speed>
                <ns3:RunCadence>84</ns3:RunCadence>
              </ns3:TPX>
            </Extensions>
          </Trackpoint>
          <Trackpoint>
            <Time>2021-01-04T22:50:49.000Z</Time>
            <Position>
              <LatitudeDegrees>22.328575678801354</LatitudeDegrees>
              <LongitudeDegrees>114.20453083932618</LongitudeDegrees>
            </Position>
            <AltitudeMeters>311.11</AltitudeMeters>
            <DistanceMeters>4273.009765625</DistanceMeters>
            <Extensions>
              <ns3:TPX>
                <ns3:Speed>2.61299991607666</ns3:Speed>
                <ns3:RunCadence>83</ns3:RunCadence>
              </ns3:TPX>
            </Extensions>
          </Trackpoint>
          <Trackpoint>
            <Time>2021-01-04T22:50:57.000Z</Time>
            <Position>
              <LatitudeDegrees>22.32839031510129</LatitudeDegrees>
              <LongitudeDegrees>114.20440941849182</LongitudeDegrees>
            </Position>
            <AltitudeMeters>311.26</AltitudeMeters>
            <DistanceMeters>4294.0</DistanceMeters>
            <Extensions>
              <ns3:TPX>
                <ns3:Speed>2.63100004196167</ns3:Speed>
                <ns3:RunCadence>84</ns3:RunCadence>
              </ns3:TPX>
            </Extensions>
          </Trackpoint>
          <Trackpoint>
            <Time>2021-01-04T22:51:05.000Z</Time>
            <Position>
              <LatitudeDegrees>22.32821039414348</LatitudeDegrees>
              <LongitudeDegrees>114.20427542582635</LongitudeDegrees>
            </Position>
            <AltitudeMeters>310.72</AltitudeMeters>
            <DistanceMeters>4315.14013671875</DistanceMeters>
            <Extensions>
              <ns3:TPX>
                <ns3:Speed>2.6500000953674316</ns3:Speed>
                <ns3:RunCadence>85</ns3:RunCadence>
              </ns3:TPX>
            </Extensions>
          </Trackpoint>
          <Trackpoint>
            <Time>2021-01-04T22:51:13.000Z</Time>
            <Position>
              <LatitudeDegrees>22.32803078949113</LatitudeDegrees>
              <LongitudeDegrees>114.20413795053328</LongitudeDegrees>
            </Position>
            <AltitudeMeters>310.93</AltitudeMeters>
            <DistanceMeters>4336.41015625</DistanceMeters>
            <Extensions>
              <ns3:TPX>
                <ns3:Speed>2.6589999198913574</ns3:Speed>
                <ns3:RunCadence>84</ns3:RunCadence>
              </ns3:TPX>
            </Extensions>
          </Trackpoint>
          <Trackpoint>
            <Time>2021-01-04T22:51:21.000Z</Time>
            <Position>
              <LatitudeDegrees>22.327838135225267</LatitudeDegrees>
              <LongitudeDegrees>114.20402442610957</LongitudeDegrees>
            </Position>
            <AltitudeMeters>310.22</AltitudeMeters>
            <DistanceMeters>4357.68994140625</DistanceMeters>
            <Extensions>
              <ns3:TPX>
                <ns3:Speed>2.6589999198913574</ns3:Speed>
                <ns3:RunCadence>85</ns3:RunCadence>
              </ns3:TPX>
            </Extensions>
          </Trackpoint>
          <Trackpoint>
            <Time>2021-01-04T22:51:29.000Z</Time>
            <Position>
              <LatitudeDegrees>22.327681153884182</LatitudeDegrees>
              <LongitudeDegrees>114.20385802756822</LongitudeDegrees>
            </Position>
            <AltitudeMeters>310.64</AltitudeMeters>
            <DistanceMeters>4378.9599609375</DistanceMeters>
            <Extensions>
              <ns3:TPX>
                <ns3:Speed>2.6589999198913574</ns3:Speed>
                <ns3:RunCadence>85</ns3:RunCadence>
              </ns3:TPX>
            </Extensions>
          </Trackpoint>
          <Trackpoint>
            <Time>2021-01-04T22:51:37.000Z</Time>
            <Position>
              <LatitudeDegrees>22.32762233627568</LatitudeDegrees>
              <LongitudeDegrees>114.20367606995907</LongitudeDegrees>
            </Position>
            <AltitudeMeters>310.68</AltitudeMeters>
            <DistanceMeters>4400.259765625</DistanceMeters>
            <Extensions>
              <ns3:TPX>
                <ns3:Speed>2.6689999103546143</ns3:Speed>
                <ns3:RunCadence>85</ns3:RunCadence>
              </ns3:TPX>
            </Extensions>
          </Trackpoint>
          <Trackpoint>
            <Time>2021-01-04T22:51:45.000Z</Time>
            <Position>
              <LatitudeDegrees>22.327744014648534</LatitudeDegrees>
              <LongitudeDegrees>114.20348117467142</LongitudeDegrees>
            </Position>
            <AltitudeMeters>310.5</AltitudeMeters>
            <DistanceMeters>4421.6298828125</DistanceMeters>
            <Extensions>
              <ns3:TPX>
                <ns3:Speed>2.677999973297119</ns3:Speed>
                <ns3:RunCadence>85</ns3:RunCadence>
              </ns3:TPX>
            </Extensions>
          </Trackpoint>
          <Trackpoint>
            <Time>2021-01-04T22:51:53.000Z</Time>
            <Position>
              <LatitudeDegrees>22.327898495983323</LatitudeDegrees>
              <LongitudeDegrees>114.20330913608076</LongitudeDegrees>
            </Position>
            <AltitudeMeters>310.32</AltitudeMeters>
            <DistanceMeters>4443.06982421875</DistanceMeters>
            <Extensions>
              <ns3:TPX>
                <ns3:Speed>2.687000036239624</ns3:Speed>
                <ns3:RunCadence>85</ns3:RunCadence>
              </ns3:TPX>
            </Extensions>
          </Trackpoint>
          <Trackpoint>
            <Time>2021-01-04T22:52:01.000Z</Time>
            <Position>
              <LatitudeDegrees>22.32802786387144</LatitudeDegrees>
              <LongitudeDegrees>114.20311425997102</LongitudeDegrees>
            </Position>
            <AltitudeMeters>310.4</AltitudeMeters>
            <DistanceMeters>4464.60986328125</DistanceMeters>
            <Extensions>
              <ns3:TPX>
                <ns3:Speed>2.697000026702881</ns3:Speed>
                <ns3:RunCadence>86</ns3:RunCadence>
              </ns3:TPX>
            </Extensions>
          </Trackpoint>
          <Trackpoint>
            <Time>2021-01-04T22:52:09.000Z</Time>
            <Position>
              <LatitudeDegrees>22.32812737251623</LatitudeDegrees>
              <LongitudeDegrees>114.20289851866067</LongitudeDegrees>
            </Position>
            <AltitudeMeters>310.21</AltitudeMeters>
            <DistanceMeters>4486.18017578125</DistanceMeters>
            <Extensions>
              <ns3:TPX>
                <ns3:Speed>2.697000026702881</ns3:Speed>
                <ns3:RunCadence>85</ns3:RunCadence>
              </ns3:TPX>
            </Extensions>
          </Trackpoint>
          <Trackpoint>
            <Time>2021-01-04T22:52:17.000Z</Time>
            <Position>
              <LatitudeDegrees>22.328311081699212</LatitudeDegrees>
              <LongitudeDegrees>114.20276352069038</LongitudeDegrees>
            </Position>
            <AltitudeMeters>311.05</AltitudeMeters>
            <DistanceMeters>4507.8701171875</DistanceMeters>
            <Extensions>
              <ns3:TPX>
                <ns3:Speed>2.7249999046325684</ns3:Speed>
                <ns3:RunCadence>84</ns3:RunCadence>
              </ns3:TPX>
            </Extensions>
          </Trackpoint>
          <Trackpoint>
            <Time>2021-01-04T22:52:25.000Z</Time>
            <Position>
              <LatitudeDegrees>22.328413715199964</LatitudeDegrees>
              <LongitudeDegrees>114.20256532029349</LongitudeDegrees>
            </Position>
            <AltitudeMeters>310.57</AltitudeMeters>
            <DistanceMeters>4529.68017578125</DistanceMeters>
            <Extensions>
              <ns3:TPX>
                <ns3:Speed>2.7060000896453857</ns3:Speed>
                <ns3:RunCadence>84</ns3:RunCadence>
              </ns3:TPX>
            </Extensions>
          </Trackpoint>
          <Trackpoint>
            <Time>2021-01-04T22:52:33.000Z</Time>
            <Position>
              <LatitudeDegrees>22.328553258845705</LatitudeDegrees>
              <LongitudeDegrees>114.20238876193494</LongitudeDegrees>
            </Position>
            <AltitudeMeters>311.2</AltitudeMeters>
            <DistanceMeters>4551.22998046875</DistanceMeters>
            <Extensions>
              <ns3:TPX>
                <ns3:Speed>2.687000036239624</ns3:Speed>
                <ns3:RunCadence>84</ns3:RunCadence>
              </ns3:TPX>
            </Extensions>
          </Trackpoint>
          <Trackpoint>
            <Time>2021-01-04T22:52:41.000Z</Time>
            <Position>
              <LatitudeDegrees>22.328738061287563</LatitudeDegrees>
              <LongitudeDegrees>114.20225626626807</LongitudeDegrees>
            </Position>
            <AltitudeMeters>311.2</AltitudeMeters>
            <DistanceMeters>4572.66015625</DistanceMeters>
            <Extensions>
              <ns3:TPX>
                <ns3:Speed>2.687000036239624</ns3:Speed>
                <ns3:RunCadence>84</ns3:RunCadence>
              </ns3:TPX>
            </Extensions>
          </Trackpoint>
          <Trackpoint>
            <Time>2021-01-04T22:52:49.000Z</Time>
            <Position>
              <LatitudeDegrees>22.328919603167652</LatitudeDegrees>
              <LongitudeDegrees>114.20211922955065</LongitudeDegrees>
            </Position>
            <AltitudeMeters>311.12</AltitudeMeters>
            <DistanceMeters>4594.080078125</DistanceMeters>
            <Extensions>
              <ns3:TPX>
                <ns3:Speed>2.677999973297119</ns3:Speed>
                <ns3:RunCadence>83</ns3:RunCadence>
              </ns3:TPX>
            </Extensions>
          </Trackpoint>
          <Trackpoint>
            <Time>2021-01-04T22:52:57.000Z</Time>
            <Position>
              <LatitudeDegrees>22.329067031855672</LatitudeDegrees>
              <LongitudeDegrees>114.20194429773751</LongitudeDegrees>
            </Position>
            <AltitudeMeters>310.89</AltitudeMeters>
            <DistanceMeters>4615.509765625</DistanceMeters>
            <Extensions>
              <ns3:TPX>
                <ns3:Speed>2.697000026702881</ns3:Speed>
                <ns3:RunCadence>84</ns3:RunCadence>
              </ns3:TPX>
            </Extensions>
          </Trackpoint>
          <Trackpoint>
            <Time>2021-01-04T22:53:05.000Z</Time>
            <Position>
              <LatitudeDegrees>22.329223945207357</LatitudeDegrees>
              <LongitudeDegrees>114.2017757691039</LongitudeDegrees>
            </Position>
            <AltitudeMeters>310.8</AltitudeMeters>
            <DistanceMeters>4637.169921875</DistanceMeters>
            <Extensions>
              <ns3:TPX>
                <ns3:Speed>2.7339999675750732</ns3:Speed>
                <ns3:RunCadence>84</ns3:RunCadence>
              </ns3:TPX>
            </Extensions>
          </Trackpoint>
          <Trackpoint>
            <Time>2021-01-04T22:53:13.000Z</Time>
            <Position>
              <LatitudeDegrees>22.329383793139517</LatitudeDegrees>
              <LongitudeDegrees>114.20162594499136</LongitudeDegrees>
            </Position>
            <AltitudeMeters>310.11</AltitudeMeters>
            <DistanceMeters>4658.9599609375</DistanceMeters>
            <Extensions>
              <ns3:TPX>
                <ns3:Speed>2.7339999675750732</ns3:Speed>
                <ns3:RunCadence>83</ns3:RunCadence>
              </ns3:TPX>
            </Extensions>
          </Trackpoint>
          <Trackpoint>
            <Time>2021-01-04T22:53:21.000Z</Time>
            <Position>
              <LatitudeDegrees>22.32952984305594</LatitudeDegrees>
              <LongitudeDegrees>114.20144008037411</LongitudeDegrees>
            </Position>
            <AltitudeMeters>310.65</AltitudeMeters>
            <DistanceMeters>4680.93017578125</DistanceMeters>
            <Extensions>
              <ns3:TPX>
                <ns3:Speed>2.76200008392334</ns3:Speed>
                <ns3:RunCadence>83</ns3:RunCadence>
              </ns3:TPX>
            </Extensions>
          </Trackpoint>
          <Trackpoint>
            <Time>2021-01-04T22:53:29.000Z</Time>
            <Position>
              <LatitudeDegrees>22.329726614452984</LatitudeDegrees>
              <LongitudeDegrees>114.20131322792783</LongitudeDegrees>
            </Position>
            <AltitudeMeters>310.6</AltitudeMeters>
            <DistanceMeters>4703.240234375</DistanceMeters>
            <Extensions>
              <ns3:TPX>
                <ns3:Speed>2.7899999618530273</ns3:Speed>
                <ns3:RunCadence>84</ns3:RunCadence>
              </ns3:TPX>
            </Extensions>
          </Trackpoint>
          <Trackpoint>
            <Time>2021-01-04T22:53:37.000Z</Time>
            <Position>
              <LatitudeDegrees>22.32994961703621</LatitudeDegrees>
              <LongitudeDegrees>114.20125396950122</LongitudeDegrees>
            </Position>
            <AltitudeMeters>310.6</AltitudeMeters>
            <DistanceMeters>4725.47021484375</DistanceMeters>
            <Extensions>
              <ns3:TPX>
                <ns3:Speed>2.7809998989105225</ns3:Speed>
                <ns3:RunCadence>84</ns3:RunCadence>
              </ns3:TPX>
            </Extensions>
          </Trackpoint>
          <Trackpoint>
            <Time>2021-01-04T22:53:39.000Z</Time>
            <Position>
              <LatitudeDegrees>22.330005889374284</LatitudeDegrees>
              <LongitudeDegrees>114.20124216845902</LongitudeDegrees>
            </Position>
            <AltitudeMeters>310.6</AltitudeMeters>
            <DistanceMeters>4731.009765625</DistanceMeters>
            <Extensions>
              <ns3:TPX>
                <ns3:Speed>2.7709999084472656</ns3:Speed>
                <ns3:RunCadence>84</ns3:RunCadence>
              </ns3:TPX>
            </Extensions>
          </Trackpoint>
          <Trackpoint>
            <Time>2021-01-04T22:53:47.000Z</Time>
            <Position>
              <LatitudeDegrees>22.33014314681928</LatitudeDegrees>
              <LongitudeDegrees>114.20105888792246</LongitudeDegrees>
            </Position>
            <AltitudeMeters>310.6</AltitudeMeters>
            <DistanceMeters>4753.2099609375</DistanceMeters>
            <Extensions>
              <ns3:TPX>
                <ns3:Speed>2.7809998989105225</ns3:Speed>
                <ns3:RunCadence>84</ns3:RunCadence>
              </ns3:TPX>
            </Extensions>
          </Trackpoint>
          <Trackpoint>
            <Time>2021-01-04T22:53:55.000Z</Time>
            <Position>
              <LatitudeDegrees>22.330318779908758</LatitudeDegrees>
              <LongitudeDegrees>114.20091735193907</LongitudeDegrees>
            </Position>
            <AltitudeMeters>310.57</AltitudeMeters>
            <DistanceMeters>4775.60009765625</DistanceMeters>
            <Extensions>
              <ns3:TPX>
                <ns3:Speed>2.8269999027252197</ns3:Speed>
                <ns3:RunCadence>84</ns3:RunCadence>
              </ns3:TPX>
            </Extensions>
          </Trackpoint>
          <Trackpoint>
            <Time>2021-01-04T22:54:03.000Z</Time>
            <Position>
              <LatitudeDegrees>22.330374978739723</LatitudeDegrees>
              <LongitudeDegrees>114.20067238250124</LongitudeDegrees>
            </Position>
            <AltitudeMeters>310.4</AltitudeMeters>
            <DistanceMeters>4798.3798828125</DistanceMeters>
            <Extensions>
              <ns3:TPX>
                <ns3:Speed>2.8459999561309814</ns3:Speed>
                <ns3:RunCadence>84</ns3:RunCadence>
              </ns3:TPX>
            </Extensions>
          </Trackpoint>
          <Trackpoint>
            <Time>2021-01-04T22:54:11.000Z</Time>
            <Position>
              <LatitudeDegrees>22.33042590044939</LatitudeDegrees>
              <LongitudeDegrees>114.20042948862954</LongitudeDegrees>
            </Position>
            <AltitudeMeters>310.6</AltitudeMeters>
            <DistanceMeters>4820.97021484375</DistanceMeters>
            <Extensions>
              <ns3:TPX>
                <ns3:Speed>2.7990000247955322</ns3:Speed>
                <ns3:RunCadence>84</ns3:RunCadence>
              </ns3:TPX>
            </Extensions>
          </Trackpoint>
          <Trackpoint>
            <Time>2021-01-04T22:54:19.000Z</Time>
            <Position>
              <LatitudeDegrees>22.330532986532425</LatitudeDegrees>
              <LongitudeDegrees>114.20020888755167</LongitudeDegrees>
            </Position>
            <AltitudeMeters>310.95</AltitudeMeters>
            <DistanceMeters>4843.330078125</DistanceMeters>
            <Extensions>
              <ns3:TPX>
                <ns3:Speed>2.7899999618530273</ns3:Speed>
                <ns3:RunCadence>83</ns3:RunCadence>
              </ns3:TPX>
            </Extensions>
          </Trackpoint>
          <Trackpoint>
            <Time>2021-01-04T22:54:27.000Z</Time>
            <Position>
              <LatitudeDegrees>22.33055336018133</LatitudeDegrees>
              <LongitudeDegrees>114.20037269302847</LongitudeDegrees>
            </Position>
            <AltitudeMeters>311.01</AltitudeMeters>
            <DistanceMeters>4865.58984375</DistanceMeters>
            <Extensions>
              <ns3:TPX>
                <ns3:Speed>2.7709999084472656</ns3:Speed>
                <ns3:RunCadence>84</ns3:RunCadence>
              </ns3:TPX>
            </Extensions>
          </Trackpoint>
          <Trackpoint>
            <Time>2021-01-04T22:54:35.000Z</Time>
            <Position>
              <LatitudeDegrees>22.33063764473821</LatitudeDegrees>
              <LongitudeDegrees>114.20036871836197</LongitudeDegrees>
            </Position>
            <AltitudeMeters>310.65</AltitudeMeters>
            <DistanceMeters>4887.68994140625</DistanceMeters>
            <Extensions>
              <ns3:TPX>
                <ns3:Speed>2.76200008392334</ns3:Speed>
                <ns3:RunCadence>84</ns3:RunCadence>
              </ns3:TPX>
            </Extensions>
          </Trackpoint>
          <Trackpoint>
            <Time>2021-01-04T22:54:43.000Z</Time>
            <Position>
              <LatitudeDegrees>22.330652808184468</LatitudeDegrees>
              <LongitudeDegrees>114.2003738767114</LongitudeDegrees>
            </Position>
            <AltitudeMeters>310.8</AltitudeMeters>
            <DistanceMeters>4909.7001953125</DistanceMeters>
            <Extensions>
              <ns3:TPX>
                <ns3:Speed>2.743000030517578</ns3:Speed>
                <ns3:RunCadence>84</ns3:RunCadence>
              </ns3:TPX>
            </Extensions>
          </Trackpoint>
          <Trackpoint>
            <Time>2021-01-04T22:54:51.000Z</Time>
            <Position>
              <LatitudeDegrees>22.330609559953494</LatitudeDegrees>
              <LongitudeDegrees>114.2003240796858</LongitudeDegrees>
            </Position>
            <AltitudeMeters>310.83</AltitudeMeters>
            <DistanceMeters>4931.64990234375</DistanceMeters>
            <Extensions>
              <ns3:TPX>
                <ns3:Speed>2.743000030517578</ns3:Speed>
                <ns3:RunCadence>84</ns3:RunCadence>
              </ns3:TPX>
            </Extensions>
          </Trackpoint>
          <Trackpoint>
            <Time>2021-01-04T22:54:59.000Z</Time>
            <Position>
              <LatitudeDegrees>22.330425379853345</LatitudeDegrees>
              <LongitudeDegrees>114.20040403369664</LongitudeDegrees>
            </Position>
            <AltitudeMeters>311.04</AltitudeMeters>
            <DistanceMeters>4953.60986328125</DistanceMeters>
            <Extensions>
              <ns3:TPX>
                <ns3:Speed>2.743000030517578</ns3:Speed>
                <ns3:RunCadence>84</ns3:RunCadence>
              </ns3:TPX>
            </Extensions>
          </Trackpoint>
          <Trackpoint>
            <Time>2021-01-04T22:55:07.000Z</Time>
            <Position>
              <LatitudeDegrees>22.33019941999039</LatitudeDegrees>
              <LongitudeDegrees>114.2003802659769</LongitudeDegrees>
            </Position>
            <AltitudeMeters>311.11</AltitudeMeters>
            <DistanceMeters>4975.5498046875</DistanceMeters>
            <Extensions>
              <ns3:TPX>
                <ns3:Speed>2.76200008392334</ns3:Speed>
                <ns3:RunCadence>84</ns3:RunCadence>
              </ns3:TPX>
            </Extensions>
          </Trackpoint>
          <Trackpoint>
            <Time>2021-01-04T22:55:15.000Z</Time>
            <Position>
              <LatitudeDegrees>22.329970266828234</LatitudeDegrees>
              <LongitudeDegrees>114.20035616236812</LongitudeDegrees>
            </Position>
            <AltitudeMeters>311.18</AltitudeMeters>
            <DistanceMeters>4997.7998046875</DistanceMeters>
            <Extensions>
              <ns3:TPX>
                <ns3:Speed>2.7990000247955322</ns3:Speed>
                <ns3:RunCadence>85</ns3:RunCadence>
              </ns3:TPX>
            </Extensions>
          </Trackpoint>
          <Trackpoint>
            <Time>2021-01-04T22:55:16.000Z</Time>
            <Position>
              <LatitudeDegrees>22.329941532164245</LatitudeDegrees>
              <LongitudeDegrees>114.20035313989577</LongitudeDegrees>
            </Position>
            <AltitudeMeters>311.19</AltitudeMeters>
            <DistanceMeters>5000.58984375</DistanceMeters>
            <Extensions>
              <ns3:TPX>
                <ns3:Speed>2.7990000247955322</ns3:Speed>
                <ns3:RunCadence>85</ns3:RunCadence>
              </ns3:TPX>
            </Extensions>
          </Trackpoint>
        </Track>
        <Extensions>
          <ns3:LX>
            <ns3:AvgSpeed>2.694999933242798</ns3:AvgSpeed>
            <ns3:AvgRunCadence>84</ns3:AvgRunCadence>
            <ns3:MaxRunCadence>86</ns3:MaxRunCadence>
          </ns3:LX>
        </Extensions>
      </Lap>
      <Lap StartTime="2021-01-04T22:55:17.000Z">
        <TotalTimeSeconds>154.172</TotalTimeSeconds>
        <DistanceMeters>440.48</DistanceMeters>
        <MaximumSpeed>3.059999942779541</MaximumSpeed>
        <Calories>30</Calories>
        <Intensity>Active</Intensity>
        <TriggerMethod>Manual</TriggerMethod>
        <Track>
          <Trackpoint>
            <Time>2021-01-04T22:55:24.000Z</Time>
            <Position>
              <LatitudeDegrees>22.329800995319637</LatitudeDegrees>
              <LongitudeDegrees>114.20053801424348</LongitudeDegrees>
            </Position>
            <AltitudeMeters>311.17</AltitudeMeters>
            <DistanceMeters>5023.06982421875</DistanceMeters>
            <Extensions>
              <ns3:TPX>
                <ns3:Speed>2.818000078201294</ns3:Speed>
                <ns3:RunCadence>85</ns3:RunCadence>
              </ns3:TPX>
            </Extensions>
          </Trackpoint>
          <Trackpoint>
            <Time>2021-01-04T22:55:29.000Z</Time>
            <Position>
              <LatitudeDegrees>22.329703016310056</LatitudeDegrees>
              <LongitudeDegrees>114.20065474085482</LongitudeDegrees>
            </Position>
            <AltitudeMeters>311.08</AltitudeMeters>
            <DistanceMeters>5037.16015625</DistanceMeters>
            <Extensions>
              <ns3:TPX>
                <ns3:Speed>2.818000078201294</ns3:Speed>
                <ns3:RunCadence>85</ns3:RunCadence>
              </ns3:TPX>
            </Extensions>
          </Trackpoint>
          <Trackpoint>
            <Time>2021-01-04T22:55:37.000Z</Time>
            <Position>
              <LatitudeDegrees>22.32950913211079</LatitudeDegrees>
              <LongitudeDegrees>114.20075932197054</LongitudeDegrees>
            </Position>
            <AltitudeMeters>310.93</AltitudeMeters>
            <DistanceMeters>5059.830078125</DistanceMeters>
            <Extensions>
              <ns3:TPX>
                <ns3:Speed>2.8269999027252197</ns3:Speed>
                <ns3:RunCadence>86</ns3:RunCadence>
              </ns3:TPX>
            </Extensions>
          </Trackpoint>
          <Trackpoint>
            <Time>2021-01-04T22:55:45.000Z</Time>
            <Position>
              <LatitudeDegrees>22.32927490312756</LatitudeDegrees>
              <LongitudeDegrees>114.20077103496494</LongitudeDegrees>
            </Position>
            <AltitudeMeters>310.78</AltitudeMeters>
            <DistanceMeters>5082.490234375</DistanceMeters>
            <Extensions>
              <ns3:TPX>
                <ns3:Speed>2.8459999561309814</ns3:Speed>
                <ns3:RunCadence>85</ns3:RunCadence>
              </ns3:TPX>
            </Extensions>
          </Trackpoint>
          <Trackpoint>
            <Time>2021-01-04T22:55:53.000Z</Time>
            <Position>
              <LatitudeDegrees>22.329039851455907</LatitudeDegrees>
              <LongitudeDegrees>114.20078278909921</LongitudeDegrees>
            </Position>
            <AltitudeMeters>310.63</AltitudeMeters>
            <DistanceMeters>5105.22998046875</DistanceMeters>
            <Extensions>
              <ns3:TPX>
                <ns3:Speed>2.8369998931884766</ns3:Speed>
                <ns3:RunCadence>85</ns3:RunCadence>
              </ns3:TPX>
            </Extensions>
          </Trackpoint>
          <Trackpoint>
            <Time>2021-01-04T22:56:01.000Z</Time>
            <Position>
              <LatitudeDegrees>22.32906992292652</LatitudeDegrees>
              <LongitudeDegrees>114.20094318117735</LongitudeDegrees>
            </Position>
            <AltitudeMeters>310.38</AltitudeMeters>
            <DistanceMeters>5127.93017578125</DistanceMeters>
            <Extensions>
              <ns3:TPX>
                <ns3:Speed>2.8369998931884766</ns3:Speed>
                <ns3:RunCadence>85</ns3:RunCadence>
              </ns3:TPX>
            </Extensions>
          </Trackpoint>
          <Trackpoint>
            <Time>2021-01-04T22:56:09.000Z</Time>
            <Position>
              <LatitudeDegrees>22.328990616259624</LatitudeDegrees>
              <LongitudeDegrees>114.20117755514823</LongitudeDegrees>
            </Position>
            <AltitudeMeters>310.63</AltitudeMeters>
            <DistanceMeters>5150.60986328125</DistanceMeters>
            <Extensions>
              <ns3:TPX>
                <ns3:Speed>2.8369998931884766</ns3:Speed>
                <ns3:RunCadence>83</ns3:RunCadence>
              </ns3:TPX>
            </Extensions>
          </Trackpoint>
          <Trackpoint>
            <Time>2021-01-04T22:56:17.000Z</Time>
            <Position>
              <LatitudeDegrees>22.328835054581646</LatitudeDegrees>
              <LongitudeDegrees>114.20134850239833</LongitudeDegrees>
            </Position>
            <AltitudeMeters>310.42</AltitudeMeters>
            <DistanceMeters>5173.2001953125</DistanceMeters>
            <Extensions>
              <ns3:TPX>
                <ns3:Speed>2.818000078201294</ns3:Speed>
                <ns3:RunCadence>84</ns3:RunCadence>
              </ns3:TPX>
            </Extensions>
          </Trackpoint>
          <Trackpoint>
            <Time>2021-01-04T22:56:25.000Z</Time>
            <Position>
              <LatitudeDegrees>22.32863653747356</LatitudeDegrees>
              <LongitudeDegrees>114.20123217866814</LongitudeDegrees>
            </Position>
            <AltitudeMeters>309.69</AltitudeMeters>
            <DistanceMeters>5195.66015625</DistanceMeters>
            <Extensions>
              <ns3:TPX>
                <ns3:Speed>2.809000015258789</ns3:Speed>
                <ns3:RunCadence>85</ns3:RunCadence>
              </ns3:TPX>
            </Extensions>
          </Trackpoint>
          <Trackpoint>
            <Time>2021-01-04T22:56:33.000Z</Time>
            <Position>
              <LatitudeDegrees>22.32847715305856</LatitudeDegrees>
              <LongitudeDegrees>114.20122801322727</LongitudeDegrees>
            </Position>
            <AltitudeMeters>310.35</AltitudeMeters>
            <DistanceMeters>5218.1201171875</DistanceMeters>
            <Extensions>
              <ns3:TPX>
                <ns3:Speed>2.809000015258789</ns3:Speed>
                <ns3:RunCadence>84</ns3:RunCadence>
              </ns3:TPX>
            </Extensions>
          </Trackpoint>
          <Trackpoint>
            <Time>2021-01-04T22:56:41.000Z</Time>
            <Position>
              <LatitudeDegrees>22.328578711413293</LatitudeDegrees>
              <LongitudeDegrees>114.20104006559859</LongitudeDegrees>
            </Position>
            <AltitudeMeters>310.0</AltitudeMeters>
            <DistanceMeters>5240.490234375</DistanceMeters>
            <Extensions>
              <ns3:TPX>
                <ns3:Speed>2.7990000247955322</ns3:Speed>
                <ns3:RunCadence>85</ns3:RunCadence>
              </ns3:TPX>
            </Extensions>
          </Trackpoint>
          <Trackpoint>
            <Time>2021-01-04T22:56:49.000Z</Time>
            <Position>
              <LatitudeDegrees>22.328800555480804</LatitudeDegrees>
              <LongitudeDegrees>114.20107983498819</LongitudeDegrees>
            </Position>
            <AltitudeMeters>310.45</AltitudeMeters>
            <DistanceMeters>5262.919921875</DistanceMeters>
            <Extensions>
              <ns3:TPX>
                <ns3:Speed>2.809000015258789</ns3:Speed>
                <ns3:RunCadence>84</ns3:RunCadence>
              </ns3:TPX>
            </Extensions>
          </Trackpoint>
          <Trackpoint>
            <Time>2021-01-04T22:56:57.000Z</Time>
            <Position>
              <LatitudeDegrees>22.32895739891166</LatitudeDegrees>
              <LongitudeDegrees>114.20126026711965</LongitudeDegrees>
            </Position>
            <AltitudeMeters>310.43</AltitudeMeters>
            <DistanceMeters>5285.60986328125</DistanceMeters>
            <Extensions>
              <ns3:TPX>
                <ns3:Speed>2.874000072479248</ns3:Speed>
                <ns3:RunCadence>84</ns3:RunCadence>
              </ns3:TPX>
            </Extensions>
          </Trackpoint>
          <Trackpoint>
            <Time>2021-01-04T22:57:04.000Z</Time>
            <Position>
              <LatitudeDegrees>22.328916894533563</LatitudeDegrees>
              <LongitudeDegrees>114.20144694064925</LongitudeDegrees>
            </Position>
            <AltitudeMeters>310.21</AltitudeMeters>
            <DistanceMeters>5305.93994140625</DistanceMeters>
            <Extensions>
              <ns3:TPX>
                <ns3:Speed>2.938999891281128</ns3:Speed>
                <ns3:RunCadence>83</ns3:RunCadence>
              </ns3:TPX>
            </Extensions>
          </Trackpoint>
          <Trackpoint>
            <Time>2021-01-04T22:57:11.000Z</Time>
            <Position>
              <LatitudeDegrees>22.328733679529865</LatitudeDegrees>
              <LongitudeDegrees>114.2015601465293</LongitudeDegrees>
            </Position>
            <AltitudeMeters>309.65</AltitudeMeters>
            <DistanceMeters>5326.43994140625</DistanceMeters>
            <Extensions>
              <ns3:TPX>
                <ns3:Speed>2.9210000038146973</ns3:Speed>
                <ns3:RunCadence>83</ns3:RunCadence>
              </ns3:TPX>
            </Extensions>
          </Trackpoint>
          <Trackpoint>
            <Time>2021-01-04T22:57:18.000Z</Time>
            <Position>
              <LatitudeDegrees>22.328559831451766</LatitudeDegrees>
              <LongitudeDegrees>114.20167817060548</LongitudeDegrees>
            </Position>
            <AltitudeMeters>309.51</AltitudeMeters>
            <DistanceMeters>5346.740234375</DistanceMeters>
            <Extensions>
              <ns3:TPX>
                <ns3:Speed>2.874000072479248</ns3:Speed>
                <ns3:RunCadence>84</ns3:RunCadence>
              </ns3:TPX>
            </Extensions>
          </Trackpoint>
          <Trackpoint>
            <Time>2021-01-04T22:57:26.000Z</Time>
            <Position>
              <LatitudeDegrees>22.32835756806627</LatitudeDegrees>
              <LongitudeDegrees>114.20179831611611</LongitudeDegrees>
            </Position>
            <AltitudeMeters>309.6</AltitudeMeters>
            <DistanceMeters>5369.47021484375</DistanceMeters>
            <Extensions>
              <ns3:TPX>
                <ns3:Speed>2.818000078201294</ns3:Speed>
                <ns3:RunCadence>84</ns3:RunCadence>
              </ns3:TPX>
            </Extensions>
          </Trackpoint>
          <Trackpoint>
            <Time>2021-01-04T22:57:34.000Z</Time>
            <Position>
              <LatitudeDegrees>22.328275968908642</LatitudeDegrees>
              <LongitudeDegrees>114.2019681177268</LongitudeDegrees>
            </Position>
            <AltitudeMeters>309.6</AltitudeMeters>
            <DistanceMeters>5392.3701171875</DistanceMeters>
            <Extensions>
              <ns3:TPX>
                <ns3:Speed>2.9019999504089355</ns3:Speed>
                <ns3:RunCadence>83</ns3:RunCadence>
              </ns3:TPX>
            </Extensions>
          </Trackpoint>
          <Trackpoint>
            <Time>2021-01-04T22:57:41.000Z</Time>
            <Position>
              <LatitudeDegrees>22.328269754744184</LatitudeDegrees>
              <LongitudeDegrees>114.20217564566079</LongitudeDegrees>
            </Position>
            <AltitudeMeters>310.12</AltitudeMeters>
            <DistanceMeters>5413.0498046875</DistanceMeters>
            <Extensions>
              <ns3:TPX>
                <ns3:Speed>2.994999885559082</ns3:Speed>
                <ns3:RunCadence>84</ns3:RunCadence>
              </ns3:TPX>
            </Extensions>
          </Trackpoint>
          <Trackpoint>
            <Time>2021-01-04T22:57:48.000Z</Time>
            <Position>
              <LatitudeDegrees>22.328208003926623</LatitudeDegrees>
              <LongitudeDegrees>114.2023934403685</LongitudeDegrees>
            </Position>
            <AltitudeMeters>310.06</AltitudeMeters>
            <DistanceMeters>5434.35986328125</DistanceMeters>
            <Extensions>
              <ns3:TPX>
                <ns3:Speed>3.059999942779541</ns3:Speed>
                <ns3:RunCadence>85</ns3:RunCadence>
              </ns3:TPX>
            </Extensions>
          </Trackpoint>
          <Trackpoint>
            <Time>2021-01-04T22:57:50.000Z</Time>
            <Position>
              <LatitudeDegrees>22.32817685241508</LatitudeDegrees>
              <LongitudeDegrees>114.2024530468469</LongitudeDegrees>
            </Position>
            <AltitudeMeters>310.0</AltitudeMeters>
            <DistanceMeters>5440.47998046875</DistanceMeters>
            <Extensions>
              <ns3:TPX>
                <ns3:Speed>3.059999942779541</ns3:Speed>
                <ns3:RunCadence>85</ns3:RunCadence>
              </ns3:TPX>
            </Extensions>
          </Trackpoint>
        </Track>
        <Extensions>
          <ns3:LX>
            <ns3:AvgSpeed>2.857000112533569</ns3:AvgSpeed>
            <ns3:AvgRunCadence>84</ns3:AvgRunCadence>
            <ns3:MaxRunCadence>86</ns3:MaxRunCadence>
          </ns3:LX>
        </Extensions>
      </Lap>
      <Notes>ROUTE RECONSTRUCTED: no GPS was recorded for this activity. Coordinates were projected from the accelerometer distance onto the GPS track of activity 6188052022 (2021-01-27) using mode "scale". Generated by 06_RepairMissingRoutes.py.</Notes>
      <Creator xsi:type="Device_t">
        <Name>fēnix 3</Name>
        <UnitId>3913938328</UnitId>
        <ProductID>2050</ProductID>
        <Version>
          <VersionMajor>9</VersionMajor>
          <VersionMinor>40</VersionMinor>
          <BuildMajor>0</BuildMajor>
          <BuildMinor>0</BuildMinor>
        </Version>
      </Creator>
    </Activity>
  </Activities>
  <Author xsi:type="Application_t">
    <Name>Connect Api</Name>
    <Build>
      <Version>
        <VersionMajor>0</VersionMajor>
        <VersionMinor>0</VersionMinor>
        <BuildMajor>0</BuildMajor>
        <BuildMinor>0</BuildMinor>
      </Version>
    </Build>
    <LangID>en</LangID>
    <PartNumber>006-D2449-00</PartNumber>
  </Author>
</TrainingCenterDatabase>
