<?xml version="1.0" encoding="UTF-8"?>
<TrainingCenterDatabase
  xsi:schemaLocation="http://www.garmin.com/xmlschemas/TrainingCenterDatabase/v2 http://www.garmin.com/xmlschemas/TrainingCenterDatabasev2.xsd"
  xmlns:ns5="http://www.garmin.com/xmlschemas/ActivityGoals/v1"
  xmlns:ns3="http://www.garmin.com/xmlschemas/ActivityExtension/v2"
  xmlns:ns2="http://www.garmin.com/xmlschemas/UserProfile/v2"
  xmlns="http://www.garmin.com/xmlschemas/TrainingCenterDatabase/v2"
  xmlns:xsi="http://www.w3.org/2001/XMLSchema-instance" xmlns:ns4="http://www.garmin.com/xmlschemas/ProfileExtension/v1">
  <Activities>
    <Activity Sport="Running">
      <Id>2021-01-16T23:08:37.000Z</Id>
      <Lap StartTime="2021-01-16T23:08:37.000Z">
        <TotalTimeSeconds>375.085</TotalTimeSeconds>
        <DistanceMeters>1000.0</DistanceMeters>
        <MaximumSpeed>2.809000015258789</MaximumSpeed>
        <Calories>70</Calories>
        <Intensity>Active</Intensity>
        <TriggerMethod>Manual</TriggerMethod>
        <Track>
          <Trackpoint>
            <Time>2021-01-16T23:08:37.000Z</Time>
            <Position>
              <LatitudeDegrees>22.328436735728182</LatitudeDegrees>
              <LongitudeDegrees>114.20833409516086</LongitudeDegrees>
            </Position>
            <AltitudeMeters>311.37</AltitudeMeters>
            <DistanceMeters>2.4600000381469727</DistanceMeters>
            <Extensions>
              <ns3:TPX>
                <ns3:Speed>2.4539999961853027</ns3:Speed>
                <ns3:RunCadence>55</ns3:RunCadence>
              </ns3:TPX>
            </Extensions>
          </Trackpoint>
          <Trackpoint>
            <Time>2021-01-16T23:08:49.000Z</Time>
            <Position>
              <LatitudeDegrees>22.328280515979205</LatitudeDegrees>
              <LongitudeDegrees>114.20821999658979</LongitudeDegrees>
            </Position>
            <AltitudeMeters>311.21</AltitudeMeters>
            <DistanceMeters>23.790000915527344</DistanceMeters>
            <Extensions>
              <ns3:TPX>
                <ns3:Speed>2.575000047683716</ns3:Speed>
                <ns3:RunCadence>89</ns3:RunCadence>
              </ns3:TPX>
            </Extensions>
          </Trackpoint>
          <Trackpoint>
            <Time>2021-01-16T23:08:57.000Z</Time>
            <Position>
              <LatitudeDegrees>22.3284782385484</LatitudeDegrees>
              <LongitudeDegrees>114.2081909040616</LongitudeDegrees>
            </Position>
            <AltitudeMeters>311.85</AltitudeMeters>
            <DistanceMeters>44.83000183105469</DistanceMeters>
            <Extensions>
              <ns3:TPX>
                <ns3:Speed>2.621999979019165</ns3:Speed>
                <ns3:RunCadence>87</ns3:RunCadence>
              </ns3:TPX>
            </Extensions>
          </Trackpoint>
          <Trackpoint>
            <Time>2021-01-16T23:09:05.000Z</Time>
            <Position>
              <LatitudeDegrees>22.328675508438373</LatitudeDegrees>
              <LongitudeDegrees>114.20811969411163</LongitudeDegrees>
            </Position>
            <AltitudeMeters>311.2</AltitudeMeters>
            <DistanceMeters>65.91000366210938</DistanceMeters>
            <Extensions>
              <ns3:TPX>
                <ns3:Speed>2.6689999103546143</ns3:Speed>
                <ns3:RunCadence>89</ns3:RunCadence>
              </ns3:TPX>
            </Extensions>
          </Trackpoint>
          <Trackpoint>
            <Time>2021-01-16T23:09:13.000Z</Time>
            <Position>
              <LatitudeDegrees>22.328887804005152</LatitudeDegrees>
              <LongitudeDegrees>114.20809430296721</LongitudeDegrees>
            </Position>
            <AltitudeMeters>311.2</AltitudeMeters>
            <DistanceMeters>87.55999755859375</DistanceMeters>
            <Extensions>
              <ns3:TPX>
                <ns3:Speed>2.7339999675750732</ns3:Speed>
                <ns3:RunCadence>89</ns3:RunCadence>
              </ns3:TPX>
            </Extensions>
          </Trackpoint>
          <Trackpoint>
            <Time>2021-01-16T23:09:21.000Z</Time>
            <Position>
              <LatitudeDegrees>22.32910521845607</LatitudeDegrees>
              <LongitudeDegrees>114.20806839924795</LongitudeDegrees>
            </Position>
            <AltitudeMeters>311.2</AltitudeMeters>
            <DistanceMeters>109.7300033569336</DistanceMeters>
            <Extensions>
              <ns3:TPX>
                <ns3:Speed>2.7809998989105225</ns3:Speed>
                <ns3:RunCadence>88</ns3:RunCadence>
              </ns3:TPX>
            </Extensions>
          </Trackpoint>
          <Trackpoint>
            <Time>2021-01-16T23:09:24.000Z</Time>
            <Position>
              <LatitudeDegrees>22.329187228489957</LatitudeDegrees>
              <LongitudeDegrees>114.20806271026204</LongitudeDegrees>
            </Position>
            <AltitudeMeters>311.24</AltitudeMeters>
            <DistanceMeters>118.06999969482422</DistanceMeters>
            <Extensions>
              <ns3:TPX>
                <ns3:Speed>2.7709999084472656</ns3:Speed>
                <ns3:RunCadence>87</ns3:RunCadence>
              </ns3:TPX>
            </Extensions>
          </Trackpoint>
          <Trackpoint>
            <Time>2021-01-16T23:09:32.000Z</Time>
            <Position>
              <LatitudeDegrees>22.329402119709908</LatitudeDegrees>
              <LongitudeDegrees>114.20807120056244</LongitudeDegrees>
            </Position>
            <AltitudeMeters>311.35</AltitudeMeters>
            <DistanceMeters>139.9499969482422</DistanceMeters>
            <Extensions>
              <ns3:TPX>
                <ns3:Speed>2.7149999141693115</ns3:Speed>
                <ns3:RunCadence>87</ns3:RunCadence>
              </ns3:TPX>
            </Extensions>
          </Trackpoint>
          <Trackpoint>
            <Time>2021-01-16T23:09:40.000Z</Time>
            <Position>
              <LatitudeDegrees>22.32961186749011</LatitudeDegrees>
              <LongitudeDegrees>114.20810696146297</LongitudeDegrees>
            </Position>
            <AltitudeMeters>311.2</AltitudeMeters>
            <DistanceMeters>161.52999877929688</DistanceMeters>
            <Extensions>
              <ns3:TPX>
                <ns3:Speed>2.687000036239624</ns3:Speed>
                <ns3:RunCadence>88</ns3:RunCadence>
              </ns3:TPX>
            </Extensions>
          </Trackpoint>
          <Trackpoint>
            <Time>2021-01-16T23:09:48.000Z</Time>
            <Position>
              <LatitudeDegrees>22.329822838052937</LatitudeDegrees>
              <LongitudeDegrees>114.20811013973073</LongitudeDegrees>
            </Position>
            <AltitudeMeters>311.15</AltitudeMeters>
            <DistanceMeters>182.92999267578125</DistanceMeters>
            <Extensions>
              <ns3:TPX>
                <ns3:Speed>2.6589999198913574</ns3:Speed>
                <ns3:RunCadence>86</ns3:RunCadence>
              </ns3:TPX>
            </Extensions>
          </Trackpoint>
          <Trackpoint>
            <Time>2021-01-16T23:09:56.000Z</Time>
            <Position>
              <LatitudeDegrees>22.330031561114556</LatitudeDegrees>
              <LongitudeDegrees>114.20809196252426</LongitudeDegrees>
            </Position>
            <AltitudeMeters>311.0</AltitudeMeters>
            <DistanceMeters>204.19000244140625</DistanceMeters>
            <Extensions>
              <ns3:TPX>
                <ns3:Speed>2.6500000953674316</ns3:Speed>
                <ns3:RunCadence>86</ns3:RunCadence>
              </ns3:TPX>
            </Extensions>
          </Trackpoint>
          <Trackpoint>
            <Time>2021-01-16T23:10:04.000Z</Time>
            <Position>
              <LatitudeDegrees>22.330237916104565</LatitudeDegrees>
              <LongitudeDegrees>114.20805941414703</LongitudeDegrees>
            </Position>
            <AltitudeMeters>310.91</AltitudeMeters>
            <DistanceMeters>225.35000610351562</DistanceMeters>
            <Extensions>
              <ns3:TPX>
                <ns3:Speed>2.6500000953674316</ns3:Speed>
                <ns3:RunCadence>87</ns3:RunCadence>
              </ns3:TPX>
            </Extensions>
          </Trackpoint>
          <Trackpoint>
            <Time>2021-01-16T23:10:12.000Z</Time>
            <Position>
              <LatitudeDegrees>22.33041662277351</LatitudeDegrees>
              <LongitudeDegrees>114.20796525239814</LongitudeDegrees>
            </Position>
            <AltitudeMeters>311.0</AltitudeMeters>
            <DistanceMeters>246.64999389648438</DistanceMeters>
            <Extensions>
              <ns3:TPX>
                <ns3:Speed>2.6589999198913574</ns3:Speed>
                <ns3:RunCadence>87</ns3:RunCadence>
              </ns3:TPX>
            </Extensions>
          </Trackpoint>
          <Trackpoint>
            <Time>2021-01-16T23:10:20.000Z</Time>
            <Position>
              <LatitudeDegrees>22.330537471270034</LatitudeDegrees>
              <LongitudeDegrees>114.20779191668186</LongitudeDegrees>
            </Position>
            <AltitudeMeters>311.02</AltitudeMeters>
            <DistanceMeters>267.8500061035156</DistanceMeters>
            <Extensions>
              <ns3:TPX>
                <ns3:Speed>2.6500000953674316</ns3:Speed>
                <ns3:RunCadence>87</ns3:RunCadence>
              </ns3:TPX>
            </Extensions>
          </Trackpoint>
          <Trackpoint>
            <Time>2021-01-16T23:10:28.000Z</Time>
            <Position>
              <LatitudeDegrees>22.330654852132355</LatitudeDegrees>
              <LongitudeDegrees>114.20760964905254</LongitudeDegrees>
            </Position>
            <AltitudeMeters>311.2</AltitudeMeters>
            <DistanceMeters>289.05999755859375</DistanceMeters>
            <Extensions>
              <ns3:TPX>
                <ns3:Speed>2.6589999198913574</ns3:Speed>
                <ns3:RunCadence>86</ns3:RunCadence>
              </ns3:TPX>
            </Extensions>
          </Trackpoint>
          <Trackpoint>
            <Time>2021-01-16T23:10:36.000Z</Time>
            <Position>
              <LatitudeDegrees>22.330671011715516</LatitudeDegrees>
              <LongitudeDegrees>114.20740778781847</LongitudeDegrees>
            </Position>
            <AltitudeMeters>311.27</AltitudeMeters>
            <DistanceMeters>310.2900085449219</DistanceMeters>
            <Extensions>
              <ns3:TPX>
                <ns3:Speed>2.6589999198913574</ns3:Speed>
                <ns3:RunCadence>86</ns3:RunCadence>
              </ns3:TPX>
            </Extensions>
          </Trackpoint>
          <Trackpoint>
            <Time>2021-01-16T23:10:44.000Z</Time>
            <Position>
              <LatitudeDegrees>22.33077794732419</LatitudeDegrees>
              <LongitudeDegrees>114.2072164981159</LongitudeDegrees>
            </Position>
            <AltitudeMeters>311.44</AltitudeMeters>
            <DistanceMeters>331.4800109863281</DistanceMeters>
            <Extensions>
              <ns3:TPX>
                <ns3:Speed>2.6410000324249268</ns3:Speed>
                <ns3:RunCadence>86</ns3:RunCadence>
              </ns3:TPX>
            </Extensions>
          </Trackpoint>
          <Trackpoint>
            <Time>2021-01-16T23:10:52.000Z</Time>
            <Position>
              <LatitudeDegrees>22.33092015128883</LatitudeDegrees>
              <LongitudeDegrees>114.20705198455153</LongitudeDegrees>
            </Position>
            <AltitudeMeters>311.14</AltitudeMeters>
            <DistanceMeters>352.6199951171875</DistanceMeters>
            <Extensions>
              <ns3:TPX>
                <ns3:Speed>2.6500000953674316</ns3:Speed>
                <ns3:RunCadence>86</ns3:RunCadence>
              </ns3:TPX>
            </Extensions>
          </Trackpoint>
          <Trackpoint>
            <Time>2021-01-16T23:10:58.000Z</Time>
            <Position>
              <LatitudeDegrees>22.331031336919533</LatitudeDegrees>
              <LongitudeDegrees>114.20693366663234</LongitudeDegrees>
            </Position>
            <AltitudeMeters>311.22</AltitudeMeters>
            <DistanceMeters>368.5199890136719</DistanceMeters>
            <Extensions>
              <ns3:TPX>
                <ns3:Speed>2.6500000953674316</ns3:Speed>
                <ns3:RunCadence>86</ns3:RunCadence>
              </ns3:TPX>
            </Extensions>
          </Trackpoint>
          <Trackpoint>
            <Time>2021-01-16T23:11:06.000Z</Time>
            <Position>
              <LatitudeDegrees>22.331208985220762</LatitudeDegrees>
              <LongitudeDegrees>114.20681980260714</LongitudeDegrees>
            </Position>
            <AltitudeMeters>311.43</AltitudeMeters>
            <DistanceMeters>389.6600036621094</DistanceMeters>
            <Extensions>
              <ns3:TPX>
                <ns3:Speed>2.621999979019165</ns3:Speed>
                <ns3:RunCadence>87</ns3:RunCadence>
              </ns3:TPX>
            </Extensions>
          </Trackpoint>
          <Trackpoint>
            <Time>2021-01-16T23:11:14.000Z</Time>
            <Position>
              <LatitudeDegrees>22.331328040081765</LatitudeDegrees>
              <LongitudeDegrees>114.20663779913441</LongitudeDegrees>
            </Position>
            <AltitudeMeters>311.71</AltitudeMeters>
            <DistanceMeters>410.7099914550781</DistanceMeters>
            <Extensions>
              <ns3:TPX>
                <ns3:Speed>2.621999979019165</ns3:Speed>
                <ns3:RunCadence>87</ns3:RunCadence>
              </ns3:TPX>
            </Extensions>
          </Trackpoint>
          <Trackpoint>
            <Time>2021-01-16T23:11:22.000Z</Time>
            <Position>
              <LatitudeDegrees>22.33143086218207</LatitudeDegrees>
              <LongitudeDegrees>114.2064574002727</LongitudeDegrees>
            </Position>
            <AltitudeMeters>312.59</AltitudeMeters>
            <DistanceMeters>431.69000244140625</DistanceMeters>
            <Extensions>
              <ns3:TPX>
                <ns3:Speed>2.621999979019165</ns3:Speed>
                <ns3:RunCadence>87</ns3:RunCadence>
              </ns3:TPX>
            </Extensions>
          </Trackpoint>
          <Trackpoint>
            <Time>2021-01-16T23:11:28.000Z</Time>
            <Position>
              <LatitudeDegrees>22.331330883081826</LatitudeDegrees>
              <LongitudeDegrees>114.2063350004373</LongitudeDegrees>
            </Position>
            <AltitudeMeters>312.72</AltitudeMeters>
            <DistanceMeters>447.4200134277344</DistanceMeters>
            <Extensions>
              <ns3:TPX>
                <ns3:Speed>2.621999979019165</ns3:Speed>
                <ns3:RunCadence>88</ns3:RunCadence>
              </ns3:TPX>
            </Extensions>
          </Trackpoint>
          <Trackpoint>
            <Time>2021-01-16T23:11:36.000Z</Time>
            <Position>
              <LatitudeDegrees>22.331282713566246</LatitudeDegrees>
              <LongitudeDegrees>114.20615858972675</LongitudeDegrees>
            </Position>
            <AltitudeMeters>312.6</AltitudeMeters>
            <DistanceMeters>468.4800109863281</DistanceMeters>
            <Extensions>
              <ns3:TPX>
                <ns3:Speed>2.6410000324249268</ns3:Speed>
                <ns3:RunCadence>86</ns3:RunCadence>
              </ns3:TPX>
            </Extensions>
          </Trackpoint>
          <Trackpoint>
            <Time>2021-01-16T23:11:44.000Z</Time>
            <Position>
              <LatitudeDegrees>22.331381280642898</LatitudeDegrees>
              <LongitudeDegrees>114.20596330663554</LongitudeDegrees>
            </Position>
            <AltitudeMeters>313.01</AltitudeMeters>
            <DistanceMeters>489.67999267578125</DistanceMeters>
            <Extensions>
              <ns3:TPX>
                <ns3:Speed>2.6589999198913574</ns3:Speed>
                <ns3:RunCadence>87</ns3:RunCadence>
              </ns3:TPX>
            </Extensions>
          </Trackpoint>
          <Trackpoint>
            <Time>2021-01-16T23:11:52.000Z</Time>
            <Position>
              <LatitudeDegrees>22.331453911197343</LatitudeDegrees>
              <LongitudeDegrees>114.20575399672369</LongitudeDegrees>
            </Position>
            <AltitudeMeters>312.5</AltitudeMeters>
            <DistanceMeters>510.9100036621094</DistanceMeters>
            <Extensions>
              <ns3:TPX>
                <ns3:Speed>2.6500000953674316</ns3:Speed>
                <ns3:RunCadence>88</ns3:RunCadence>
              </ns3:TPX>
            </Extensions>
          </Trackpoint>
          <Trackpoint>
            <Time>2021-01-16T23:12:00.000Z</Time>
            <Position>
              <LatitudeDegrees>22.331331597659958</LatitudeDegrees>
              <LongitudeDegrees>114.20558837178767</LongitudeDegrees>
            </Position>
            <AltitudeMeters>312.0</AltitudeMeters>
            <DistanceMeters>532.260009765625</DistanceMeters>
            <Extensions>
              <ns3:TPX>
                <ns3:Speed>2.6689999103546143</ns3:Speed>
                <ns3:RunCadence>87</ns3:RunCadence>
              </ns3:TPX>
            </Extensions>
          </Trackpoint>
          <Trackpoint>
            <Time>2021-01-16T23:12:08.000Z</Time>
            <Position>
              <LatitudeDegrees>22.33117026547643</LatitudeDegrees>
              <LongitudeDegrees>114.20544097655194</LongitudeDegrees>
            </Position>
            <AltitudeMeters>312.52</AltitudeMeters>
            <DistanceMeters>553.6699829101562</DistanceMeters>
            <Extensions>
              <ns3:TPX>
                <ns3:Speed>2.677999973297119</ns3:Speed>
                <ns3:RunCadence>88</ns3:RunCadence>
              </ns3:TPX>
            </Extensions>
          </Trackpoint>
          <Trackpoint>
            <Time>2021-01-16T23:12:16.000Z</Time>
            <Position>
              <LatitudeDegrees>22.331113517842418</LatitudeDegrees>
              <LongitudeDegrees>114.20525681835701</LongitudeDegrees>
            </Position>
            <AltitudeMeters>312.8</AltitudeMeters>
            <DistanceMeters>575.030029296875</DistanceMeters>
            <Extensions>
              <ns3:TPX>
                <ns3:Speed>2.6589999198913574</ns3:Speed>
                <ns3:RunCadence>87</ns3:RunCadence>
              </ns3:TPX>
            </Extensions>
          </Trackpoint>
          <Trackpoint>
            <Time>2021-01-16T23:12:24.000Z</Time>
            <Position>
              <LatitudeDegrees>22.331242155008876</LatitudeDegrees>
              <LongitudeDegrees>114.20508297198782</LongitudeDegrees>
            </Position>
            <AltitudeMeters>312.4</AltitudeMeters>
            <DistanceMeters>596.219970703125</DistanceMeters>
            <Extensions>
              <ns3:TPX>
                <ns3:Speed>2.6589999198913574</ns3:Speed>
                <ns3:RunCadence>87</ns3:RunCadence>
              </ns3:TPX>
            </Extensions>
          </Trackpoint>
          <Trackpoint>
            <Time>2021-01-16T23:12:32.000Z</Time>
            <Position>
              <LatitudeDegrees>22.331306579880938</LatitudeDegrees>
              <LongitudeDegrees>114.20488242780841</LongitudeDegrees>
            </Position>
            <AltitudeMeters>312.2</AltitudeMeters>
            <DistanceMeters>617.4600219726562</DistanceMeters>
            <Extensions>
              <ns3:TPX>
                <ns3:Speed>2.6589999198913574</ns3:Speed>
                <ns3:RunCadence>88</ns3:RunCadence>
              </ns3:TPX>
            </Extensions>
          </Trackpoint>
          <Trackpoint>
            <Time>2021-01-16T23:12:40.000Z</Time>
            <Position>
              <LatitudeDegrees>22.331226363341734</LatitudeDegrees>
              <LongitudeDegrees>114.2046857091103</LongitudeDegrees>
            </Position>
            <AltitudeMeters>312.11</AltitudeMeters>
            <DistanceMeters>638.8499755859375</DistanceMeters>
            <Extensions>
              <ns3:TPX>
                <ns3:Speed>2.6689999103546143</ns3:Speed>
                <ns3:RunCadence>88</ns3:RunCadence>
              </ns3:TPX>
            </Extensions>
          </Trackpoint>
          <Trackpoint>
            <Time>2021-01-16T23:12:48.000Z</Time>
            <Position>
              <LatitudeDegrees>22.33113366649572</LatitudeDegrees>
              <LongitudeDegrees>114.20449779753763</LongitudeDegrees>
            </Position>
            <AltitudeMeters>312.0</AltitudeMeters>
            <DistanceMeters>660.2100219726562</DistanceMeters>
            <Extensions>
              <ns3:TPX>
                <ns3:Speed>2.677999973297119</ns3:Speed>
                <ns3:RunCadence>88</ns3:RunCadence>
              </ns3:TPX>
            </Extensions>
          </Trackpoint>
          <Trackpoint>
            <Time>2021-01-16T23:12:56.000Z</Time>
            <Position>
              <LatitudeDegrees>22.33127931657625</LatitudeDegrees>
              <LongitudeDegrees>114.20448727442516</LongitudeDegrees>
            </Position>
            <AltitudeMeters>312.14</AltitudeMeters>
            <DistanceMeters>681.6500244140625</DistanceMeters>
            <Extensions>
              <ns3:TPX>
                <ns3:Speed>2.687000036239624</ns3:Speed>
                <ns3:RunCadence>88</ns3:RunCadence>
              </ns3:TPX>
            </Extensions>
          </Trackpoint>
          <Trackpoint>
            <Time>2021-01-16T23:13:04.000Z</Time>
            <Position>
              <LatitudeDegrees>22.331486480294387</LatitudeDegrees>
              <LongitudeDegrees>114.20452861372691</LongitudeDegrees>
            </Position>
            <AltitudeMeters>312.35</AltitudeMeters>
            <DistanceMeters>703.1900024414062</DistanceMeters>
            <Extensions>
              <ns3:TPX>
                <ns3:Speed>2.687000036239624</ns3:Speed>
                <ns3:RunCadence>89</ns3:RunCadence>
              </ns3:TPX>
            </Extensions>
          </Trackpoint>
          <Trackpoint>
            <Time>2021-01-16T23:13:12.000Z</Time>
            <Position>
              <LatitudeDegrees>22.331702082571436</LatitudeDegrees>
              <LongitudeDegrees>114.20454484734154</LongitudeDegrees>
            </Position>
            <AltitudeMeters>312.23</AltitudeMeters>
            <DistanceMeters>725.0999755859375</DistanceMeters>
            <Extensions>
              <ns3:TPX>
                <ns3:Speed>2.743000030517578</ns3:Speed>
                <ns3:RunCadence>88</ns3:RunCadence>
              </ns3:TPX>
            </Extensions>
          </Trackpoint>
          <Trackpoint>
            <Time>2021-01-16T23:13:15.000Z</Time>
            <Position>
              <LatitudeDegrees>22.331782741947475</LatitudeDegrees>
              <LongitudeDegrees>114.20454074199722</LongitudeDegrees>
            </Position>
            <AltitudeMeters>312.31</AltitudeMeters>
            <DistanceMeters>733.3099975585938</DistanceMeters>
            <Extensions>
              <ns3:TPX>
                <ns3:Speed>2.7249999046325684</ns3:Speed>
                <ns3:RunCadence>89</ns3:RunCadence>
              </ns3:TPX>
            </Extensions>
          </Trackpoint>
          <Trackpoint>
            <Time>2021-01-16T23:13:23.000Z</Time>
            <Position>
              <LatitudeDegrees>22.331995235153084</LatitudeDegrees>
              <LongitudeDegrees>114.20451528478186</LongitudeDegrees>
            </Position>
            <AltitudeMeters>312.55</AltitudeMeters>
            <DistanceMeters>754.97998046875</DistanceMeters>
            <Extensions>
              <ns3:TPX>
                <ns3:Speed>2.7060000896453857</ns3:Speed>
                <ns3:RunCadence>88</ns3:RunCadence>
              </ns3:TPX>
            </Extensions>
          </Trackpoint>
          <Trackpoint>
            <Time>2021-01-16T23:13:31.000Z</Time>
            <Position>
              <LatitudeDegrees>22.33220978092207</LatitudeDegrees>
              <LongitudeDegrees>114.20448761335851</LongitudeDegrees>
            </Position>
            <AltitudeMeters>312.41</AltitudeMeters>
            <DistanceMeters>776.8800048828125</DistanceMeters>
            <Extensions>
              <ns3:TPX>
                <ns3:Speed>2.7339999675750732</ns3:Speed>
                <ns3:RunCadence>87</ns3:RunCadence>
              </ns3:TPX>
            </Extensions>
          </Trackpoint>
          <Trackpoint>
            <Time>2021-01-16T23:13:39.000Z</Time>
            <Position>
              <LatitudeDegrees>22.332421877541176</LatitudeDegrees>
              <LongitudeDegrees>114.20446025781865</LongitudeDegrees>
            </Position>
            <AltitudeMeters>312.26</AltitudeMeters>
            <DistanceMeters>798.530029296875</DistanceMeters>
            <Extensions>
              <ns3:TPX>
                <ns3:Speed>2.697000026702881</ns3:Speed>
                <ns3:RunCadence>87</ns3:RunCadence>
              </ns3:TPX>
            </Extensions>
          </Trackpoint>
          <Trackpoint>
            <Time>2021-01-16T23:13:47.000Z</Time>
            <Position>
              <LatitudeDegrees>22.332631810392098</LatitudeDegrees>
              <LongitudeDegrees>114.20442236116646</LongitudeDegrees>
            </Position>
            <AltitudeMeters>312.34</AltitudeMeters>
            <DistanceMeters>820.1199951171875</DistanceMeters>
            <Extensions>
              <ns3:TPX>
                <ns3:Speed>2.697000026702881</ns3:Speed>
                <ns3:RunCadence>88</ns3:RunCadence>
              </ns3:TPX>
            </Extensions>
          </Trackpoint>
          <Trackpoint>
            <Time>2021-01-16T23:13:55.000Z</Time>
            <Position>
              <LatitudeDegrees>22.332841372438544</LatitudeDegrees>
              <LongitudeDegrees>114.20437658160176</LongitudeDegrees>
            </Position>
            <AltitudeMeters>312.57</AltitudeMeters>
            <DistanceMeters>841.7899780273438</DistanceMeters>
            <Extensions>
              <ns3:TPX>
                <ns3:Speed>2.7149999141693115</ns3:Speed>
                <ns3:RunCadence>87</ns3:RunCadence>
              </ns3:TPX>
            </Extensions>
          </Trackpoint>
          <Trackpoint>
            <Time>2021-01-16T23:13:58.000Z</Time>
            <Position>
              <LatitudeDegrees>22.33290778180957</LatitudeDegrees>
              <LongitudeDegrees>114.20441147025373</LongitudeDegrees>
            </Position>
            <AltitudeMeters>312.44</AltitudeMeters>
            <DistanceMeters>849.9400024414062</DistanceMeters>
            <Extensions>
              <ns3:TPX>
                <ns3:Speed>2.7149999141693115</ns3:Speed>
                <ns3:RunCadence>88</ns3:RunCadence>
              </ns3:TPX>
            </Extensions>
          </Trackpoint>
          <Trackpoint>
            <Time>2021-01-16T23:14:06.000Z</Time>
            <Position>
              <LatitudeDegrees>22.333086978625293</LatitudeDegrees>
              <LongitudeDegrees>114.20453075267041</LongitudeDegrees>
            </Position>
            <AltitudeMeters>312.06</AltitudeMeters>
            <DistanceMeters>871.8800048828125</DistanceMeters>
            <Extensions>
              <ns3:TPX>
                <ns3:Speed>2.76200008392334</ns3:Speed>
                <ns3:RunCadence>89</ns3:RunCadence>
              </ns3:TPX>
            </Extensions>
          </Trackpoint>
          <Trackpoint>
            <Time>2021-01-16T23:14:14.000Z</Time>
            <Position>
              <LatitudeDegrees>22.33330210876896</LatitudeDegrees>
              <LongitudeDegrees>114.20457146272504</LongitudeDegrees>
            </Position>
            <AltitudeMeters>312.2</AltitudeMeters>
            <DistanceMeters>894.02001953125</DistanceMeters>
            <Extensions>
              <ns3:TPX>
                <ns3:Speed>2.7709999084472656</ns3:Speed>
                <ns3:RunCadence>89</ns3:RunCadence>
              </ns3:TPX>
            </Extensions>
          </Trackpoint>
          <Trackpoint>
            <Time>2021-01-16T23:14:22.000Z</Time>
            <Position>
              <LatitudeDegrees>22.33351871704863</LatitudeDegrees>
              <LongitudeDegrees>114.20459730830417</LongitudeDegrees>
            </Position>
            <AltitudeMeters>312.01</AltitudeMeters>
            <DistanceMeters>916.1400146484375</DistanceMeters>
            <Extensions>
              <ns3:TPX>
                <ns3:Speed>2.76200008392334</ns3:Speed>
                <ns3:RunCadence>89</ns3:RunCadence>
              </ns3:TPX>
            </Extensions>
          </Trackpoint>
          <Trackpoint>
            <Time>2021-01-16T23:14:30.000Z</Time>
            <Position>
              <LatitudeDegrees>22.333737815270915</LatitudeDegrees>
              <LongitudeDegrees>114.20458934853231</LongitudeDegrees>
            </Position>
            <AltitudeMeters>311.86</AltitudeMeters>
            <DistanceMeters>938.4299926757812</DistanceMeters>
            <Extensions>
              <ns3:TPX>
                <ns3:Speed>2.809000015258789</ns3:Speed>
                <ns3:RunCadence>89</ns3:RunCadence>
              </ns3:TPX>
            </Extensions>
          </Trackpoint>
          <Trackpoint>
            <Time>2021-01-16T23:14:31.000Z</Time>
            <Position>
              <LatitudeDegrees>22.33376517694048</LatitudeDegrees>
              <LongitudeDegrees>114.2045852356621</LongitudeDegrees>
            </Position>
            <AltitudeMeters>311.94</AltitudeMeters>
            <DistanceMeters>941.22998046875</DistanceMeters>
            <Extensions>
              <ns3:TPX>
                <ns3:Speed>2.809000015258789</ns3:Speed>
                <ns3:RunCadence>87</ns3:RunCadence>
              </ns3:TPX>
            </Extensions>
          </Trackpoint>
          <Trackpoint>
            <Time>2021-01-16T23:14:39.000Z</Time>
            <Position>
              <LatitudeDegrees>22.33398515867353</LatitudeDegrees>
              <LongitudeDegrees>114.20458253085246</LongitudeDegrees>
            </Position>
            <AltitudeMeters>311.9</AltitudeMeters>
            <DistanceMeters>963.6300048828125</DistanceMeters>
            <Extensions>
              <ns3:TPX>
                <ns3:Speed>2.7899999618530273</ns3:Speed>
                <ns3:RunCadence>88</ns3:RunCadence>
              </ns3:TPX>
            </Extensions>
          </Trackpoint>
          <Trackpoint>
            <Time>2021-01-16T23:14:47.000Z</Time>
            <Position>
              <LatitudeDegrees>22.33420588389429</LatitudeDegrees>
              <LongitudeDegrees>114.20459167189165</LongitudeDegrees>
            </Position>
            <AltitudeMeters>311.8</AltitudeMeters>
            <DistanceMeters>986.02001953125</DistanceMeters>
            <Extensions>
              <ns3:TPX>
                <ns3:Speed>2.7899999618530273</ns3:Speed>
                <ns3:RunCadence>89</ns3:RunCadence>
              </ns3:TPX>
            </Extensions>
          </Trackpoint>
          <Trackpoint>
            <Time>2021-01-16T23:14:53.000Z</Time>
            <Position>
              <LatitudeDegrees>22.334370921915337</LatitudeDegrees>
              <LongitudeDegrees>114.20459254142479</LongitudeDegrees>
            </Position>
            <AltitudeMeters>312.19</AltitudeMeters>
            <DistanceMeters>1002.75</DistanceMeters>
            <Extensions>
              <ns3:TPX>
                <ns3:Speed>2.7899999618530273</ns3:Speed>
                <ns3:RunCadence>88</ns3:RunCadence>
              </ns3:TPX>
            </Extensions>
          </Trackpoint>
        </Track>
        <Extensions>
          <ns3:LX>
            <ns3:AvgSpeed>2.6659998893737793</ns3:AvgSpeed>
            <ns3:AvgRunCadence>86</ns3:AvgRunCadence>
            <ns3:MaxRunCadence>89</ns3:MaxRunCadence>
          </ns3:LX>
        </Extensions>
      </Lap>
      <Lap StartTime="2021-01-16T23:14:54.000Z">
        <TotalTimeSeconds>366.619</TotalTimeSeconds>
        <DistanceMeters>1000.0</DistanceMeters>
        <MaximumSpeed>2.818000078201294</MaximumSpeed>
        <Calories>70</Calories>
        <Intensity>Active</Intensity>
        <TriggerMethod>Manual</TriggerMethod>
        <Track>
          <Trackpoint>
            <Time>2021-01-16T23:15:01.000Z</Time>
            <Position>
              <LatitudeDegrees>22.33458866774709</LatitudeDegrees>
              <LongitudeDegrees>114.20459803498993</LongitudeDegrees>
            </Position>
            <AltitudeMeters>312.42</AltitudeMeters>
            <DistanceMeters>1024.8299560546875</DistanceMeters>
            <Extensions>
              <ns3:TPX>
                <ns3:Speed>2.743000030517578</ns3:Speed>
                <ns3:RunCadence>89</ns3:RunCadence>
              </ns3:TPX>
            </Extensions>
          </Trackpoint>
          <Trackpoint>
            <Time>2021-01-16T23:15:09.000Z</Time>
            <Position>
              <LatitudeDegrees>22.334801838374403</LatitudeDegrees>
              <LongitudeDegrees>114.20457305890343</LongitudeDegrees>
            </Position>
            <AltitudeMeters>312.2</AltitudeMeters>
            <DistanceMeters>1046.800048828125</DistanceMeters>
            <Extensions>
              <ns3:TPX>
                <ns3:Speed>2.76200008392334</ns3:Speed>
                <ns3:RunCadence>88</ns3:RunCadence>
              </ns3:TPX>
            </Extensions>
          </Trackpoint>
          <Trackpoint>
            <Time>2021-01-16T23:15:17.000Z</Time>
            <Position>
              <LatitudeDegrees>22.334887338629247</LatitudeDegrees>
              <LongitudeDegrees>114.2044986539843</LongitudeDegrees>
            </Position>
            <AltitudeMeters>312.17</AltitudeMeters>
            <DistanceMeters>1068.7900390625</DistanceMeters>
            <Extensions>
              <ns3:TPX>
                <ns3:Speed>2.7339999675750732</ns3:Speed>
                <ns3:RunCadence>86</ns3:RunCadence>
              </ns3:TPX>
            </Extensions>
          </Trackpoint>
          <Trackpoint>
            <Time>2021-01-16T23:15:25.000Z</Time>
            <Position>
              <LatitudeDegrees>22.334806449914225</LatitudeDegrees>
              <LongitudeDegrees>114.20428532836333</LongitudeDegrees>
            </Position>
            <AltitudeMeters>312.96</AltitudeMeters>
            <DistanceMeters>1090.760009765625</DistanceMeters>
            <Extensions>
              <ns3:TPX>
                <ns3:Speed>2.7809998989105225</ns3:Speed>
                <ns3:RunCadence>89</ns3:RunCadence>
              </ns3:TPX>
            </Extensions>
          </Trackpoint>
          <Trackpoint>
            <Time>2021-01-16T23:15:33.000Z</Time>
            <Position>
              <LatitudeDegrees>22.334616197394357</LatitudeDegrees>
              <LongitudeDegrees>114.20417525190024</LongitudeDegrees>
            </Position>
            <AltitudeMeters>312.51</AltitudeMeters>
            <DistanceMeters>1113.0400390625</DistanceMeters>
            <Extensions>
              <ns3:TPX>
                <ns3:Speed>2.7709999084472656</ns3:Speed>
                <ns3:RunCadence>89</ns3:RunCadence>
              </ns3:TPX>
            </Extensions>
          </Trackpoint>
          <Trackpoint>
            <Time>2021-01-16T23:15:35.000Z</Time>
            <Position>
              <LatitudeDegrees>22.334576598804947</LatitudeDegrees>
              <LongitudeDegrees>114.20413452192255</LongitudeDegrees>
            </Position>
            <AltitudeMeters>312.7</AltitudeMeters>
            <DistanceMeters>1118.5799560546875</DistanceMeters>
            <Extensions>
              <ns3:TPX>
                <ns3:Speed>2.7709999084472656</ns3:Speed>
                <ns3:RunCadence>89</ns3:RunCadence>
              </ns3:TPX>
            </Extensions>
          </Trackpoint>
          <Trackpoint>
            <Time>2021-01-16T23:15:43.000Z</Time>
            <Position>
              <LatitudeDegrees>22.334591674059475</LatitudeDegrees>
              <LongitudeDegrees>114.20395545583894</LongitudeDegrees>
            </Position>
            <AltitudeMeters>313.17</AltitudeMeters>
            <DistanceMeters>1140.8399658203125</DistanceMeters>
            <Extensions>
              <ns3:TPX>
                <ns3:Speed>2.753000020980835</ns3:Speed>
                <ns3:RunCadence>88</ns3:RunCadence>
              </ns3:TPX>
            </Extensions>
          </Trackpoint>
          <Trackpoint>
            <Time>2021-01-16T23:15:51.000Z</Time>
            <Position>
              <LatitudeDegrees>22.334731377844882</LatitudeDegrees>
              <LongitudeDegrees>114.20377466079552</LongitudeDegrees>
            </Position>
            <AltitudeMeters>313.53</AltitudeMeters>
            <DistanceMeters>1163.030029296875</DistanceMeters>
            <Extensions>
              <ns3:TPX>
                <ns3:Speed>2.818000078201294</ns3:Speed>
                <ns3:RunCadence>89</ns3:RunCadence>
              </ns3:TPX>
            </Extensions>
          </Trackpoint>
          <Trackpoint>
            <Time>2021-01-16T23:15:57.000Z</Time>
            <Position>
              <LatitudeDegrees>22.334832948152844</LatitudeDegrees>
              <LongitudeDegrees>114.20363387188348</LongitudeDegrees>
            </Position>
            <AltitudeMeters>313.46</AltitudeMeters>
            <DistanceMeters>1179.8399658203125</DistanceMeters>
            <Extensions>
              <ns3:TPX>
                <ns3:Speed>2.7899999618530273</ns3:Speed>
                <ns3:RunCadence>89</ns3:RunCadence>
              </ns3:TPX>
            </Extensions>
          </Trackpoint>
          <Trackpoint>
            <Time>2021-01-16T23:16:05.000Z</Time>
            <Position>
              <LatitudeDegrees>22.334995622623158</LatitudeDegrees>
              <LongitudeDegrees>114.20347607289358</LongitudeDegrees>
            </Position>
            <AltitudeMeters>313.4</AltitudeMeters>
            <DistanceMeters>1202.1800537109375</DistanceMeters>
            <Extensions>
              <ns3:TPX>
                <ns3:Speed>2.809000015258789</ns3:Speed>
                <ns3:RunCadence>89</ns3:RunCadence>
              </ns3:TPX>
            </Extensions>
          </Trackpoint>
          <Trackpoint>
            <Time>2021-01-16T23:16:13.000Z</Time>
            <Position>
              <LatitudeDegrees>22.335150883627996</LatitudeDegrees>
              <LongitudeDegrees>114.20330793335404</LongitudeDegrees>
            </Position>
            <AltitudeMeters>312.6</AltitudeMeters>
            <DistanceMeters>1224.6099853515625</DistanceMeters>
            <Extensions>
              <ns3:TPX>
                <ns3:Speed>2.7990000247955322</ns3:Speed>
                <ns3:RunCadence>89</ns3:RunCadence>
              </ns3:TPX>
            </Extensions>
          </Trackpoint>
          <Trackpoint>
            <Time>2021-01-16T23:16:21.000Z</Time>
            <Position>
              <LatitudeDegrees>22.335133133725364</LatitudeDegrees>
              <LongitudeDegrees>114.20309791646594</LongitudeDegrees>
            </Position>
            <AltitudeMeters>312.6</AltitudeMeters>
            <DistanceMeters>1246.8199462890625</DistanceMeters>
            <Extensions>
              <ns3:TPX>
                <ns3:Speed>2.76200008392334</ns3:Speed>
                <ns3:RunCadence>88</ns3:RunCadence>
              </ns3:TPX>
            </Extensions>
          </Trackpoint>
          <Trackpoint>
            <Time>2021-01-16T23:16:29.000Z</Time>
            <Position>
              <LatitudeDegrees>22.334940587376792</LatitudeDegrees>
              <LongitudeDegrees>114.20301200303264</LongitudeDegrees>
            </Position>
            <AltitudeMeters>312.66</AltitudeMeters>
            <DistanceMeters>1268.8299560546875</DistanceMeters>
            <Extensions>
              <ns3:TPX>
                <ns3:Speed>2.743000030517578</ns3:Speed>
                <ns3:RunCadence>88</ns3:RunCadence>
              </ns3:TPX>
            </Extensions>
          </Trackpoint>
          <Trackpoint>
            <Time>2021-01-16T23:16:37.000Z</Time>
            <Position>
              <LatitudeDegrees>22.334830944416908</LatitudeDegrees>
              <LongitudeDegrees>114.20283691658359</LongitudeDegrees>
            </Position>
            <AltitudeMeters>313.2</AltitudeMeters>
            <DistanceMeters>1290.8699951171875</DistanceMeters>
            <Extensions>
              <ns3:TPX>
                <ns3:Speed>2.7809998989105225</ns3:Speed>
                <ns3:RunCadence>88</ns3:RunCadence>
              </ns3:TPX>
            </Extensions>
          </Trackpoint>
          <Trackpoint>
            <Time>2021-01-16T23:16:45.000Z</Time>
            <Position>
              <LatitudeDegrees>22.334719267427438</LatitudeDegrees>
              <LongitudeDegrees>114.20272891832552</LongitudeDegrees>
            </Position>
            <AltitudeMeters>313.2</AltitudeMeters>
            <DistanceMeters>1313.2099609375</DistanceMeters>
            <Extensions>
              <ns3:TPX>
                <ns3:Speed>2.7809998989105225</ns3:Speed>
                <ns3:RunCadence>88</ns3:RunCadence>
              </ns3:TPX>
            </Extensions>
          </Trackpoint>
          <Trackpoint>
            <Time>2021-01-16T23:16:53.000Z</Time>
            <Position>
              <LatitudeDegrees>22.334730696658433</LatitudeDegrees>
              <LongitudeDegrees>114.20253426797953</LongitudeDegrees>
            </Position>
            <AltitudeMeters>312.73</AltitudeMeters>
            <DistanceMeters>1335.3399658203125</DistanceMeters>
            <Extensions>
              <ns3:TPX>
                <ns3:Speed>2.76200008392334</ns3:Speed>
                <ns3:RunCadence>88</ns3:RunCadence>
              </ns3:TPX>
            </Extensions>
          </Trackpoint>
          <Trackpoint>
            <Time>2021-01-16T23:17:01.000Z</Time>
            <Position>
              <LatitudeDegrees>22.334785986139707</LatitudeDegrees>
              <LongitudeDegrees>114.20230660616306</LongitudeDegrees>
            </Position>
            <AltitudeMeters>312.6</AltitudeMeters>
            <DistanceMeters>1357.4300537109375</DistanceMeters>
            <Extensions>
              <ns3:TPX>
                <ns3:Speed>2.76200008392334</ns3:Speed>
                <ns3:RunCadence>88</ns3:RunCadence>
              </ns3:TPX>
            </Extensions>
          </Trackpoint>
          <Trackpoint>
            <Time>2021-01-16T23:17:09.000Z</Time>
            <Position>
              <LatitudeDegrees>22.334819633379198</LatitudeDegrees>
              <LongitudeDegrees>114.20207430940705</LongitudeDegrees>
            </Position>
            <AltitudeMeters>312.79</AltitudeMeters>
            <DistanceMeters>1379.489990234375</DistanceMeters>
            <Extensions>
              <ns3:TPX>
                <ns3:Speed>2.753000020980835</ns3:Speed>
                <ns3:RunCadence>88</ns3:RunCadence>
              </ns3:TPX>
            </Extensions>
          </Trackpoint>
          <Trackpoint>
            <Time>2021-01-16T23:17:17.000Z</Time>
            <Position>
              <LatitudeDegrees>22.334739070316324</LatitudeDegrees>
              <LongitudeDegrees>114.20185918506667</LongitudeDegrees>
            </Position>
            <AltitudeMeters>312.54</AltitudeMeters>
            <DistanceMeters>1401.4200439453125</DistanceMeters>
            <Extensions>
              <ns3:TPX>
                <ns3:Speed>2.7339999675750732</ns3:Speed>
                <ns3:RunCadence>88</ns3:RunCadence>
              </ns3:TPX>
            </Extensions>
          </Trackpoint>
          <Trackpoint>
            <Time>2021-01-16T23:17:20.000Z</Time>
            <Position>
              <LatitudeDegrees>22.33475189341308</LatitudeDegrees>
              <LongitudeDegrees>114.20178876232221</LongitudeDegrees>
            </Position>
            <AltitudeMeters>312.6</AltitudeMeters>
            <DistanceMeters>1409.5799560546875</DistanceMeters>
            <Extensions>
              <ns3:TPX>
                <ns3:Speed>2.7149999141693115</ns3:Speed>
                <ns3:RunCadence>88</ns3:RunCadence>
              </ns3:TPX>
            </Extensions>
          </Trackpoint>
          <Trackpoint>
            <Time>2021-01-16T23:17:28.000Z</Time>
            <Position>
              <LatitudeDegrees>22.334926483197147</LatitudeDegrees>
              <LongitudeDegrees>114.20180029806407</LongitudeDegrees>
            </Position>
            <AltitudeMeters>312.63</AltitudeMeters>
            <DistanceMeters>1431.3599853515625</DistanceMeters>
            <Extensions>
              <ns3:TPX>
                <ns3:Speed>2.743000030517578</ns3:Speed>
                <ns3:RunCadence>88</ns3:RunCadence>
              </ns3:TPX>
            </Extensions>
          </Trackpoint>
          <Trackpoint>
            <Time>2021-01-16T23:17:36.000Z</Time>
            <Position>
              <LatitudeDegrees>22.334884699485187</LatitudeDegrees>
              <LongitudeDegrees>114.20157234982698</LongitudeDegrees>
            </Position>
            <AltitudeMeters>312.25</AltitudeMeters>
            <DistanceMeters>1453.25</DistanceMeters>
            <Extensions>
              <ns3:TPX>
                <ns3:Speed>2.7339999675750732</ns3:Speed>
                <ns3:RunCadence>87</ns3:RunCadence>
              </ns3:TPX>
            </Extensions>
          </Trackpoint>
          <Trackpoint>
            <Time>2021-01-16T23:17:44.000Z</Time>
            <Position>
              <LatitudeDegrees>22.33485751797162</LatitudeDegrees>
              <LongitudeDegrees>114.20134201187642</LongitudeDegrees>
            </Position>
            <AltitudeMeters>312.31</AltitudeMeters>
            <DistanceMeters>1475.02001953125</DistanceMeters>
            <Extensions>
              <ns3:TPX>
                <ns3:Speed>2.7149999141693115</ns3:Speed>
                <ns3:RunCadence>87</ns3:RunCadence>
              </ns3:TPX>
            </Extensions>
          </Trackpoint>
          <Trackpoint>
            <Time>2021-01-16T23:17:49.000Z</Time>
            <Position>
              <LatitudeDegrees>22.334840649704084</LatitudeDegrees>
              <LongitudeDegrees>114.20119906905742</LongitudeDegrees>
            </Position>
            <AltitudeMeters>312.35</AltitudeMeters>
            <DistanceMeters>1488.530029296875</DistanceMeters>
            <Extensions>
              <ns3:TPX>
                <ns3:Speed>2.687000036239624</ns3:Speed>
                <ns3:RunCadence>87</ns3:RunCadence>
              </ns3:TPX>
            </Extensions>
          </Trackpoint>
          <Trackpoint>
            <Time>2021-01-16T23:17:57.000Z</Time>
            <Position>
              <LatitudeDegrees>22.334818709111307</LatitudeDegrees>
              <LongitudeDegrees>114.2011062731614</LongitudeDegrees>
            </Position>
            <AltitudeMeters>312.39</AltitudeMeters>
            <DistanceMeters>1510.0799560546875</DistanceMeters>
            <Extensions>
              <ns3:TPX>
                <ns3:Speed>2.697000026702881</ns3:Speed>
                <ns3:RunCadence>86</ns3:RunCadence>
              </ns3:TPX>
            </Extensions>
          </Trackpoint>
          <Trackpoint>
            <Time>2021-01-16T23:18:04.000Z</Time>
            <Position>
              <LatitudeDegrees>22.334667868436522</LatitudeDegrees>
              <LongitudeDegrees>114.20099014379115</LongitudeDegrees>
            </Position>
            <AltitudeMeters>312.01</AltitudeMeters>
            <DistanceMeters>1528.8800048828125</DistanceMeters>
            <Extensions>
              <ns3:TPX>
                <ns3:Speed>2.677999973297119</ns3:Speed>
                <ns3:RunCadence>86</ns3:RunCadence>
              </ns3:TPX>
            </Extensions>
          </Trackpoint>
          <Trackpoint>
            <Time>2021-01-16T23:18:12.000Z</Time>
            <Position>
              <LatitudeDegrees>22.334564622268758</LatitudeDegrees>
              <LongitudeDegrees>114.20079532406982</LongitudeDegrees>
            </Position>
            <AltitudeMeters>312.37</AltitudeMeters>
            <DistanceMeters>1550.4300537109375</DistanceMeters>
            <Extensions>
              <ns3:TPX>
                <ns3:Speed>2.7060000896453857</ns3:Speed>
                <ns3:RunCadence>87</ns3:RunCadence>
              </ns3:TPX>
            </Extensions>
          </Trackpoint>
          <Trackpoint>
            <Time>2021-01-16T23:18:20.000Z</Time>
            <Position>
              <LatitudeDegrees>22.334496742218597</LatitudeDegrees>
              <LongitudeDegrees>114.200577998551</LongitudeDegrees>
            </Position>
            <AltitudeMeters>312.2</AltitudeMeters>
            <DistanceMeters>1572.1099853515625</DistanceMeters>
            <Extensions>
              <ns3:TPX>
                <ns3:Speed>2.7149999141693115</ns3:Speed>
                <ns3:RunCadence>87</ns3:RunCadence>
              </ns3:TPX>
            </Extensions>
          </Trackpoint>
          <Trackpoint>
            <Time>2021-01-16T23:18:28.000Z</Time>
            <Position>
              <LatitudeDegrees>22.334403157027676</LatitudeDegrees>
              <LongitudeDegrees>114.20039935892451</LongitudeDegrees>
            </Position>
            <AltitudeMeters>312.3</AltitudeMeters>
            <DistanceMeters>1593.81005859375</DistanceMeters>
            <Extensions>
              <ns3:TPX>
                <ns3:Speed>2.7060000896453857</ns3:Speed>
                <ns3:RunCadence>85</ns3:RunCadence>
              </ns3:TPX>
            </Extensions>
          </Trackpoint>
          <Trackpoint>
            <Time>2021-01-16T23:18:34.000Z</Time>
            <Position>
              <LatitudeDegrees>22.33432974717467</LatitudeDegrees>
              <LongitudeDegrees>114.20027669376877</LongitudeDegrees>
            </Position>
            <AltitudeMeters>312.4</AltitudeMeters>
            <DistanceMeters>1610.0400390625</DistanceMeters>
            <Extensions>
              <ns3:TPX>
                <ns3:Speed>2.7060000896453857</ns3:Speed>
                <ns3:RunCadence>87</ns3:RunCadence>
              </ns3:TPX>
            </Extensions>
          </Trackpoint>
          <Trackpoint>
            <Time>2021-01-16T23:18:42.000Z</Time>
            <Position>
              <LatitudeDegrees>22.334157485021652</LatitudeDegrees>
              <LongitudeDegrees>114.200226271108</LongitudeDegrees>
            </Position>
            <AltitudeMeters>312.33</AltitudeMeters>
            <DistanceMeters>1631.9000244140625</DistanceMeters>
            <Extensions>
              <ns3:TPX>
                <ns3:Speed>2.753000020980835</ns3:Speed>
                <ns3:RunCadence>87</ns3:RunCadence>
              </ns3:TPX>
            </Extensions>
          </Trackpoint>
          <Trackpoint>
            <Time>2021-01-16T23:18:50.000Z</Time>
            <Position>
              <LatitudeDegrees>22.333990599378033</LatitudeDegrees>
              <LongitudeDegrees>114.20037510748867</LongitudeDegrees>
            </Position>
            <AltitudeMeters>311.86</AltitudeMeters>
            <DistanceMeters>1653.8299560546875</DistanceMeters>
            <Extensions>
              <ns3:TPX>
                <ns3:Speed>2.7249999046325684</ns3:Speed>
                <ns3:RunCadence>86</ns3:RunCadence>
              </ns3:TPX>
            </Extensions>
          </Trackpoint>
          <Trackpoint>
            <Time>2021-01-16T23:18:58.000Z</Time>
            <Position>
              <LatitudeDegrees>22.33381629427727</LatitudeDegrees>
              <LongitudeDegrees>114.20051184098918</LongitudeDegrees>
            </Position>
            <AltitudeMeters>311.6</AltitudeMeters>
            <DistanceMeters>1675.6700439453125</DistanceMeters>
            <Extensions>
              <ns3:TPX>
                <ns3:Speed>2.7249999046325684</ns3:Speed>
                <ns3:RunCadence>87</ns3:RunCadence>
              </ns3:TPX>
            </Extensions>
          </Trackpoint>
          <Trackpoint>
            <Time>2021-01-16T23:19:06.000Z</Time>
            <Position>
              <LatitudeDegrees>22.333641044560398</LatitudeDegrees>
              <LongitudeDegrees>114.20064752247926</LongitudeDegrees>
            </Position>
            <AltitudeMeters>311.89</AltitudeMeters>
            <DistanceMeters>1697.52001953125</DistanceMeters>
            <Extensions>
              <ns3:TPX>
                <ns3:Speed>2.7149999141693115</ns3:Speed>
                <ns3:RunCadence>89</ns3:RunCadence>
              </ns3:TPX>
            </Extensions>
          </Trackpoint>
          <Trackpoint>
            <Time>2021-01-16T23:19:14.000Z</Time>
            <Position>
              <LatitudeDegrees>22.33346201464003</LatitudeDegrees>
              <LongitudeDegrees>114.2007750709594</LongitudeDegrees>
            </Position>
            <AltitudeMeters>312.0</AltitudeMeters>
            <DistanceMeters>1719.260009765625</DistanceMeters>
            <Extensions>
              <ns3:TPX>
                <ns3:Speed>2.7249999046325684</ns3:Speed>
                <ns3:RunCadence>88</ns3:RunCadence>
              </ns3:TPX>
            </Extensions>
          </Trackpoint>
          <Trackpoint>
            <Time>2021-01-16T23:19:22.000Z</Time>
            <Position>
              <LatitudeDegrees>22.333296268742096</LatitudeDegrees>
              <LongitudeDegrees>114.20091938651879</LongitudeDegrees>
            </Position>
            <AltitudeMeters>312.0</AltitudeMeters>
            <DistanceMeters>1740.949951171875</DistanceMeters>
            <Extensions>
              <ns3:TPX>
                <ns3:Speed>2.7060000896453857</ns3:Speed>
                <ns3:RunCadence>89</ns3:RunCadence>
              </ns3:TPX>
            </Extensions>
          </Trackpoint>
          <Trackpoint>
            <Time>2021-01-16T23:19:30.000Z</Time>
            <Position>
              <LatitudeDegrees>22.33311896684325</LatitudeDegrees>
              <LongitudeDegrees>114.20104132769416</LongitudeDegrees>
            </Position>
            <AltitudeMeters>311.44</AltitudeMeters>
            <DistanceMeters>1762.510009765625</DistanceMeters>
            <Extensions>
              <ns3:TPX>
                <ns3:Speed>2.687000036239624</ns3:Speed>
                <ns3:RunCadence>88</ns3:RunCadence>
              </ns3:TPX>
            </Extensions>
          </Trackpoint>
          <Trackpoint>
            <Time>2021-01-16T23:19:38.000Z</Time>
            <Position>
              <LatitudeDegrees>22.33308674521975</LatitudeDegrees>
              <LongitudeDegrees>114.20082930455655</LongitudeDegrees>
            </Position>
            <AltitudeMeters>311.5</AltitudeMeters>
            <DistanceMeters>1783.9599609375</DistanceMeters>
            <Extensions>
              <ns3:TPX>
                <ns3:Speed>2.677999973297119</ns3:Speed>
                <ns3:RunCadence>88</ns3:RunCadence>
              </ns3:TPX>
            </Extensions>
          </Trackpoint>
          <Trackpoint>
            <Time>2021-01-16T23:19:46.000Z</Time>
            <Position>
              <LatitudeDegrees>22.33306219911044</LatitudeDegrees>
              <LongitudeDegrees>114.20060163083012</LongitudeDegrees>
            </Position>
            <AltitudeMeters>311.61</AltitudeMeters>
            <DistanceMeters>1805.449951171875</DistanceMeters>
            <Extensions>
              <ns3:TPX>
                <ns3:Speed>2.677999973297119</ns3:Speed>
                <ns3:RunCadence>87</ns3:RunCadence>
              </ns3:TPX>
            </Extensions>
          </Trackpoint>
          <Trackpoint>
            <Time>2021-01-16T23:19:54.000Z</Time>
            <Position>
              <LatitudeDegrees>22.333037607268064</LatitudeDegrees>
              <LongitudeDegrees>114.20037353291355</LongitudeDegrees>
            </Position>
            <AltitudeMeters>311.72</AltitudeMeters>
            <DistanceMeters>1826.97998046875</DistanceMeters>
            <Extensions>
              <ns3:TPX>
                <ns3:Speed>2.7060000896453857</ns3:Speed>
                <ns3:RunCadence>88</ns3:RunCadence>
              </ns3:TPX>
            </Extensions>
          </Trackpoint>
          <Trackpoint>
            <Time>2021-01-16T23:20:02.000Z</Time>
            <Position>
              <LatitudeDegrees>22.33301293553225</LatitudeDegrees>
              <LongitudeDegrees>114.20014469395743</LongitudeDegrees>
            </Position>
            <AltitudeMeters>311.83</AltitudeMeters>
            <DistanceMeters>1848.5799560546875</DistanceMeters>
            <Extensions>
              <ns3:TPX>
                <ns3:Speed>2.677999973297119</ns3:Speed>
                <ns3:RunCadence>87</ns3:RunCadence>
              </ns3:TPX>
            </Extensions>
          </Trackpoint>
          <Trackpoint>
            <Time>2021-01-16T23:20:10.000Z</Time>
            <Position>
              <LatitudeDegrees>22.33298851504945</LatitudeDegrees>
              <LongitudeDegrees>114.1999181854607</LongitudeDegrees>
            </Position>
            <AltitudeMeters>311.94</AltitudeMeters>
            <DistanceMeters>1869.9599609375</DistanceMeters>
            <Extensions>
              <ns3:TPX>
                <ns3:Speed>2.6689999103546143</ns3:Speed>
                <ns3:RunCadence>85</ns3:RunCadence>
              </ns3:TPX>
            </Extensions>
          </Trackpoint>
          <Trackpoint>
            <Time>2021-01-16T23:20:18.000Z</Time>
            <Position>
              <LatitudeDegrees>22.332964163026826</LatitudeDegrees>
              <LongitudeDegrees>114.19969231195597</LongitudeDegrees>
            </Position>
            <AltitudeMeters>312.05</AltitudeMeters>
            <DistanceMeters>1891.280029296875</DistanceMeters>
            <Extensions>
              <ns3:TPX>
                <ns3:Speed>2.6589999198913574</ns3:Speed>
                <ns3:RunCadence>86</ns3:RunCadence>
              </ns3:TPX>
            </Extensions>
          </Trackpoint>
          <Trackpoint>
            <Time>2021-01-16T23:20:26.000Z</Time>
            <Position>
              <LatitudeDegrees>22.332939913903605</LatitudeDegrees>
              <LongitudeDegrees>114.19946739287911</LongitudeDegrees>
            </Position>
            <AltitudeMeters>312.16</AltitudeMeters>
            <DistanceMeters>1912.510009765625</DistanceMeters>
            <Extensions>
              <ns3:TPX>
                <ns3:Speed>2.6689999103546143</ns3:Speed>
                <ns3:RunCadence>88</ns3:RunCadence>
              </ns3:TPX>
            </Extensions>
          </Trackpoint>
          <Trackpoint>
            <Time>2021-01-16T23:20:34.000Z</Time>
            <Position>
              <LatitudeDegrees>22.332956468851744</LatitudeDegrees>
              <LongitudeDegrees>114.19924374059607</LongitudeDegrees>
            </Position>
            <AltitudeMeters>312.16</AltitudeMeters>
            <DistanceMeters>1933.8299560546875</DistanceMeters>
            <Extensions>
              <ns3:TPX>
                <ns3:Speed>2.6689999103546143</ns3:Speed>
                <ns3:RunCadence>87</ns3:RunCadence>
              </ns3:TPX>
            </Extensions>
          </Trackpoint>
          <Trackpoint>
            <Time>2021-01-16T23:20:42.000Z</Time>
            <Position>
              <LatitudeDegrees>22.333001960551112</LatitudeDegrees>
              <LongitudeDegrees>114.19901997181687</LongitudeDegrees>
            </Position>
            <AltitudeMeters>312.09</AltitudeMeters>
            <DistanceMeters>1955.31005859375</DistanceMeters>
            <Extensions>
              <ns3:TPX>
                <ns3:Speed>2.687000036239624</ns3:Speed>
                <ns3:RunCadence>86</ns3:RunCadence>
              </ns3:TPX>
            </Extensions>
          </Trackpoint>
          <Trackpoint>
            <Time>2021-01-16T23:20:50.000Z</Time>
            <Position>
              <LatitudeDegrees>22.33304760012791</LatitudeDegrees>
              <LongitudeDegrees>114.19879547564449</LongitudeDegrees>
            </Position>
            <AltitudeMeters>312.02</AltitudeMeters>
            <DistanceMeters>1976.8599853515625</DistanceMeters>
            <Extensions>
              <ns3:TPX>
                <ns3:Speed>2.697000026702881</ns3:Speed>
                <ns3:RunCadence>88</ns3:RunCadence>
              </ns3:TPX>
            </Extensions>
          </Trackpoint>
          <Trackpoint>
            <Time>2021-01-16T23:20:58.000Z</Time>
            <Position>
              <LatitudeDegrees>22.333093049170326</LatitudeDegrees>
              <LongitudeDegrees>114.19857191669024</LongitudeDegrees>
            </Position>
            <AltitudeMeters>311.95</AltitudeMeters>
            <DistanceMeters>1998.3199462890625</DistanceMeters>
            <Extensions>
              <ns3:TPX>
                <ns3:Speed>2.6589999198913574</ns3:Speed>
                <ns3:RunCadence>86</ns3:RunCadence>
              </ns3:TPX>
            </Extensions>
          </Trackpoint>
          <Trackpoint>
            <Time>2021-01-16T23:20:59.000Z</Time>
            <Position>
              <LatitudeDegrees>22.333098682731666</LatitudeDegrees>
              <LongitudeDegrees>114.19854420580758</LongitudeDegrees>
            </Position>
            <AltitudeMeters>311.94</AltitudeMeters>
            <DistanceMeters>2000.97998046875</DistanceMeters>
            <Extensions>
              <ns3:TPX>
                <ns3:Speed>2.6589999198913574</ns3:Speed>
                <ns3:RunCadence>87</ns3:RunCadence>
              </ns3:TPX>
            </Extensions>
          </Trackpoint>
        </Track>
        <Extensions>
          <ns3:LX>
            <ns3:AvgSpeed>2.7279999256134033</ns3:AvgSpeed>
            <ns3:AvgRunCadence>87</ns3:AvgRunCadence>
            <ns3:MaxRunCadence>89</ns3:MaxRunCadence>
          </ns3:LX>
        </Extensions>
      </Lap>
      <Lap StartTime="2021-01-16T23:21:00.000Z">
        <TotalTimeSeconds>365.627</TotalTimeSeconds>
        <DistanceMeters>1000.0</DistanceMeters>
        <MaximumSpeed>3.003999948501587</MaximumSpeed>
        <Calories>70</Calories>
        <Intensity>Active</Intensity>
        <TriggerMethod>Manual</TriggerMethod>
        <Track>
          <Trackpoint>
            <Time>2021-01-16T23:21:07.000Z</Time>
            <Position>
              <LatitudeDegrees>22.333143835502167</LatitudeDegrees>
              <LongitudeDegrees>114.19832210418302</LongitudeDegrees>
            </Position>
            <AltitudeMeters>311.87</AltitudeMeters>
            <DistanceMeters>2022.300048828125</DistanceMeters>
            <Extensions>
              <ns3:TPX>
                <ns3:Speed>2.6689999103546143</ns3:Speed>
                <ns3:RunCadence>86</ns3:RunCadence>
              </ns3:TPX>
            </Extensions>
          </Trackpoint>
          <Trackpoint>
            <Time>2021-01-16T23:21:15.000Z</Time>
            <Position>
              <LatitudeDegrees>22.33319470757878</LatitudeDegrees>
              <LongitudeDegrees>114.19809790679268</LongitudeDegrees>
            </Position>
            <AltitudeMeters>311.82</AltitudeMeters>
            <DistanceMeters>2044.050048828125</DistanceMeters>
            <Extensions>
              <ns3:TPX>
                <ns3:Speed>2.7809998989105225</ns3:Speed>
                <ns3:RunCadence>87</ns3:RunCadence>
              </ns3:TPX>
            </Extensions>
          </Trackpoint>
          <Trackpoint>
            <Time>2021-01-16T23:21:23.000Z</Time>
            <Position>
              <LatitudeDegrees>22.333339142053084</LatitudeDegrees>
              <LongitudeDegrees>114.19791389358896</LongitudeDegrees>
            </Position>
            <AltitudeMeters>312.18</AltitudeMeters>
            <DistanceMeters>2066.949951171875</DistanceMeters>
            <Extensions>
              <ns3:TPX>
                <ns3:Speed>2.9210000038146973</ns3:Speed>
                <ns3:RunCadence>88</ns3:RunCadence>
              </ns3:TPX>
            </Extensions>
          </Trackpoint>
          <Trackpoint>
            <Time>2021-01-16T23:21:30.000Z</Time>
            <Position>
              <LatitudeDegrees>22.33351758145158</LatitudeDegrees>
              <LongitudeDegrees>114.19781486305284</LongitudeDegrees>
            </Position>
            <AltitudeMeters>312.06</AltitudeMeters>
            <DistanceMeters>2087.280029296875</DistanceMeters>
            <Extensions>
              <ns3:TPX>
                <ns3:Speed>2.882999897003174</ns3:Speed>
                <ns3:RunCadence>88</ns3:RunCadence>
              </ns3:TPX>
            </Extensions>
          </Trackpoint>
          <Trackpoint>
            <Time>2021-01-16T23:21:38.000Z</Time>
            <Position>
              <LatitudeDegrees>22.333717524349016</LatitudeDegrees>
              <LongitudeDegrees>114.1977038984761</LongitudeDegrees>
            </Position>
            <AltitudeMeters>311.92</AltitudeMeters>
            <DistanceMeters>2110.06005859375</DistanceMeters>
            <Extensions>
              <ns3:TPX>
                <ns3:Speed>2.818000078201294</ns3:Speed>
                <ns3:RunCadence>87</ns3:RunCadence>
              </ns3:TPX>
            </Extensions>
          </Trackpoint>
          <Trackpoint>
            <Time>2021-01-16T23:21:46.000Z</Time>
            <Position>
              <LatitudeDegrees>22.33391430508907</LatitudeDegrees>
              <LongitudeDegrees>114.19760062644485</LongitudeDegrees>
            </Position>
            <AltitudeMeters>311.86</AltitudeMeters>
            <DistanceMeters>2132.2900390625</DistanceMeters>
            <Extensions>
              <ns3:TPX>
                <ns3:Speed>2.753000020980835</ns3:Speed>
                <ns3:RunCadence>88</ns3:RunCadence>
              </ns3:TPX>
            </Extensions>
          </Trackpoint>
          <Trackpoint>
            <Time>2021-01-16T23:21:54.000Z</Time>
            <Position>
              <LatitudeDegrees>22.333928590355228</LatitudeDegrees>
              <LongitudeDegrees>114.1974901623215</LongitudeDegrees>
            </Position>
            <AltitudeMeters>312.2</AltitudeMeters>
            <DistanceMeters>2154.25</DistanceMeters>
            <Extensions>
              <ns3:TPX>
                <ns3:Speed>2.7339999675750732</ns3:Speed>
                <ns3:RunCadence>88</ns3:RunCadence>
              </ns3:TPX>
            </Extensions>
          </Trackpoint>
          <Trackpoint>
            <Time>2021-01-16T23:21:56.000Z</Time>
            <Position>
              <LatitudeDegrees>22.333882602163417</LatitudeDegrees>
              <LongitudeDegrees>114.19746281043015</LongitudeDegrees>
            </Position>
            <AltitudeMeters>312.2</AltitudeMeters>
            <DistanceMeters>2159.570068359375</DistanceMeters>
            <Extensions>
              <ns3:TPX>
                <ns3:Speed>2.6410000324249268</ns3:Speed>
                <ns3:RunCadence>87</ns3:RunCadence>
              </ns3:TPX>
            </Extensions>
          </Trackpoint>
          <Trackpoint>
            <Time>2021-01-16T23:22:18.000Z</Time>
            <Position>
              <LatitudeDegrees>22.333865832755308</LatitudeDegrees>
              <LongitudeDegrees>114.19745283667363</LongitudeDegrees>
            </Position>
            <AltitudeMeters>312.2</AltitudeMeters>
            <DistanceMeters>2161.510009765625</DistanceMeters>
            <Extensions>
              <ns3:TPX>
                <ns3:Speed>1.940999984741211</ns3:Speed>
                <ns3:RunCadence>60</ns3:RunCadence>
              </ns3:TPX>
            </Extensions>
          </Trackpoint>
          <Trackpoint>
            <Time>2021-01-16T23:22:28.000Z</Time>
            <Position>
              <LatitudeDegrees>22.33368327037768</LatitudeDegrees>
              <LongitudeDegrees>114.19736538469948</LongitudeDegrees>
            </Position>
            <AltitudeMeters>312.2</AltitudeMeters>
            <DistanceMeters>2181.820068359375</DistanceMeters>
            <Extensions>
              <ns3:TPX>
                <ns3:Speed>2.7990000247955322</ns3:Speed>
                <ns3:RunCadence>90</ns3:RunCadence>
              </ns3:TPX>
            </Extensions>
          </Trackpoint>
          <Trackpoint>
            <Time>2021-01-16T23:22:35.000Z</Time>
            <Position>
              <LatitudeDegrees>22.333533446279226</LatitudeDegrees>
              <LongitudeDegrees>114.19722350545875</LongitudeDegrees>
            </Position>
            <AltitudeMeters>312.2</AltitudeMeters>
            <DistanceMeters>2202.60009765625</DistanceMeters>
            <Extensions>
              <ns3:TPX>
                <ns3:Speed>2.947999954223633</ns3:Speed>
                <ns3:RunCadence>89</ns3:RunCadence>
              </ns3:TPX>
            </Extensions>
          </Trackpoint>
          <Trackpoint>
            <Time>2021-01-16T23:22:42.000Z</Time>
            <Position>
              <LatitudeDegrees>22.33337341345357</LatitudeDegrees>
              <LongitudeDegrees>114.19709653601878</LongitudeDegrees>
            </Position>
            <AltitudeMeters>312.2</AltitudeMeters>
            <DistanceMeters>2222.719970703125</DistanceMeters>
            <Extensions>
              <ns3:TPX>
                <ns3:Speed>2.8269999027252197</ns3:Speed>
                <ns3:RunCadence>88</ns3:RunCadence>
              </ns3:TPX>
            </Extensions>
          </Trackpoint>
          <Trackpoint>
            <Time>2021-01-16T23:22:49.000Z</Time>
            <Position>
              <LatitudeDegrees>22.33323739786527</LatitudeDegrees>
              <LongitudeDegrees>114.19716745002994</LongitudeDegrees>
            </Position>
            <AltitudeMeters>312.0</AltitudeMeters>
            <DistanceMeters>2242.340087890625</DistanceMeters>
            <Extensions>
              <ns3:TPX>
                <ns3:Speed>2.7809998989105225</ns3:Speed>
                <ns3:RunCadence>88</ns3:RunCadence>
              </ns3:TPX>
            </Extensions>
          </Trackpoint>
          <Trackpoint>
            <Time>2021-01-16T23:22:57.000Z</Time>
            <Position>
              <LatitudeDegrees>22.333035224455692</LatitudeDegrees>
              <LongitudeDegrees>114.19724849652489</LongitudeDegrees>
            </Position>
            <AltitudeMeters>312.33</AltitudeMeters>
            <DistanceMeters>2264.4599609375</DistanceMeters>
            <Extensions>
              <ns3:TPX>
                <ns3:Speed>2.76200008392334</ns3:Speed>
                <ns3:RunCadence>87</ns3:RunCadence>
              </ns3:TPX>
            </Extensions>
          </Trackpoint>
          <Trackpoint>
            <Time>2021-01-16T23:23:02.000Z</Time>
            <Position>
              <LatitudeDegrees>22.332904654913545</LatitudeDegrees>
              <LongitudeDegrees>114.19728706466395</LongitudeDegrees>
            </Position>
            <AltitudeMeters>312.2</AltitudeMeters>
            <DistanceMeters>2278.18994140625</DistanceMeters>
            <Extensions>
              <ns3:TPX>
                <ns3:Speed>2.753000020980835</ns3:Speed>
                <ns3:RunCadence>86</ns3:RunCadence>
              </ns3:TPX>
            </Extensions>
          </Trackpoint>
          <Trackpoint>
            <Time>2021-01-16T23:23:10.000Z</Time>
            <Position>
              <LatitudeDegrees>22.33274080448857</LatitudeDegrees>
              <LongitudeDegrees>114.19743386080275</LongitudeDegrees>
            </Position>
            <AltitudeMeters>311.97</AltitudeMeters>
            <DistanceMeters>2299.9599609375</DistanceMeters>
            <Extensions>
              <ns3:TPX>
                <ns3:Speed>2.7149999141693115</ns3:Speed>
                <ns3:RunCadence>89</ns3:RunCadence>
              </ns3:TPX>
            </Extensions>
          </Trackpoint>
          <Trackpoint>
            <Time>2021-01-16T23:23:18.000Z</Time>
            <Position>
              <LatitudeDegrees>22.33256779181464</LatitudeDegrees>
              <LongitudeDegrees>114.19749609817303</LongitudeDegrees>
            </Position>
            <AltitudeMeters>312.44</AltitudeMeters>
            <DistanceMeters>2321.919921875</DistanceMeters>
            <Extensions>
              <ns3:TPX>
                <ns3:Speed>2.7899999618530273</ns3:Speed>
                <ns3:RunCadence>88</ns3:RunCadence>
              </ns3:TPX>
            </Extensions>
          </Trackpoint>
          <Trackpoint>
            <Time>2021-01-16T23:23:25.000Z</Time>
            <Position>
              <LatitudeDegrees>22.33237520724865</LatitudeDegrees>
              <LongitudeDegrees>114.19745729344287</LongitudeDegrees>
            </Position>
            <AltitudeMeters>311.43</AltitudeMeters>
            <DistanceMeters>2342.31005859375</DistanceMeters>
            <Extensions>
              <ns3:TPX>
                <ns3:Speed>2.9579999446868896</ns3:Speed>
                <ns3:RunCadence>87</ns3:RunCadence>
              </ns3:TPX>
            </Extensions>
          </Trackpoint>
          <Trackpoint>
            <Time>2021-01-16T23:23:32.000Z</Time>
            <Position>
              <LatitudeDegrees>22.332368956240476</LatitudeDegrees>
              <LongitudeDegrees>114.19725618821127</LongitudeDegrees>
            </Position>
            <AltitudeMeters>311.53</AltitudeMeters>
            <DistanceMeters>2362.77001953125</DistanceMeters>
            <Extensions>
              <ns3:TPX>
                <ns3:Speed>2.874000072479248</ns3:Speed>
                <ns3:RunCadence>86</ns3:RunCadence>
              </ns3:TPX>
            </Extensions>
          </Trackpoint>
          <Trackpoint>
            <Time>2021-01-16T23:23:40.000Z</Time>
            <Position>
              <LatitudeDegrees>22.332352616127668</LatitudeDegrees>
              <LongitudeDegrees>114.19701780651201</LongitudeDegrees>
            </Position>
            <AltitudeMeters>311.82</AltitudeMeters>
            <DistanceMeters>2385.35009765625</DistanceMeters>
            <Extensions>
              <ns3:TPX>
                <ns3:Speed>2.7899999618530273</ns3:Speed>
                <ns3:RunCadence>86</ns3:RunCadence>
              </ns3:TPX>
            </Extensions>
          </Trackpoint>
          <Trackpoint>
            <Time>2021-01-16T23:23:48.000Z</Time>
            <Position>
              <LatitudeDegrees>22.332266121634245</LatitudeDegrees>
              <LongitudeDegrees>114.19680340143998</LongitudeDegrees>
            </Position>
            <AltitudeMeters>312.12</AltitudeMeters>
            <DistanceMeters>2407.669921875</DistanceMeters>
            <Extensions>
              <ns3:TPX>
                <ns3:Speed>2.8459999561309814</ns3:Speed>
                <ns3:RunCadence>85</ns3:RunCadence>
              </ns3:TPX>
            </Extensions>
          </Trackpoint>
          <Trackpoint>
            <Time>2021-01-16T23:23:54.000Z</Time>
            <Position>
              <LatitudeDegrees>22.332134320124347</LatitudeDegrees>
              <LongitudeDegrees>114.19674933151542</LongitudeDegrees>
            </Position>
            <AltitudeMeters>312.05</AltitudeMeters>
            <DistanceMeters>2424.89990234375</DistanceMeters>
            <Extensions>
              <ns3:TPX>
                <ns3:Speed>2.882999897003174</ns3:Speed>
                <ns3:RunCadence>86</ns3:RunCadence>
              </ns3:TPX>
            </Extensions>
          </Trackpoint>
          <Trackpoint>
            <Time>2021-01-16T23:24:02.000Z</Time>
            <Position>
              <LatitudeDegrees>22.331935755354635</LatitudeDegrees>
              <LongitudeDegrees>114.19683827153469</LongitudeDegrees>
            </Position>
            <AltitudeMeters>311.8</AltitudeMeters>
            <DistanceMeters>2447.570068359375</DistanceMeters>
            <Extensions>
              <ns3:TPX>
                <ns3:Speed>2.7899999618530273</ns3:Speed>
                <ns3:RunCadence>86</ns3:RunCadence>
              </ns3:TPX>
            </Extensions>
          </Trackpoint>
          <Trackpoint>
            <Time>2021-01-16T23:24:10.000Z</Time>
            <Position>
              <LatitudeDegrees>22.331781146846396</LatitudeDegrees>
              <LongitudeDegrees>114.19700542821727</LongitudeDegrees>
            </Position>
            <AltitudeMeters>311.8</AltitudeMeters>
            <DistanceMeters>2469.739990234375</DistanceMeters>
            <Extensions>
              <ns3:TPX>
                <ns3:Speed>2.753000020980835</ns3:Speed>
                <ns3:RunCadence>86</ns3:RunCadence>
              </ns3:TPX>
            </Extensions>
          </Trackpoint>
          <Trackpoint>
            <Time>2021-01-16T23:24:18.000Z</Time>
            <Position>
              <LatitudeDegrees>22.33165035948988</LatitudeDegrees>
              <LongitudeDegrees>114.19719028300483</LongitudeDegrees>
            </Position>
            <AltitudeMeters>311.96</AltitudeMeters>
            <DistanceMeters>2491.570068359375</DistanceMeters>
            <Extensions>
              <ns3:TPX>
                <ns3:Speed>2.7149999141693115</ns3:Speed>
                <ns3:RunCadence>86</ns3:RunCadence>
              </ns3:TPX>
            </Extensions>
          </Trackpoint>
          <Trackpoint>
            <Time>2021-01-16T23:24:26.000Z</Time>
            <Position>
              <LatitudeDegrees>22.331695727794635</LatitudeDegrees>
              <LongitudeDegrees>114.19738820370611</LongitudeDegrees>
            </Position>
            <AltitudeMeters>312.56</AltitudeMeters>
            <DistanceMeters>2513.1298828125</DistanceMeters>
            <Extensions>
              <ns3:TPX>
                <ns3:Speed>2.687000036239624</ns3:Speed>
                <ns3:RunCadence>87</ns3:RunCadence>
              </ns3:TPX>
            </Extensions>
          </Trackpoint>
          <Trackpoint>
            <Time>2021-01-16T23:24:34.000Z</Time>
            <Position>
              <LatitudeDegrees>22.33181548613292</LatitudeDegrees>
              <LongitudeDegrees>114.19757562063246</LongitudeDegrees>
            </Position>
            <AltitudeMeters>312.2</AltitudeMeters>
            <DistanceMeters>2534.52001953125</DistanceMeters>
            <Extensions>
              <ns3:TPX>
                <ns3:Speed>2.6589999198913574</ns3:Speed>
                <ns3:RunCadence>84</ns3:RunCadence>
              </ns3:TPX>
            </Extensions>
          </Trackpoint>
          <Trackpoint>
            <Time>2021-01-16T23:24:42.000Z</Time>
            <Position>
              <LatitudeDegrees>22.331783739176974</LatitudeDegrees>
              <LongitudeDegrees>114.19776656617279</LongitudeDegrees>
            </Position>
            <AltitudeMeters>312.3</AltitudeMeters>
            <DistanceMeters>2554.9599609375</DistanceMeters>
            <Extensions>
              <ns3:TPX>
                <ns3:Speed>2.4730000495910645</ns3:Speed>
                <ns3:RunCadence>83</ns3:RunCadence>
              </ns3:TPX>
            </Extensions>
          </Trackpoint>
          <Trackpoint>
            <Time>2021-01-16T23:24:50.000Z</Time>
            <Position>
              <LatitudeDegrees>22.33171634751095</LatitudeDegrees>
              <LongitudeDegrees>114.19796554386102</LongitudeDegrees>
            </Position>
            <AltitudeMeters>312.6</AltitudeMeters>
            <DistanceMeters>2575.35009765625</DistanceMeters>
            <Extensions>
              <ns3:TPX>
                <ns3:Speed>2.61299991607666</ns3:Speed>
                <ns3:RunCadence>86</ns3:RunCadence>
              </ns3:TPX>
            </Extensions>
          </Trackpoint>
          <Trackpoint>
            <Time>2021-01-16T23:24:56.000Z</Time>
            <Position>
              <LatitudeDegrees>22.331677614849948</LatitudeDegrees>
              <LongitudeDegrees>114.19812575974932</LongitudeDegrees>
            </Position>
            <AltitudeMeters>312.41</AltitudeMeters>
            <DistanceMeters>2591.169921875</DistanceMeters>
            <Extensions>
              <ns3:TPX>
                <ns3:Speed>2.6500000953674316</ns3:Speed>
                <ns3:RunCadence>87</ns3:RunCadence>
              </ns3:TPX>
            </Extensions>
          </Trackpoint>
          <Trackpoint>
            <Time>2021-01-16T23:25:04.000Z</Time>
            <Position>
              <LatitudeDegrees>22.33167294539201</LatitudeDegrees>
              <LongitudeDegrees>114.19827510911072</LongitudeDegrees>
            </Position>
            <AltitudeMeters>312.12</AltitudeMeters>
            <DistanceMeters>2612.570068359375</DistanceMeters>
            <Extensions>
              <ns3:TPX>
                <ns3:Speed>2.687000036239624</ns3:Speed>
                <ns3:RunCadence>86</ns3:RunCadence>
              </ns3:TPX>
            </Extensions>
          </Trackpoint>
          <Trackpoint>
            <Time>2021-01-16T23:25:12.000Z</Time>
            <Position>
              <LatitudeDegrees>22.331884423084034</LatitudeDegrees>
              <LongitudeDegrees>114.19829579067435</LongitudeDegrees>
            </Position>
            <AltitudeMeters>312.28</AltitudeMeters>
            <DistanceMeters>2634.10009765625</DistanceMeters>
            <Extensions>
              <ns3:TPX>
                <ns3:Speed>2.697000026702881</ns3:Speed>
                <ns3:RunCadence>86</ns3:RunCadence>
              </ns3:TPX>
            </Extensions>
          </Trackpoint>
          <Trackpoint>
            <Time>2021-01-16T23:25:16.000Z</Time>
            <Position>
              <LatitudeDegrees>22.331991036189606</LatitudeDegrees>
              <LongitudeDegrees>114.19830161542956</LongitudeDegrees>
            </Position>
            <AltitudeMeters>312.09</AltitudeMeters>
            <DistanceMeters>2644.919921875</DistanceMeters>
            <Extensions>
              <ns3:TPX>
                <ns3:Speed>2.7060000896453857</ns3:Speed>
                <ns3:RunCadence>84</ns3:RunCadence>
              </ns3:TPX>
            </Extensions>
          </Trackpoint>
          <Trackpoint>
            <Time>2021-01-16T23:25:24.000Z</Time>
            <Position>
              <LatitudeDegrees>22.33218699649482</LatitudeDegrees>
              <LongitudeDegrees>114.19837564726657</LongitudeDegrees>
            </Position>
            <AltitudeMeters>311.75</AltitudeMeters>
            <DistanceMeters>2666.5400390625</DistanceMeters>
            <Extensions>
              <ns3:TPX>
                <ns3:Speed>2.7149999141693115</ns3:Speed>
                <ns3:RunCadence>85</ns3:RunCadence>
              </ns3:TPX>
            </Extensions>
          </Trackpoint>
          <Trackpoint>
            <Time>2021-01-16T23:25:32.000Z</Time>
            <Position>
              <LatitudeDegrees>22.332336795974015</LatitudeDegrees>
              <LongitudeDegrees>114.1985406043059</LongitudeDegrees>
            </Position>
            <AltitudeMeters>311.77</AltitudeMeters>
            <DistanceMeters>2688.31005859375</DistanceMeters>
            <Extensions>
              <ns3:TPX>
                <ns3:Speed>2.7249999046325684</ns3:Speed>
                <ns3:RunCadence>87</ns3:RunCadence>
              </ns3:TPX>
            </Extensions>
          </Trackpoint>
          <Trackpoint>
            <Time>2021-01-16T23:25:38.000Z</Time>
            <Position>
              <LatitudeDegrees>22.332421293631647</LatitudeDegrees>
              <LongitudeDegrees>114.19868696099388</LongitudeDegrees>
            </Position>
            <AltitudeMeters>311.91</AltitudeMeters>
            <DistanceMeters>2704.669921875</DistanceMeters>
            <Extensions>
              <ns3:TPX>
                <ns3:Speed>2.7339999675750732</ns3:Speed>
                <ns3:RunCadence>88</ns3:RunCadence>
              </ns3:TPX>
            </Extensions>
          </Trackpoint>
          <Trackpoint>
            <Time>2021-01-16T23:25:46.000Z</Time>
            <Position>
              <LatitudeDegrees>22.332478794155474</LatitudeDegrees>
              <LongitudeDegrees>114.19891103946286</LongitudeDegrees>
            </Position>
            <AltitudeMeters>311.7</AltitudeMeters>
            <DistanceMeters>2726.580078125</DistanceMeters>
            <Extensions>
              <ns3:TPX>
                <ns3:Speed>2.743000030517578</ns3:Speed>
                <ns3:RunCadence>88</ns3:RunCadence>
              </ns3:TPX>
            </Extensions>
          </Trackpoint>
          <Trackpoint>
            <Time>2021-01-16T23:25:54.000Z</Time>
            <Position>
              <LatitudeDegrees>22.332510089737585</LatitudeDegrees>
              <LongitudeDegrees>114.19914478697451</LongitudeDegrees>
            </Position>
            <AltitudeMeters>312.15</AltitudeMeters>
            <DistanceMeters>2748.7900390625</DistanceMeters>
            <Extensions>
              <ns3:TPX>
                <ns3:Speed>2.7709999084472656</ns3:Speed>
                <ns3:RunCadence>87</ns3:RunCadence>
              </ns3:TPX>
            </Extensions>
          </Trackpoint>
          <Trackpoint>
            <Time>2021-01-16T23:25:55.000Z</Time>
            <Position>
              <LatitudeDegrees>22.332516996623866</LatitudeDegrees>
              <LongitudeDegrees>114.19917337312663</LongitudeDegrees>
            </Position>
            <AltitudeMeters>312.21</AltitudeMeters>
            <DistanceMeters>2751.56005859375</DistanceMeters>
            <Extensions>
              <ns3:TPX>
                <ns3:Speed>2.7709999084472656</ns3:Speed>
                <ns3:RunCadence>87</ns3:RunCadence>
              </ns3:TPX>
            </Extensions>
          </Trackpoint>
          <Trackpoint>
            <Time>2021-01-16T23:26:03.000Z</Time>
            <Position>
              <LatitudeDegrees>22.3325674018312</LatitudeDegrees>
              <LongitudeDegrees>114.19940080974764</LongitudeDegrees>
            </Position>
            <AltitudeMeters>312.06</AltitudeMeters>
            <DistanceMeters>2773.489990234375</DistanceMeters>
            <Extensions>
              <ns3:TPX>
                <ns3:Speed>2.7249999046325684</ns3:Speed>
                <ns3:RunCadence>87</ns3:RunCadence>
              </ns3:TPX>
            </Extensions>
          </Trackpoint>
          <Trackpoint>
            <Time>2021-01-16T23:26:10.000Z</Time>
            <Position>
              <LatitudeDegrees>22.332602708311864</LatitudeDegrees>
              <LongitudeDegrees>114.19960091745743</LongitudeDegrees>
            </Position>
            <AltitudeMeters>311.72</AltitudeMeters>
            <DistanceMeters>2792.60009765625</DistanceMeters>
            <Extensions>
              <ns3:TPX>
                <ns3:Speed>2.7249999046325684</ns3:Speed>
                <ns3:RunCadence>87</ns3:RunCadence>
              </ns3:TPX>
            </Extensions>
          </Trackpoint>
          <Trackpoint>
            <Time>2021-01-16T23:26:14.000Z</Time>
            <Position>
              <LatitudeDegrees>22.332619155355616</LatitudeDegrees>
              <LongitudeDegrees>114.19971537697458</LongitudeDegrees>
            </Position>
            <AltitudeMeters>311.63</AltitudeMeters>
            <DistanceMeters>2803.4599609375</DistanceMeters>
            <Extensions>
              <ns3:TPX>
                <ns3:Speed>2.7060000896453857</ns3:Speed>
                <ns3:RunCadence>87</ns3:RunCadence>
              </ns3:TPX>
            </Extensions>
          </Trackpoint>
          <Trackpoint>
            <Time>2021-01-16T23:26:22.000Z</Time>
            <Position>
              <LatitudeDegrees>22.332781978330722</LatitudeDegrees>
              <LongitudeDegrees>114.19983484255997</LongitudeDegrees>
            </Position>
            <AltitudeMeters>311.6</AltitudeMeters>
            <DistanceMeters>2825.050048828125</DistanceMeters>
            <Extensions>
              <ns3:TPX>
                <ns3:Speed>2.7060000896453857</ns3:Speed>
                <ns3:RunCadence>88</ns3:RunCadence>
              </ns3:TPX>
            </Extensions>
          </Trackpoint>
          <Trackpoint>
            <Time>2021-01-16T23:26:30.000Z</Time>
            <Position>
              <LatitudeDegrees>22.332980639226804</LatitudeDegrees>
              <LongitudeDegrees>114.19992937577427</LongitudeDegrees>
            </Position>
            <AltitudeMeters>311.6</AltitudeMeters>
            <DistanceMeters>2847.050048828125</DistanceMeters>
            <Extensions>
              <ns3:TPX>
                <ns3:Speed>2.76200008392334</ns3:Speed>
                <ns3:RunCadence>87</ns3:RunCadence>
              </ns3:TPX>
            </Extensions>
          </Trackpoint>
          <Trackpoint>
            <Time>2021-01-16T23:26:33.000Z</Time>
            <Position>
              <LatitudeDegrees>22.33305540822861</LatitudeDegrees>
              <LongitudeDegrees>114.19996495476445</LongitudeDegrees>
            </Position>
            <AltitudeMeters>311.6</AltitudeMeters>
            <DistanceMeters>2855.330078125</DistanceMeters>
            <Extensions>
              <ns3:TPX>
                <ns3:Speed>2.76200008392334</ns3:Speed>
                <ns3:RunCadence>89</ns3:RunCadence>
              </ns3:TPX>
            </Extensions>
          </Trackpoint>
          <Trackpoint>
            <Time>2021-01-16T23:26:41.000Z</Time>
            <Position>
              <LatitudeDegrees>22.33325451886305</LatitudeDegrees>
              <LongitudeDegrees>114.20005970198773</LongitudeDegrees>
            </Position>
            <AltitudeMeters>311.6</AltitudeMeters>
            <DistanceMeters>2877.3798828125</DistanceMeters>
            <Extensions>
              <ns3:TPX>
                <ns3:Speed>2.743000030517578</ns3:Speed>
                <ns3:RunCadence>87</ns3:RunCadence>
              </ns3:TPX>
            </Extensions>
          </Trackpoint>
          <Trackpoint>
            <Time>2021-01-16T23:26:48.000Z</Time>
            <Position>
              <LatitudeDegrees>22.333426993522853</LatitudeDegrees>
              <LongitudeDegrees>114.20014177442522</LongitudeDegrees>
            </Position>
            <AltitudeMeters>311.6</AltitudeMeters>
            <DistanceMeters>2896.47998046875</DistanceMeters>
            <Extensions>
              <ns3:TPX>
                <ns3:Speed>2.7249999046325684</ns3:Speed>
                <ns3:RunCadence>87</ns3:RunCadence>
              </ns3:TPX>
            </Extensions>
          </Trackpoint>
          <Trackpoint>
            <Time>2021-01-16T23:26:56.000Z</Time>
            <Position>
              <LatitudeDegrees>22.333624120017486</LatitudeDegrees>
              <LongitudeDegrees>114.2002355774913</LongitudeDegrees>
            </Position>
            <AltitudeMeters>311.6</AltitudeMeters>
            <DistanceMeters>2918.31005859375</DistanceMeters>
            <Extensions>
              <ns3:TPX>
                <ns3:Speed>2.7339999675750732</ns3:Speed>
                <ns3:RunCadence>88</ns3:RunCadence>
              </ns3:TPX>
            </Extensions>
          </Trackpoint>
          <Trackpoint>
            <Time>2021-01-16T23:27:04.000Z</Time>
            <Position>
              <LatitudeDegrees>22.333821605861882</LatitudeDegrees>
              <LongitudeDegrees>114.20032955155473</LongitudeDegrees>
            </Position>
            <AltitudeMeters>311.6</AltitudeMeters>
            <DistanceMeters>2940.179931640625</DistanceMeters>
            <Extensions>
              <ns3:TPX>
                <ns3:Speed>2.7339999675750732</ns3:Speed>
                <ns3:RunCadence>87</ns3:RunCadence>
              </ns3:TPX>
            </Extensions>
          </Trackpoint>
          <Trackpoint>
            <Time>2021-01-16T23:27:12.000Z</Time>
            <Position>
              <LatitudeDegrees>22.334018822745104</LatitudeDegrees>
              <LongitudeDegrees>114.2004233976324</LongitudeDegrees>
            </Position>
            <AltitudeMeters>311.6</AltitudeMeters>
            <DistanceMeters>2962.02001953125</DistanceMeters>
            <Extensions>
              <ns3:TPX>
                <ns3:Speed>2.7149999141693115</ns3:Speed>
                <ns3:RunCadence>87</ns3:RunCadence>
              </ns3:TPX>
            </Extensions>
          </Trackpoint>
          <Trackpoint>
            <Time>2021-01-16T23:27:20.000Z</Time>
            <Position>
              <LatitudeDegrees>22.334214954965233</LatitudeDegrees>
              <LongitudeDegrees>114.20051672757081</LongitudeDegrees>
            </Position>
            <AltitudeMeters>311.6</AltitudeMeters>
            <DistanceMeters>2983.739990234375</DistanceMeters>
            <Extensions>
              <ns3:TPX>
                <ns3:Speed>2.7149999141693115</ns3:Speed>
                <ns3:RunCadence>87</ns3:RunCadence>
              </ns3:TPX>
            </Extensions>
          </Trackpoint>
          <Trackpoint>
            <Time>2021-01-16T23:27:26.000Z</Time>
            <Position>
              <LatitudeDegrees>22.334363137139974</LatitudeDegrees>
              <LongitudeDegrees>114.2005872403771</LongitudeDegrees>
            </Position>
            <AltitudeMeters>311.6</AltitudeMeters>
            <DistanceMeters>3000.14990234375</DistanceMeters>
            <Extensions>
              <ns3:TPX>
                <ns3:Speed>2.753000020980835</ns3:Speed>
                <ns3:RunCadence>86</ns3:RunCadence>
              </ns3:TPX>
            </Extensions>
          </Trackpoint>
        </Track>
        <Extensions>
          <ns3:LX>
            <ns3:AvgSpeed>2.734999895095825</ns3:AvgSpeed>
            <ns3:AvgRunCadence>86</ns3:AvgRunCadence>
            <ns3:MaxRunCadence>90</ns3:MaxRunCadence>
          </ns3:LX>
        </Extensions>
      </Lap>
      <Lap StartTime="2021-01-16T23:27:27.000Z">
        <TotalTimeSeconds>367.897</TotalTimeSeconds>
        <DistanceMeters>1000.0</DistanceMeters>
        <MaximumSpeed>2.8269999027252193</MaximumSpeed>
        <Calories>70</Calories>
        <Intensity>Active</Intensity>
        <TriggerMethod>Manual</TriggerMethod>
        <Track>
          <Trackpoint>
            <Time>2021-01-16T23:27:34.000Z</Time>
            <Position>
              <LatitudeDegrees>22.33453628173929</LatitudeDegrees>
              <LongitudeDegrees>114.20067614504494</LongitudeDegrees>
            </Position>
            <AltitudeMeters>311.62</AltitudeMeters>
            <DistanceMeters>3021.93994140625</DistanceMeters>
            <Extensions>
              <ns3:TPX>
                <ns3:Speed>2.7060000896453857</ns3:Speed>
                <ns3:RunCadence>86</ns3:RunCadence>
              </ns3:TPX>
            </Extensions>
          </Trackpoint>
          <Trackpoint>
            <Time>2021-01-16T23:27:42.000Z</Time>
            <Position>
              <LatitudeDegrees>22.33432278746079</LatitudeDegrees>
              <LongitudeDegrees>114.20068996736883</LongitudeDegrees>
            </Position>
            <AltitudeMeters>311.95</AltitudeMeters>
            <DistanceMeters>3043.639892578125</DistanceMeters>
            <Extensions>
              <ns3:TPX>
                <ns3:Speed>2.7149999141693115</ns3:Speed>
                <ns3:RunCadence>87</ns3:RunCadence>
              </ns3:TPX>
            </Extensions>
          </Trackpoint>
          <Trackpoint>
            <Time>2021-01-16T23:27:50.000Z</Time>
            <Position>
              <LatitudeDegrees>22.334116867301773</LatitudeDegrees>
              <LongitudeDegrees>114.20071558994024</LongitudeDegrees>
            </Position>
            <AltitudeMeters>311.24</AltitudeMeters>
            <DistanceMeters>3065.469970703125</DistanceMeters>
            <Extensions>
              <ns3:TPX>
                <ns3:Speed>2.743000030517578</ns3:Speed>
                <ns3:RunCadence>86</ns3:RunCadence>
              </ns3:TPX>
            </Extensions>
          </Trackpoint>
          <Trackpoint>
            <Time>2021-01-16T23:27:58.000Z</Time>
            <Position>
              <LatitudeDegrees>22.333924701460184</LatitudeDegrees>
              <LongitudeDegrees>114.2006078717253</LongitudeDegrees>
            </Position>
            <AltitudeMeters>311.44</AltitudeMeters>
            <DistanceMeters>3087.409912109375</DistanceMeters>
            <Extensions>
              <ns3:TPX>
                <ns3:Speed>2.7339999675750732</ns3:Speed>
                <ns3:RunCadence>87</ns3:RunCadence>
              </ns3:TPX>
            </Extensions>
          </Trackpoint>
          <Trackpoint>
            <Time>2021-01-16T23:28:06.000Z</Time>
            <Position>
              <LatitudeDegrees>22.333734778597083</LatitudeDegrees>
              <LongitudeDegrees>114.20049734945765</LongitudeDegrees>
            </Position>
            <AltitudeMeters>311.6</AltitudeMeters>
            <DistanceMeters>3109.280029296875</DistanceMeters>
            <Extensions>
              <ns3:TPX>
                <ns3:Speed>2.7339999675750732</ns3:Speed>
                <ns3:RunCadence>87</ns3:RunCadence>
              </ns3:TPX>
            </Extensions>
          </Trackpoint>
          <Trackpoint>
            <Time>2021-01-16T23:28:14.000Z</Time>
            <Position>
              <LatitudeDegrees>22.333640148790384</LatitudeDegrees>
              <LongitudeDegrees>114.20030953668224</LongitudeDegrees>
            </Position>
            <AltitudeMeters>311.66</AltitudeMeters>
            <DistanceMeters>3131.050048828125</DistanceMeters>
            <Extensions>
              <ns3:TPX>
                <ns3:Speed>2.7149999141693115</ns3:Speed>
                <ns3:RunCadence>87</ns3:RunCadence>
              </ns3:TPX>
            </Extensions>
          </Trackpoint>
          <Trackpoint>
            <Time>2021-01-16T23:28:22.000Z</Time>
            <Position>
              <LatitudeDegrees>22.333598184216566</LatitudeDegrees>
              <LongitudeDegrees>114.20008267991717</LongitudeDegrees>
            </Position>
            <AltitudeMeters>311.76</AltitudeMeters>
            <DistanceMeters>3152.739990234375</DistanceMeters>
            <Extensions>
              <ns3:TPX>
                <ns3:Speed>2.7060000896453857</ns3:Speed>
                <ns3:RunCadence>86</ns3:RunCadence>
              </ns3:TPX>
            </Extensions>
          </Trackpoint>
          <Trackpoint>
            <Time>2021-01-16T23:28:30.000Z</Time>
            <Position>
              <LatitudeDegrees>22.333565708339034</LatitudeDegrees>
              <LongitudeDegrees>114.20011128685971</LongitudeDegrees>
            </Position>
            <AltitudeMeters>312.4</AltitudeMeters>
            <DistanceMeters>3174.47998046875</DistanceMeters>
            <Extensions>
              <ns3:TPX>
                <ns3:Speed>2.7249999046325684</ns3:Speed>
                <ns3:RunCadence>86</ns3:RunCadence>
              </ns3:TPX>
            </Extensions>
          </Trackpoint>
          <Trackpoint>
            <Time>2021-01-16T23:28:38.000Z</Time>
            <Position>
              <LatitudeDegrees>22.333766948555688</LatitudeDegrees>
              <LongitudeDegrees>114.20015486600902</LongitudeDegrees>
            </Position>
            <AltitudeMeters>312.4</AltitudeMeters>
            <DistanceMeters>3196.22998046875</DistanceMeters>
            <Extensions>
              <ns3:TPX>
                <ns3:Speed>2.7060000896453857</ns3:Speed>
                <ns3:RunCadence>85</ns3:RunCadence>
              </ns3:TPX>
            </Extensions>
          </Trackpoint>
          <Trackpoint>
            <Time>2021-01-16T23:28:46.000Z</Time>
            <Position>
              <LatitudeDegrees>22.333826462128275</LatitudeDegrees>
              <LongitudeDegrees>114.20034939347573</LongitudeDegrees>
            </Position>
            <AltitudeMeters>312.6</AltitudeMeters>
            <DistanceMeters>3218.169921875</DistanceMeters>
            <Extensions>
              <ns3:TPX>
                <ns3:Speed>2.7899999618530273</ns3:Speed>
                <ns3:RunCadence>86</ns3:RunCadence>
              </ns3:TPX>
            </Extensions>
          </Trackpoint>
          <Trackpoint>
            <Time>2021-01-16T23:28:54.000Z</Time>
            <Position>
              <LatitudeDegrees>22.333727348801464</LatitudeDegrees>
              <LongitudeDegrees>114.20055744992393</LongitudeDegrees>
            </Position>
            <AltitudeMeters>312.65</AltitudeMeters>
            <DistanceMeters>3240.5400390625</DistanceMeters>
            <Extensions>
              <ns3:TPX>
                <ns3:Speed>2.818000078201294</ns3:Speed>
                <ns3:RunCadence>86</ns3:RunCadence>
              </ns3:TPX>
            </Extensions>
          </Trackpoint>
          <Trackpoint>
            <Time>2021-01-16T23:29:02.000Z</Time>
            <Position>
              <LatitudeDegrees>22.33357447208315</LatitudeDegrees>
              <LongitudeDegrees>114.20073147855403</LongitudeDegrees>
            </Position>
            <AltitudeMeters>312.91</AltitudeMeters>
            <DistanceMeters>3263.06005859375</DistanceMeters>
            <Extensions>
              <ns3:TPX>
                <ns3:Speed>2.809000015258789</ns3:Speed>
                <ns3:RunCadence>87</ns3:RunCadence>
              </ns3:TPX>
            </Extensions>
          </Trackpoint>
          <Trackpoint>
            <Time>2021-01-16T23:29:10.000Z</Time>
            <Position>
              <LatitudeDegrees>22.333455835908993</LatitudeDegrees>
              <LongitudeDegrees>114.20093221570082</LongitudeDegrees>
            </Position>
            <AltitudeMeters>312.41</AltitudeMeters>
            <DistanceMeters>3285.5400390625</DistanceMeters>
            <Extensions>
              <ns3:TPX>
                <ns3:Speed>2.7899999618530273</ns3:Speed>
                <ns3:RunCadence>86</ns3:RunCadence>
              </ns3:TPX>
            </Extensions>
          </Trackpoint>
          <Trackpoint>
            <Time>2021-01-16T23:29:18.000Z</Time>
            <Position>
              <LatitudeDegrees>22.333538761221707</LatitudeDegrees>
              <LongitudeDegrees>114.20106127235066</LongitudeDegrees>
            </Position>
            <AltitudeMeters>312.54</AltitudeMeters>
            <DistanceMeters>3307.830078125</DistanceMeters>
            <Extensions>
              <ns3:TPX>
                <ns3:Speed>2.7709999084472656</ns3:Speed>
                <ns3:RunCadence>86</ns3:RunCadence>
              </ns3:TPX>
            </Extensions>
          </Trackpoint>
          <Trackpoint>
            <Time>2021-01-16T23:29:26.000Z</Time>
            <Position>
              <LatitudeDegrees>22.333618980389332</LatitudeDegrees>
              <LongitudeDegrees>114.20122098356218</LongitudeDegrees>
            </Position>
            <AltitudeMeters>312.71</AltitudeMeters>
            <DistanceMeters>3329.719970703125</DistanceMeters>
            <Extensions>
              <ns3:TPX>
                <ns3:Speed>2.7149999141693115</ns3:Speed>
                <ns3:RunCadence>86</ns3:RunCadence>
              </ns3:TPX>
            </Extensions>
          </Trackpoint>
          <Trackpoint>
            <Time>2021-01-16T23:29:34.000Z</Time>
            <Position>
              <LatitudeDegrees>22.33362872526915</LatitudeDegrees>
              <LongitudeDegrees>114.20144169223832</LongitudeDegrees>
            </Position>
            <AltitudeMeters>313.4</AltitudeMeters>
            <DistanceMeters>3351.330078125</DistanceMeters>
            <Extensions>
              <ns3:TPX>
                <ns3:Speed>2.7060000896453857</ns3:Speed>
                <ns3:RunCadence>87</ns3:RunCadence>
              </ns3:TPX>
            </Extensions>
          </Trackpoint>
          <Trackpoint>
            <Time>2021-01-16T23:29:42.000Z</Time>
            <Position>
              <LatitudeDegrees>22.33373068144017</LatitudeDegrees>
              <LongitudeDegrees>114.20164019618682</LongitudeDegrees>
            </Position>
            <AltitudeMeters>313.14</AltitudeMeters>
            <DistanceMeters>3372.919921875</DistanceMeters>
            <Extensions>
              <ns3:TPX>
                <ns3:Speed>2.687000036239624</ns3:Speed>
                <ns3:RunCadence>86</ns3:RunCadence>
              </ns3:TPX>
            </Extensions>
          </Trackpoint>
          <Trackpoint>
            <Time>2021-01-16T23:29:50.000Z</Time>
            <Position>
              <LatitudeDegrees>22.333890045213618</LatitudeDegrees>
              <LongitudeDegrees>114.20178659896206</LongitudeDegrees>
            </Position>
            <AltitudeMeters>312.59</AltitudeMeters>
            <DistanceMeters>3394.3701171875</DistanceMeters>
            <Extensions>
              <ns3:TPX>
                <ns3:Speed>2.687000036239624</ns3:Speed>
                <ns3:RunCadence>87</ns3:RunCadence>
              </ns3:TPX>
            </Extensions>
          </Trackpoint>
          <Trackpoint>
            <Time>2021-01-16T23:29:55.000Z</Time>
            <Position>
              <LatitudeDegrees>22.334005076331664</LatitudeDegrees>
              <LongitudeDegrees>114.20185929831078</LongitudeDegrees>
            </Position>
            <AltitudeMeters>312.32</AltitudeMeters>
            <DistanceMeters>3407.8798828125</DistanceMeters>
            <Extensions>
              <ns3:TPX>
                <ns3:Speed>2.7060000896453857</ns3:Speed>
                <ns3:RunCadence>89</ns3:RunCadence>
              </ns3:TPX>
            </Extensions>
          </Trackpoint>
          <Trackpoint>
            <Time>2021-01-16T23:30:03.000Z</Time>
            <Position>
              <LatitudeDegrees>22.334190216976133</LatitudeDegrees>
              <LongitudeDegrees>114.20197275185869</LongitudeDegrees>
            </Position>
            <AltitudeMeters>311.87</AltitudeMeters>
            <DistanceMeters>3429.469970703125</DistanceMeters>
            <Extensions>
              <ns3:TPX>
                <ns3:Speed>2.697000026702881</ns3:Speed>
                <ns3:RunCadence>88</ns3:RunCadence>
              </ns3:TPX>
            </Extensions>
          </Trackpoint>
          <Trackpoint>
            <Time>2021-01-16T23:30:11.000Z</Time>
            <Position>
              <LatitudeDegrees>22.33437037031577</LatitudeDegrees>
              <LongitudeDegrees>114.20209795793367</LongitudeDegrees>
            </Position>
            <AltitudeMeters>311.45</AltitudeMeters>
            <DistanceMeters>3451.179931640625</DistanceMeters>
            <Extensions>
              <ns3:TPX>
                <ns3:Speed>2.7149999141693115</ns3:Speed>
                <ns3:RunCadence>88</ns3:RunCadence>
              </ns3:TPX>
            </Extensions>
          </Trackpoint>
          <Trackpoint>
            <Time>2021-01-16T23:30:19.000Z</Time>
            <Position>
              <LatitudeDegrees>22.334559575156327</LatitudeDegrees>
              <LongitudeDegrees>114.20220715987531</LongitudeDegrees>
            </Position>
            <AltitudeMeters>311.52</AltitudeMeters>
            <DistanceMeters>3472.989990234375</DistanceMeters>
            <Extensions>
              <ns3:TPX>
                <ns3:Speed>2.7249999046325684</ns3:Speed>
                <ns3:RunCadence>87</ns3:RunCadence>
              </ns3:TPX>
            </Extensions>
          </Trackpoint>
          <Trackpoint>
            <Time>2021-01-16T23:30:27.000Z</Time>
            <Position>
              <LatitudeDegrees>22.33474436650767</LatitudeDegrees>
              <LongitudeDegrees>114.20232063622903</LongitudeDegrees>
            </Position>
            <AltitudeMeters>311.91</AltitudeMeters>
            <DistanceMeters>3494.780029296875</DistanceMeters>
            <Extensions>
              <ns3:TPX>
                <ns3:Speed>2.7249999046325684</ns3:Speed>
                <ns3:RunCadence>88</ns3:RunCadence>
              </ns3:TPX>
            </Extensions>
          </Trackpoint>
          <Trackpoint>
            <Time>2021-01-16T23:30:35.000Z</Time>
            <Position>
              <LatitudeDegrees>22.334914682827044</LatitudeDegrees>
              <LongitudeDegrees>114.20246294308048</LongitudeDegrees>
            </Position>
            <AltitudeMeters>312.02</AltitudeMeters>
            <DistanceMeters>3516.610107421875</DistanceMeters>
            <Extensions>
              <ns3:TPX>
                <ns3:Speed>2.7249999046325684</ns3:Speed>
                <ns3:RunCadence>88</ns3:RunCadence>
              </ns3:TPX>
            </Extensions>
          </Trackpoint>
          <Trackpoint>
            <Time>2021-01-16T23:30:43.000Z</Time>
            <Position>
              <LatitudeDegrees>22.33502753011962</LatitudeDegrees>
              <LongitudeDegrees>114.20264673369086</LongitudeDegrees>
            </Position>
            <AltitudeMeters>311.79</AltitudeMeters>
            <DistanceMeters>3538.300048828125</DistanceMeters>
            <Extensions>
              <ns3:TPX>
                <ns3:Speed>2.7060000896453857</ns3:Speed>
                <ns3:RunCadence>87</ns3:RunCadence>
              </ns3:TPX>
            </Extensions>
          </Trackpoint>
          <Trackpoint>
            <Time>2021-01-16T23:30:51.000Z</Time>
            <Position>
              <LatitudeDegrees>22.334961169357957</LatitudeDegrees>
              <LongitudeDegrees>114.2028386371136</LongitudeDegrees>
            </Position>
            <AltitudeMeters>311.93</AltitudeMeters>
            <DistanceMeters>3559.889892578125</DistanceMeters>
            <Extensions>
              <ns3:TPX>
                <ns3:Speed>2.697000026702881</ns3:Speed>
                <ns3:RunCadence>86</ns3:RunCadence>
              </ns3:TPX>
            </Extensions>
          </Trackpoint>
          <Trackpoint>
            <Time>2021-01-16T23:30:59.000Z</Time>
            <Position>
              <LatitudeDegrees>22.334952218561</LatitudeDegrees>
              <LongitudeDegrees>114.20303827444181</LongitudeDegrees>
            </Position>
            <AltitudeMeters>311.8</AltitudeMeters>
            <DistanceMeters>3581.43994140625</DistanceMeters>
            <Extensions>
              <ns3:TPX>
                <ns3:Speed>2.697000026702881</ns3:Speed>
                <ns3:RunCadence>87</ns3:RunCadence>
              </ns3:TPX>
            </Extensions>
          </Trackpoint>
          <Trackpoint>
            <Time>2021-01-16T23:31:07.000Z</Time>
            <Position>
              <LatitudeDegrees>22.33492175945538</LatitudeDegrees>
              <LongitudeDegrees>114.20323539184395</LongitudeDegrees>
            </Position>
            <AltitudeMeters>311.74</AltitudeMeters>
            <DistanceMeters>3603.050048828125</DistanceMeters>
            <Extensions>
              <ns3:TPX>
                <ns3:Speed>2.7060000896453857</ns3:Speed>
                <ns3:RunCadence>88</ns3:RunCadence>
              </ns3:TPX>
            </Extensions>
          </Trackpoint>
          <Trackpoint>
            <Time>2021-01-16T23:31:15.000Z</Time>
            <Position>
              <LatitudeDegrees>22.33478031648442</LatitudeDegrees>
              <LongitudeDegrees>114.20340593430163</LongitudeDegrees>
            </Position>
            <AltitudeMeters>312.2</AltitudeMeters>
            <DistanceMeters>3624.8798828125</DistanceMeters>
            <Extensions>
              <ns3:TPX>
                <ns3:Speed>2.7339999675750732</ns3:Speed>
                <ns3:RunCadence>87</ns3:RunCadence>
              </ns3:TPX>
            </Extensions>
          </Trackpoint>
          <Trackpoint>
            <Time>2021-01-16T23:31:23.000Z</Time>
            <Position>
              <LatitudeDegrees>22.334594678207143</LatitudeDegrees>
              <LongitudeDegrees>114.20352037447988</LongitudeDegrees>
            </Position>
            <AltitudeMeters>312.67</AltitudeMeters>
            <DistanceMeters>3646.719970703125</DistanceMeters>
            <Extensions>
              <ns3:TPX>
                <ns3:Speed>2.7249999046325684</ns3:Speed>
                <ns3:RunCadence>87</ns3:RunCadence>
              </ns3:TPX>
            </Extensions>
          </Trackpoint>
          <Trackpoint>
            <Time>2021-01-16T23:31:31.000Z</Time>
            <Position>
              <LatitudeDegrees>22.3344114951113</LatitudeDegrees>
              <LongitudeDegrees>114.2036366081695</LongitudeDegrees>
            </Position>
            <AltitudeMeters>312.3</AltitudeMeters>
            <DistanceMeters>3668.530029296875</DistanceMeters>
            <Extensions>
              <ns3:TPX>
                <ns3:Speed>2.7149999141693115</ns3:Speed>
                <ns3:RunCadence>88</ns3:RunCadence>
              </ns3:TPX>
            </Extensions>
          </Trackpoint>
          <Trackpoint>
            <Time>2021-01-16T23:31:39.000Z</Time>
            <Position>
              <LatitudeDegrees>22.334432147235365</LatitudeDegrees>
              <LongitudeDegrees>114.2038472433851</LongitudeDegrees>
            </Position>
            <AltitudeMeters>312.39</AltitudeMeters>
            <DistanceMeters>3690.239990234375</DistanceMeters>
            <Extensions>
              <ns3:TPX>
                <ns3:Speed>2.7060000896453857</ns3:Speed>
                <ns3:RunCadence>87</ns3:RunCadence>
              </ns3:TPX>
            </Extensions>
          </Trackpoint>
          <Trackpoint>
            <Time>2021-01-16T23:31:47.000Z</Time>
            <Position>
              <LatitudeDegrees>22.33449162230164</LatitudeDegrees>
              <LongitudeDegrees>114.20406611312228</LongitudeDegrees>
            </Position>
            <AltitudeMeters>312.54</AltitudeMeters>
            <DistanceMeters>3711.77001953125</DistanceMeters>
            <Extensions>
              <ns3:TPX>
                <ns3:Speed>2.697000026702881</ns3:Speed>
                <ns3:RunCadence>87</ns3:RunCadence>
              </ns3:TPX>
            </Extensions>
          </Trackpoint>
          <Trackpoint>
            <Time>2021-01-16T23:31:55.000Z</Time>
            <Position>
              <LatitudeDegrees>22.334439388719304</LatitudeDegrees>
              <LongitudeDegrees>114.20427699720231</LongitudeDegrees>
            </Position>
            <AltitudeMeters>311.95</AltitudeMeters>
            <DistanceMeters>3733.2900390625</DistanceMeters>
            <Extensions>
              <ns3:TPX>
                <ns3:Speed>2.697000026702881</ns3:Speed>
                <ns3:RunCadence>88</ns3:RunCadence>
              </ns3:TPX>
            </Extensions>
          </Trackpoint>
          <Trackpoint>
            <Time>2021-01-16T23:32:03.000Z</Time>
            <Position>
              <LatitudeDegrees>22.334264079416755</LatitudeDegrees>
              <LongitudeDegrees>114.2044026050447</LongitudeDegrees>
            </Position>
            <AltitudeMeters>311.97</AltitudeMeters>
            <DistanceMeters>3754.97998046875</DistanceMeters>
            <Extensions>
              <ns3:TPX>
                <ns3:Speed>2.7060000896453857</ns3:Speed>
                <ns3:RunCadence>86</ns3:RunCadence>
              </ns3:TPX>
            </Extensions>
          </Trackpoint>
          <Trackpoint>
            <Time>2021-01-16T23:32:11.000Z</Time>
            <Position>
              <LatitudeDegrees>22.334051734686188</LatitudeDegrees>
              <LongitudeDegrees>114.20438701452201</LongitudeDegrees>
            </Position>
            <AltitudeMeters>311.8</AltitudeMeters>
            <DistanceMeters>3776.68994140625</DistanceMeters>
            <Extensions>
              <ns3:TPX>
                <ns3:Speed>2.7249999046325684</ns3:Speed>
                <ns3:RunCadence>87</ns3:RunCadence>
              </ns3:TPX>
            </Extensions>
          </Trackpoint>
          <Trackpoint>
            <Time>2021-01-16T23:32:19.000Z</Time>
            <Position>
              <LatitudeDegrees>22.333886782947353</LatitudeDegrees>
              <LongitudeDegrees>114.2043605265134</LongitudeDegrees>
            </Position>
            <AltitudeMeters>312.3</AltitudeMeters>
            <DistanceMeters>3798.360107421875</DistanceMeters>
            <Extensions>
              <ns3:TPX>
                <ns3:Speed>2.697000026702881</ns3:Speed>
                <ns3:RunCadence>85</ns3:RunCadence>
              </ns3:TPX>
            </Extensions>
          </Trackpoint>
          <Trackpoint>
            <Time>2021-01-16T23:32:27.000Z</Time>
            <Position>
              <LatitudeDegrees>22.33389298494665</LatitudeDegrees>
              <LongitudeDegrees>114.20453196377532</LongitudeDegrees>
            </Position>
            <AltitudeMeters>312.31</AltitudeMeters>
            <DistanceMeters>3819.969970703125</DistanceMeters>
            <Extensions>
              <ns3:TPX>
                <ns3:Speed>2.697000026702881</ns3:Speed>
                <ns3:RunCadence>86</ns3:RunCadence>
              </ns3:TPX>
            </Extensions>
          </Trackpoint>
          <Trackpoint>
            <Time>2021-01-16T23:32:35.000Z</Time>
            <Position>
              <LatitudeDegrees>22.333838074710794</LatitudeDegrees>
              <LongitudeDegrees>114.20456291759857</LongitudeDegrees>
            </Position>
            <AltitudeMeters>312.19</AltitudeMeters>
            <DistanceMeters>3841.469970703125</DistanceMeters>
            <Extensions>
              <ns3:TPX>
                <ns3:Speed>2.677999973297119</ns3:Speed>
                <ns3:RunCadence>86</ns3:RunCadence>
              </ns3:TPX>
            </Extensions>
          </Trackpoint>
          <Trackpoint>
            <Time>2021-01-16T23:32:43.000Z</Time>
            <Position>
              <LatitudeDegrees>22.333667943093996</LatitudeDegrees>
              <LongitudeDegrees>114.2044669643293</LongitudeDegrees>
            </Position>
            <AltitudeMeters>311.62</AltitudeMeters>
            <DistanceMeters>3863.030029296875</DistanceMeters>
            <Extensions>
              <ns3:TPX>
                <ns3:Speed>2.7060000896453857</ns3:Speed>
                <ns3:RunCadence>87</ns3:RunCadence>
              </ns3:TPX>
            </Extensions>
          </Trackpoint>
          <Trackpoint>
            <Time>2021-01-16T23:32:51.000Z</Time>
            <Position>
              <LatitudeDegrees>22.33348849007884</LatitudeDegrees>
              <LongitudeDegrees>114.20459240666631</LongitudeDegrees>
            </Position>
            <AltitudeMeters>311.76</AltitudeMeters>
            <DistanceMeters>3884.68994140625</DistanceMeters>
            <Extensions>
              <ns3:TPX>
                <ns3:Speed>2.7060000896453857</ns3:Speed>
                <ns3:RunCadence>86</ns3:RunCadence>
              </ns3:TPX>
            </Extensions>
          </Trackpoint>
          <Trackpoint>
            <Time>2021-01-16T23:32:59.000Z</Time>
            <Position>
              <LatitudeDegrees>22.333307282923617</LatitudeDegrees>
              <LongitudeDegrees>114.20471423361404</LongitudeDegrees>
            </Position>
            <AltitudeMeters>311.8</AltitudeMeters>
            <DistanceMeters>3906.320068359375</DistanceMeters>
            <Extensions>
              <ns3:TPX>
                <ns3:Speed>2.7060000896453857</ns3:Speed>
                <ns3:RunCadence>86</ns3:RunCadence>
              </ns3:TPX>
            </Extensions>
          </Trackpoint>
          <Trackpoint>
            <Time>2021-01-16T23:33:07.000Z</Time>
            <Position>
              <LatitudeDegrees>22.333102473624127</LatitudeDegrees>
              <LongitudeDegrees>114.20475756920371</LongitudeDegrees>
            </Position>
            <AltitudeMeters>311.97</AltitudeMeters>
            <DistanceMeters>3927.9599609375</DistanceMeters>
            <Extensions>
              <ns3:TPX>
                <ns3:Speed>2.7060000896453857</ns3:Speed>
                <ns3:RunCadence>87</ns3:RunCadence>
              </ns3:TPX>
            </Extensions>
          </Trackpoint>
          <Trackpoint>
            <Time>2021-01-16T23:33:15.000Z</Time>
            <Position>
              <LatitudeDegrees>22.332895800746797</LatitudeDegrees>
              <LongitudeDegrees>114.20471265551005</LongitudeDegrees>
            </Position>
            <AltitudeMeters>311.43</AltitudeMeters>
            <DistanceMeters>3949.52001953125</DistanceMeters>
            <Extensions>
              <ns3:TPX>
                <ns3:Speed>2.677999973297119</ns3:Speed>
                <ns3:RunCadence>86</ns3:RunCadence>
              </ns3:TPX>
            </Extensions>
          </Trackpoint>
          <Trackpoint>
            <Time>2021-01-16T23:33:23.000Z</Time>
            <Position>
              <LatitudeDegrees>22.332703151000842</LatitudeDegrees>
              <LongitudeDegrees>114.2046194212843</LongitudeDegrees>
            </Position>
            <AltitudeMeters>311.52</AltitudeMeters>
            <DistanceMeters>3970.929931640625</DistanceMeters>
            <Extensions>
              <ns3:TPX>
                <ns3:Speed>2.6689999103546143</ns3:Speed>
                <ns3:RunCadence>86</ns3:RunCadence>
              </ns3:TPX>
            </Extensions>
          </Trackpoint>
          <Trackpoint>
            <Time>2021-01-16T23:33:31.000Z</Time>
            <Position>
              <LatitudeDegrees>22.33252206644791</LatitudeDegrees>
              <LongitudeDegrees>114.20454096481836</LongitudeDegrees>
            </Position>
            <AltitudeMeters>310.4</AltitudeMeters>
            <DistanceMeters>3992.300048828125</DistanceMeters>
            <Extensions>
              <ns3:TPX>
                <ns3:Speed>2.687000036239624</ns3:Speed>
                <ns3:RunCadence>85</ns3:RunCadence>
              </ns3:TPX>
            </Extensions>
          </Trackpoint>
          <Trackpoint>
            <Time>2021-01-16T23:33:32.000Z</Time>
            <Position>
              <LatitudeDegrees>22.332496318769152</LatitudeDegrees>
              <LongitudeDegrees>114.20454875363782</LongitudeDegrees>
            </Position>
            <AltitudeMeters>310.4</AltitudeMeters>
            <DistanceMeters>3995.010009765625</DistanceMeters>
            <Extensions>
              <ns3:TPX>
                <ns3:Speed>2.7060000896453857</ns3:Speed>
                <ns3:RunCadence>85</ns3:RunCadence>
              </ns3:TPX>
            </Extensions>
          </Trackpoint>
          <Trackpoint>
            <Time>2021-01-16T23:33:34.000Z</Time>
            <Position>
              <LatitudeDegrees>22.332444823411638</LatitudeDegrees>
              <LongitudeDegrees>114.20456433127671</LongitudeDegrees>
            </Position>
            <AltitudeMeters>310.4</AltitudeMeters>
            <DistanceMeters>4000.429931640625</DistanceMeters>
            <Extensions>
              <ns3:TPX>
                <ns3:Speed>2.7149999141693115</ns3:Speed>
                <ns3:RunCadence>85</ns3:RunCadence>
              </ns3:TPX>
            </Extensions>
          </Trackpoint>
        </Track>
        <Extensions>
          <ns3:LX>
            <ns3:AvgSpeed>2.7179999351501465</ns3:AvgSpeed>
            <ns3:AvgRunCadence>86</ns3:AvgRunCadence>
            <ns3:MaxRunCadence>89</ns3:MaxRunCadence>
          </ns3:LX>
        </Extensions>
      </Lap>
      <Lap StartTime="2021-01-16T23:33:35.000Z">
        <TotalTimeSeconds>371.736</TotalTimeSeconds>
        <DistanceMeters>1000.0</DistanceMeters>
        <MaximumSpeed>2.809000015258789</MaximumSpeed>
        <Calories>70</Calories>
        <Intensity>Active</Intensity>
        <TriggerMethod>Manual</TriggerMethod>
        <Track>
          <Trackpoint>
            <Time>2021-01-16T23:33:42.000Z</Time>
            <Position>
              <LatitudeDegrees>22.332260212572606</LatitudeDegrees>
              <LongitudeDegrees>114.20467489422465</LongitudeDegrees>
            </Position>
            <AltitudeMeters>311.01</AltitudeMeters>
            <DistanceMeters>4022.419921875</DistanceMeters>
            <Extensions>
              <ns3:TPX>
                <ns3:Speed>2.76200008392334</ns3:Speed>
                <ns3:RunCadence>86</ns3:RunCadence>
              </ns3:TPX>
            </Extensions>
          </Trackpoint>
          <Trackpoint>
            <Time>2021-01-16T23:33:50.000Z</Time>
            <Position>
              <LatitudeDegrees>22.33205829259054</LatitudeDegrees>
              <LongitudeDegrees>114.20473484589465</LongitudeDegrees>
            </Position>
            <AltitudeMeters>311.08</AltitudeMeters>
            <DistanceMeters>4044.760009765625</DistanceMeters>
            <Extensions>
              <ns3:TPX>
                <ns3:Speed>2.7899999618530273</ns3:Speed>
                <ns3:RunCadence>86</ns3:RunCadence>
              </ns3:TPX>
            </Extensions>
          </Trackpoint>
          <Trackpoint>
            <Time>2021-01-16T23:33:58.000Z</Time>
            <Position>
              <LatitudeDegrees>22.331933080855087</LatitudeDegrees>
              <LongitudeDegrees>114.20490645121797</LongitudeDegrees>
            </Position>
            <AltitudeMeters>311.16</AltitudeMeters>
            <DistanceMeters>4066.889892578125</DistanceMeters>
            <Extensions>
              <ns3:TPX>
                <ns3:Speed>2.753000020980835</ns3:Speed>
                <ns3:RunCadence>86</ns3:RunCadence>
              </ns3:TPX>
            </Extensions>
          </Trackpoint>
          <Trackpoint>
            <Time>2021-01-16T23:34:06.000Z</Time>
            <Position>
              <LatitudeDegrees>22.331829007157495</LatitudeDegrees>
              <LongitudeDegrees>114.20511079008847</LongitudeDegrees>
            </Position>
            <AltitudeMeters>310.26</AltitudeMeters>
            <DistanceMeters>4088.760009765625</DistanceMeters>
            <Extensions>
              <ns3:TPX>
                <ns3:Speed>2.7249999046325684</ns3:Speed>
                <ns3:RunCadence>85</ns3:RunCadence>
              </ns3:TPX>
            </Extensions>
          </Trackpoint>
          <Trackpoint>
            <Time>2021-01-16T23:34:14.000Z</Time>
            <Position>
              <LatitudeDegrees>22.331633631231778</LatitudeDegrees>
              <LongitudeDegrees>114.20519396352285</LongitudeDegrees>
            </Position>
            <AltitudeMeters>311.09</AltitudeMeters>
            <DistanceMeters>4110.35986328125</DistanceMeters>
            <Extensions>
              <ns3:TPX>
                <ns3:Speed>2.687000036239624</ns3:Speed>
                <ns3:RunCadence>86</ns3:RunCadence>
              </ns3:TPX>
            </Extensions>
          </Trackpoint>
          <Trackpoint>
            <Time>2021-01-16T23:34:22.000Z</Time>
            <Position>
              <LatitudeDegrees>22.331446340516706</LatitudeDegrees>
              <LongitudeDegrees>114.20528369022772</LongitudeDegrees>
            </Position>
            <AltitudeMeters>311.2</AltitudeMeters>
            <DistanceMeters>4131.77978515625</DistanceMeters>
            <Extensions>
              <ns3:TPX>
                <ns3:Speed>2.6689999103546143</ns3:Speed>
                <ns3:RunCadence>85</ns3:RunCadence>
              </ns3:TPX>
            </Extensions>
          </Trackpoint>
          <Trackpoint>
            <Time>2021-01-16T23:34:30.000Z</Time>
            <Position>
              <LatitudeDegrees>22.33129208473829</LatitudeDegrees>
              <LongitudeDegrees>114.20513085366743</LongitudeDegrees>
            </Position>
            <AltitudeMeters>311.14</AltitudeMeters>
            <DistanceMeters>4153.009765625</DistanceMeters>
            <Extensions>
              <ns3:TPX>
                <ns3:Speed>2.6410000324249268</ns3:Speed>
                <ns3:RunCadence>85</ns3:RunCadence>
              </ns3:TPX>
            </Extensions>
          </Trackpoint>
          <Trackpoint>
            <Time>2021-01-16T23:34:38.000Z</Time>
            <Position>
              <LatitudeDegrees>22.331146660013804</LatitudeDegrees>
              <LongitudeDegrees>114.20497265574699</LongitudeDegrees>
            </Position>
            <AltitudeMeters>311.06</AltitudeMeters>
            <DistanceMeters>4174.080078125</DistanceMeters>
            <Extensions>
              <ns3:TPX>
                <ns3:Speed>2.63100004196167</ns3:Speed>
                <ns3:RunCadence>85</ns3:RunCadence>
              </ns3:TPX>
            </Extensions>
          </Trackpoint>
          <Trackpoint>
            <Time>2021-01-16T23:34:46.000Z</Time>
            <Position>
              <LatitudeDegrees>22.330982059337614</LatitudeDegrees>
              <LongitudeDegrees>114.20483989734144</LongitudeDegrees>
            </Position>
            <AltitudeMeters>311.48</AltitudeMeters>
            <DistanceMeters>4195.169921875</DistanceMeters>
            <Extensions>
              <ns3:TPX>
                <ns3:Speed>2.63100004196167</ns3:Speed>
                <ns3:RunCadence>85</ns3:RunCadence>
              </ns3:TPX>
            </Extensions>
          </Trackpoint>
          <Trackpoint>
            <Time>2021-01-16T23:34:54.000Z</Time>
            <Position>
              <LatitudeDegrees>22.330797528177243</LatitudeDegrees>
              <LongitudeDegrees>114.20473854374605</LongitudeDegrees>
            </Position>
            <AltitudeMeters>310.88</AltitudeMeters>
            <DistanceMeters>4216.22998046875</DistanceMeters>
            <Extensions>
              <ns3:TPX>
                <ns3:Speed>2.6410000324249268</ns3:Speed>
                <ns3:RunCadence>86</ns3:RunCadence>
              </ns3:TPX>
            </Extensions>
          </Trackpoint>
          <Trackpoint>
            <Time>2021-01-16T23:35:02.000Z</Time>
            <Position>
              <LatitudeDegrees>22.330623119976867</LatitudeDegrees>
              <LongitudeDegrees>114.20461471362385</LongitudeDegrees>
            </Position>
            <AltitudeMeters>310.73</AltitudeMeters>
            <DistanceMeters>4237.3798828125</DistanceMeters>
            <Extensions>
              <ns3:TPX>
                <ns3:Speed>2.6410000324249268</ns3:Speed>
                <ns3:RunCadence>87</ns3:RunCadence>
              </ns3:TPX>
            </Extensions>
          </Trackpoint>
          <Trackpoint>
            <Time>2021-01-16T23:35:10.000Z</Time>
            <Position>
              <LatitudeDegrees>22.330445856435663</LatitudeDegrees>
              <LongitudeDegrees>114.20449389681136</LongitudeDegrees>
            </Position>
            <AltitudeMeters>311.13</AltitudeMeters>
            <DistanceMeters>4258.6201171875</DistanceMeters>
            <Extensions>
              <ns3:TPX>
                <ns3:Speed>2.6500000953674316</ns3:Speed>
                <ns3:RunCadence>84</ns3:RunCadence>
              </ns3:TPX>
            </Extensions>
          </Trackpoint>
          <Trackpoint>
            <Time>2021-01-16T23:35:18.000Z</Time>
            <Position>
              <LatitudeDegrees>22.3302556724105</LatitudeDegrees>
              <LongitudeDegrees>114.2044009819047</LongitudeDegrees>
            </Position>
            <AltitudeMeters>311.2</AltitudeMeters>
            <DistanceMeters>4279.8701171875</DistanceMeters>
            <Extensions>
              <ns3:TPX>
                <ns3:Speed>2.6589999198913574</ns3:Speed>
                <ns3:RunCadence>86</ns3:RunCadence>
              </ns3:TPX>
            </Extensions>
          </Trackpoint>
          <Trackpoint>
            <Time>2021-01-16T23:35:26.000Z</Time>
            <Position>
              <LatitudeDegrees>22.3300584107939</LatitudeDegrees>
              <LongitudeDegrees>114.2043302519549</LongitudeDegrees>
            </Position>
            <AltitudeMeters>310.92</AltitudeMeters>
            <DistanceMeters>4301.14990234375</DistanceMeters>
            <Extensions>
              <ns3:TPX>
                <ns3:Speed>2.6689999103546143</ns3:Speed>
                <ns3:RunCadence>86</ns3:RunCadence>
              </ns3:TPX>
            </Extensions>
          </Trackpoint>
          <Trackpoint>
            <Time>2021-01-16T23:35:34.000Z</Time>
            <Position>
              <LatitudeDegrees>22.329962312724653</LatitudeDegrees>
              <LongitudeDegrees>114.20452749309243</LongitudeDegrees>
            </Position>
            <AltitudeMeters>311.29</AltitudeMeters>
            <DistanceMeters>4322.5498046875</DistanceMeters>
            <Extensions>
              <ns3:TPX>
                <ns3:Speed>2.677999973297119</ns3:Speed>
                <ns3:RunCadence>86</ns3:RunCadence>
              </ns3:TPX>
            </Extensions>
          </Trackpoint>
          <Trackpoint>
            <Time>2021-01-16T23:35:42.000Z</Time>
            <Position>
              <LatitudeDegrees>22.329827939899626</LatitudeDegrees>
              <LongitudeDegrees>114.2046981975997</LongitudeDegrees>
            </Position>
            <AltitudeMeters>311.4</AltitudeMeters>
            <DistanceMeters>4344.02001953125</DistanceMeters>
            <Extensions>
              <ns3:TPX>
                <ns3:Speed>2.677999973297119</ns3:Speed>
                <ns3:RunCadence>85</ns3:RunCadence>
              </ns3:TPX>
            </Extensions>
          </Trackpoint>
          <Trackpoint>
            <Time>2021-01-16T23:35:50.000Z</Time>
            <Position>
              <LatitudeDegrees>22.329664728470107</LatitudeDegrees>
              <LongitudeDegrees>114.204841759373</LongitudeDegrees>
            </Position>
            <AltitudeMeters>310.91</AltitudeMeters>
            <DistanceMeters>4365.35009765625</DistanceMeters>
            <Extensions>
              <ns3:TPX>
                <ns3:Speed>2.6589999198913574</ns3:Speed>
                <ns3:RunCadence>86</ns3:RunCadence>
              </ns3:TPX>
            </Extensions>
          </Trackpoint>
          <Trackpoint>
            <Time>2021-01-16T23:35:58.000Z</Time>
            <Position>
              <LatitudeDegrees>22.32946424679366</LatitudeDegrees>
              <LongitudeDegrees>114.20483096527904</LongitudeDegrees>
            </Position>
            <AltitudeMeters>311.23</AltitudeMeters>
            <DistanceMeters>4386.64990234375</DistanceMeters>
            <Extensions>
              <ns3:TPX>
                <ns3:Speed>2.6589999198913574</ns3:Speed>
                <ns3:RunCadence>85</ns3:RunCadence>
              </ns3:TPX>
            </Extensions>
          </Trackpoint>
          <Trackpoint>
            <Time>2021-01-16T23:36:06.000Z</Time>
            <Position>
              <LatitudeDegrees>22.32926850102051</LatitudeDegrees>
              <LongitudeDegrees>114.2047498530689</LongitudeDegrees>
            </Position>
            <AltitudeMeters>311.71</AltitudeMeters>
            <DistanceMeters>4407.919921875</DistanceMeters>
            <Extensions>
              <ns3:TPX>
                <ns3:Speed>2.6589999198913574</ns3:Speed>
                <ns3:RunCadence>85</ns3:RunCadence>
              </ns3:TPX>
            </Extensions>
          </Trackpoint>
          <Trackpoint>
            <Time>2021-01-16T23:36:14.000Z</Time>
            <Position>
              <LatitudeDegrees>22.329064649188467</LatitudeDegrees>
              <LongitudeDegrees>114.20469653822374</LongitudeDegrees>
            </Position>
            <AltitudeMeters>311.35</AltitudeMeters>
            <DistanceMeters>4429.18994140625</DistanceMeters>
            <Extensions>
              <ns3:TPX>
                <ns3:Speed>2.6589999198913574</ns3:Speed>
                <ns3:RunCadence>86</ns3:RunCadence>
              </ns3:TPX>
            </Extensions>
          </Trackpoint>
          <Trackpoint>
            <Time>2021-01-16T23:36:22.000Z</Time>
            <Position>
              <LatitudeDegrees>22.328860549588565</LatitudeDegrees>
              <LongitudeDegrees>114.20464401126142</LongitudeDegrees>
            </Position>
            <AltitudeMeters>311.2</AltitudeMeters>
            <DistanceMeters>4450.509765625</DistanceMeters>
            <Extensions>
              <ns3:TPX>
                <ns3:Speed>2.6689999103546143</ns3:Speed>
                <ns3:RunCadence>86</ns3:RunCadence>
              </ns3:TPX>
            </Extensions>
          </Trackpoint>
          <Trackpoint>
            <Time>2021-01-16T23:36:30.000Z</Time>
            <Position>
              <LatitudeDegrees>22.32866034256819</LatitudeDegrees>
              <LongitudeDegrees>114.20457960918353</LongitudeDegrees>
            </Position>
            <AltitudeMeters>310.48</AltitudeMeters>
            <DistanceMeters>4471.85986328125</DistanceMeters>
            <Extensions>
              <ns3:TPX>
                <ns3:Speed>2.6689999103546143</ns3:Speed>
                <ns3:RunCadence>86</ns3:RunCadence>
              </ns3:TPX>
            </Extensions>
          </Trackpoint>
          <Trackpoint>
            <Time>2021-01-16T23:36:38.000Z</Time>
            <Position>
              <LatitudeDegrees>22.328477884957714</LatitudeDegrees>
              <LongitudeDegrees>114.20446636470494</LongitudeDegrees>
            </Position>
            <AltitudeMeters>311.57</AltitudeMeters>
            <DistanceMeters>4493.240234375</DistanceMeters>
            <Extensions>
              <ns3:TPX>
                <ns3:Speed>2.6689999103546143</ns3:Speed>
                <ns3:RunCadence>86</ns3:RunCadence>
              </ns3:TPX>
            </Extensions>
          </Trackpoint>
          <Trackpoint>
            <Time>2021-01-16T23:36:46.000Z</Time>
            <Position>
              <LatitudeDegrees>22.32829818897625</LatitudeDegrees>
              <LongitudeDegrees>114.20434655567428</LongitudeDegrees>
            </Position>
            <AltitudeMeters>310.95</AltitudeMeters>
            <DistanceMeters>4514.64990234375</DistanceMeters>
            <Extensions>
              <ns3:TPX>
                <ns3:Speed>2.687000036239624</ns3:Speed>
                <ns3:RunCadence>87</ns3:RunCadence>
              </ns3:TPX>
            </Extensions>
          </Trackpoint>
          <Trackpoint>
            <Time>2021-01-16T23:36:48.000Z</Time>
            <Position>
              <LatitudeDegrees>22.32825563390281</LatitudeDegrees>
              <LongitudeDegrees>114.20431207829324</LongitudeDegrees>
            </Position>
            <AltitudeMeters>310.84</AltitudeMeters>
            <DistanceMeters>4520.0400390625</DistanceMeters>
            <Extensions>
              <ns3:TPX>
                <ns3:Speed>2.697000026702881</ns3:Speed>
                <ns3:RunCadence>87</ns3:RunCadence>
              </ns3:TPX>
            </Extensions>
          </Trackpoint>
          <Trackpoint>
            <Time>2021-01-16T23:36:56.000Z</Time>
            <Position>
              <LatitudeDegrees>22.32808418655501</LatitudeDegrees>
              <LongitudeDegrees>114.20417801898503</LongitudeDegrees>
            </Position>
            <AltitudeMeters>310.8</AltitudeMeters>
            <DistanceMeters>4541.490234375</DistanceMeters>
            <Extensions>
              <ns3:TPX>
                <ns3:Speed>2.677999973297119</ns3:Speed>
                <ns3:RunCadence>86</ns3:RunCadence>
              </ns3:TPX>
            </Extensions>
          </Trackpoint>
          <Trackpoint>
            <Time>2021-01-16T23:37:04.000Z</Time>
            <Position>
              <LatitudeDegrees>22.327902169308192</LatitudeDegrees>
              <LongitudeDegrees>114.20406292942899</LongitudeDegrees>
            </Position>
            <AltitudeMeters>310.49</AltitudeMeters>
            <DistanceMeters>4562.919921875</DistanceMeters>
            <Extensions>
              <ns3:TPX>
                <ns3:Speed>2.677999973297119</ns3:Speed>
                <ns3:RunCadence>86</ns3:RunCadence>
              </ns3:TPX>
            </Extensions>
          </Trackpoint>
          <Trackpoint>
            <Time>2021-01-16T23:37:12.000Z</Time>
            <Position>
              <LatitudeDegrees>22.327741571390515</LatitudeDegrees>
              <LongitudeDegrees>114.20391835952856</LongitudeDegrees>
            </Position>
            <AltitudeMeters>310.49</AltitudeMeters>
            <DistanceMeters>4584.35009765625</DistanceMeters>
            <Extensions>
              <ns3:TPX>
                <ns3:Speed>2.697000026702881</ns3:Speed>
                <ns3:RunCadence>87</ns3:RunCadence>
              </ns3:TPX>
            </Extensions>
          </Trackpoint>
          <Trackpoint>
            <Time>2021-01-16T23:37:20.000Z</Time>
            <Position>
              <LatitudeDegrees>22.327589642141387</LatitudeDegrees>
              <LongitudeDegrees>114.20376483076194</LongitudeDegrees>
            </Position>
            <AltitudeMeters>310.67</AltitudeMeters>
            <DistanceMeters>4605.97998046875</DistanceMeters>
            <Extensions>
              <ns3:TPX>
                <ns3:Speed>2.7060000896453857</ns3:Speed>
                <ns3:RunCadence>86</ns3:RunCadence>
              </ns3:TPX>
            </Extensions>
          </Trackpoint>
          <Trackpoint>
            <Time>2021-01-16T23:37:28.000Z</Time>
            <Position>
              <LatitudeDegrees>22.32767374499551</LatitudeDegrees>
              <LongitudeDegrees>114.20355552362295</LongitudeDegrees>
            </Position>
            <AltitudeMeters>310.8</AltitudeMeters>
            <DistanceMeters>4627.490234375</DistanceMeters>
            <Extensions>
              <ns3:TPX>
                <ns3:Speed>2.697000026702881</ns3:Speed>
                <ns3:RunCadence>86</ns3:RunCadence>
              </ns3:TPX>
            </Extensions>
          </Trackpoint>
          <Trackpoint>
            <Time>2021-01-16T23:37:36.000Z</Time>
            <Position>
              <LatitudeDegrees>22.327825074586375</LatitudeDegrees>
              <LongitudeDegrees>114.20339458570899</LongitudeDegrees>
            </Position>
            <AltitudeMeters>310.21</AltitudeMeters>
            <DistanceMeters>4649.009765625</DistanceMeters>
            <Extensions>
              <ns3:TPX>
                <ns3:Speed>2.687000036239624</ns3:Speed>
                <ns3:RunCadence>85</ns3:RunCadence>
              </ns3:TPX>
            </Extensions>
          </Trackpoint>
          <Trackpoint>
            <Time>2021-01-16T23:37:44.000Z</Time>
            <Position>
              <LatitudeDegrees>22.32796540877537</LatitudeDegrees>
              <LongitudeDegrees>114.20322419396288</LongitudeDegrees>
            </Position>
            <AltitudeMeters>310.4</AltitudeMeters>
            <DistanceMeters>4670.43994140625</DistanceMeters>
            <Extensions>
              <ns3:TPX>
                <ns3:Speed>2.677999973297119</ns3:Speed>
                <ns3:RunCadence>86</ns3:RunCadence>
              </ns3:TPX>
            </Extensions>
          </Trackpoint>
          <Trackpoint>
            <Time>2021-01-16T23:37:52.000Z</Time>
            <Position>
              <LatitudeDegrees>22.3280709638251</LatitudeDegrees>
              <LongitudeDegrees>114.20302741165563</LongitudeDegrees>
            </Position>
            <AltitudeMeters>310.35</AltitudeMeters>
            <DistanceMeters>4691.7900390625</DistanceMeters>
            <Extensions>
              <ns3:TPX>
                <ns3:Speed>2.6589999198913574</ns3:Speed>
                <ns3:RunCadence>87</ns3:RunCadence>
              </ns3:TPX>
            </Extensions>
          </Trackpoint>
          <Trackpoint>
            <Time>2021-01-16T23:38:00.000Z</Time>
            <Position>
              <LatitudeDegrees>22.328187798640947</LatitudeDegrees>
              <LongitudeDegrees>114.20284613311655</LongitudeDegrees>
            </Position>
            <AltitudeMeters>310.5</AltitudeMeters>
            <DistanceMeters>4713.14013671875</DistanceMeters>
            <Extensions>
              <ns3:TPX>
                <ns3:Speed>2.6689999103546143</ns3:Speed>
                <ns3:RunCadence>87</ns3:RunCadence>
              </ns3:TPX>
            </Extensions>
          </Trackpoint>
          <Trackpoint>
            <Time>2021-01-16T23:38:08.000Z</Time>
            <Position>
              <LatitudeDegrees>22.328362419399706</LatitudeDegrees>
              <LongitudeDegrees>114.20272151184396</LongitudeDegrees>
            </Position>
            <AltitudeMeters>310.73</AltitudeMeters>
            <DistanceMeters>4734.56005859375</DistanceMeters>
            <Extensions>
              <ns3:TPX>
                <ns3:Speed>2.677999973297119</ns3:Speed>
                <ns3:RunCadence>86</ns3:RunCadence>
              </ns3:TPX>
            </Extensions>
          </Trackpoint>
          <Trackpoint>
            <Time>2021-01-16T23:38:16.000Z</Time>
            <Position>
              <LatitudeDegrees>22.328429572467467</LatitudeDegrees>
              <LongitudeDegrees>114.20251125521332</LongitudeDegrees>
            </Position>
            <AltitudeMeters>310.98</AltitudeMeters>
            <DistanceMeters>4756.10009765625</DistanceMeters>
            <Extensions>
              <ns3:TPX>
                <ns3:Speed>2.687000036239624</ns3:Speed>
                <ns3:RunCadence>86</ns3:RunCadence>
              </ns3:TPX>
            </Extensions>
          </Trackpoint>
          <Trackpoint>
            <Time>2021-01-16T23:38:24.000Z</Time>
            <Position>
              <LatitudeDegrees>22.328587382155902</LatitudeDegrees>
              <LongitudeDegrees>114.20236418449667</LongitudeDegrees>
            </Position>
            <AltitudeMeters>311.2</AltitudeMeters>
            <DistanceMeters>4777.5400390625</DistanceMeters>
            <Extensions>
              <ns3:TPX>
                <ns3:Speed>2.687000036239624</ns3:Speed>
                <ns3:RunCadence>87</ns3:RunCadence>
              </ns3:TPX>
            </Extensions>
          </Trackpoint>
          <Trackpoint>
            <Time>2021-01-16T23:38:32.000Z</Time>
            <Position>
              <LatitudeDegrees>22.328764832414365</LatitudeDegrees>
              <LongitudeDegrees>114.2022373857211</LongitudeDegrees>
            </Position>
            <AltitudeMeters>311.2</AltitudeMeters>
            <DistanceMeters>4799.10009765625</DistanceMeters>
            <Extensions>
              <ns3:TPX>
                <ns3:Speed>2.7060000896453857</ns3:Speed>
                <ns3:RunCadence>87</ns3:RunCadence>
              </ns3:TPX>
            </Extensions>
          </Trackpoint>
          <Trackpoint>
            <Time>2021-01-16T23:38:40.000Z</Time>
            <Position>
              <LatitudeDegrees>22.32893827853275</LatitudeDegrees>
              <LongitudeDegrees>114.20210307525164</LongitudeDegrees>
            </Position>
            <AltitudeMeters>311.1</AltitudeMeters>
            <DistanceMeters>4820.75</DistanceMeters>
            <Extensions>
              <ns3:TPX>
                <ns3:Speed>2.7149999141693115</ns3:Speed>
                <ns3:RunCadence>86</ns3:RunCadence>
              </ns3:TPX>
            </Extensions>
          </Trackpoint>
          <Trackpoint>
            <Time>2021-01-16T23:38:48.000Z</Time>
            <Position>
              <LatitudeDegrees>22.32907561285573</LatitudeDegrees>
              <LongitudeDegrees>114.20192999376403</LongitudeDegrees>
            </Position>
            <AltitudeMeters>310.87</AltitudeMeters>
            <DistanceMeters>4842.39990234375</DistanceMeters>
            <Extensions>
              <ns3:TPX>
                <ns3:Speed>2.697000026702881</ns3:Speed>
                <ns3:RunCadence>85</ns3:RunCadence>
              </ns3:TPX>
            </Extensions>
          </Trackpoint>
          <Trackpoint>
            <Time>2021-01-16T23:38:56.000Z</Time>
            <Position>
              <LatitudeDegrees>22.32922855562961</LatitudeDegrees>
              <LongitudeDegrees>114.2017719104688</LongitudeDegrees>
            </Position>
            <AltitudeMeters>310.8</AltitudeMeters>
            <DistanceMeters>4864.10986328125</DistanceMeters>
            <Extensions>
              <ns3:TPX>
                <ns3:Speed>2.7249999046325684</ns3:Speed>
                <ns3:RunCadence>86</ns3:RunCadence>
              </ns3:TPX>
            </Extensions>
          </Trackpoint>
          <Trackpoint>
            <Time>2021-01-16T23:39:04.000Z</Time>
            <Position>
              <LatitudeDegrees>22.329383780756526</LatitudeDegrees>
              <LongitudeDegrees>114.20162596709744</LongitudeDegrees>
            </Position>
            <AltitudeMeters>310.11</AltitudeMeters>
            <DistanceMeters>4886.3701171875</DistanceMeters>
            <Extensions>
              <ns3:TPX>
                <ns3:Speed>2.7990000247955322</ns3:Speed>
                <ns3:RunCadence>88</ns3:RunCadence>
              </ns3:TPX>
            </Extensions>
          </Trackpoint>
          <Trackpoint>
            <Time>2021-01-16T23:39:12.000Z</Time>
            <Position>
              <LatitudeDegrees>22.32952413884218</LatitudeDegrees>
              <LongitudeDegrees>114.20144605927484</LongitudeDegrees>
            </Position>
            <AltitudeMeters>310.63</AltitudeMeters>
            <DistanceMeters>4908.60986328125</DistanceMeters>
            <Extensions>
              <ns3:TPX>
                <ns3:Speed>2.753000020980835</ns3:Speed>
                <ns3:RunCadence>86</ns3:RunCadence>
              </ns3:TPX>
            </Extensions>
          </Trackpoint>
          <Trackpoint>
            <Time>2021-01-16T23:39:20.000Z</Time>
            <Position>
              <LatitudeDegrees>22.329705494549227</LatitudeDegrees>
              <LongitudeDegrees>114.20132207038094</LongitudeDegrees>
            </Position>
            <AltitudeMeters>310.61</AltitudeMeters>
            <DistanceMeters>4930.509765625</DistanceMeters>
            <Extensions>
              <ns3:TPX>
                <ns3:Speed>2.7249999046325684</ns3:Speed>
                <ns3:RunCadence>87</ns3:RunCadence>
              </ns3:TPX>
            </Extensions>
          </Trackpoint>
          <Trackpoint>
            <Time>2021-01-16T23:39:28.000Z</Time>
            <Position>
              <LatitudeDegrees>22.329912332644987</LatitudeDegrees>
              <LongitudeDegrees>114.20126178852367</LongitudeDegrees>
            </Position>
            <AltitudeMeters>310.6</AltitudeMeters>
            <DistanceMeters>4952.27978515625</DistanceMeters>
            <Extensions>
              <ns3:TPX>
                <ns3:Speed>2.7249999046325684</ns3:Speed>
                <ns3:RunCadence>88</ns3:RunCadence>
              </ns3:TPX>
            </Extensions>
          </Trackpoint>
          <Trackpoint>
            <Time>2021-01-16T23:39:36.000Z</Time>
            <Position>
              <LatitudeDegrees>22.330086640129053</LatitudeDegrees>
              <LongitudeDegrees>114.20116108587538</LongitudeDegrees>
            </Position>
            <AltitudeMeters>310.6</AltitudeMeters>
            <DistanceMeters>4974.06005859375</DistanceMeters>
            <Extensions>
              <ns3:TPX>
                <ns3:Speed>2.7149999141693115</ns3:Speed>
                <ns3:RunCadence>86</ns3:RunCadence>
              </ns3:TPX>
            </Extensions>
          </Trackpoint>
          <Trackpoint>
            <Time>2021-01-16T23:39:44.000Z</Time>
            <Position>
              <LatitudeDegrees>22.330219160832694</LatitudeDegrees>
              <LongitudeDegrees>114.20099054416664</LongitudeDegrees>
            </Position>
            <AltitudeMeters>310.6</AltitudeMeters>
            <DistanceMeters>4995.740234375</DistanceMeters>
            <Extensions>
              <ns3:TPX>
                <ns3:Speed>2.7060000896453857</ns3:Speed>
                <ns3:RunCadence>88</ns3:RunCadence>
              </ns3:TPX>
            </Extensions>
          </Trackpoint>
          <Trackpoint>
            <Time>2021-01-16T23:39:46.000Z</Time>
            <Position>
              <LatitudeDegrees>22.330267964734027</LatitudeDegrees>
              <LongitudeDegrees>114.20096744635823</LongitudeDegrees>
            </Position>
            <AltitudeMeters>310.6</AltitudeMeters>
            <DistanceMeters>5001.14013671875</DistanceMeters>
            <Extensions>
              <ns3:TPX>
                <ns3:Speed>2.697000026702881</ns3:Speed>
                <ns3:RunCadence>87</ns3:RunCadence>
              </ns3:TPX>
            </Extensions>
          </Trackpoint>
        </Track>
        <Extensions>
          <ns3:LX>
            <ns3:AvgSpeed>2.690000057220459</ns3:AvgSpeed>
            <ns3:AvgRunCadence>86</ns3:AvgRunCadence>
            <ns3:MaxRunCadence>88</ns3:MaxRunCadence>
          </ns3:LX>
        </Extensions>
      </Lap>
      <Lap StartTime="2021-01-16T23:39:47.000Z">
        <TotalTimeSeconds>260.621</TotalTimeSeconds>
        <DistanceMeters>706.04</DistanceMeters>
        <MaximumSpeed>2.743000030517578</MaximumSpeed>
        <Calories>49</Calories>
        <Intensity>Active</Intensity>
        <TriggerMethod>Manual</TriggerMethod>
        <Track>
          <Trackpoint>
            <Time>2021-01-16T23:39:54.000Z</Time>
            <Position>
              <LatitudeDegrees>22.330365396422795</LatitudeDegrees>
              <LongitudeDegrees>114.20077674645349</LongitudeDegrees>
            </Position>
            <AltitudeMeters>310.42</AltitudeMeters>
            <DistanceMeters>5022.7099609375</DistanceMeters>
            <Extensions>
              <ns3:TPX>
                <ns3:Speed>2.697000026702881</ns3:Speed>
                <ns3:RunCadence>86</ns3:RunCadence>
              </ns3:TPX>
            </Extensions>
          </Trackpoint>
          <Trackpoint>
            <Time>2021-01-16T23:40:02.000Z</Time>
            <Position>
              <LatitudeDegrees>22.33038122949285</LatitudeDegrees>
              <LongitudeDegrees>114.20054668376257</LongitudeDegrees>
            </Position>
            <AltitudeMeters>310.4</AltitudeMeters>
            <DistanceMeters>5044.39990234375</DistanceMeters>
            <Extensions>
              <ns3:TPX>
                <ns3:Speed>2.7060000896453857</ns3:Speed>
                <ns3:RunCadence>87</ns3:RunCadence>
              </ns3:TPX>
            </Extensions>
          </Trackpoint>
          <Trackpoint>
            <Time>2021-01-16T23:40:10.000Z</Time>
            <Position>
              <LatitudeDegrees>22.330462769495835</LatitudeDegrees>
              <LongitudeDegrees>114.20033367762068</LongitudeDegrees>
            </Position>
            <AltitudeMeters>310.77</AltitudeMeters>
            <DistanceMeters>5066.02001953125</DistanceMeters>
            <Extensions>
              <ns3:TPX>
                <ns3:Speed>2.697000026702881</ns3:Speed>
                <ns3:RunCadence>87</ns3:RunCadence>
              </ns3:TPX>
            </Extensions>
          </Trackpoint>
          <Trackpoint>
            <Time>2021-01-16T23:40:18.000Z</Time>
            <Position>
              <LatitudeDegrees>22.33057594814363</LatitudeDegrees>
              <LongitudeDegrees>114.2002154729938</LongitudeDegrees>
            </Position>
            <AltitudeMeters>311.14</AltitudeMeters>
            <DistanceMeters>5087.6298828125</DistanceMeters>
            <Extensions>
              <ns3:TPX>
                <ns3:Speed>2.697000026702881</ns3:Speed>
                <ns3:RunCadence>86</ns3:RunCadence>
              </ns3:TPX>
            </Extensions>
          </Trackpoint>
          <Trackpoint>
            <Time>2021-01-16T23:40:26.000Z</Time>
            <Position>
              <LatitudeDegrees>22.330605135670194</LatitudeDegrees>
              <LongitudeDegrees>114.20039808578701</LongitudeDegrees>
            </Position>
            <AltitudeMeters>310.78</AltitudeMeters>
            <DistanceMeters>5109.240234375</DistanceMeters>
            <Extensions>
              <ns3:TPX>
                <ns3:Speed>2.7060000896453857</ns3:Speed>
                <ns3:RunCadence>86</ns3:RunCadence>
              </ns3:TPX>
            </Extensions>
          </Trackpoint>
          <Trackpoint>
            <Time>2021-01-16T23:40:34.000Z</Time>
            <Position>
              <LatitudeDegrees>22.33059552914499</LatitudeDegrees>
              <LongitudeDegrees>114.200348705208</LongitudeDegrees>
            </Position>
            <AltitudeMeters>310.71</AltitudeMeters>
            <DistanceMeters>5130.93017578125</DistanceMeters>
            <Extensions>
              <ns3:TPX>
                <ns3:Speed>2.7249999046325684</ns3:Speed>
                <ns3:RunCadence>86</ns3:RunCadence>
              </ns3:TPX>
            </Extensions>
          </Trackpoint>
          <Trackpoint>
            <Time>2021-01-16T23:40:42.000Z</Time>
            <Position>
              <LatitudeDegrees>22.3306815476516</LatitudeDegrees>
              <LongitudeDegrees>114.20037473259842</LongitudeDegrees>
            </Position>
            <AltitudeMeters>310.77</AltitudeMeters>
            <DistanceMeters>5152.81005859375</DistanceMeters>
            <Extensions>
              <ns3:TPX>
                <ns3:Speed>2.7339999675750732</ns3:Speed>
                <ns3:RunCadence>86</ns3:RunCadence>
              </ns3:TPX>
            </Extensions>
          </Trackpoint>
          <Trackpoint>
            <Time>2021-01-16T23:40:50.000Z</Time>
            <Position>
              <LatitudeDegrees>22.330596041964217</LatitudeDegrees>
              <LongitudeDegrees>114.20034334536697</LongitudeDegrees>
            </Position>
            <AltitudeMeters>310.87</AltitudeMeters>
            <DistanceMeters>5174.64013671875</DistanceMeters>
            <Extensions>
              <ns3:TPX>
                <ns3:Speed>2.7149999141693115</ns3:Speed>
                <ns3:RunCadence>86</ns3:RunCadence>
              </ns3:TPX>
            </Extensions>
          </Trackpoint>
          <Trackpoint>
            <Time>2021-01-16T23:40:58.000Z</Time>
            <Position>
              <LatitudeDegrees>22.330416097875652</LatitudeDegrees>
              <LongitudeDegrees>114.20040305736642</LongitudeDegrees>
            </Position>
            <AltitudeMeters>311.04</AltitudeMeters>
            <DistanceMeters>5196.35009765625</DistanceMeters>
            <Extensions>
              <ns3:TPX>
                <ns3:Speed>2.7060000896453857</ns3:Speed>
                <ns3:RunCadence>87</ns3:RunCadence>
              </ns3:TPX>
            </Extensions>
          </Trackpoint>
          <Trackpoint>
            <Time>2021-01-16T23:41:06.000Z</Time>
            <Position>
              <LatitudeDegrees>22.330202322803697</LatitudeDegrees>
              <LongitudeDegrees>114.200380571311</LongitudeDegrees>
            </Position>
            <AltitudeMeters>311.11</AltitudeMeters>
            <DistanceMeters>5218.1201171875</DistanceMeters>
            <Extensions>
              <ns3:TPX>
                <ns3:Speed>2.7249999046325684</ns3:Speed>
                <ns3:RunCadence>87</ns3:RunCadence>
              </ns3:TPX>
            </Extensions>
          </Trackpoint>
          <Trackpoint>
            <Time>2021-01-16T23:41:14.000Z</Time>
            <Position>
              <LatitudeDegrees>22.329988154560134</LatitudeDegrees>
              <LongitudeDegrees>114.20035804389961</LongitudeDegrees>
            </Position>
            <AltitudeMeters>311.18</AltitudeMeters>
            <DistanceMeters>5239.93017578125</DistanceMeters>
            <Extensions>
              <ns3:TPX>
                <ns3:Speed>2.7149999141693115</ns3:Speed>
                <ns3:RunCadence>88</ns3:RunCadence>
              </ns3:TPX>
            </Extensions>
          </Trackpoint>
          <Trackpoint>
            <Time>2021-01-16T23:41:22.000Z</Time>
            <Position>
              <LatitudeDegrees>22.32984139880802</LatitudeDegrees>
              <LongitudeDegrees>114.20048264412793</LongitudeDegrees>
            </Position>
            <AltitudeMeters>311.2</AltitudeMeters>
            <DistanceMeters>5261.6201171875</DistanceMeters>
            <Extensions>
              <ns3:TPX>
                <ns3:Speed>2.7149999141693115</ns3:Speed>
                <ns3:RunCadence>88</ns3:RunCadence>
              </ns3:TPX>
            </Extensions>
          </Trackpoint>
          <Trackpoint>
            <Time>2021-01-16T23:41:30.000Z</Time>
            <Position>
              <LatitudeDegrees>22.329700188185445</LatitudeDegrees>
              <LongitudeDegrees>114.2006581101214</LongitudeDegrees>
            </Position>
            <AltitudeMeters>311.08</AltitudeMeters>
            <DistanceMeters>5283.4599609375</DistanceMeters>
            <Extensions>
              <ns3:TPX>
                <ns3:Speed>2.7339999675750732</ns3:Speed>
                <ns3:RunCadence>87</ns3:RunCadence>
              </ns3:TPX>
            </Extensions>
          </Trackpoint>
          <Trackpoint>
            <Time>2021-01-16T23:41:38.000Z</Time>
            <Position>
              <LatitudeDegrees>22.3295240147098</LatitudeDegrees>
              <LongitudeDegrees>114.20075857774239</LongitudeDegrees>
            </Position>
            <AltitudeMeters>310.94</AltitudeMeters>
            <DistanceMeters>5305.2998046875</DistanceMeters>
            <Extensions>
              <ns3:TPX>
                <ns3:Speed>2.7339999675750732</ns3:Speed>
                <ns3:RunCadence>88</ns3:RunCadence>
              </ns3:TPX>
            </Extensions>
          </Trackpoint>
          <Trackpoint>
            <Time>2021-01-16T23:41:46.000Z</Time>
            <Position>
              <LatitudeDegrees>22.329309262250906</LatitudeDegrees>
              <LongitudeDegrees>114.2007693167821</LongitudeDegrees>
            </Position>
            <AltitudeMeters>310.8</AltitudeMeters>
            <DistanceMeters>5327.08984375</DistanceMeters>
            <Extensions>
              <ns3:TPX>
                <ns3:Speed>2.7249999046325684</ns3:Speed>
                <ns3:RunCadence>87</ns3:RunCadence>
              </ns3:TPX>
            </Extensions>
          </Trackpoint>
          <Trackpoint>
            <Time>2021-01-16T23:41:54.000Z</Time>
            <Position>
              <LatitudeDegrees>22.32909618446273</LatitudeDegrees>
              <LongitudeDegrees>114.20077997207723</LongitudeDegrees>
            </Position>
            <AltitudeMeters>310.67</AltitudeMeters>
            <DistanceMeters>5348.7099609375</DistanceMeters>
            <Extensions>
              <ns3:TPX>
                <ns3:Speed>2.677999973297119</ns3:Speed>
                <ns3:RunCadence>86</ns3:RunCadence>
              </ns3:TPX>
            </Extensions>
          </Trackpoint>
          <Trackpoint>
            <Time>2021-01-16T23:42:02.000Z</Time>
            <Position>
              <LatitudeDegrees>22.329056452656133</LatitudeDegrees>
              <LongitudeDegrees>114.20085832779283</LongitudeDegrees>
            </Position>
            <AltitudeMeters>310.94</AltitudeMeters>
            <DistanceMeters>5370.14990234375</DistanceMeters>
            <Extensions>
              <ns3:TPX>
                <ns3:Speed>2.687000036239624</ns3:Speed>
                <ns3:RunCadence>87</ns3:RunCadence>
              </ns3:TPX>
            </Extensions>
          </Trackpoint>
          <Trackpoint>
            <Time>2021-01-16T23:42:10.000Z</Time>
            <Position>
              <LatitudeDegrees>22.32903554580576</LatitudeDegrees>
              <LongitudeDegrees>114.20107868152216</LongitudeDegrees>
            </Position>
            <AltitudeMeters>310.47</AltitudeMeters>
            <DistanceMeters>5391.66015625</DistanceMeters>
            <Extensions>
              <ns3:TPX>
                <ns3:Speed>2.677999973297119</ns3:Speed>
                <ns3:RunCadence>86</ns3:RunCadence>
              </ns3:TPX>
            </Extensions>
          </Trackpoint>
          <Trackpoint>
            <Time>2021-01-16T23:42:18.000Z</Time>
            <Position>
              <LatitudeDegrees>22.328930178891643</LatitudeDegrees>
              <LongitudeDegrees>114.20127511832798</LongitudeDegrees>
            </Position>
            <AltitudeMeters>310.74</AltitudeMeters>
            <DistanceMeters>5413.02978515625</DistanceMeters>
            <Extensions>
              <ns3:TPX>
                <ns3:Speed>2.6689999103546143</ns3:Speed>
                <ns3:RunCadence>86</ns3:RunCadence>
              </ns3:TPX>
            </Extensions>
          </Trackpoint>
          <Trackpoint>
            <Time>2021-01-16T23:42:26.000Z</Time>
            <Position>
              <LatitudeDegrees>22.328759867920283</LatitudeDegrees>
              <LongitudeDegrees>114.20131905372229</LongitudeDegrees>
            </Position>
            <AltitudeMeters>309.79</AltitudeMeters>
            <DistanceMeters>5434.35009765625</DistanceMeters>
            <Extensions>
              <ns3:TPX>
                <ns3:Speed>2.6689999103546143</ns3:Speed>
                <ns3:RunCadence>86</ns3:RunCadence>
              </ns3:TPX>
            </Extensions>
          </Trackpoint>
          <Trackpoint>
            <Time>2021-01-16T23:42:34.000Z</Time>
            <Position>
              <LatitudeDegrees>22.32858355080877</LatitudeDegrees>
              <LongitudeDegrees>114.20119485439423</LongitudeDegrees>
            </Position>
            <AltitudeMeters>309.65</AltitudeMeters>
            <DistanceMeters>5455.68017578125</DistanceMeters>
            <Extensions>
              <ns3:TPX>
                <ns3:Speed>2.6689999103546143</ns3:Speed>
                <ns3:RunCadence>86</ns3:RunCadence>
              </ns3:TPX>
            </Extensions>
          </Trackpoint>
          <Trackpoint>
            <Time>2021-01-16T23:42:42.000Z</Time>
            <Position>
              <LatitudeDegrees>22.328476343701887</LatitudeDegrees>
              <LongitudeDegrees>114.20118740041873</LongitudeDegrees>
            </Position>
            <AltitudeMeters>310.51</AltitudeMeters>
            <DistanceMeters>5476.990234375</DistanceMeters>
            <Extensions>
              <ns3:TPX>
                <ns3:Speed>2.6589999198913574</ns3:Speed>
                <ns3:RunCadence>87</ns3:RunCadence>
              </ns3:TPX>
            </Extensions>
          </Trackpoint>
          <Trackpoint>
            <Time>2021-01-16T23:42:50.000Z</Time>
            <Position>
              <LatitudeDegrees>22.32859794779301</LatitudeDegrees>
              <LongitudeDegrees>114.20103696033053</LongitudeDegrees>
            </Position>
            <AltitudeMeters>310.0</AltitudeMeters>
            <DistanceMeters>5498.259765625</DistanceMeters>
            <Extensions>
              <ns3:TPX>
                <ns3:Speed>2.6589999198913574</ns3:Speed>
                <ns3:RunCadence>88</ns3:RunCadence>
              </ns3:TPX>
            </Extensions>
          </Trackpoint>
          <Trackpoint>
            <Time>2021-01-16T23:42:58.000Z</Time>
            <Position>
              <LatitudeDegrees>22.328799052651757</LatitudeDegrees>
              <LongitudeDegrees>114.20107921558377</LongitudeDegrees>
            </Position>
            <AltitudeMeters>310.45</AltitudeMeters>
            <DistanceMeters>5519.64990234375</DistanceMeters>
            <Extensions>
              <ns3:TPX>
                <ns3:Speed>2.6589999198913574</ns3:Speed>
                <ns3:RunCadence>88</ns3:RunCadence>
              </ns3:TPX>
            </Extensions>
          </Trackpoint>
          <Trackpoint>
            <Time>2021-01-16T23:43:06.000Z</Time>
            <Position>
              <LatitudeDegrees>22.328940454806492</LatitudeDegrees>
              <LongitudeDegrees>114.20123600006892</LongitudeDegrees>
            </Position>
            <AltitudeMeters>310.46</AltitudeMeters>
            <DistanceMeters>5540.759765625</DistanceMeters>
            <Extensions>
              <ns3:TPX>
                <ns3:Speed>2.63100004196167</ns3:Speed>
                <ns3:RunCadence>87</ns3:RunCadence>
              </ns3:TPX>
            </Extensions>
          </Trackpoint>
          <Trackpoint>
            <Time>2021-01-16T23:43:14.000Z</Time>
            <Position>
              <LatitudeDegrees>22.328940354516387</LatitudeDegrees>
              <LongitudeDegrees>114.20142993329176</LongitudeDegrees>
            </Position>
            <AltitudeMeters>310.29</AltitudeMeters>
            <DistanceMeters>5562.06982421875</DistanceMeters>
            <Extensions>
              <ns3:TPX>
                <ns3:Speed>2.6689999103546143</ns3:Speed>
                <ns3:RunCadence>87</ns3:RunCadence>
              </ns3:TPX>
            </Extensions>
          </Trackpoint>
          <Trackpoint>
            <Time>2021-01-16T23:43:22.000Z</Time>
            <Position>
              <LatitudeDegrees>22.32876052639592</LatitudeDegrees>
              <LongitudeDegrees>114.20154874108144</LongitudeDegrees>
            </Position>
            <AltitudeMeters>309.71</AltitudeMeters>
            <DistanceMeters>5583.509765625</DistanceMeters>
            <Extensions>
              <ns3:TPX>
                <ns3:Speed>2.687000036239624</ns3:Speed>
                <ns3:RunCadence>86</ns3:RunCadence>
              </ns3:TPX>
            </Extensions>
          </Trackpoint>
          <Trackpoint>
            <Time>2021-01-16T23:43:30.000Z</Time>
            <Position>
              <LatitudeDegrees>22.328577700851053</LatitudeDegrees>
              <LongitudeDegrees>114.201658055695</LongitudeDegrees>
            </Position>
            <AltitudeMeters>309.48</AltitudeMeters>
            <DistanceMeters>5605.10986328125</DistanceMeters>
            <Extensions>
              <ns3:TPX>
                <ns3:Speed>2.7249999046325684</ns3:Speed>
                <ns3:RunCadence>86</ns3:RunCadence>
              </ns3:TPX>
            </Extensions>
          </Trackpoint>
          <Trackpoint>
            <Time>2021-01-16T23:43:38.000Z</Time>
            <Position>
              <LatitudeDegrees>22.328400601526575</LatitudeDegrees>
              <LongitudeDegrees>114.2017798153293</LongitudeDegrees>
            </Position>
            <AltitudeMeters>309.6</AltitudeMeters>
            <DistanceMeters>5626.8701171875</DistanceMeters>
            <Extensions>
              <ns3:TPX>
                <ns3:Speed>2.7149999141693115</ns3:Speed>
                <ns3:RunCadence>87</ns3:RunCadence>
              </ns3:TPX>
            </Extensions>
          </Trackpoint>
          <Trackpoint>
            <Time>2021-01-16T23:43:46.000Z</Time>
            <Position>
              <LatitudeDegrees>22.3283395141954</LatitudeDegrees>
              <LongitudeDegrees>114.201940344787</LongitudeDegrees>
            </Position>
            <AltitudeMeters>309.56</AltitudeMeters>
            <DistanceMeters>5648.60986328125</DistanceMeters>
            <Extensions>
              <ns3:TPX>
                <ns3:Speed>2.7249999046325684</ns3:Speed>
                <ns3:RunCadence>87</ns3:RunCadence>
              </ns3:TPX>
            </Extensions>
          </Trackpoint>
          <Trackpoint>
            <Time>2021-01-16T23:43:54.000Z</Time>
            <Position>
              <LatitudeDegrees>22.328262171420338</LatitudeDegrees>
              <LongitudeDegrees>114.20210400022802</LongitudeDegrees>
            </Position>
            <AltitudeMeters>310.05</AltitudeMeters>
            <DistanceMeters>5670.509765625</DistanceMeters>
            <Extensions>
              <ns3:TPX>
                <ns3:Speed>2.743000030517578</ns3:Speed>
                <ns3:RunCadence>86</ns3:RunCadence>
              </ns3:TPX>
            </Extensions>
          </Trackpoint>
          <Trackpoint>
            <Time>2021-01-16T23:44:02.000Z</Time>
            <Position>
              <LatitudeDegrees>22.328242952494435</LatitudeDegrees>
              <LongitudeDegrees>114.20232656845927</LongitudeDegrees>
            </Position>
            <AltitudeMeters>310.13</AltitudeMeters>
            <DistanceMeters>5692.419921875</DistanceMeters>
            <Extensions>
              <ns3:TPX>
                <ns3:Speed>2.7339999675750732</ns3:Speed>
                <ns3:RunCadence>87</ns3:RunCadence>
              </ns3:TPX>
            </Extensions>
          </Trackpoint>
          <Trackpoint>
            <Time>2021-01-16T23:44:07.000Z</Time>
            <Position>
              <LatitudeDegrees>22.328176852315664</LatitudeDegrees>
              <LongitudeDegrees>114.20245304703712</LongitudeDegrees>
            </Position>
            <AltitudeMeters>310.0</AltitudeMeters>
            <DistanceMeters>5706.0400390625</DistanceMeters>
            <Extensions>
              <ns3:TPX>
                <ns3:Speed>2.7149999141693115</ns3:Speed>
                <ns3:RunCadence>87</ns3:RunCadence>
              </ns3:TPX>
            </Extensions>
          </Trackpoint>
        </Track>
        <Extensions>
          <ns3:LX>
            <ns3:AvgSpeed>2.7090001106262207</ns3:AvgSpeed>
            <ns3:AvgRunCadence>86</ns3:AvgRunCadence>
            <ns3:MaxRunCadence>89</ns3:MaxRunCadence>
          </ns3:LX>
        </Extensions>
      </Lap>
      <Notes>ROUTE RECONSTRUCTED: no GPS was recorded for this activity. Coordinates were projected from the accelerometer distance onto the GPS track of activity 6188052022 (2021-01-27) using mode "scale". Generated by 06_RepairMissingRoutes.py.</Notes>
      <Creator xsi:type="Device_t">
        <Name>fēnix 3</Name>
        <UnitId>3913938328</UnitId>
        <ProductID>2050</ProductID>
        <Version>
          <VersionMajor>9</VersionMajor>
          <VersionMinor>60</VersionMinor>
          <BuildMajor>0</BuildMajor>
          <BuildMinor>0</BuildMinor>
        </Version>
      </Creator>
    </Activity>
  </Activities>
  <Author xsi:type="Application_t">
    <Name>Connect Api</Name>
    <Build>
      <Version>
        <VersionMajor>0</VersionMajor>
        <VersionMinor>0</VersionMinor>
        <BuildMajor>0</BuildMajor>
        <BuildMinor>0</BuildMinor>
      </Version>
    </Build>
    <LangID>en</LangID>
    <PartNumber>006-D2449-00</PartNumber>
  </Author>
</TrainingCenterDatabase>
