<?xml version="1.0" encoding="UTF-8"?>
<TrainingCenterDatabase
  xsi:schemaLocation="http://www.garmin.com/xmlschemas/TrainingCenterDatabase/v2 http://www.garmin.com/xmlschemas/TrainingCenterDatabasev2.xsd"
  xmlns:ns5="http://www.garmin.com/xmlschemas/ActivityGoals/v1"
  xmlns:ns3="http://www.garmin.com/xmlschemas/ActivityExtension/v2"
  xmlns:ns2="http://www.garmin.com/xmlschemas/UserProfile/v2"
  xmlns="http://www.garmin.com/xmlschemas/TrainingCenterDatabase/v2"
  xmlns:xsi="http://www.w3.org/2001/XMLSchema-instance" xmlns:ns4="http://www.garmin.com/xmlschemas/ProfileExtension/v1">
  <Activities>
    <Activity Sport="Running">
      <Id>2020-12-31T23:10:55.000Z</Id>
      <Lap StartTime="2020-12-31T23:10:55.000Z">
        <TotalTimeSeconds>343.173</TotalTimeSeconds>
        <DistanceMeters>1000.0</DistanceMeters>
        <MaximumSpeed>3.2279999256134033</MaximumSpeed>
        <Calories>70</Calories>
        <Intensity>Active</Intensity>
        <TriggerMethod>Manual</TriggerMethod>
        <Track>
          <Trackpoint>
            <Time>2020-12-31T23:10:55.000Z</Time>
            <Position>
              <LatitudeDegrees>22.32843325025023</LatitudeDegrees>
              <LongitudeDegrees>114.20832792445087</LongitudeDegrees>
            </Position>
            <AltitudeMeters>311.37</AltitudeMeters>
            <DistanceMeters>2.869999885559082</DistanceMeters>
            <Extensions>
              <ns3:TPX>
                <ns3:Speed>2.874000072479248</ns3:Speed>
                <ns3:RunCadence>85</ns3:RunCadence>
              </ns3:TPX>
            </Extensions>
          </Trackpoint>
          <Trackpoint>
            <Time>2020-12-31T23:11:01.000Z</Time>
            <Position>
              <LatitudeDegrees>22.328329865282406</LatitudeDegrees>
              <LongitudeDegrees>114.20823884575967</LongitudeDegrees>
            </Position>
            <AltitudeMeters>311.12</AltitudeMeters>
            <DistanceMeters>16.209999084472656</DistanceMeters>
            <Extensions>
              <ns3:TPX>
                <ns3:Speed>2.4630000591278076</ns3:Speed>
                <ns3:RunCadence>86</ns3:RunCadence>
              </ns3:TPX>
            </Extensions>
          </Trackpoint>
          <Trackpoint>
            <Time>2020-12-31T23:11:08.000Z</Time>
            <Position>
              <LatitudeDegrees>22.328431627414123</LatitudeDegrees>
              <LongitudeDegrees>114.20820777312458</LongitudeDegrees>
            </Position>
            <AltitudeMeters>312.0</AltitudeMeters>
            <DistanceMeters>36.0</DistanceMeters>
            <Extensions>
              <ns3:TPX>
                <ns3:Speed>2.994999885559082</ns3:Speed>
                <ns3:RunCadence>87</ns3:RunCadence>
              </ns3:TPX>
            </Extensions>
          </Trackpoint>
          <Trackpoint>
            <Time>2020-12-31T23:11:15.000Z</Time>
            <Position>
              <LatitudeDegrees>22.3286501763411</LatitudeDegrees>
              <LongitudeDegrees>114.20812883842342</LongitudeDegrees>
            </Position>
            <AltitudeMeters>311.28</AltitudeMeters>
            <DistanceMeters>57.099998474121094</DistanceMeters>
            <Extensions>
              <ns3:TPX>
                <ns3:Speed>3.0420000553131104</ns3:Speed>
                <ns3:RunCadence>86</ns3:RunCadence>
              </ns3:TPX>
            </Extensions>
          </Trackpoint>
          <Trackpoint>
            <Time>2020-12-31T23:11:22.000Z</Time>
            <Position>
              <LatitudeDegrees>22.328885796085633</LatitudeDegrees>
              <LongitudeDegrees>114.20809454219963</LongitudeDegrees>
            </Position>
            <AltitudeMeters>311.2</AltitudeMeters>
            <DistanceMeters>78.91999816894531</DistanceMeters>
            <Extensions>
              <ns3:TPX>
                <ns3:Speed>3.134999990463257</ns3:Speed>
                <ns3:RunCadence>87</ns3:RunCadence>
              </ns3:TPX>
            </Extensions>
          </Trackpoint>
          <Trackpoint>
            <Time>2020-12-31T23:11:29.000Z</Time>
            <Position>
              <LatitudeDegrees>22.329126014360014</LatitudeDegrees>
              <LongitudeDegrees>114.20806592153197</LongitudeDegrees>
            </Position>
            <AltitudeMeters>311.2</AltitudeMeters>
            <DistanceMeters>101.05000305175781</DistanceMeters>
            <Extensions>
              <ns3:TPX>
                <ns3:Speed>3.190999984741211</ns3:Speed>
                <ns3:RunCadence>87</ns3:RunCadence>
              </ns3:TPX>
            </Extensions>
          </Trackpoint>
          <Trackpoint>
            <Time>2020-12-31T23:11:32.000Z</Time>
            <Position>
              <LatitudeDegrees>22.32923135856472</LatitudeDegrees>
              <LongitudeDegrees>114.20806230099119</LongitudeDegrees>
            </Position>
            <AltitudeMeters>311.28</AltitudeMeters>
            <DistanceMeters>110.70999908447266</DistanceMeters>
            <Extensions>
              <ns3:TPX>
                <ns3:Speed>3.2279999256134033</ns3:Speed>
                <ns3:RunCadence>87</ns3:RunCadence>
              </ns3:TPX>
            </Extensions>
          </Trackpoint>
          <Trackpoint>
            <Time>2020-12-31T23:11:39.000Z</Time>
            <Position>
              <LatitudeDegrees>22.32947492962868</LatitudeDegrees>
              <LongitudeDegrees>114.20808780457152</LongitudeDegrees>
            </Position>
            <AltitudeMeters>311.27</AltitudeMeters>
            <DistanceMeters>133.25</DistanceMeters>
            <Extensions>
              <ns3:TPX>
                <ns3:Speed>3.2100000381469727</ns3:Speed>
                <ns3:RunCadence>88</ns3:RunCadence>
              </ns3:TPX>
            </Extensions>
          </Trackpoint>
          <Trackpoint>
            <Time>2020-12-31T23:11:46.000Z</Time>
            <Position>
              <LatitudeDegrees>22.32971595634137</LatitudeDegrees>
              <LongitudeDegrees>114.20811106303766</LongitudeDegrees>
            </Position>
            <AltitudeMeters>311.2</AltitudeMeters>
            <DistanceMeters>155.47000122070312</DistanceMeters>
            <Extensions>
              <ns3:TPX>
                <ns3:Speed>3.1630001068115234</ns3:Speed>
                <ns3:RunCadence>88</ns3:RunCadence>
              </ns3:TPX>
            </Extensions>
          </Trackpoint>
          <Trackpoint>
            <Time>2020-12-31T23:11:53.000Z</Time>
            <Position>
              <LatitudeDegrees>22.32995640926342</LatitudeDegrees>
              <LongitudeDegrees>114.20810346379854</LongitudeDegrees>
            </Position>
            <AltitudeMeters>311.02</AltitudeMeters>
            <DistanceMeters>177.50999450683594</DistanceMeters>
            <Extensions>
              <ns3:TPX>
                <ns3:Speed>3.1630001068115234</ns3:Speed>
                <ns3:RunCadence>88</ns3:RunCadence>
              </ns3:TPX>
            </Extensions>
          </Trackpoint>
          <Trackpoint>
            <Time>2020-12-31T23:12:00.000Z</Time>
            <Position>
              <LatitudeDegrees>22.330195252941852</LatitudeDegrees>
              <LongitudeDegrees>114.20806317340111</LongitudeDegrees>
            </Position>
            <AltitudeMeters>310.96</AltitudeMeters>
            <DistanceMeters>199.6699981689453</DistanceMeters>
            <Extensions>
              <ns3:TPX>
                <ns3:Speed>3.134999990463257</ns3:Speed>
                <ns3:RunCadence>88</ns3:RunCadence>
              </ns3:TPX>
            </Extensions>
          </Trackpoint>
          <Trackpoint>
            <Time>2020-12-31T23:12:07.000Z</Time>
            <Position>
              <LatitudeDegrees>22.330408357873978</LatitudeDegrees>
              <LongitudeDegrees>114.20797674172036</LongitudeDegrees>
            </Position>
            <AltitudeMeters>311.0</AltitudeMeters>
            <DistanceMeters>221.60000610351562</DistanceMeters>
            <Extensions>
              <ns3:TPX>
                <ns3:Speed>3.1070001125335693</ns3:Speed>
                <ns3:RunCadence>87</ns3:RunCadence>
              </ns3:TPX>
            </Extensions>
          </Trackpoint>
          <Trackpoint>
            <Time>2020-12-31T23:12:09.000Z</Time>
            <Position>
              <LatitudeDegrees>22.33044540463841</LatitudeDegrees>
              <LongitudeDegrees>114.20791576336107</LongitudeDegrees>
            </Position>
            <AltitudeMeters>311.0</AltitudeMeters>
            <DistanceMeters>227.7899932861328</DistanceMeters>
            <Extensions>
              <ns3:TPX>
                <ns3:Speed>3.0880000591278076</ns3:Speed>
                <ns3:RunCadence>87</ns3:RunCadence>
              </ns3:TPX>
            </Extensions>
          </Trackpoint>
          <Trackpoint>
            <Time>2020-12-31T23:12:16.000Z</Time>
            <Position>
              <LatitudeDegrees>22.33059243453813</LatitudeDegrees>
              <LongitudeDegrees>114.20773391783814</LongitudeDegrees>
            </Position>
            <AltitudeMeters>311.2</AltitudeMeters>
            <DistanceMeters>249.1699981689453</DistanceMeters>
            <Extensions>
              <ns3:TPX>
                <ns3:Speed>3.0230000019073486</ns3:Speed>
                <ns3:RunCadence>87</ns3:RunCadence>
              </ns3:TPX>
            </Extensions>
          </Trackpoint>
          <Trackpoint>
            <Time>2020-12-31T23:12:23.000Z</Time>
            <Position>
              <LatitudeDegrees>22.330652318223052</LatitudeDegrees>
              <LongitudeDegrees>114.20751091133654</LongitudeDegrees>
            </Position>
            <AltitudeMeters>311.2</AltitudeMeters>
            <DistanceMeters>270.260009765625</DistanceMeters>
            <Extensions>
              <ns3:TPX>
                <ns3:Speed>3.003999948501587</ns3:Speed>
                <ns3:RunCadence>88</ns3:RunCadence>
              </ns3:TPX>
            </Extensions>
          </Trackpoint>
          <Trackpoint>
            <Time>2020-12-31T23:12:30.000Z</Time>
            <Position>
              <LatitudeDegrees>22.33073785951126</LatitudeDegrees>
              <LongitudeDegrees>114.20730206346721</LongitudeDegrees>
            </Position>
            <AltitudeMeters>311.41</AltitudeMeters>
            <DistanceMeters>291.17999267578125</DistanceMeters>
            <Extensions>
              <ns3:TPX>
                <ns3:Speed>2.9760000705718994</ns3:Speed>
                <ns3:RunCadence>87</ns3:RunCadence>
              </ns3:TPX>
            </Extensions>
          </Trackpoint>
          <Trackpoint>
            <Time>2020-12-31T23:12:37.000Z</Time>
            <Position>
              <LatitudeDegrees>22.3308726416549</LatitudeDegrees>
              <LongitudeDegrees>114.20711058158282</LongitudeDegrees>
            </Position>
            <AltitudeMeters>311.07</AltitudeMeters>
            <DistanceMeters>311.9700012207031</DistanceMeters>
            <Extensions>
              <ns3:TPX>
                <ns3:Speed>2.9579999446868896</ns3:Speed>
                <ns3:RunCadence>86</ns3:RunCadence>
              </ns3:TPX>
            </Extensions>
          </Trackpoint>
          <Trackpoint>
            <Time>2020-12-31T23:12:45.000Z</Time>
            <Position>
              <LatitudeDegrees>22.331046890379582</LatitudeDegrees>
              <LongitudeDegrees>114.20692492347374</LongitudeDegrees>
            </Position>
            <AltitudeMeters>311.23</AltitudeMeters>
            <DistanceMeters>334.5400085449219</DistanceMeters>
            <Extensions>
              <ns3:TPX>
                <ns3:Speed>2.7060000896453857</ns3:Speed>
                <ns3:RunCadence>86</ns3:RunCadence>
              </ns3:TPX>
            </Extensions>
          </Trackpoint>
          <Trackpoint>
            <Time>2020-12-31T23:12:50.000Z</Time>
            <Position>
              <LatitudeDegrees>22.331180114424175</LatitudeDegrees>
              <LongitudeDegrees>114.20685003345255</LongitudeDegrees>
            </Position>
            <AltitudeMeters>311.39</AltitudeMeters>
            <DistanceMeters>348.2900085449219</DistanceMeters>
            <Extensions>
              <ns3:TPX>
                <ns3:Speed>2.7809998989105225</ns3:Speed>
                <ns3:RunCadence>86</ns3:RunCadence>
              </ns3:TPX>
            </Extensions>
          </Trackpoint>
          <Trackpoint>
            <Time>2020-12-31T23:12:58.000Z</Time>
            <Position>
              <LatitudeDegrees>22.331327338747563</LatitudeDegrees>
              <LongitudeDegrees>114.20663953896788</LongitudeDegrees>
            </Position>
            <AltitudeMeters>311.71</AltitudeMeters>
            <DistanceMeters>370.8900146484375</DistanceMeters>
            <Extensions>
              <ns3:TPX>
                <ns3:Speed>2.8459999561309814</ns3:Speed>
                <ns3:RunCadence>86</ns3:RunCadence>
              </ns3:TPX>
            </Extensions>
          </Trackpoint>
          <Trackpoint>
            <Time>2020-12-31T23:13:05.000Z</Time>
            <Position>
              <LatitudeDegrees>22.33142885783556</LatitudeDegrees>
              <LongitudeDegrees>114.20644813611126</LongitudeDegrees>
            </Position>
            <AltitudeMeters>312.6</AltitudeMeters>
            <DistanceMeters>390.9100036621094</DistanceMeters>
            <Extensions>
              <ns3:TPX>
                <ns3:Speed>2.865000009536743</ns3:Speed>
                <ns3:RunCadence>86</ns3:RunCadence>
              </ns3:TPX>
            </Extensions>
          </Trackpoint>
          <Trackpoint>
            <Time>2020-12-31T23:13:12.000Z</Time>
            <Position>
              <LatitudeDegrees>22.331279329644964</LatitudeDegrees>
              <LongitudeDegrees>114.20627864434867</LongitudeDegrees>
            </Position>
            <AltitudeMeters>312.53</AltitudeMeters>
            <DistanceMeters>410.92999267578125</DistanceMeters>
            <Extensions>
              <ns3:TPX>
                <ns3:Speed>2.865000009536743</ns3:Speed>
                <ns3:RunCadence>86</ns3:RunCadence>
              </ns3:TPX>
            </Extensions>
          </Trackpoint>
          <Trackpoint>
            <Time>2020-12-31T23:13:20.000Z</Time>
            <Position>
              <LatitudeDegrees>22.331325152099765</LatitudeDegrees>
              <LongitudeDegrees>114.20604522919075</LongitudeDegrees>
            </Position>
            <AltitudeMeters>312.66</AltitudeMeters>
            <DistanceMeters>433.760009765625</DistanceMeters>
            <Extensions>
              <ns3:TPX>
                <ns3:Speed>2.8459999561309814</ns3:Speed>
                <ns3:RunCadence>86</ns3:RunCadence>
              </ns3:TPX>
            </Extensions>
          </Trackpoint>
          <Trackpoint>
            <Time>2020-12-31T23:13:28.000Z</Time>
            <Position>
              <LatitudeDegrees>22.331438974736248</LatitudeDegrees>
              <LongitudeDegrees>114.20581292304543</LongitudeDegrees>
            </Position>
            <AltitudeMeters>312.75</AltitudeMeters>
            <DistanceMeters>456.3999938964844</DistanceMeters>
            <Extensions>
              <ns3:TPX>
                <ns3:Speed>2.809000015258789</ns3:Speed>
                <ns3:RunCadence>86</ns3:RunCadence>
              </ns3:TPX>
            </Extensions>
          </Trackpoint>
          <Trackpoint>
            <Time>2020-12-31T23:13:36.000Z</Time>
            <Position>
              <LatitudeDegrees>22.33134955119399</LatitudeDegrees>
              <LongitudeDegrees>114.20560386576246</LongitudeDegrees>
            </Position>
            <AltitudeMeters>312.0</AltitudeMeters>
            <DistanceMeters>478.760009765625</DistanceMeters>
            <Extensions>
              <ns3:TPX>
                <ns3:Speed>2.7709999084472656</ns3:Speed>
                <ns3:RunCadence>86</ns3:RunCadence>
              </ns3:TPX>
            </Extensions>
          </Trackpoint>
          <Trackpoint>
            <Time>2020-12-31T23:13:37.000Z</Time>
            <Position>
              <LatitudeDegrees>22.33132591015575</LatitudeDegrees>
              <LongitudeDegrees>114.20558346344782</LongitudeDegrees>
            </Position>
            <AltitudeMeters>312.0</AltitudeMeters>
            <DistanceMeters>481.5299987792969</DistanceMeters>
            <Extensions>
              <ns3:TPX>
                <ns3:Speed>2.76200008392334</ns3:Speed>
                <ns3:RunCadence>86</ns3:RunCadence>
              </ns3:TPX>
            </Extensions>
          </Trackpoint>
          <Trackpoint>
            <Time>2020-12-31T23:13:45.000Z</Time>
            <Position>
              <LatitudeDegrees>22.331142831826824</LatitudeDegrees>
              <LongitudeDegrees>114.20541582492359</LongitudeDegrees>
            </Position>
            <AltitudeMeters>312.62</AltitudeMeters>
            <DistanceMeters>503.5</DistanceMeters>
            <Extensions>
              <ns3:TPX>
                <ns3:Speed>2.743000030517578</ns3:Speed>
                <ns3:RunCadence>87</ns3:RunCadence>
              </ns3:TPX>
            </Extensions>
          </Trackpoint>
          <Trackpoint>
            <Time>2020-12-31T23:13:53.000Z</Time>
            <Position>
              <LatitudeDegrees>22.331145334217943</LatitudeDegrees>
              <LongitudeDegrees>114.20519710744574</LongitudeDegrees>
            </Position>
            <AltitudeMeters>312.72</AltitudeMeters>
            <DistanceMeters>525.530029296875</DistanceMeters>
            <Extensions>
              <ns3:TPX>
                <ns3:Speed>2.753000020980835</ns3:Speed>
                <ns3:RunCadence>85</ns3:RunCadence>
              </ns3:TPX>
            </Extensions>
          </Trackpoint>
          <Trackpoint>
            <Time>2020-12-31T23:14:01.000Z</Time>
            <Position>
              <LatitudeDegrees>22.331303998010387</LatitudeDegrees>
              <LongitudeDegrees>114.20500501884717</LongitudeDegrees>
            </Position>
            <AltitudeMeters>312.2</AltitudeMeters>
            <DistanceMeters>547.4500122070312</DistanceMeters>
            <Extensions>
              <ns3:TPX>
                <ns3:Speed>2.743000030517578</ns3:Speed>
                <ns3:RunCadence>85</ns3:RunCadence>
              </ns3:TPX>
            </Extensions>
          </Trackpoint>
          <Trackpoint>
            <Time>2020-12-31T23:14:09.000Z</Time>
            <Position>
              <LatitudeDegrees>22.331278453405616</LatitudeDegrees>
              <LongitudeDegrees>114.20475527332505</LongitudeDegrees>
            </Position>
            <AltitudeMeters>312.17</AltitudeMeters>
            <DistanceMeters>569.5800170898438</DistanceMeters>
            <Extensions>
              <ns3:TPX>
                <ns3:Speed>2.7899999618530273</ns3:Speed>
                <ns3:RunCadence>85</ns3:RunCadence>
              </ns3:TPX>
            </Extensions>
          </Trackpoint>
          <Trackpoint>
            <Time>2020-12-31T23:14:17.000Z</Time>
            <Position>
              <LatitudeDegrees>22.331125088568776</LatitudeDegrees>
              <LongitudeDegrees>114.20455046066691</LongitudeDegrees>
            </Position>
            <AltitudeMeters>312.0</AltitudeMeters>
            <DistanceMeters>591.9000244140625</DistanceMeters>
            <Extensions>
              <ns3:TPX>
                <ns3:Speed>2.7899999618530273</ns3:Speed>
                <ns3:RunCadence>86</ns3:RunCadence>
              </ns3:TPX>
            </Extensions>
          </Trackpoint>
          <Trackpoint>
            <Time>2020-12-31T23:14:25.000Z</Time>
            <Position>
              <LatitudeDegrees>22.331264947506316</LatitudeDegrees>
              <LongitudeDegrees>114.20448072011256</LongitudeDegrees>
            </Position>
            <AltitudeMeters>312.13</AltitudeMeters>
            <DistanceMeters>614.4000244140625</DistanceMeters>
            <Extensions>
              <ns3:TPX>
                <ns3:Speed>2.8369998931884766</ns3:Speed>
                <ns3:RunCadence>86</ns3:RunCadence>
              </ns3:TPX>
            </Extensions>
          </Trackpoint>
          <Trackpoint>
            <Time>2020-12-31T23:14:33.000Z</Time>
            <Position>
              <LatitudeDegrees>22.331505946567113</LatitudeDegrees>
              <LongitudeDegrees>114.20453077061165</LongitudeDegrees>
            </Position>
            <AltitudeMeters>312.36</AltitudeMeters>
            <DistanceMeters>637.0800170898438</DistanceMeters>
            <Extensions>
              <ns3:TPX>
                <ns3:Speed>2.8369998931884766</ns3:Speed>
                <ns3:RunCadence>85</ns3:RunCadence>
              </ns3:TPX>
            </Extensions>
          </Trackpoint>
          <Trackpoint>
            <Time>2020-12-31T23:14:41.000Z</Time>
            <Position>
              <LatitudeDegrees>22.3317527746475</LatitudeDegrees>
              <LongitudeDegrees>114.20454419926644</LongitudeDegrees>
            </Position>
            <AltitudeMeters>312.24</AltitudeMeters>
            <DistanceMeters>659.739990234375</DistanceMeters>
            <Extensions>
              <ns3:TPX>
                <ns3:Speed>2.8459999561309814</ns3:Speed>
                <ns3:RunCadence>86</ns3:RunCadence>
              </ns3:TPX>
            </Extensions>
          </Trackpoint>
          <Trackpoint>
            <Time>2020-12-31T23:14:48.000Z</Time>
            <Position>
              <LatitudeDegrees>22.331971409942557</LatitudeDegrees>
              <LongitudeDegrees>114.2045183576809</LongitudeDegrees>
            </Position>
            <AltitudeMeters>312.57</AltitudeMeters>
            <DistanceMeters>679.8800048828125</DistanceMeters>
            <Extensions>
              <ns3:TPX>
                <ns3:Speed>2.8929998874664307</ns3:Speed>
                <ns3:RunCadence>86</ns3:RunCadence>
              </ns3:TPX>
            </Extensions>
          </Trackpoint>
          <Trackpoint>
            <Time>2020-12-31T23:14:55.000Z</Time>
            <Position>
              <LatitudeDegrees>22.33219240449677</LatitudeDegrees>
              <LongitudeDegrees>114.20448985451397</LongitudeDegrees>
            </Position>
            <AltitudeMeters>312.42</AltitudeMeters>
            <DistanceMeters>700.260009765625</DistanceMeters>
            <Extensions>
              <ns3:TPX>
                <ns3:Speed>2.930000066757202</ns3:Speed>
                <ns3:RunCadence>86</ns3:RunCadence>
              </ns3:TPX>
            </Extensions>
          </Trackpoint>
          <Trackpoint>
            <Time>2020-12-31T23:15:02.000Z</Time>
            <Position>
              <LatitudeDegrees>22.332411772232014</LatitudeDegrees>
              <LongitudeDegrees>114.20446156116893</LongitudeDegrees>
            </Position>
            <AltitudeMeters>312.27</AltitudeMeters>
            <DistanceMeters>720.489990234375</DistanceMeters>
            <Extensions>
              <ns3:TPX>
                <ns3:Speed>2.9019999504089355</ns3:Speed>
                <ns3:RunCadence>85</ns3:RunCadence>
              </ns3:TPX>
            </Extensions>
          </Trackpoint>
          <Trackpoint>
            <Time>2020-12-31T23:15:09.000Z</Time>
            <Position>
              <LatitudeDegrees>22.332631520789405</LatitudeDegrees>
              <LongitudeDegrees>114.20442242443119</LongitudeDegrees>
            </Position>
            <AltitudeMeters>312.34</AltitudeMeters>
            <DistanceMeters>740.9000244140625</DistanceMeters>
            <Extensions>
              <ns3:TPX>
                <ns3:Speed>2.930000066757202</ns3:Speed>
                <ns3:RunCadence>86</ns3:RunCadence>
              </ns3:TPX>
            </Extensions>
          </Trackpoint>
          <Trackpoint>
            <Time>2020-12-31T23:15:16.000Z</Time>
            <Position>
              <LatitudeDegrees>22.33285234939268</LatitudeDegrees>
              <LongitudeDegrees>114.2043741836476</LongitudeDegrees>
            </Position>
            <AltitudeMeters>312.59</AltitudeMeters>
            <DistanceMeters>761.530029296875</DistanceMeters>
            <Extensions>
              <ns3:TPX>
                <ns3:Speed>2.9670000076293945</ns3:Speed>
                <ns3:RunCadence>85</ns3:RunCadence>
              </ns3:TPX>
            </Extensions>
          </Trackpoint>
          <Trackpoint>
            <Time>2020-12-31T23:15:23.000Z</Time>
            <Position>
              <LatitudeDegrees>22.333028262693468</LatitudeDegrees>
              <LongitudeDegrees>114.20451893308368</LongitudeDegrees>
            </Position>
            <AltitudeMeters>312.0</AltitudeMeters>
            <DistanceMeters>782.219970703125</DistanceMeters>
            <Extensions>
              <ns3:TPX>
                <ns3:Speed>2.938999891281128</ns3:Speed>
                <ns3:RunCadence>85</ns3:RunCadence>
              </ns3:TPX>
            </Extensions>
          </Trackpoint>
          <Trackpoint>
            <Time>2020-12-31T23:15:30.000Z</Time>
            <Position>
              <LatitudeDegrees>22.33324708966116</LatitudeDegrees>
              <LongitudeDegrees>114.2045628087687</LongitudeDegrees>
            </Position>
            <AltitudeMeters>312.2</AltitudeMeters>
            <DistanceMeters>802.5999755859375</DistanceMeters>
            <Extensions>
              <ns3:TPX>
                <ns3:Speed>2.8929998874664307</ns3:Speed>
                <ns3:RunCadence>85</ns3:RunCadence>
              </ns3:TPX>
            </Extensions>
          </Trackpoint>
          <Trackpoint>
            <Time>2020-12-31T23:15:37.000Z</Time>
            <Position>
              <LatitudeDegrees>22.333465169099206</LatitudeDegrees>
              <LongitudeDegrees>114.20459576386394</LongitudeDegrees>
            </Position>
            <AltitudeMeters>312.17</AltitudeMeters>
            <DistanceMeters>822.77001953125</DistanceMeters>
            <Extensions>
              <ns3:TPX>
                <ns3:Speed>2.882999897003174</ns3:Speed>
                <ns3:RunCadence>85</ns3:RunCadence>
              </ns3:TPX>
            </Extensions>
          </Trackpoint>
          <Trackpoint>
            <Time>2020-12-31T23:15:44.000Z</Time>
            <Position>
              <LatitudeDegrees>22.333684568234236</LatitudeDegrees>
              <LongitudeDegrees>114.20459735236231</LongitudeDegrees>
            </Position>
            <AltitudeMeters>311.69</AltitudeMeters>
            <DistanceMeters>842.8900146484375</DistanceMeters>
            <Extensions>
              <ns3:TPX>
                <ns3:Speed>2.865000009536743</ns3:Speed>
                <ns3:RunCadence>85</ns3:RunCadence>
              </ns3:TPX>
            </Extensions>
          </Trackpoint>
          <Trackpoint>
            <Time>2020-12-31T23:15:51.000Z</Time>
            <Position>
              <LatitudeDegrees>22.333901665689872</LatitudeDegrees>
              <LongitudeDegrees>114.20457707672468</LongitudeDegrees>
            </Position>
            <AltitudeMeters>312.08</AltitudeMeters>
            <DistanceMeters>862.9199829101562</DistanceMeters>
            <Extensions>
              <ns3:TPX>
                <ns3:Speed>2.865000009536743</ns3:Speed>
                <ns3:RunCadence>84</ns3:RunCadence>
              </ns3:TPX>
            </Extensions>
          </Trackpoint>
          <Trackpoint>
            <Time>2020-12-31T23:15:52.000Z</Time>
            <Position>
              <LatitudeDegrees>22.333932842229075</LatitudeDegrees>
              <LongitudeDegrees>114.20457911331292</LongitudeDegrees>
            </Position>
            <AltitudeMeters>312.01</AltitudeMeters>
            <DistanceMeters>865.780029296875</DistanceMeters>
            <Extensions>
              <ns3:TPX>
                <ns3:Speed>2.865000009536743</ns3:Speed>
                <ns3:RunCadence>84</ns3:RunCadence>
              </ns3:TPX>
            </Extensions>
          </Trackpoint>
          <Trackpoint>
            <Time>2020-12-31T23:16:00.000Z</Time>
            <Position>
              <LatitudeDegrees>22.334179825920454</LatitudeDegrees>
              <LongitudeDegrees>114.204590759196</LongitudeDegrees>
            </Position>
            <AltitudeMeters>311.8</AltitudeMeters>
            <DistanceMeters>888.4199829101562</DistanceMeters>
            <Extensions>
              <ns3:TPX>
                <ns3:Speed>2.818000078201294</ns3:Speed>
                <ns3:RunCadence>86</ns3:RunCadence>
              </ns3:TPX>
            </Extensions>
          </Trackpoint>
          <Trackpoint>
            <Time>2020-12-31T23:16:07.000Z</Time>
            <Position>
              <LatitudeDegrees>22.334400059725372</LatitudeDegrees>
              <LongitudeDegrees>114.20459242848753</LongitudeDegrees>
            </Position>
            <AltitudeMeters>312.28</AltitudeMeters>
            <DistanceMeters>908.5900268554688</DistanceMeters>
            <Extensions>
              <ns3:TPX>
                <ns3:Speed>2.9019999504089355</ns3:Speed>
                <ns3:RunCadence>86</ns3:RunCadence>
              </ns3:TPX>
            </Extensions>
          </Trackpoint>
          <Trackpoint>
            <Time>2020-12-31T23:16:14.000Z</Time>
            <Position>
              <LatitudeDegrees>22.334623154327993</LatitudeDegrees>
              <LongitudeDegrees>114.20459948087813</LongitudeDegrees>
            </Position>
            <AltitudeMeters>312.35</AltitudeMeters>
            <DistanceMeters>929.030029296875</DistanceMeters>
            <Extensions>
              <ns3:TPX>
                <ns3:Speed>2.9210000038146973</ns3:Speed>
                <ns3:RunCadence>85</ns3:RunCadence>
              </ns3:TPX>
            </Extensions>
          </Trackpoint>
          <Trackpoint>
            <Time>2020-12-31T23:16:21.000Z</Time>
            <Position>
              <LatitudeDegrees>22.334842325561063</LatitudeDegrees>
              <LongitudeDegrees>114.20456163206295</LongitudeDegrees>
            </Position>
            <AltitudeMeters>312.2</AltitudeMeters>
            <DistanceMeters>949.5499877929688</DistanceMeters>
            <Extensions>
              <ns3:TPX>
                <ns3:Speed>2.9579999446868896</ns3:Speed>
                <ns3:RunCadence>85</ns3:RunCadence>
              </ns3:TPX>
            </Extensions>
          </Trackpoint>
          <Trackpoint>
            <Time>2020-12-31T23:16:28.000Z</Time>
            <Position>
              <LatitudeDegrees>22.334858512312746</LatitudeDegrees>
              <LongitudeDegrees>114.20445514926706</LongitudeDegrees>
            </Position>
            <AltitudeMeters>312.11</AltitudeMeters>
            <DistanceMeters>970.280029296875</DistanceMeters>
            <Extensions>
              <ns3:TPX>
                <ns3:Speed>2.9579999446868896</ns3:Speed>
                <ns3:RunCadence>84</ns3:RunCadence>
              </ns3:TPX>
            </Extensions>
          </Trackpoint>
          <Trackpoint>
            <Time>2020-12-31T23:16:35.000Z</Time>
            <Position>
              <LatitudeDegrees>22.334756019419647</LatitudeDegrees>
              <LongitudeDegrees>114.20425393620457</LongitudeDegrees>
            </Position>
            <AltitudeMeters>312.83</AltitudeMeters>
            <DistanceMeters>990.989990234375</DistanceMeters>
            <Extensions>
              <ns3:TPX>
                <ns3:Speed>2.9760000705718994</ns3:Speed>
                <ns3:RunCadence>85</ns3:RunCadence>
              </ns3:TPX>
            </Extensions>
          </Trackpoint>
          <Trackpoint>
            <Time>2020-12-31T23:16:39.000Z</Time>
            <Position>
              <LatitudeDegrees>22.33463702148529</LatitudeDegrees>
              <LongitudeDegrees>114.2041966709652</LongitudeDegrees>
            </Position>
            <AltitudeMeters>312.41</AltitudeMeters>
            <DistanceMeters>1002.9299926757812</DistanceMeters>
            <Extensions>
              <ns3:TPX>
                <ns3:Speed>2.9760000705718994</ns3:Speed>
                <ns3:RunCadence>85</ns3:RunCadence>
              </ns3:TPX>
            </Extensions>
          </Trackpoint>
        </Track>
        <Extensions>
          <ns3:LX>
            <ns3:AvgSpeed>2.914000034332275</ns3:AvgSpeed>
            <ns3:AvgRunCadence>86</ns3:AvgRunCadence>
            <ns3:MaxRunCadence>88</ns3:MaxRunCadence>
          </ns3:LX>
        </Extensions>
      </Lap>
      <Lap StartTime="2020-12-31T23:16:40.000Z">
        <TotalTimeSeconds>349.494</TotalTimeSeconds>
        <DistanceMeters>1000.0</DistanceMeters>
        <MaximumSpeed>3.0320000648498535</MaximumSpeed>
        <Calories>69</Calories>
        <Intensity>Active</Intensity>
        <TriggerMethod>Manual</TriggerMethod>
        <Track>
          <Trackpoint>
            <Time>2020-12-31T23:16:46.000Z</Time>
            <Position>
              <LatitudeDegrees>22.334547321249914</LatitudeDegrees>
              <LongitudeDegrees>114.20401892380013</LongitudeDegrees>
            </Position>
            <AltitudeMeters>313.08</AltitudeMeters>
            <DistanceMeters>1023.9400024414062</DistanceMeters>
            <Extensions>
              <ns3:TPX>
                <ns3:Speed>3.0230000019073486</ns3:Speed>
                <ns3:RunCadence>85</ns3:RunCadence>
              </ns3:TPX>
            </Extensions>
          </Trackpoint>
          <Trackpoint>
            <Time>2020-12-31T23:16:53.000Z</Time>
            <Position>
              <LatitudeDegrees>22.33468543249643</LatitudeDegrees>
              <LongitudeDegrees>114.20382128943781</LongitudeDegrees>
            </Position>
            <AltitudeMeters>313.38</AltitudeMeters>
            <DistanceMeters>1044.9200439453125</DistanceMeters>
            <Extensions>
              <ns3:TPX>
                <ns3:Speed>2.9860000610351562</ns3:Speed>
                <ns3:RunCadence>85</ns3:RunCadence>
              </ns3:TPX>
            </Extensions>
          </Trackpoint>
          <Trackpoint>
            <Time>2020-12-31T23:17:00.000Z</Time>
            <Position>
              <LatitudeDegrees>22.334832235596025</LatitudeDegrees>
              <LongitudeDegrees>114.20363493945082</LongitudeDegrees>
            </Position>
            <AltitudeMeters>313.46</AltitudeMeters>
            <DistanceMeters>1065.800048828125</DistanceMeters>
            <Extensions>
              <ns3:TPX>
                <ns3:Speed>2.9860000610351562</ns3:Speed>
                <ns3:RunCadence>84</ns3:RunCadence>
              </ns3:TPX>
            </Extensions>
          </Trackpoint>
          <Trackpoint>
            <Time>2020-12-31T23:17:07.000Z</Time>
            <Position>
              <LatitudeDegrees>22.335000961778835</LatitudeDegrees>
              <LongitudeDegrees>114.20347165770679</LongitudeDegrees>
            </Position>
            <AltitudeMeters>313.4</AltitudeMeters>
            <DistanceMeters>1086.7099609375</DistanceMeters>
            <Extensions>
              <ns3:TPX>
                <ns3:Speed>2.9860000610351562</ns3:Speed>
                <ns3:RunCadence>85</ns3:RunCadence>
              </ns3:TPX>
            </Extensions>
          </Trackpoint>
          <Trackpoint>
            <Time>2020-12-31T23:17:14.000Z</Time>
            <Position>
              <LatitudeDegrees>22.33515450041561</LatitudeDegrees>
              <LongitudeDegrees>114.20329194218724</LongitudeDegrees>
            </Position>
            <AltitudeMeters>312.6</AltitudeMeters>
            <DistanceMeters>1107.760009765625</DistanceMeters>
            <Extensions>
              <ns3:TPX>
                <ns3:Speed>3.0320000648498535</ns3:Speed>
                <ns3:RunCadence>87</ns3:RunCadence>
              </ns3:TPX>
            </Extensions>
          </Trackpoint>
          <Trackpoint>
            <Time>2020-12-31T23:17:21.000Z</Time>
            <Position>
              <LatitudeDegrees>22.335106745866334</LatitudeDegrees>
              <LongitudeDegrees>114.20309152453758</LongitudeDegrees>
            </Position>
            <AltitudeMeters>312.6</AltitudeMeters>
            <DistanceMeters>1128.9000244140625</DistanceMeters>
            <Extensions>
              <ns3:TPX>
                <ns3:Speed>3.003999948501587</ns3:Speed>
                <ns3:RunCadence>85</ns3:RunCadence>
              </ns3:TPX>
            </Extensions>
          </Trackpoint>
          <Trackpoint>
            <Time>2020-12-31T23:17:28.000Z</Time>
            <Position>
              <LatitudeDegrees>22.334915931906718</LatitudeDegrees>
              <LongitudeDegrees>114.20298055720359</LongitudeDegrees>
            </Position>
            <AltitudeMeters>312.7</AltitudeMeters>
            <DistanceMeters>1149.800048828125</DistanceMeters>
            <Extensions>
              <ns3:TPX>
                <ns3:Speed>2.9760000705718994</ns3:Speed>
                <ns3:RunCadence>86</ns3:RunCadence>
              </ns3:TPX>
            </Extensions>
          </Trackpoint>
          <Trackpoint>
            <Time>2020-12-31T23:17:35.000Z</Time>
            <Position>
              <LatitudeDegrees>22.334869851394423</LatitudeDegrees>
              <LongitudeDegrees>114.20281133718824</LongitudeDegrees>
            </Position>
            <AltitudeMeters>313.2</AltitudeMeters>
            <DistanceMeters>1170.3900146484375</DistanceMeters>
            <Extensions>
              <ns3:TPX>
                <ns3:Speed>2.938999891281128</ns3:Speed>
                <ns3:RunCadence>85</ns3:RunCadence>
              </ns3:TPX>
            </Extensions>
          </Trackpoint>
          <Trackpoint>
            <Time>2020-12-31T23:17:42.000Z</Time>
            <Position>
              <LatitudeDegrees>22.33467446485677</LatitudeDegrees>
              <LongitudeDegrees>114.20270394189615</LongitudeDegrees>
            </Position>
            <AltitudeMeters>313.2</AltitudeMeters>
            <DistanceMeters>1191.1300048828125</DistanceMeters>
            <Extensions>
              <ns3:TPX>
                <ns3:Speed>2.9760000705718994</ns3:Speed>
                <ns3:RunCadence>85</ns3:RunCadence>
              </ns3:TPX>
            </Extensions>
          </Trackpoint>
          <Trackpoint>
            <Time>2020-12-31T23:17:49.000Z</Time>
            <Position>
              <LatitudeDegrees>22.33474943644997</LatitudeDegrees>
              <LongitudeDegrees>114.20247284830026</LongitudeDegrees>
            </Position>
            <AltitudeMeters>312.6</AltitudeMeters>
            <DistanceMeters>1211.8800048828125</DistanceMeters>
            <Extensions>
              <ns3:TPX>
                <ns3:Speed>2.9670000076293945</ns3:Speed>
                <ns3:RunCadence>84</ns3:RunCadence>
              </ns3:TPX>
            </Extensions>
          </Trackpoint>
          <Trackpoint>
            <Time>2020-12-31T23:17:56.000Z</Time>
            <Position>
              <LatitudeDegrees>22.334799498193732</LatitudeDegrees>
              <LongitudeDegrees>114.20223235410873</LongitudeDegrees>
            </Position>
            <AltitudeMeters>312.63</AltitudeMeters>
            <DistanceMeters>1232.77001953125</DistanceMeters>
            <Extensions>
              <ns3:TPX>
                <ns3:Speed>2.9670000076293945</ns3:Speed>
                <ns3:RunCadence>85</ns3:RunCadence>
              </ns3:TPX>
            </Extensions>
          </Trackpoint>
          <Trackpoint>
            <Time>2020-12-31T23:18:01.000Z</Time>
            <Position>
              <LatitudeDegrees>22.33482018935483</LatitudeDegrees>
              <LongitudeDegrees>114.20205969291784</LongitudeDegrees>
            </Position>
            <AltitudeMeters>312.8</AltitudeMeters>
            <DistanceMeters>1247.550048828125</DistanceMeters>
            <Extensions>
              <ns3:TPX>
                <ns3:Speed>2.947999954223633</ns3:Speed>
                <ns3:RunCadence>85</ns3:RunCadence>
              </ns3:TPX>
            </Extensions>
          </Trackpoint>
          <Trackpoint>
            <Time>2020-12-31T23:18:08.000Z</Time>
            <Position>
              <LatitudeDegrees>22.334733637786886</LatitudeDegrees>
              <LongitudeDegrees>114.20183796802114</LongitudeDegrees>
            </Position>
            <AltitudeMeters>312.39</AltitudeMeters>
            <DistanceMeters>1267.9599609375</DistanceMeters>
            <Extensions>
              <ns3:TPX>
                <ns3:Speed>2.882999897003174</ns3:Speed>
                <ns3:RunCadence>84</ns3:RunCadence>
              </ns3:TPX>
            </Extensions>
          </Trackpoint>
          <Trackpoint>
            <Time>2020-12-31T23:18:15.000Z</Time>
            <Position>
              <LatitudeDegrees>22.334909009965163</LatitudeDegrees>
              <LongitudeDegrees>114.20182277360104</LongitudeDegrees>
            </Position>
            <AltitudeMeters>312.77</AltitudeMeters>
            <DistanceMeters>1288.1400146484375</DistanceMeters>
            <Extensions>
              <ns3:TPX>
                <ns3:Speed>2.874000072479248</ns3:Speed>
                <ns3:RunCadence>84</ns3:RunCadence>
              </ns3:TPX>
            </Extensions>
          </Trackpoint>
          <Trackpoint>
            <Time>2020-12-31T23:18:23.000Z</Time>
            <Position>
              <LatitudeDegrees>22.33488742271024</LatitudeDegrees>
              <LongitudeDegrees>114.20159542661685</LongitudeDegrees>
            </Position>
            <AltitudeMeters>312.24</AltitudeMeters>
            <DistanceMeters>1310.949951171875</DistanceMeters>
            <Extensions>
              <ns3:TPX>
                <ns3:Speed>2.8459999561309814</ns3:Speed>
                <ns3:RunCadence>85</ns3:RunCadence>
              </ns3:TPX>
            </Extensions>
          </Trackpoint>
          <Trackpoint>
            <Time>2020-12-31T23:18:30.000Z</Time>
            <Position>
              <LatitudeDegrees>22.33485978215607</LatitudeDegrees>
              <LongitudeDegrees>114.20136119872578</LongitudeDegrees>
            </Position>
            <AltitudeMeters>312.31</AltitudeMeters>
            <DistanceMeters>1330.949951171875</DistanceMeters>
            <Extensions>
              <ns3:TPX>
                <ns3:Speed>2.865000009536743</ns3:Speed>
                <ns3:RunCadence>85</ns3:RunCadence>
              </ns3:TPX>
            </Extensions>
          </Trackpoint>
          <Trackpoint>
            <Time>2020-12-31T23:18:37.000Z</Time>
            <Position>
              <LatitudeDegrees>22.33483190659646</LatitudeDegrees>
              <LongitudeDegrees>114.20112497938297</LongitudeDegrees>
            </Position>
            <AltitudeMeters>312.38</AltitudeMeters>
            <DistanceMeters>1351.1199951171875</DistanceMeters>
            <Extensions>
              <ns3:TPX>
                <ns3:Speed>2.874000072479248</ns3:Speed>
                <ns3:RunCadence>84</ns3:RunCadence>
              </ns3:TPX>
            </Extensions>
          </Trackpoint>
          <Trackpoint>
            <Time>2020-12-31T23:18:44.000Z</Time>
            <Position>
              <LatitudeDegrees>22.334754405840577</LatitudeDegrees>
              <LongitudeDegrees>114.20106252314577</LongitudeDegrees>
            </Position>
            <AltitudeMeters>312.23</AltitudeMeters>
            <DistanceMeters>1371.219970703125</DistanceMeters>
            <Extensions>
              <ns3:TPX>
                <ns3:Speed>2.865000009536743</ns3:Speed>
                <ns3:RunCadence>84</ns3:RunCadence>
              </ns3:TPX>
            </Extensions>
          </Trackpoint>
          <Trackpoint>
            <Time>2020-12-31T23:18:51.000Z</Time>
            <Position>
              <LatitudeDegrees>22.334601844689033</LatitudeDegrees>
              <LongitudeDegrees>114.20089913144031</LongitudeDegrees>
            </Position>
            <AltitudeMeters>312.28</AltitudeMeters>
            <DistanceMeters>1391.260009765625</DistanceMeters>
            <Extensions>
              <ns3:TPX>
                <ns3:Speed>2.8550000190734863</ns3:Speed>
                <ns3:RunCadence>84</ns3:RunCadence>
              </ns3:TPX>
            </Extensions>
          </Trackpoint>
          <Trackpoint>
            <Time>2020-12-31T23:18:59.000Z</Time>
            <Position>
              <LatitudeDegrees>22.334527911144995</LatitudeDegrees>
              <LongitudeDegrees>114.20064482065878</LongitudeDegrees>
            </Position>
            <AltitudeMeters>312.22</AltitudeMeters>
            <DistanceMeters>1413.9000244140625</DistanceMeters>
            <Extensions>
              <ns3:TPX>
                <ns3:Speed>2.8269999027252197</ns3:Speed>
                <ns3:RunCadence>84</ns3:RunCadence>
              </ns3:TPX>
            </Extensions>
          </Trackpoint>
          <Trackpoint>
            <Time>2020-12-31T23:19:07.000Z</Time>
            <Position>
              <LatitudeDegrees>22.33439387785997</LatitudeDegrees>
              <LongitudeDegrees>114.20043661007604</LongitudeDegrees>
            </Position>
            <AltitudeMeters>312.24</AltitudeMeters>
            <DistanceMeters>1436.6400146484375</DistanceMeters>
            <Extensions>
              <ns3:TPX>
                <ns3:Speed>2.882999897003174</ns3:Speed>
                <ns3:RunCadence>85</ns3:RunCadence>
              </ns3:TPX>
            </Extensions>
          </Trackpoint>
          <Trackpoint>
            <Time>2020-12-31T23:19:12.000Z</Time>
            <Position>
              <LatitudeDegrees>22.33435986613087</LatitudeDegrees>
              <LongitudeDegrees>114.20029997296201</LongitudeDegrees>
            </Position>
            <AltitudeMeters>312.4</AltitudeMeters>
            <DistanceMeters>1451.1800537109375</DistanceMeters>
            <Extensions>
              <ns3:TPX>
                <ns3:Speed>2.9019999504089355</ns3:Speed>
                <ns3:RunCadence>83</ns3:RunCadence>
              </ns3:TPX>
            </Extensions>
          </Trackpoint>
          <Trackpoint>
            <Time>2020-12-31T23:19:19.000Z</Time>
            <Position>
              <LatitudeDegrees>22.33418000516231</LatitudeDegrees>
              <LongitudeDegrees>114.20020570350444</LongitudeDegrees>
            </Position>
            <AltitudeMeters>312.36</AltitudeMeters>
            <DistanceMeters>1471.6199951171875</DistanceMeters>
            <Extensions>
              <ns3:TPX>
                <ns3:Speed>2.930000066757202</ns3:Speed>
                <ns3:RunCadence>84</ns3:RunCadence>
              </ns3:TPX>
            </Extensions>
          </Trackpoint>
          <Trackpoint>
            <Time>2020-12-31T23:19:26.000Z</Time>
            <Position>
              <LatitudeDegrees>22.33400724871323</LatitudeDegrees>
              <LongitudeDegrees>114.20036071970611</LongitudeDegrees>
            </Position>
            <AltitudeMeters>311.94</AltitudeMeters>
            <DistanceMeters>1492.1800537109375</DistanceMeters>
            <Extensions>
              <ns3:TPX>
                <ns3:Speed>2.930000066757202</ns3:Speed>
                <ns3:RunCadence>83</ns3:RunCadence>
              </ns3:TPX>
            </Extensions>
          </Trackpoint>
          <Trackpoint>
            <Time>2020-12-31T23:19:33.000Z</Time>
            <Position>
              <LatitudeDegrees>22.333827646765712</LatitudeDegrees>
              <LongitudeDegrees>114.20050337208475</LongitudeDegrees>
            </Position>
            <AltitudeMeters>311.6</AltitudeMeters>
            <DistanceMeters>1512.5999755859375</DistanceMeters>
            <Extensions>
              <ns3:TPX>
                <ns3:Speed>2.9019999504089355</ns3:Speed>
                <ns3:RunCadence>83</ns3:RunCadence>
              </ns3:TPX>
            </Extensions>
          </Trackpoint>
          <Trackpoint>
            <Time>2020-12-31T23:19:40.000Z</Time>
            <Position>
              <LatitudeDegrees>22.333649179275337</LatitudeDegrees>
              <LongitudeDegrees>114.20064108721729</LongitudeDegrees>
            </Position>
            <AltitudeMeters>311.87</AltitudeMeters>
            <DistanceMeters>1532.6800537109375</DistanceMeters>
            <Extensions>
              <ns3:TPX>
                <ns3:Speed>2.8550000190734863</ns3:Speed>
                <ns3:RunCadence>85</ns3:RunCadence>
              </ns3:TPX>
            </Extensions>
          </Trackpoint>
          <Trackpoint>
            <Time>2020-12-31T23:19:47.000Z</Time>
            <Position>
              <LatitudeDegrees>22.333465825448467</LatitudeDegrees>
              <LongitudeDegrees>114.20077244434079</LongitudeDegrees>
            </Position>
            <AltitudeMeters>312.0</AltitudeMeters>
            <DistanceMeters>1552.8299560546875</DistanceMeters>
            <Extensions>
              <ns3:TPX>
                <ns3:Speed>2.882999897003174</ns3:Speed>
                <ns3:RunCadence>84</ns3:RunCadence>
              </ns3:TPX>
            </Extensions>
          </Trackpoint>
          <Trackpoint>
            <Time>2020-12-31T23:19:54.000Z</Time>
            <Position>
              <LatitudeDegrees>22.33329548566143</LatitudeDegrees>
              <LongitudeDegrees>114.20092022016831</LongitudeDegrees>
            </Position>
            <AltitudeMeters>312.0</AltitudeMeters>
            <DistanceMeters>1572.93994140625</DistanceMeters>
            <Extensions>
              <ns3:TPX>
                <ns3:Speed>2.874000072479248</ns3:Speed>
                <ns3:RunCadence>84</ns3:RunCadence>
              </ns3:TPX>
            </Extensions>
          </Trackpoint>
          <Trackpoint>
            <Time>2020-12-31T23:20:01.000Z</Time>
            <Position>
              <LatitudeDegrees>22.333111769403676</LatitudeDegrees>
              <LongitudeDegrees>114.20104510384766</LongitudeDegrees>
            </Position>
            <AltitudeMeters>311.41</AltitudeMeters>
            <DistanceMeters>1593.050048828125</DistanceMeters>
            <Extensions>
              <ns3:TPX>
                <ns3:Speed>2.874000072479248</ns3:Speed>
                <ns3:RunCadence>84</ns3:RunCadence>
              </ns3:TPX>
            </Extensions>
          </Trackpoint>
          <Trackpoint>
            <Time>2020-12-31T23:20:08.000Z</Time>
            <Position>
              <LatitudeDegrees>22.33308490710129</LatitudeDegrees>
              <LongitudeDegrees>114.20081225536664</LongitudeDegrees>
            </Position>
            <AltitudeMeters>311.51</AltitudeMeters>
            <DistanceMeters>1613.1500244140625</DistanceMeters>
            <Extensions>
              <ns3:TPX>
                <ns3:Speed>2.874000072479248</ns3:Speed>
                <ns3:RunCadence>85</ns3:RunCadence>
              </ns3:TPX>
            </Extensions>
          </Trackpoint>
          <Trackpoint>
            <Time>2020-12-31T23:20:15.000Z</Time>
            <Position>
              <LatitudeDegrees>22.333059520115697</LatitudeDegrees>
              <LongitudeDegrees>114.20057678221936</LongitudeDegrees>
            </Position>
            <AltitudeMeters>311.62</AltitudeMeters>
            <DistanceMeters>1633.22998046875</DistanceMeters>
            <Extensions>
              <ns3:TPX>
                <ns3:Speed>2.8550000190734863</ns3:Speed>
                <ns3:RunCadence>85</ns3:RunCadence>
              </ns3:TPX>
            </Extensions>
          </Trackpoint>
          <Trackpoint>
            <Time>2020-12-31T23:20:22.000Z</Time>
            <Position>
              <LatitudeDegrees>22.33303417094166</LatitudeDegrees>
              <LongitudeDegrees>114.20034165978741</LongitudeDegrees>
            </Position>
            <AltitudeMeters>311.74</AltitudeMeters>
            <DistanceMeters>1653.280029296875</DistanceMeters>
            <Extensions>
              <ns3:TPX>
                <ns3:Speed>2.874000072479248</ns3:Speed>
                <ns3:RunCadence>84</ns3:RunCadence>
              </ns3:TPX>
            </Extensions>
          </Trackpoint>
          <Trackpoint>
            <Time>2020-12-31T23:20:30.000Z</Time>
            <Position>
              <LatitudeDegrees>22.333005585252987</LatitudeDegrees>
              <LongitudeDegrees>114.20007651755323</LongitudeDegrees>
            </Position>
            <AltitudeMeters>311.86</AltitudeMeters>
            <DistanceMeters>1675.8900146484375</DistanceMeters>
            <Extensions>
              <ns3:TPX>
                <ns3:Speed>2.7899999618530273</ns3:Speed>
                <ns3:RunCadence>82</ns3:RunCadence>
              </ns3:TPX>
            </Extensions>
          </Trackpoint>
          <Trackpoint>
            <Time>2020-12-31T23:20:33.000Z</Time>
            <Position>
              <LatitudeDegrees>22.33299492733359</LatitudeDegrees>
              <LongitudeDegrees>114.19997766163296</LongitudeDegrees>
            </Position>
            <AltitudeMeters>311.91</AltitudeMeters>
            <DistanceMeters>1684.3199462890625</DistanceMeters>
            <Extensions>
              <ns3:TPX>
                <ns3:Speed>2.818000078201294</ns3:Speed>
                <ns3:RunCadence>84</ns3:RunCadence>
              </ns3:TPX>
            </Extensions>
          </Trackpoint>
          <Trackpoint>
            <Time>2020-12-31T23:20:41.000Z</Time>
            <Position>
              <LatitudeDegrees>22.332966455388245</LatitudeDegrees>
              <LongitudeDegrees>114.19971357440778</LongitudeDegrees>
            </Position>
            <AltitudeMeters>312.04</AltitudeMeters>
            <DistanceMeters>1706.8399658203125</DistanceMeters>
            <Extensions>
              <ns3:TPX>
                <ns3:Speed>2.7899999618530273</ns3:Speed>
                <ns3:RunCadence>84</ns3:RunCadence>
              </ns3:TPX>
            </Extensions>
          </Trackpoint>
          <Trackpoint>
            <Time>2020-12-31T23:20:49.000Z</Time>
            <Position>
              <LatitudeDegrees>22.33293807187563</LatitudeDegrees>
              <LongitudeDegrees>114.19945030742707</LongitudeDegrees>
            </Position>
            <AltitudeMeters>312.16</AltitudeMeters>
            <DistanceMeters>1729.2900390625</DistanceMeters>
            <Extensions>
              <ns3:TPX>
                <ns3:Speed>2.7899999618530273</ns3:Speed>
                <ns3:RunCadence>82</ns3:RunCadence>
              </ns3:TPX>
            </Extensions>
          </Trackpoint>
          <Trackpoint>
            <Time>2020-12-31T23:20:50.000Z</Time>
            <Position>
              <LatitudeDegrees>22.332934557253164</LatitudeDegrees>
              <LongitudeDegrees>114.19941770807765</LongitudeDegrees>
            </Position>
            <AltitudeMeters>312.18</AltitudeMeters>
            <DistanceMeters>1732.0699462890625</DistanceMeters>
            <Extensions>
              <ns3:TPX>
                <ns3:Speed>2.7809998989105225</ns3:Speed>
                <ns3:RunCadence>83</ns3:RunCadence>
              </ns3:TPX>
            </Extensions>
          </Trackpoint>
          <Trackpoint>
            <Time>2020-12-31T23:20:58.000Z</Time>
            <Position>
              <LatitudeDegrees>22.332973032427528</LatitudeDegrees>
              <LongitudeDegrees>114.19916226614724</LongitudeDegrees>
            </Position>
            <AltitudeMeters>312.13</AltitudeMeters>
            <DistanceMeters>1754.1600341796875</DistanceMeters>
            <Extensions>
              <ns3:TPX>
                <ns3:Speed>2.7809998989105225</ns3:Speed>
                <ns3:RunCadence>84</ns3:RunCadence>
              </ns3:TPX>
            </Extensions>
          </Trackpoint>
          <Trackpoint>
            <Time>2020-12-31T23:21:06.000Z</Time>
            <Position>
              <LatitudeDegrees>22.333025238177726</LatitudeDegrees>
              <LongitudeDegrees>114.19890547167371</LongitudeDegrees>
            </Position>
            <AltitudeMeters>312.05</AltitudeMeters>
            <DistanceMeters>1776.4300537109375</DistanceMeters>
            <Extensions>
              <ns3:TPX>
                <ns3:Speed>2.809000015258789</ns3:Speed>
                <ns3:RunCadence>83</ns3:RunCadence>
              </ns3:TPX>
            </Extensions>
          </Trackpoint>
          <Trackpoint>
            <Time>2020-12-31T23:21:14.000Z</Time>
            <Position>
              <LatitudeDegrees>22.33307779533149</LatitudeDegrees>
              <LongitudeDegrees>114.19864694868382</LongitudeDegrees>
            </Position>
            <AltitudeMeters>311.97</AltitudeMeters>
            <DistanceMeters>1798.8499755859375</DistanceMeters>
            <Extensions>
              <ns3:TPX>
                <ns3:Speed>2.7809998989105225</ns3:Speed>
                <ns3:RunCadence>83</ns3:RunCadence>
              </ns3:TPX>
            </Extensions>
          </Trackpoint>
          <Trackpoint>
            <Time>2020-12-31T23:21:22.000Z</Time>
            <Position>
              <LatitudeDegrees>22.33312981364737</LatitudeDegrees>
              <LongitudeDegrees>114.19839107617953</LongitudeDegrees>
            </Position>
            <AltitudeMeters>311.89</AltitudeMeters>
            <DistanceMeters>1821.0400390625</DistanceMeters>
            <Extensions>
              <ns3:TPX>
                <ns3:Speed>2.753000020980835</ns3:Speed>
                <ns3:RunCadence>83</ns3:RunCadence>
              </ns3:TPX>
            </Extensions>
          </Trackpoint>
          <Trackpoint>
            <Time>2020-12-31T23:21:30.000Z</Time>
            <Position>
              <LatitudeDegrees>22.33318150345243</LatitudeDegrees>
              <LongitudeDegrees>114.19813681958469</LongitudeDegrees>
            </Position>
            <AltitudeMeters>311.81</AltitudeMeters>
            <DistanceMeters>1843.0899658203125</DistanceMeters>
            <Extensions>
              <ns3:TPX>
                <ns3:Speed>2.76200008392334</ns3:Speed>
                <ns3:RunCadence>83</ns3:RunCadence>
              </ns3:TPX>
            </Extensions>
          </Trackpoint>
          <Trackpoint>
            <Time>2020-12-31T23:21:38.000Z</Time>
            <Position>
              <LatitudeDegrees>22.3333170891112</LatitudeDegrees>
              <LongitudeDegrees>114.19792613256014</LongitudeDegrees>
            </Position>
            <AltitudeMeters>312.2</AltitudeMeters>
            <DistanceMeters>1865.0899658203125</DistanceMeters>
            <Extensions>
              <ns3:TPX>
                <ns3:Speed>2.7339999675750732</ns3:Speed>
                <ns3:RunCadence>83</ns3:RunCadence>
              </ns3:TPX>
            </Extensions>
          </Trackpoint>
          <Trackpoint>
            <Time>2020-12-31T23:21:46.000Z</Time>
            <Position>
              <LatitudeDegrees>22.333530047649052</LatitudeDegrees>
              <LongitudeDegrees>114.19780794454589</LongitudeDegrees>
            </Position>
            <AltitudeMeters>312.05</AltitudeMeters>
            <DistanceMeters>1887.010009765625</DistanceMeters>
            <Extensions>
              <ns3:TPX>
                <ns3:Speed>2.7339999675750732</ns3:Speed>
                <ns3:RunCadence>83</ns3:RunCadence>
              </ns3:TPX>
            </Extensions>
          </Trackpoint>
          <Trackpoint>
            <Time>2020-12-31T23:21:49.000Z</Time>
            <Position>
              <LatitudeDegrees>22.33360942160547</LatitudeDegrees>
              <LongitudeDegrees>114.19776389348137</LongitudeDegrees>
            </Position>
            <AltitudeMeters>312.0</AltitudeMeters>
            <DistanceMeters>1895.1800537109375</DistanceMeters>
            <Extensions>
              <ns3:TPX>
                <ns3:Speed>2.7149999141693115</ns3:Speed>
                <ns3:RunCadence>83</ns3:RunCadence>
              </ns3:TPX>
            </Extensions>
          </Trackpoint>
          <Trackpoint>
            <Time>2020-12-31T23:21:57.000Z</Time>
            <Position>
              <LatitudeDegrees>22.333819465096255</LatitudeDegrees>
              <LongitudeDegrees>114.19764732326382</LongitudeDegrees>
            </Position>
            <AltitudeMeters>311.85</AltitudeMeters>
            <DistanceMeters>1916.800048828125</DistanceMeters>
            <Extensions>
              <ns3:TPX>
                <ns3:Speed>2.7060000896453857</ns3:Speed>
                <ns3:RunCadence>84</ns3:RunCadence>
              </ns3:TPX>
            </Extensions>
          </Trackpoint>
          <Trackpoint>
            <Time>2020-12-31T23:22:05.000Z</Time>
            <Position>
              <LatitudeDegrees>22.333989265043233</LatitudeDegrees>
              <LongitudeDegrees>114.19754841025038</LongitudeDegrees>
            </Position>
            <AltitudeMeters>312.4</AltitudeMeters>
            <DistanceMeters>1938.6600341796875</DistanceMeters>
            <Extensions>
              <ns3:TPX>
                <ns3:Speed>2.743000030517578</ns3:Speed>
                <ns3:RunCadence>83</ns3:RunCadence>
              </ns3:TPX>
            </Extensions>
          </Trackpoint>
          <Trackpoint>
            <Time>2020-12-31T23:22:13.000Z</Time>
            <Position>
              <LatitudeDegrees>22.333792052150446</LatitudeDegrees>
              <LongitudeDegrees>114.19740895499427</LongitudeDegrees>
            </Position>
            <AltitudeMeters>312.2</AltitudeMeters>
            <DistanceMeters>1960.5</DistanceMeters>
            <Extensions>
              <ns3:TPX>
                <ns3:Speed>2.7249999046325684</ns3:Speed>
                <ns3:RunCadence>83</ns3:RunCadence>
              </ns3:TPX>
            </Extensions>
          </Trackpoint>
          <Trackpoint>
            <Time>2020-12-31T23:22:21.000Z</Time>
            <Position>
              <LatitudeDegrees>22.333588917413994</LatitudeDegrees>
              <LongitudeDegrees>114.19729074088006</LongitudeDegrees>
            </Position>
            <AltitudeMeters>312.2</AltitudeMeters>
            <DistanceMeters>1982.25</DistanceMeters>
            <Extensions>
              <ns3:TPX>
                <ns3:Speed>2.7149999141693115</ns3:Speed>
                <ns3:RunCadence>83</ns3:RunCadence>
              </ns3:TPX>
            </Extensions>
          </Trackpoint>
          <Trackpoint>
            <Time>2020-12-31T23:22:28.000Z</Time>
            <Position>
              <LatitudeDegrees>22.333432827101984</LatitudeDegrees>
              <LongitudeDegrees>114.19714367458323</LongitudeDegrees>
            </Position>
            <AltitudeMeters>312.2</AltitudeMeters>
            <DistanceMeters>2001.3399658203125</DistanceMeters>
            <Extensions>
              <ns3:TPX>
                <ns3:Speed>2.7339999675750732</ns3:Speed>
                <ns3:RunCadence>83</ns3:RunCadence>
              </ns3:TPX>
            </Extensions>
          </Trackpoint>
        </Track>
        <Extensions>
          <ns3:LX>
            <ns3:AvgSpeed>2.8610000610351562</ns3:AvgSpeed>
            <ns3:AvgRunCadence>84</ns3:AvgRunCadence>
            <ns3:MaxRunCadence>87</ns3:MaxRunCadence>
          </ns3:LX>
        </Extensions>
      </Lap>
      <Lap StartTime="2020-12-31T23:22:29.000Z">
        <TotalTimeSeconds>359.284</TotalTimeSeconds>
        <DistanceMeters>1000.0</DistanceMeters>
        <MaximumSpeed>2.994999885559082</MaximumSpeed>
        <Calories>70</Calories>
        <Intensity>Active</Intensity>
        <TriggerMethod>Manual</TriggerMethod>
        <Track>
          <Trackpoint>
            <Time>2020-12-31T23:22:36.000Z</Time>
            <Position>
              <LatitudeDegrees>22.333259764772517</LatitudeDegrees>
              <LongitudeDegrees>114.19715355977316</LongitudeDegrees>
            </Position>
            <AltitudeMeters>312.08</AltitudeMeters>
            <DistanceMeters>2023.449951171875</DistanceMeters>
            <Extensions>
              <ns3:TPX>
                <ns3:Speed>2.7990000247955322</ns3:Speed>
                <ns3:RunCadence>84</ns3:RunCadence>
              </ns3:TPX>
            </Extensions>
          </Trackpoint>
          <Trackpoint>
            <Time>2020-12-31T23:22:44.000Z</Time>
            <Position>
              <LatitudeDegrees>22.333033720199378</LatitudeDegrees>
              <LongitudeDegrees>114.19724890930041</LongitudeDegrees>
            </Position>
            <AltitudeMeters>312.32</AltitudeMeters>
            <DistanceMeters>2045.93994140625</DistanceMeters>
            <Extensions>
              <ns3:TPX>
                <ns3:Speed>2.8459999561309814</ns3:Speed>
                <ns3:RunCadence>85</ns3:RunCadence>
              </ns3:TPX>
            </Extensions>
          </Trackpoint>
          <Trackpoint>
            <Time>2020-12-31T23:22:51.000Z</Time>
            <Position>
              <LatitudeDegrees>22.332834792255255</LatitudeDegrees>
              <LongitudeDegrees>114.19733994002664</LongitudeDegrees>
            </Position>
            <AltitudeMeters>312.13</AltitudeMeters>
            <DistanceMeters>2066.14990234375</DistanceMeters>
            <Extensions>
              <ns3:TPX>
                <ns3:Speed>2.8929998874664307</ns3:Speed>
                <ns3:RunCadence>85</ns3:RunCadence>
              </ns3:TPX>
            </Extensions>
          </Trackpoint>
          <Trackpoint>
            <Time>2020-12-31T23:22:58.000Z</Time>
            <Position>
              <LatitudeDegrees>22.332672157261015</LatitudeDegrees>
              <LongitudeDegrees>114.19750245910141</LongitudeDegrees>
            </Position>
            <AltitudeMeters>311.85</AltitudeMeters>
            <DistanceMeters>2086.429931640625</DistanceMeters>
            <Extensions>
              <ns3:TPX>
                <ns3:Speed>2.874000072479248</ns3:Speed>
                <ns3:RunCadence>84</ns3:RunCadence>
              </ns3:TPX>
            </Extensions>
          </Trackpoint>
          <Trackpoint>
            <Time>2020-12-31T23:23:06.000Z</Time>
            <Position>
              <LatitudeDegrees>22.33245023563943</LatitudeDegrees>
              <LongitudeDegrees>114.19745782935995</LongitudeDegrees>
            </Position>
            <AltitudeMeters>311.59</AltitudeMeters>
            <DistanceMeters>2109.260009765625</DistanceMeters>
            <Extensions>
              <ns3:TPX>
                <ns3:Speed>2.8369998931884766</ns3:Speed>
                <ns3:RunCadence>84</ns3:RunCadence>
              </ns3:TPX>
            </Extensions>
          </Trackpoint>
          <Trackpoint>
            <Time>2020-12-31T23:23:14.000Z</Time>
            <Position>
              <LatitudeDegrees>22.332367429055417</LatitudeDegrees>
              <LongitudeDegrees>114.19728866862202</LongitudeDegrees>
            </Position>
            <AltitudeMeters>311.51</AltitudeMeters>
            <DistanceMeters>2131.860107421875</DistanceMeters>
            <Extensions>
              <ns3:TPX>
                <ns3:Speed>2.818000078201294</ns3:Speed>
                <ns3:RunCadence>84</ns3:RunCadence>
              </ns3:TPX>
            </Extensions>
          </Trackpoint>
          <Trackpoint>
            <Time>2020-12-31T23:23:22.000Z</Time>
            <Position>
              <LatitudeDegrees>22.33235370099066</LatitudeDegrees>
              <LongitudeDegrees>114.19702376644969</LongitudeDegrees>
            </Position>
            <AltitudeMeters>311.81</AltitudeMeters>
            <DistanceMeters>2154.5</DistanceMeters>
            <Extensions>
              <ns3:TPX>
                <ns3:Speed>2.8269999027252197</ns3:Speed>
                <ns3:RunCadence>84</ns3:RunCadence>
              </ns3:TPX>
            </Extensions>
          </Trackpoint>
          <Trackpoint>
            <Time>2020-12-31T23:23:30.000Z</Time>
            <Position>
              <LatitudeDegrees>22.33225440050736</LatitudeDegrees>
              <LongitudeDegrees>114.19678374587633</LongitudeDegrees>
            </Position>
            <AltitudeMeters>312.14</AltitudeMeters>
            <DistanceMeters>2177.159912109375</DistanceMeters>
            <Extensions>
              <ns3:TPX>
                <ns3:Speed>2.8550000190734863</ns3:Speed>
                <ns3:RunCadence>83</ns3:RunCadence>
              </ns3:TPX>
            </Extensions>
          </Trackpoint>
          <Trackpoint>
            <Time>2020-12-31T23:23:38.000Z</Time>
            <Position>
              <LatitudeDegrees>22.332036258135865</LatitudeDegrees>
              <LongitudeDegrees>114.1967697522332</LongitudeDegrees>
            </Position>
            <AltitudeMeters>311.88</AltitudeMeters>
            <DistanceMeters>2199.889892578125</DistanceMeters>
            <Extensions>
              <ns3:TPX>
                <ns3:Speed>2.818000078201294</ns3:Speed>
                <ns3:RunCadence>83</ns3:RunCadence>
              </ns3:TPX>
            </Extensions>
          </Trackpoint>
          <Trackpoint>
            <Time>2020-12-31T23:23:46.000Z</Time>
            <Position>
              <LatitudeDegrees>22.33185116619133</LatitudeDegrees>
              <LongitudeDegrees>114.19692870643202</LongitudeDegrees>
            </Position>
            <AltitudeMeters>311.8</AltitudeMeters>
            <DistanceMeters>2222.1201171875</DistanceMeters>
            <Extensions>
              <ns3:TPX>
                <ns3:Speed>2.753000020980835</ns3:Speed>
                <ns3:RunCadence>85</ns3:RunCadence>
              </ns3:TPX>
            </Extensions>
          </Trackpoint>
          <Trackpoint>
            <Time>2020-12-31T23:23:54.000Z</Time>
            <Position>
              <LatitudeDegrees>22.33169411333064</LatitudeDegrees>
              <LongitudeDegrees>114.19712495091335</LongitudeDegrees>
            </Position>
            <AltitudeMeters>311.8</AltitudeMeters>
            <DistanceMeters>2244.139892578125</DistanceMeters>
            <Extensions>
              <ns3:TPX>
                <ns3:Speed>2.7709999084472656</ns3:Speed>
                <ns3:RunCadence>85</ns3:RunCadence>
              </ns3:TPX>
            </Extensions>
          </Trackpoint>
          <Trackpoint>
            <Time>2020-12-31T23:24:01.000Z</Time>
            <Position>
              <LatitudeDegrees>22.33165777953411</LatitudeDegrees>
              <LongitudeDegrees>114.19731739778106</LongitudeDegrees>
            </Position>
            <AltitudeMeters>312.44</AltitudeMeters>
            <DistanceMeters>2263.52001953125</DistanceMeters>
            <Extensions>
              <ns3:TPX>
                <ns3:Speed>2.7809998989105225</ns3:Speed>
                <ns3:RunCadence>85</ns3:RunCadence>
              </ns3:TPX>
            </Extensions>
          </Trackpoint>
          <Trackpoint>
            <Time>2020-12-31T23:24:08.000Z</Time>
            <Position>
              <LatitudeDegrees>22.331776455161947</LatitudeDegrees>
              <LongitudeDegrees>114.19752120636403</LongitudeDegrees>
            </Position>
            <AltitudeMeters>312.26</AltitudeMeters>
            <DistanceMeters>2283.929931640625</DistanceMeters>
            <Extensions>
              <ns3:TPX>
                <ns3:Speed>2.994999885559082</ns3:Speed>
                <ns3:RunCadence>85</ns3:RunCadence>
              </ns3:TPX>
            </Extensions>
          </Trackpoint>
          <Trackpoint>
            <Time>2020-12-31T23:24:15.000Z</Time>
            <Position>
              <LatitudeDegrees>22.33180316615318</LatitudeDegrees>
              <LongitudeDegrees>114.19773199414071</LongitudeDegrees>
            </Position>
            <AltitudeMeters>312.2</AltitudeMeters>
            <DistanceMeters>2304.820068359375</DistanceMeters>
            <Extensions>
              <ns3:TPX>
                <ns3:Speed>2.9670000076293945</ns3:Speed>
                <ns3:RunCadence>85</ns3:RunCadence>
              </ns3:TPX>
            </Extensions>
          </Trackpoint>
          <Trackpoint>
            <Time>2020-12-31T23:24:22.000Z</Time>
            <Position>
              <LatitudeDegrees>22.331717495581852</LatitudeDegrees>
              <LongitudeDegrees>114.19795122183687</LongitudeDegrees>
            </Position>
            <AltitudeMeters>312.6</AltitudeMeters>
            <DistanceMeters>2325.449951171875</DistanceMeters>
            <Extensions>
              <ns3:TPX>
                <ns3:Speed>2.9210000038146973</ns3:Speed>
                <ns3:RunCadence>84</ns3:RunCadence>
              </ns3:TPX>
            </Extensions>
          </Trackpoint>
          <Trackpoint>
            <Time>2020-12-31T23:24:29.000Z</Time>
            <Position>
              <LatitudeDegrees>22.33165359140208</LatitudeDegrees>
              <LongitudeDegrees>114.19817612952296</LongitudeDegrees>
            </Position>
            <AltitudeMeters>312.27</AltitudeMeters>
            <DistanceMeters>2345.760009765625</DistanceMeters>
            <Extensions>
              <ns3:TPX>
                <ns3:Speed>2.882999897003174</ns3:Speed>
                <ns3:RunCadence>84</ns3:RunCadence>
              </ns3:TPX>
            </Extensions>
          </Trackpoint>
          <Trackpoint>
            <Time>2020-12-31T23:24:37.000Z</Time>
            <Position>
              <LatitudeDegrees>22.331761498158922</LatitudeDegrees>
              <LongitudeDegrees>114.19828550195957</LongitudeDegrees>
            </Position>
            <AltitudeMeters>312.29</AltitudeMeters>
            <DistanceMeters>2368.449951171875</DistanceMeters>
            <Extensions>
              <ns3:TPX>
                <ns3:Speed>2.818000078201294</ns3:Speed>
                <ns3:RunCadence>85</ns3:RunCadence>
              </ns3:TPX>
            </Extensions>
          </Trackpoint>
          <Trackpoint>
            <Time>2020-12-31T23:24:45.000Z</Time>
            <Position>
              <LatitudeDegrees>22.332001947569896</LatitudeDegrees>
              <LongitudeDegrees>114.19830221156751</LongitudeDegrees>
            </Position>
            <AltitudeMeters>312.07</AltitudeMeters>
            <DistanceMeters>2390.52001953125</DistanceMeters>
            <Extensions>
              <ns3:TPX>
                <ns3:Speed>2.697000026702881</ns3:Speed>
                <ns3:RunCadence>87</ns3:RunCadence>
              </ns3:TPX>
            </Extensions>
          </Trackpoint>
          <Trackpoint>
            <Time>2020-12-31T23:24:50.000Z</Time>
            <Position>
              <LatitudeDegrees>22.33214447738085</LatitudeDegrees>
              <LongitudeDegrees>114.19833859725283</LongitudeDegrees>
            </Position>
            <AltitudeMeters>311.81</AltitudeMeters>
            <DistanceMeters>2404.010009765625</DistanceMeters>
            <Extensions>
              <ns3:TPX>
                <ns3:Speed>2.7060000896453857</ns3:Speed>
                <ns3:RunCadence>84</ns3:RunCadence>
              </ns3:TPX>
            </Extensions>
          </Trackpoint>
          <Trackpoint>
            <Time>2020-12-31T23:24:58.000Z</Time>
            <Position>
              <LatitudeDegrees>22.332316904032336</LatitudeDegrees>
              <LongitudeDegrees>114.19851261239926</LongitudeDegrees>
            </Position>
            <AltitudeMeters>311.7</AltitudeMeters>
            <DistanceMeters>2425.72998046875</DistanceMeters>
            <Extensions>
              <ns3:TPX>
                <ns3:Speed>2.7149999141693115</ns3:Speed>
                <ns3:RunCadence>84</ns3:RunCadence>
              </ns3:TPX>
            </Extensions>
          </Trackpoint>
          <Trackpoint>
            <Time>2020-12-31T23:25:05.000Z</Time>
            <Position>
              <LatitudeDegrees>22.332425307203092</LatitudeDegrees>
              <LongitudeDegrees>114.19869982513136</LongitudeDegrees>
            </Position>
            <AltitudeMeters>311.89</AltitudeMeters>
            <DistanceMeters>2444.64990234375</DistanceMeters>
            <Extensions>
              <ns3:TPX>
                <ns3:Speed>2.697000026702881</ns3:Speed>
                <ns3:RunCadence>82</ns3:RunCadence>
              </ns3:TPX>
            </Extensions>
          </Trackpoint>
          <Trackpoint>
            <Time>2020-12-31T23:25:13.000Z</Time>
            <Position>
              <LatitudeDegrees>22.33248150167399</LatitudeDegrees>
              <LongitudeDegrees>114.19894344070556</LongitudeDegrees>
            </Position>
            <AltitudeMeters>311.76</AltitudeMeters>
            <DistanceMeters>2466.050048828125</DistanceMeters>
            <Extensions>
              <ns3:TPX>
                <ns3:Speed>2.621999979019165</ns3:Speed>
                <ns3:RunCadence>83</ns3:RunCadence>
              </ns3:TPX>
            </Extensions>
          </Trackpoint>
          <Trackpoint>
            <Time>2020-12-31T23:25:21.000Z</Time>
            <Position>
              <LatitudeDegrees>22.332519501950962</LatitudeDegrees>
              <LongitudeDegrees>114.19918374214946</LongitudeDegrees>
            </Position>
            <AltitudeMeters>312.23</AltitudeMeters>
            <DistanceMeters>2486.77001953125</DistanceMeters>
            <Extensions>
              <ns3:TPX>
                <ns3:Speed>2.621999979019165</ns3:Speed>
                <ns3:RunCadence>84</ns3:RunCadence>
              </ns3:TPX>
            </Extensions>
          </Trackpoint>
          <Trackpoint>
            <Time>2020-12-31T23:25:27.000Z</Time>
            <Position>
              <LatitudeDegrees>22.33256027328192</LatitudeDegrees>
              <LongitudeDegrees>114.19936654672047</LongitudeDegrees>
            </Position>
            <AltitudeMeters>312.14</AltitudeMeters>
            <DistanceMeters>2502.699951171875</DistanceMeters>
            <Extensions>
              <ns3:TPX>
                <ns3:Speed>2.6689999103546143</ns3:Speed>
                <ns3:RunCadence>83</ns3:RunCadence>
              </ns3:TPX>
            </Extensions>
          </Trackpoint>
          <Trackpoint>
            <Time>2020-12-31T23:25:35.000Z</Time>
            <Position>
              <LatitudeDegrees>22.33260460374004</LatitudeDegrees>
              <LongitudeDegrees>114.19961410826531</LongitudeDegrees>
            </Position>
            <AltitudeMeters>311.71</AltitudeMeters>
            <DistanceMeters>2524.070068359375</DistanceMeters>
            <Extensions>
              <ns3:TPX>
                <ns3:Speed>2.6589999198913574</ns3:Speed>
                <ns3:RunCadence>84</ns3:RunCadence>
              </ns3:TPX>
            </Extensions>
          </Trackpoint>
          <Trackpoint>
            <Time>2020-12-31T23:25:43.000Z</Time>
            <Position>
              <LatitudeDegrees>22.332714451912317</LatitudeDegrees>
              <LongitudeDegrees>114.19980270996867</LongitudeDegrees>
            </Position>
            <AltitudeMeters>311.6</AltitudeMeters>
            <DistanceMeters>2545.5</DistanceMeters>
            <Extensions>
              <ns3:TPX>
                <ns3:Speed>2.697000026702881</ns3:Speed>
                <ns3:RunCadence>84</ns3:RunCadence>
              </ns3:TPX>
            </Extensions>
          </Trackpoint>
          <Trackpoint>
            <Time>2020-12-31T23:25:51.000Z</Time>
            <Position>
              <LatitudeDegrees>22.33292944883789</LatitudeDegrees>
              <LongitudeDegrees>114.19990501671771</LongitudeDegrees>
            </Position>
            <AltitudeMeters>311.6</AltitudeMeters>
            <DistanceMeters>2567.010009765625</DistanceMeters>
            <Extensions>
              <ns3:TPX>
                <ns3:Speed>2.687000036239624</ns3:Speed>
                <ns3:RunCadence>83</ns3:RunCadence>
              </ns3:TPX>
            </Extensions>
          </Trackpoint>
          <Trackpoint>
            <Time>2020-12-31T23:25:59.000Z</Time>
            <Position>
              <LatitudeDegrees>22.333144145614533</LatitudeDegrees>
              <LongitudeDegrees>114.20000718064023</LongitudeDegrees>
            </Position>
            <AltitudeMeters>311.6</AltitudeMeters>
            <DistanceMeters>2588.489990234375</DistanceMeters>
            <Extensions>
              <ns3:TPX>
                <ns3:Speed>2.687000036239624</ns3:Speed>
                <ns3:RunCadence>83</ns3:RunCadence>
              </ns3:TPX>
            </Extensions>
          </Trackpoint>
          <Trackpoint>
            <Time>2020-12-31T23:26:07.000Z</Time>
            <Position>
              <LatitudeDegrees>22.333362141589216</LatitudeDegrees>
              <LongitudeDegrees>114.20011091449324</LongitudeDegrees>
            </Position>
            <AltitudeMeters>311.6</AltitudeMeters>
            <DistanceMeters>2610.300048828125</DistanceMeters>
            <Extensions>
              <ns3:TPX>
                <ns3:Speed>2.753000020980835</ns3:Speed>
                <ns3:RunCadence>84</ns3:RunCadence>
              </ns3:TPX>
            </Extensions>
          </Trackpoint>
          <Trackpoint>
            <Time>2020-12-31T23:26:15.000Z</Time>
            <Position>
              <LatitudeDegrees>22.333584334768506</LatitudeDegrees>
              <LongitudeDegrees>114.20021664559508</LongitudeDegrees>
            </Position>
            <AltitudeMeters>311.6</AltitudeMeters>
            <DistanceMeters>2632.530029296875</DistanceMeters>
            <Extensions>
              <ns3:TPX>
                <ns3:Speed>2.809000015258789</ns3:Speed>
                <ns3:RunCadence>85</ns3:RunCadence>
              </ns3:TPX>
            </Extensions>
          </Trackpoint>
          <Trackpoint>
            <Time>2020-12-31T23:26:23.000Z</Time>
            <Position>
              <LatitudeDegrees>22.333812225897073</LatitudeDegrees>
              <LongitudeDegrees>114.20032508807832</LongitudeDegrees>
            </Position>
            <AltitudeMeters>311.6</AltitudeMeters>
            <DistanceMeters>2655.330078125</DistanceMeters>
            <Extensions>
              <ns3:TPX>
                <ns3:Speed>2.8550000190734863</ns3:Speed>
                <ns3:RunCadence>86</ns3:RunCadence>
              </ns3:TPX>
            </Extensions>
          </Trackpoint>
          <Trackpoint>
            <Time>2020-12-31T23:26:30.000Z</Time>
            <Position>
              <LatitudeDegrees>22.334013027974276</LatitudeDegrees>
              <LongitudeDegrees>114.20042064017825</LongitudeDegrees>
            </Position>
            <AltitudeMeters>311.6</AltitudeMeters>
            <DistanceMeters>2675.419921875</DistanceMeters>
            <Extensions>
              <ns3:TPX>
                <ns3:Speed>2.874000072479248</ns3:Speed>
                <ns3:RunCadence>84</ns3:RunCadence>
              </ns3:TPX>
            </Extensions>
          </Trackpoint>
          <Trackpoint>
            <Time>2020-12-31T23:26:37.000Z</Time>
            <Position>
              <LatitudeDegrees>22.334213332243486</LatitudeDegrees>
              <LongitudeDegrees>114.20051595539519</LongitudeDegrees>
            </Position>
            <AltitudeMeters>311.6</AltitudeMeters>
            <DistanceMeters>2695.4599609375</DistanceMeters>
            <Extensions>
              <ns3:TPX>
                <ns3:Speed>2.8459999561309814</ns3:Speed>
                <ns3:RunCadence>84</ns3:RunCadence>
              </ns3:TPX>
            </Extensions>
          </Trackpoint>
          <Trackpoint>
            <Time>2020-12-31T23:26:45.000Z</Time>
            <Position>
              <LatitudeDegrees>22.33443742392579</LatitudeDegrees>
              <LongitudeDegrees>114.20062258990377</LongitudeDegrees>
            </Position>
            <AltitudeMeters>311.6</AltitudeMeters>
            <DistanceMeters>2717.8798828125</DistanceMeters>
            <Extensions>
              <ns3:TPX>
                <ns3:Speed>2.7709999084472656</ns3:Speed>
                <ns3:RunCadence>84</ns3:RunCadence>
              </ns3:TPX>
            </Extensions>
          </Trackpoint>
          <Trackpoint>
            <Time>2020-12-31T23:26:53.000Z</Time>
            <Position>
              <LatitudeDegrees>22.3344329146264</LatitudeDegrees>
              <LongitudeDegrees>114.20068158114898</LongitudeDegrees>
            </Position>
            <AltitudeMeters>311.82</AltitudeMeters>
            <DistanceMeters>2739.610107421875</DistanceMeters>
            <Extensions>
              <ns3:TPX>
                <ns3:Speed>2.697000026702881</ns3:Speed>
                <ns3:RunCadence>84</ns3:RunCadence>
              </ns3:TPX>
            </Extensions>
          </Trackpoint>
          <Trackpoint>
            <Time>2020-12-31T23:27:01.000Z</Time>
            <Position>
              <LatitudeDegrees>22.33420109496137</LatitudeDegrees>
              <LongitudeDegrees>114.20072214406812</LongitudeDegrees>
            </Position>
            <AltitudeMeters>311.42</AltitudeMeters>
            <DistanceMeters>2761.2099609375</DistanceMeters>
            <Extensions>
              <ns3:TPX>
                <ns3:Speed>2.7149999141693115</ns3:Speed>
                <ns3:RunCadence>85</ns3:RunCadence>
              </ns3:TPX>
            </Extensions>
          </Trackpoint>
          <Trackpoint>
            <Time>2020-12-31T23:27:09.000Z</Time>
            <Position>
              <LatitudeDegrees>22.333983662308093</LatitudeDegrees>
              <LongitudeDegrees>114.20064092212195</LongitudeDegrees>
            </Position>
            <AltitudeMeters>311.38</AltitudeMeters>
            <DistanceMeters>2783.199951171875</DistanceMeters>
            <Extensions>
              <ns3:TPX>
                <ns3:Speed>2.7899999618530273</ns3:Speed>
                <ns3:RunCadence>84</ns3:RunCadence>
              </ns3:TPX>
            </Extensions>
          </Trackpoint>
          <Trackpoint>
            <Time>2020-12-31T23:27:17.000Z</Time>
            <Position>
              <LatitudeDegrees>22.333764317924505</LatitudeDegrees>
              <LongitudeDegrees>114.20051663729073</LongitudeDegrees>
            </Position>
            <AltitudeMeters>311.6</AltitudeMeters>
            <DistanceMeters>2805.8798828125</DistanceMeters>
            <Extensions>
              <ns3:TPX>
                <ns3:Speed>2.8550000190734863</ns3:Speed>
                <ns3:RunCadence>84</ns3:RunCadence>
              </ns3:TPX>
            </Extensions>
          </Trackpoint>
          <Trackpoint>
            <Time>2020-12-31T23:27:25.000Z</Time>
            <Position>
              <LatitudeDegrees>22.3336402940625</LatitudeDegrees>
              <LongitudeDegrees>114.20031032201044</LongitudeDegrees>
            </Position>
            <AltitudeMeters>311.66</AltitudeMeters>
            <DistanceMeters>2828.639892578125</DistanceMeters>
            <Extensions>
              <ns3:TPX>
                <ns3:Speed>2.8269999027252197</ns3:Speed>
                <ns3:RunCadence>84</ns3:RunCadence>
              </ns3:TPX>
            </Extensions>
          </Trackpoint>
          <Trackpoint>
            <Time>2020-12-31T23:27:33.000Z</Time>
            <Position>
              <LatitudeDegrees>22.333591959338246</LatitudeDegrees>
              <LongitudeDegrees>114.20004902877695</LongitudeDegrees>
            </Position>
            <AltitudeMeters>311.78</AltitudeMeters>
            <DistanceMeters>2851.2099609375</DistanceMeters>
            <Extensions>
              <ns3:TPX>
                <ns3:Speed>2.818000078201294</ns3:Speed>
                <ns3:RunCadence>84</ns3:RunCadence>
              </ns3:TPX>
            </Extensions>
          </Trackpoint>
          <Trackpoint>
            <Time>2020-12-31T23:27:41.000Z</Time>
            <Position>
              <LatitudeDegrees>22.33362802844336</LatitudeDegrees>
              <LongitudeDegrees>114.20012016553916</LongitudeDegrees>
            </Position>
            <AltitudeMeters>312.4</AltitudeMeters>
            <DistanceMeters>2873.699951171875</DistanceMeters>
            <Extensions>
              <ns3:TPX>
                <ns3:Speed>2.7990000247955322</ns3:Speed>
                <ns3:RunCadence>84</ns3:RunCadence>
              </ns3:TPX>
            </Extensions>
          </Trackpoint>
          <Trackpoint>
            <Time>2020-12-31T23:27:49.000Z</Time>
            <Position>
              <LatitudeDegrees>22.333803075082983</LatitudeDegrees>
              <LongitudeDegrees>114.20024036820745</LongitudeDegrees>
            </Position>
            <AltitudeMeters>312.47</AltitudeMeters>
            <DistanceMeters>2895.85009765625</DistanceMeters>
            <Extensions>
              <ns3:TPX>
                <ns3:Speed>2.753000020980835</ns3:Speed>
                <ns3:RunCadence>85</ns3:RunCadence>
              </ns3:TPX>
            </Extensions>
          </Trackpoint>
          <Trackpoint>
            <Time>2020-12-31T23:27:57.000Z</Time>
            <Position>
              <LatitudeDegrees>22.33377195560047</LatitudeDegrees>
              <LongitudeDegrees>114.20045704648363</LongitudeDegrees>
            </Position>
            <AltitudeMeters>312.6</AltitudeMeters>
            <DistanceMeters>2917.81005859375</DistanceMeters>
            <Extensions>
              <ns3:TPX>
                <ns3:Speed>2.7339999675750732</ns3:Speed>
                <ns3:RunCadence>84</ns3:RunCadence>
              </ns3:TPX>
            </Extensions>
          </Trackpoint>
          <Trackpoint>
            <Time>2020-12-31T23:28:05.000Z</Time>
            <Position>
              <LatitudeDegrees>22.333634216365255</LatitudeDegrees>
              <LongitudeDegrees>114.20065730623101</LongitudeDegrees>
            </Position>
            <AltitudeMeters>312.81</AltitudeMeters>
            <DistanceMeters>2939.639892578125</DistanceMeters>
            <Extensions>
              <ns3:TPX>
                <ns3:Speed>2.7339999675750732</ns3:Speed>
                <ns3:RunCadence>85</ns3:RunCadence>
              </ns3:TPX>
            </Extensions>
          </Trackpoint>
          <Trackpoint>
            <Time>2020-12-31T23:28:13.000Z</Time>
            <Position>
              <LatitudeDegrees>22.333489039973806</LatitudeDegrees>
              <LongitudeDegrees>114.20086332442924</LongitudeDegrees>
            </Position>
            <AltitudeMeters>312.72</AltitudeMeters>
            <DistanceMeters>2961.699951171875</DistanceMeters>
            <Extensions>
              <ns3:TPX>
                <ns3:Speed>2.7809998989105225</ns3:Speed>
                <ns3:RunCadence>84</ns3:RunCadence>
              </ns3:TPX>
            </Extensions>
          </Trackpoint>
          <Trackpoint>
            <Time>2020-12-31T23:28:21.000Z</Time>
            <Position>
              <LatitudeDegrees>22.33349155805423</LatitudeDegrees>
              <LongitudeDegrees>114.20106846837074</LongitudeDegrees>
            </Position>
            <AltitudeMeters>312.3</AltitudeMeters>
            <DistanceMeters>2984.030029296875</DistanceMeters>
            <Extensions>
              <ns3:TPX>
                <ns3:Speed>2.7990000247955322</ns3:Speed>
                <ns3:RunCadence>84</ns3:RunCadence>
              </ns3:TPX>
            </Extensions>
          </Trackpoint>
          <Trackpoint>
            <Time>2020-12-31T23:28:27.000Z</Time>
            <Position>
              <LatitudeDegrees>22.333583472349233</LatitudeDegrees>
              <LongitudeDegrees>114.20115265060424</LongitudeDegrees>
            </Position>
            <AltitudeMeters>312.6</AltitudeMeters>
            <DistanceMeters>3000.56005859375</DistanceMeters>
            <Extensions>
              <ns3:TPX>
                <ns3:Speed>2.743000030517578</ns3:Speed>
                <ns3:RunCadence>84</ns3:RunCadence>
              </ns3:TPX>
            </Extensions>
          </Trackpoint>
        </Track>
        <Extensions>
          <ns3:LX>
            <ns3:AvgSpeed>2.7829999923706055</ns3:AvgSpeed>
            <ns3:AvgRunCadence>84</ns3:AvgRunCadence>
            <ns3:MaxRunCadence>87</ns3:MaxRunCadence>
          </ns3:LX>
        </Extensions>
      </Lap>
      <Lap StartTime="2020-12-31T23:28:28.000Z">
        <TotalTimeSeconds>364.27</TotalTimeSeconds>
        <DistanceMeters>1000.0</DistanceMeters>
        <MaximumSpeed>2.8269999027252193</MaximumSpeed>
        <Calories>70</Calories>
        <Intensity>Active</Intensity>
        <TriggerMethod>Manual</TriggerMethod>
        <Track>
          <Trackpoint>
            <Time>2020-12-31T23:28:35.000Z</Time>
            <Position>
              <LatitudeDegrees>22.333614653810137</LatitudeDegrees>
              <LongitudeDegrees>114.20138588817498</LongitudeDegrees>
            </Position>
            <AltitudeMeters>313.33</AltitudeMeters>
            <DistanceMeters>3022.530029296875</DistanceMeters>
            <Extensions>
              <ns3:TPX>
                <ns3:Speed>2.743000030517578</ns3:Speed>
                <ns3:RunCadence>85</ns3:RunCadence>
              </ns3:TPX>
            </Extensions>
          </Trackpoint>
          <Trackpoint>
            <Time>2020-12-31T23:28:57.000Z</Time>
            <Position>
              <LatitudeDegrees>22.333711202639353</LatitudeDegrees>
              <LongitudeDegrees>114.20161607711427</LongitudeDegrees>
            </Position>
            <AltitudeMeters>313.23</AltitudeMeters>
            <DistanceMeters>3044.510009765625</DistanceMeters>
            <Extensions>
              <ns3:TPX>
                <ns3:Speed>2.753000020980835</ns3:Speed>
                <ns3:RunCadence>86</ns3:RunCadence>
              </ns3:TPX>
            </Extensions>
          </Trackpoint>
          <Trackpoint>
            <Time>2020-12-31T23:29:05.000Z</Time>
            <Position>
              <LatitudeDegrees>22.33389003747094</LatitudeDegrees>
              <LongitudeDegrees>114.20178659388489</LongitudeDegrees>
            </Position>
            <AltitudeMeters>312.59</AltitudeMeters>
            <DistanceMeters>3066.60009765625</DistanceMeters>
            <Extensions>
              <ns3:TPX>
                <ns3:Speed>2.7809998989105225</ns3:Speed>
                <ns3:RunCadence>86</ns3:RunCadence>
              </ns3:TPX>
            </Extensions>
          </Trackpoint>
          <Trackpoint>
            <Time>2020-12-31T23:29:13.000Z</Time>
            <Position>
              <LatitudeDegrees>22.334101442610017</LatitudeDegrees>
              <LongitudeDegrees>114.20191468730327</LongitudeDegrees>
            </Position>
            <AltitudeMeters>312.09</AltitudeMeters>
            <DistanceMeters>3088.800048828125</DistanceMeters>
            <Extensions>
              <ns3:TPX>
                <ns3:Speed>2.7709999084472656</ns3:Speed>
                <ns3:RunCadence>84</ns3:RunCadence>
              </ns3:TPX>
            </Extensions>
          </Trackpoint>
          <Trackpoint>
            <Time>2020-12-31T23:29:21.000Z</Time>
            <Position>
              <LatitudeDegrees>22.334304521455074</LatitudeDegrees>
              <LongitudeDegrees>114.20205403893658</LongitudeDegrees>
            </Position>
            <AltitudeMeters>311.59</AltitudeMeters>
            <DistanceMeters>3110.840087890625</DistanceMeters>
            <Extensions>
              <ns3:TPX>
                <ns3:Speed>2.753000020980835</ns3:Speed>
                <ns3:RunCadence>84</ns3:RunCadence>
              </ns3:TPX>
            </Extensions>
          </Trackpoint>
          <Trackpoint>
            <Time>2020-12-31T23:29:29.000Z</Time>
            <Position>
              <LatitudeDegrees>22.33451082198468</LatitudeDegrees>
              <LongitudeDegrees>114.20218573704356</LongitudeDegrees>
            </Position>
            <AltitudeMeters>311.31</AltitudeMeters>
            <DistanceMeters>3132.81005859375</DistanceMeters>
            <Extensions>
              <ns3:TPX>
                <ns3:Speed>2.753000020980835</ns3:Speed>
                <ns3:RunCadence>84</ns3:RunCadence>
              </ns3:TPX>
            </Extensions>
          </Trackpoint>
          <Trackpoint>
            <Time>2020-12-31T23:29:37.000Z</Time>
            <Position>
              <LatitudeDegrees>22.33472154396037</LatitudeDegrees>
              <LongitudeDegrees>114.20230017636835</LongitudeDegrees>
            </Position>
            <AltitudeMeters>311.94</AltitudeMeters>
            <DistanceMeters>3154.60009765625</DistanceMeters>
            <Extensions>
              <ns3:TPX>
                <ns3:Speed>2.7339999675750732</ns3:Speed>
                <ns3:RunCadence>86</ns3:RunCadence>
              </ns3:TPX>
            </Extensions>
          </Trackpoint>
          <Trackpoint>
            <Time>2020-12-31T23:29:45.000Z</Time>
            <Position>
              <LatitudeDegrees>22.334912050932704</LatitudeDegrees>
              <LongitudeDegrees>114.20246089151067</LongitudeDegrees>
            </Position>
            <AltitudeMeters>312.01</AltitudeMeters>
            <DistanceMeters>3176.739990234375</DistanceMeters>
            <Extensions>
              <ns3:TPX>
                <ns3:Speed>2.7709999084472656</ns3:Speed>
                <ns3:RunCadence>85</ns3:RunCadence>
              </ns3:TPX>
            </Extensions>
          </Trackpoint>
          <Trackpoint>
            <Time>2020-12-31T23:29:53.000Z</Time>
            <Position>
              <LatitudeDegrees>22.335035495324753</LatitudeDegrees>
              <LongitudeDegrees>114.2026722039572</LongitudeDegrees>
            </Position>
            <AltitudeMeters>311.71</AltitudeMeters>
            <DistanceMeters>3198.909912109375</DistanceMeters>
            <Extensions>
              <ns3:TPX>
                <ns3:Speed>2.76200008392334</ns3:Speed>
                <ns3:RunCadence>84</ns3:RunCadence>
              </ns3:TPX>
            </Extensions>
          </Trackpoint>
          <Trackpoint>
            <Time>2020-12-31T23:30:01.000Z</Time>
            <Position>
              <LatitudeDegrees>22.334931739826875</LatitudeDegrees>
              <LongitudeDegrees>114.20288195551576</LongitudeDegrees>
            </Position>
            <AltitudeMeters>311.88</AltitudeMeters>
            <DistanceMeters>3221.0400390625</DistanceMeters>
            <Extensions>
              <ns3:TPX>
                <ns3:Speed>2.7709999084472656</ns3:Speed>
                <ns3:RunCadence>84</ns3:RunCadence>
              </ns3:TPX>
            </Extensions>
          </Trackpoint>
          <Trackpoint>
            <Time>2020-12-31T23:30:04.000Z</Time>
            <Position>
              <LatitudeDegrees>22.334932617129745</LatitudeDegrees>
              <LongitudeDegrees>114.2029680012255</LongitudeDegrees>
            </Position>
            <AltitudeMeters>311.8</AltitudeMeters>
            <DistanceMeters>3229.389892578125</DistanceMeters>
            <Extensions>
              <ns3:TPX>
                <ns3:Speed>2.7899999618530273</ns3:Speed>
                <ns3:RunCadence>85</ns3:RunCadence>
              </ns3:TPX>
            </Extensions>
          </Trackpoint>
          <Trackpoint>
            <Time>2020-12-31T23:30:12.000Z</Time>
            <Position>
              <LatitudeDegrees>22.33494116623827</LatitudeDegrees>
              <LongitudeDegrees>114.2032027015379</LongitudeDegrees>
            </Position>
            <AltitudeMeters>311.66</AltitudeMeters>
            <DistanceMeters>3251.840087890625</DistanceMeters>
            <Extensions>
              <ns3:TPX>
                <ns3:Speed>2.809000015258789</ns3:Speed>
                <ns3:RunCadence>84</ns3:RunCadence>
              </ns3:TPX>
            </Extensions>
          </Trackpoint>
          <Trackpoint>
            <Time>2020-12-31T23:30:20.000Z</Time>
            <Position>
              <LatitudeDegrees>22.334784724542967</LatitudeDegrees>
              <LongitudeDegrees>114.2034024112124</LongitudeDegrees>
            </Position>
            <AltitudeMeters>312.19</AltitudeMeters>
            <DistanceMeters>3274.35009765625</DistanceMeters>
            <Extensions>
              <ns3:TPX>
                <ns3:Speed>2.7899999618530273</ns3:Speed>
                <ns3:RunCadence>85</ns3:RunCadence>
              </ns3:TPX>
            </Extensions>
          </Trackpoint>
          <Trackpoint>
            <Time>2020-12-31T23:30:28.000Z</Time>
            <Position>
              <LatitudeDegrees>22.334572798173227</LatitudeDegrees>
              <LongitudeDegrees>114.20352635876266</LongitudeDegrees>
            </Position>
            <AltitudeMeters>312.73</AltitudeMeters>
            <DistanceMeters>3296.64990234375</DistanceMeters>
            <Extensions>
              <ns3:TPX>
                <ns3:Speed>2.7709999084472656</ns3:Speed>
                <ns3:RunCadence>86</ns3:RunCadence>
              </ns3:TPX>
            </Extensions>
          </Trackpoint>
          <Trackpoint>
            <Time>2020-12-31T23:30:36.000Z</Time>
            <Position>
              <LatitudeDegrees>22.33438966057465</LatitudeDegrees>
              <LongitudeDegrees>114.20367338825896</LongitudeDegrees>
            </Position>
            <AltitudeMeters>312.22</AltitudeMeters>
            <DistanceMeters>3318.669921875</DistanceMeters>
            <Extensions>
              <ns3:TPX>
                <ns3:Speed>2.7249999046325684</ns3:Speed>
                <ns3:RunCadence>84</ns3:RunCadence>
              </ns3:TPX>
            </Extensions>
          </Trackpoint>
          <Trackpoint>
            <Time>2020-12-31T23:30:44.000Z</Time>
            <Position>
              <LatitudeDegrees>22.334454226187066</LatitudeDegrees>
              <LongitudeDegrees>114.20392089091366</LongitudeDegrees>
            </Position>
            <AltitudeMeters>312.47</AltitudeMeters>
            <DistanceMeters>3340.4599609375</DistanceMeters>
            <Extensions>
              <ns3:TPX>
                <ns3:Speed>2.743000030517578</ns3:Speed>
                <ns3:RunCadence>85</ns3:RunCadence>
              </ns3:TPX>
            </Extensions>
          </Trackpoint>
          <Trackpoint>
            <Time>2020-12-31T23:30:52.000Z</Time>
            <Position>
              <LatitudeDegrees>22.33448168626303</LatitudeDegrees>
              <LongitudeDegrees>114.20417215775257</LongitudeDegrees>
            </Position>
            <AltitudeMeters>312.22</AltitudeMeters>
            <DistanceMeters>3362.3798828125</DistanceMeters>
            <Extensions>
              <ns3:TPX>
                <ns3:Speed>2.7339999675750732</ns3:Speed>
                <ns3:RunCadence>85</ns3:RunCadence>
              </ns3:TPX>
            </Extensions>
          </Trackpoint>
          <Trackpoint>
            <Time>2020-12-31T23:31:00.000Z</Time>
            <Position>
              <LatitudeDegrees>22.334343825263673</LatitudeDegrees>
              <LongitudeDegrees>114.20436502039647</LongitudeDegrees>
            </Position>
            <AltitudeMeters>311.82</AltitudeMeters>
            <DistanceMeters>3384.2900390625</DistanceMeters>
            <Extensions>
              <ns3:TPX>
                <ns3:Speed>2.743000030517578</ns3:Speed>
                <ns3:RunCadence>84</ns3:RunCadence>
              </ns3:TPX>
            </Extensions>
          </Trackpoint>
          <Trackpoint>
            <Time>2020-12-31T23:31:08.000Z</Time>
            <Position>
              <LatitudeDegrees>22.33411171322248</LatitudeDegrees>
              <LongitudeDegrees>114.20439020556903</LongitudeDegrees>
            </Position>
            <AltitudeMeters>311.85</AltitudeMeters>
            <DistanceMeters>3406.4599609375</DistanceMeters>
            <Extensions>
              <ns3:TPX>
                <ns3:Speed>2.7809998989105225</ns3:Speed>
                <ns3:RunCadence>84</ns3:RunCadence>
              </ns3:TPX>
            </Extensions>
          </Trackpoint>
          <Trackpoint>
            <Time>2020-12-31T23:31:16.000Z</Time>
            <Position>
              <LatitudeDegrees>22.333918042611355</LatitudeDegrees>
              <LongitudeDegrees>114.20435796937895</LongitudeDegrees>
            </Position>
            <AltitudeMeters>312.36</AltitudeMeters>
            <DistanceMeters>3428.7099609375</DistanceMeters>
            <Extensions>
              <ns3:TPX>
                <ns3:Speed>2.7809998989105225</ns3:Speed>
                <ns3:RunCadence>84</ns3:RunCadence>
              </ns3:TPX>
            </Extensions>
          </Trackpoint>
          <Trackpoint>
            <Time>2020-12-31T23:31:24.000Z</Time>
            <Position>
              <LatitudeDegrees>22.333892567776985</LatitudeDegrees>
              <LongitudeDegrees>114.20453045006005</LongitudeDegrees>
            </Position>
            <AltitudeMeters>312.31</AltitudeMeters>
            <DistanceMeters>3450.969970703125</DistanceMeters>
            <Extensions>
              <ns3:TPX>
                <ns3:Speed>2.7709999084472656</ns3:Speed>
                <ns3:RunCadence>85</ns3:RunCadence>
              </ns3:TPX>
            </Extensions>
          </Trackpoint>
          <Trackpoint>
            <Time>2020-12-31T23:31:32.000Z</Time>
            <Position>
              <LatitudeDegrees>22.333815689622472</LatitudeDegrees>
              <LongitudeDegrees>114.2045426760225</LongitudeDegrees>
            </Position>
            <AltitudeMeters>312.08</AltitudeMeters>
            <DistanceMeters>3473.199951171875</DistanceMeters>
            <Extensions>
              <ns3:TPX>
                <ns3:Speed>2.7709999084472656</ns3:Speed>
                <ns3:RunCadence>85</ns3:RunCadence>
              </ns3:TPX>
            </Extensions>
          </Trackpoint>
          <Trackpoint>
            <Time>2020-12-31T23:31:40.000Z</Time>
            <Position>
              <LatitudeDegrees>22.33362122571073</LatitudeDegrees>
              <LongitudeDegrees>114.2044996209984</LongitudeDegrees>
            </Position>
            <AltitudeMeters>311.66</AltitudeMeters>
            <DistanceMeters>3495.10009765625</DistanceMeters>
            <Extensions>
              <ns3:TPX>
                <ns3:Speed>2.7149999141693115</ns3:Speed>
                <ns3:RunCadence>85</ns3:RunCadence>
              </ns3:TPX>
            </Extensions>
          </Trackpoint>
          <Trackpoint>
            <Time>2020-12-31T23:31:48.000Z</Time>
            <Position>
              <LatitudeDegrees>22.333421522672776</LatitudeDegrees>
              <LongitudeDegrees>114.20463885205693</LongitudeDegrees>
            </Position>
            <AltitudeMeters>311.8</AltitudeMeters>
            <DistanceMeters>3516.860107421875</DistanceMeters>
            <Extensions>
              <ns3:TPX>
                <ns3:Speed>2.7249999046325684</ns3:Speed>
                <ns3:RunCadence>85</ns3:RunCadence>
              </ns3:TPX>
            </Extensions>
          </Trackpoint>
          <Trackpoint>
            <Time>2020-12-31T23:31:53.000Z</Time>
            <Position>
              <LatitudeDegrees>22.333294378859804</LatitudeDegrees>
              <LongitudeDegrees>114.20472274841235</LongitudeDegrees>
            </Position>
            <AltitudeMeters>311.8</AltitudeMeters>
            <DistanceMeters>3530.5</DistanceMeters>
            <Extensions>
              <ns3:TPX>
                <ns3:Speed>2.7149999141693115</ns3:Speed>
                <ns3:RunCadence>84</ns3:RunCadence>
              </ns3:TPX>
            </Extensions>
          </Trackpoint>
          <Trackpoint>
            <Time>2020-12-31T23:32:01.000Z</Time>
            <Position>
              <LatitudeDegrees>22.333064186868597</LatitudeDegrees>
              <LongitudeDegrees>114.20475861732575</LongitudeDegrees>
            </Position>
            <AltitudeMeters>311.98</AltitudeMeters>
            <DistanceMeters>3552.18994140625</DistanceMeters>
            <Extensions>
              <ns3:TPX>
                <ns3:Speed>2.7149999141693115</ns3:Speed>
                <ns3:RunCadence>84</ns3:RunCadence>
              </ns3:TPX>
            </Extensions>
          </Trackpoint>
          <Trackpoint>
            <Time>2020-12-31T23:32:09.000Z</Time>
            <Position>
              <LatitudeDegrees>22.332838161156644</LatitudeDegrees>
              <LongitudeDegrees>114.20468554981856</LongitudeDegrees>
            </Position>
            <AltitudeMeters>311.48</AltitudeMeters>
            <DistanceMeters>3573.89990234375</DistanceMeters>
            <Extensions>
              <ns3:TPX>
                <ns3:Speed>2.7149999141693115</ns3:Speed>
                <ns3:RunCadence>86</ns3:RunCadence>
              </ns3:TPX>
            </Extensions>
          </Trackpoint>
          <Trackpoint>
            <Time>2020-12-31T23:32:17.000Z</Time>
            <Position>
              <LatitudeDegrees>22.332627960370065</LatitudeDegrees>
              <LongitudeDegrees>114.20456808647899</LongitudeDegrees>
            </Position>
            <AltitudeMeters>311.03</AltitudeMeters>
            <DistanceMeters>3595.6298828125</DistanceMeters>
            <Extensions>
              <ns3:TPX>
                <ns3:Speed>2.7060000896453857</ns3:Speed>
                <ns3:RunCadence>84</ns3:RunCadence>
              </ns3:TPX>
            </Extensions>
          </Trackpoint>
          <Trackpoint>
            <Time>2020-12-31T23:32:21.000Z</Time>
            <Position>
              <LatitudeDegrees>22.33252558066069</LatitudeDegrees>
              <LongitudeDegrees>114.2045395906687</LongitudeDegrees>
            </Position>
            <AltitudeMeters>310.41</AltitudeMeters>
            <DistanceMeters>3606.449951171875</DistanceMeters>
            <Extensions>
              <ns3:TPX>
                <ns3:Speed>2.7060000896453857</ns3:Speed>
                <ns3:RunCadence>85</ns3:RunCadence>
              </ns3:TPX>
            </Extensions>
          </Trackpoint>
          <Trackpoint>
            <Time>2020-12-31T23:32:29.000Z</Time>
            <Position>
              <LatitudeDegrees>22.332307880243366</LatitudeDegrees>
              <LongitudeDegrees>114.20462777480826</LongitudeDegrees>
            </Position>
            <AltitudeMeters>310.64</AltitudeMeters>
            <DistanceMeters>3628.090087890625</DistanceMeters>
            <Extensions>
              <ns3:TPX>
                <ns3:Speed>2.697000026702881</ns3:Speed>
                <ns3:RunCadence>84</ns3:RunCadence>
              </ns3:TPX>
            </Extensions>
          </Trackpoint>
          <Trackpoint>
            <Time>2020-12-31T23:32:37.000Z</Time>
            <Position>
              <LatitudeDegrees>22.33210765869897</LatitudeDegrees>
              <LongitudeDegrees>114.20473185137905</LongitudeDegrees>
            </Position>
            <AltitudeMeters>311.19</AltitudeMeters>
            <DistanceMeters>3649.659912109375</DistanceMeters>
            <Extensions>
              <ns3:TPX>
                <ns3:Speed>2.7060000896453857</ns3:Speed>
                <ns3:RunCadence>84</ns3:RunCadence>
              </ns3:TPX>
            </Extensions>
          </Trackpoint>
          <Trackpoint>
            <Time>2020-12-31T23:32:45.000Z</Time>
            <Position>
              <LatitudeDegrees>22.331947838559827</LatitudeDegrees>
              <LongitudeDegrees>114.20487709065124</LongitudeDegrees>
            </Position>
            <AltitudeMeters>311.14</AltitudeMeters>
            <DistanceMeters>3671.35009765625</DistanceMeters>
            <Extensions>
              <ns3:TPX>
                <ns3:Speed>2.7149999141693115</ns3:Speed>
                <ns3:RunCadence>84</ns3:RunCadence>
              </ns3:TPX>
            </Extensions>
          </Trackpoint>
          <Trackpoint>
            <Time>2020-12-31T23:32:53.000Z</Time>
            <Position>
              <LatitudeDegrees>22.331832907348783</LatitudeDegrees>
              <LongitudeDegrees>114.20510315490736</LongitudeDegrees>
            </Position>
            <AltitudeMeters>310.31</AltitudeMeters>
            <DistanceMeters>3693.199951171875</DistanceMeters>
            <Extensions>
              <ns3:TPX>
                <ns3:Speed>2.743000030517578</ns3:Speed>
                <ns3:RunCadence>85</ns3:RunCadence>
              </ns3:TPX>
            </Extensions>
          </Trackpoint>
          <Trackpoint>
            <Time>2020-12-31T23:33:01.000Z</Time>
            <Position>
              <LatitudeDegrees>22.331617336239788</LatitudeDegrees>
              <LongitudeDegrees>114.20520446387567</LongitudeDegrees>
            </Position>
            <AltitudeMeters>310.9</AltitudeMeters>
            <DistanceMeters>3715.18994140625</DistanceMeters>
            <Extensions>
              <ns3:TPX>
                <ns3:Speed>2.753000020980835</ns3:Speed>
                <ns3:RunCadence>84</ns3:RunCadence>
              </ns3:TPX>
            </Extensions>
          </Trackpoint>
          <Trackpoint>
            <Time>2020-12-31T23:33:09.000Z</Time>
            <Position>
              <LatitudeDegrees>22.33141029641532</LatitudeDegrees>
              <LongitudeDegrees>114.20524923923578</LongitudeDegrees>
            </Position>
            <AltitudeMeters>311.2</AltitudeMeters>
            <DistanceMeters>3737.2099609375</DistanceMeters>
            <Extensions>
              <ns3:TPX>
                <ns3:Speed>2.753000020980835</ns3:Speed>
                <ns3:RunCadence>84</ns3:RunCadence>
              </ns3:TPX>
            </Extensions>
          </Trackpoint>
          <Trackpoint>
            <Time>2020-12-31T23:33:17.000Z</Time>
            <Position>
              <LatitudeDegrees>22.331240224051733</LatitudeDegrees>
              <LongitudeDegrees>114.20506609018463</LongitudeDegrees>
            </Position>
            <AltitudeMeters>310.97</AltitudeMeters>
            <DistanceMeters>3759.239990234375</DistanceMeters>
            <Extensions>
              <ns3:TPX>
                <ns3:Speed>2.76200008392334</ns3:Speed>
                <ns3:RunCadence>84</ns3:RunCadence>
              </ns3:TPX>
            </Extensions>
          </Trackpoint>
          <Trackpoint>
            <Time>2020-12-31T23:33:25.000Z</Time>
            <Position>
              <LatitudeDegrees>22.33106313151529</LatitudeDegrees>
              <LongitudeDegrees>114.20489351912455</LongitudeDegrees>
            </Position>
            <AltitudeMeters>311.47</AltitudeMeters>
            <DistanceMeters>3781.22998046875</DistanceMeters>
            <Extensions>
              <ns3:TPX>
                <ns3:Speed>2.753000020980835</ns3:Speed>
                <ns3:RunCadence>84</ns3:RunCadence>
              </ns3:TPX>
            </Extensions>
          </Trackpoint>
          <Trackpoint>
            <Time>2020-12-31T23:33:33.000Z</Time>
            <Position>
              <LatitudeDegrees>22.330850731308225</LatitudeDegrees>
              <LongitudeDegrees>114.20477698767512</LongitudeDegrees>
            </Position>
            <AltitudeMeters>311.16</AltitudeMeters>
            <DistanceMeters>3803.239990234375</DistanceMeters>
            <Extensions>
              <ns3:TPX>
                <ns3:Speed>2.753000020980835</ns3:Speed>
                <ns3:RunCadence>84</ns3:RunCadence>
              </ns3:TPX>
            </Extensions>
          </Trackpoint>
          <Trackpoint>
            <Time>2020-12-31T23:33:41.000Z</Time>
            <Position>
              <LatitudeDegrees>22.330651196291285</LatitudeDegrees>
              <LongitudeDegrees>114.2046342523835</LongitudeDegrees>
            </Position>
            <AltitudeMeters>310.61</AltitudeMeters>
            <DistanceMeters>3825.14990234375</DistanceMeters>
            <Extensions>
              <ns3:TPX>
                <ns3:Speed>2.743000030517578</ns3:Speed>
                <ns3:RunCadence>84</ns3:RunCadence>
              </ns3:TPX>
            </Extensions>
          </Trackpoint>
          <Trackpoint>
            <Time>2020-12-31T23:33:49.000Z</Time>
            <Position>
              <LatitudeDegrees>22.33044860704842</LatitudeDegrees>
              <LongitudeDegrees>114.20449574603165</LongitudeDegrees>
            </Position>
            <AltitudeMeters>311.12</AltitudeMeters>
            <DistanceMeters>3847.10009765625</DistanceMeters>
            <Extensions>
              <ns3:TPX>
                <ns3:Speed>2.743000030517578</ns3:Speed>
                <ns3:RunCadence>86</ns3:RunCadence>
              </ns3:TPX>
            </Extensions>
          </Trackpoint>
          <Trackpoint>
            <Time>2020-12-31T23:33:57.000Z</Time>
            <Position>
              <LatitudeDegrees>22.33023039684908</LatitudeDegrees>
              <LongitudeDegrees>114.20439062005077</LongitudeDegrees>
            </Position>
            <AltitudeMeters>311.15</AltitudeMeters>
            <DistanceMeters>3869.070068359375</DistanceMeters>
            <Extensions>
              <ns3:TPX>
                <ns3:Speed>2.743000030517578</ns3:Speed>
                <ns3:RunCadence>85</ns3:RunCadence>
              </ns3:TPX>
            </Extensions>
          </Trackpoint>
          <Trackpoint>
            <Time>2020-12-31T23:34:05.000Z</Time>
            <Position>
              <LatitudeDegrees>22.330027843672575</LatitudeDegrees>
              <LongitudeDegrees>114.20437642457503</LongitudeDegrees>
            </Position>
            <AltitudeMeters>311.06</AltitudeMeters>
            <DistanceMeters>3891.02001953125</DistanceMeters>
            <Extensions>
              <ns3:TPX>
                <ns3:Speed>2.743000030517578</ns3:Speed>
                <ns3:RunCadence>85</ns3:RunCadence>
              </ns3:TPX>
            </Extensions>
          </Trackpoint>
          <Trackpoint>
            <Time>2020-12-31T23:34:13.000Z</Time>
            <Position>
              <LatitudeDegrees>22.329924308301504</LatitudeDegrees>
              <LongitudeDegrees>114.2046093047414</LongitudeDegrees>
            </Position>
            <AltitudeMeters>311.4</AltitudeMeters>
            <DistanceMeters>3912.949951171875</DistanceMeters>
            <Extensions>
              <ns3:TPX>
                <ns3:Speed>2.7339999675750732</ns3:Speed>
                <ns3:RunCadence>85</ns3:RunCadence>
              </ns3:TPX>
            </Extensions>
          </Trackpoint>
          <Trackpoint>
            <Time>2020-12-31T23:34:21.000Z</Time>
            <Position>
              <LatitudeDegrees>22.329742136325397</LatitudeDegrees>
              <LongitudeDegrees>114.20477551170224</LongitudeDegrees>
            </Position>
            <AltitudeMeters>311.27</AltitudeMeters>
            <DistanceMeters>3934.780029296875</DistanceMeters>
            <Extensions>
              <ns3:TPX>
                <ns3:Speed>2.7149999141693115</ns3:Speed>
                <ns3:RunCadence>84</ns3:RunCadence>
              </ns3:TPX>
            </Extensions>
          </Trackpoint>
          <Trackpoint>
            <Time>2020-12-31T23:34:29.000Z</Time>
            <Position>
              <LatitudeDegrees>22.32953593598514</LatitudeDegrees>
              <LongitudeDegrees>114.2048392253002</LongitudeDegrees>
            </Position>
            <AltitudeMeters>310.98</AltitudeMeters>
            <DistanceMeters>3956.419921875</DistanceMeters>
            <Extensions>
              <ns3:TPX>
                <ns3:Speed>2.697000026702881</ns3:Speed>
                <ns3:RunCadence>85</ns3:RunCadence>
              </ns3:TPX>
            </Extensions>
          </Trackpoint>
          <Trackpoint>
            <Time>2020-12-31T23:34:37.000Z</Time>
            <Position>
              <LatitudeDegrees>22.329312735143155</LatitudeDegrees>
              <LongitudeDegrees>114.2047646969006</LongitudeDegrees>
            </Position>
            <AltitudeMeters>311.75</AltitudeMeters>
            <DistanceMeters>3978.030029296875</DistanceMeters>
            <Extensions>
              <ns3:TPX>
                <ns3:Speed>2.7060000896453857</ns3:Speed>
                <ns3:RunCadence>85</ns3:RunCadence>
              </ns3:TPX>
            </Extensions>
          </Trackpoint>
          <Trackpoint>
            <Time>2020-12-31T23:34:45.000Z</Time>
            <Position>
              <LatitudeDegrees>22.329082702717024</LatitudeDegrees>
              <LongitudeDegrees>114.20469977860066</LongitudeDegrees>
            </Position>
            <AltitudeMeters>311.28</AltitudeMeters>
            <DistanceMeters>3999.820068359375</DistanceMeters>
            <Extensions>
              <ns3:TPX>
                <ns3:Speed>2.7339999675750732</ns3:Speed>
                <ns3:RunCadence>85</ns3:RunCadence>
              </ns3:TPX>
            </Extensions>
          </Trackpoint>
          <Trackpoint>
            <Time>2020-12-31T23:34:46.000Z</Time>
            <Position>
              <LatitudeDegrees>22.329053184477658</LatitudeDegrees>
              <LongitudeDegrees>114.20469448045513</LongitudeDegrees>
            </Position>
            <AltitudeMeters>311.4</AltitudeMeters>
            <DistanceMeters>4002.56005859375</DistanceMeters>
            <Extensions>
              <ns3:TPX>
                <ns3:Speed>2.7339999675750732</ns3:Speed>
                <ns3:RunCadence>84</ns3:RunCadence>
              </ns3:TPX>
            </Extensions>
          </Trackpoint>
        </Track>
        <Extensions>
          <ns3:LX>
            <ns3:AvgSpeed>2.744999885559082</ns3:AvgSpeed>
            <ns3:AvgRunCadence>84</ns3:AvgRunCadence>
            <ns3:MaxRunCadence>86</ns3:MaxRunCadence>
          </ns3:LX>
        </Extensions>
      </Lap>
      <Lap StartTime="2020-12-31T23:34:47.000Z">
        <TotalTimeSeconds>362.132</TotalTimeSeconds>
        <DistanceMeters>1000.0</DistanceMeters>
        <MaximumSpeed>2.8459999561309814</MaximumSpeed>
        <Calories>70</Calories>
        <Intensity>Active</Intensity>
        <TriggerMethod>Manual</TriggerMethod>
        <Track>
          <Trackpoint>
            <Time>2020-12-31T23:34:54.000Z</Time>
            <Position>
              <LatitudeDegrees>22.32882138750553</LatitudeDegrees>
              <LongitudeDegrees>114.20463054823026</LongitudeDegrees>
            </Position>
            <AltitudeMeters>310.95</AltitudeMeters>
            <DistanceMeters>4024.52001953125</DistanceMeters>
            <Extensions>
              <ns3:TPX>
                <ns3:Speed>2.7149999141693115</ns3:Speed>
                <ns3:RunCadence>85</ns3:RunCadence>
              </ns3:TPX>
            </Extensions>
          </Trackpoint>
          <Trackpoint>
            <Time>2020-12-31T23:35:02.000Z</Time>
            <Position>
              <LatitudeDegrees>22.328599869520975</LatitudeDegrees>
              <LongitudeDegrees>114.20454477418862</LongitudeDegrees>
            </Position>
            <AltitudeMeters>310.93</AltitudeMeters>
            <DistanceMeters>4046.320068359375</DistanceMeters>
            <Extensions>
              <ns3:TPX>
                <ns3:Speed>2.7249999046325684</ns3:Speed>
                <ns3:RunCadence>86</ns3:RunCadence>
              </ns3:TPX>
            </Extensions>
          </Trackpoint>
          <Trackpoint>
            <Time>2020-12-31T23:35:10.000Z</Time>
            <Position>
              <LatitudeDegrees>22.328395266632008</LatitudeDegrees>
              <LongitudeDegrees>114.20441263844599</LongitudeDegrees>
            </Position>
            <AltitudeMeters>311.28</AltitudeMeters>
            <DistanceMeters>4068.18994140625</DistanceMeters>
            <Extensions>
              <ns3:TPX>
                <ns3:Speed>2.7249999046325684</ns3:Speed>
                <ns3:RunCadence>85</ns3:RunCadence>
              </ns3:TPX>
            </Extensions>
          </Trackpoint>
          <Trackpoint>
            <Time>2020-12-31T23:35:18.000Z</Time>
            <Position>
              <LatitudeDegrees>22.328200171292654</LatitudeDegrees>
              <LongitudeDegrees>114.20426714345027</LongitudeDegrees>
            </Position>
            <AltitudeMeters>310.69</AltitudeMeters>
            <DistanceMeters>4089.919921875</DistanceMeters>
            <Extensions>
              <ns3:TPX>
                <ns3:Speed>2.7249999046325684</ns3:Speed>
                <ns3:RunCadence>86</ns3:RunCadence>
              </ns3:TPX>
            </Extensions>
          </Trackpoint>
          <Trackpoint>
            <Time>2020-12-31T23:35:26.000Z</Time>
            <Position>
              <LatitudeDegrees>22.32800418178238</LatitudeDegrees>
              <LongitudeDegrees>114.20411798445993</LongitudeDegrees>
            </Position>
            <AltitudeMeters>311.0</AltitudeMeters>
            <DistanceMeters>4111.8701171875</DistanceMeters>
            <Extensions>
              <ns3:TPX>
                <ns3:Speed>2.753000020980835</ns3:Speed>
                <ns3:RunCadence>85</ns3:RunCadence>
              </ns3:TPX>
            </Extensions>
          </Trackpoint>
          <Trackpoint>
            <Time>2020-12-31T23:35:30.000Z</Time>
            <Position>
              <LatitudeDegrees>22.327896714932493</LatitudeDegrees>
              <LongitudeDegrees>114.2040600029746</LongitudeDegrees>
            </Position>
            <AltitudeMeters>310.46</AltitudeMeters>
            <DistanceMeters>4122.8701171875</DistanceMeters>
            <Extensions>
              <ns3:TPX>
                <ns3:Speed>2.743000030517578</ns3:Speed>
                <ns3:RunCadence>85</ns3:RunCadence>
              </ns3:TPX>
            </Extensions>
          </Trackpoint>
          <Trackpoint>
            <Time>2020-12-31T23:35:38.000Z</Time>
            <Position>
              <LatitudeDegrees>22.327717543329047</LatitudeDegrees>
              <LongitudeDegrees>114.20389196689062</LongitudeDegrees>
            </Position>
            <AltitudeMeters>310.56</AltitudeMeters>
            <DistanceMeters>4144.81005859375</DistanceMeters>
            <Extensions>
              <ns3:TPX>
                <ns3:Speed>2.743000030517578</ns3:Speed>
                <ns3:RunCadence>84</ns3:RunCadence>
              </ns3:TPX>
            </Extensions>
          </Trackpoint>
          <Trackpoint>
            <Time>2020-12-31T23:35:46.000Z</Time>
            <Position>
              <LatitudeDegrees>22.32761020162945</LatitudeDegrees>
              <LongitudeDegrees>114.20370452402578</LongitudeDegrees>
            </Position>
            <AltitudeMeters>310.65</AltitudeMeters>
            <DistanceMeters>4166.75</DistanceMeters>
            <Extensions>
              <ns3:TPX>
                <ns3:Speed>2.743000030517578</ns3:Speed>
                <ns3:RunCadence>85</ns3:RunCadence>
              </ns3:TPX>
            </Extensions>
          </Trackpoint>
          <Trackpoint>
            <Time>2020-12-31T23:35:54.000Z</Time>
            <Position>
              <LatitudeDegrees>22.327736491716678</LatitudeDegrees>
              <LongitudeDegrees>114.20348911924253</LongitudeDegrees>
            </Position>
            <AltitudeMeters>310.54</AltitudeMeters>
            <DistanceMeters>4188.68994140625</DistanceMeters>
            <Extensions>
              <ns3:TPX>
                <ns3:Speed>2.743000030517578</ns3:Speed>
                <ns3:RunCadence>85</ns3:RunCadence>
              </ns3:TPX>
            </Extensions>
          </Trackpoint>
          <Trackpoint>
            <Time>2020-12-31T23:36:02.000Z</Time>
            <Position>
              <LatitudeDegrees>22.327902968354607</LatitudeDegrees>
              <LongitudeDegrees>114.20330393102502</LongitudeDegrees>
            </Position>
            <AltitudeMeters>310.33</AltitudeMeters>
            <DistanceMeters>4210.56982421875</DistanceMeters>
            <Extensions>
              <ns3:TPX>
                <ns3:Speed>2.7339999675750732</ns3:Speed>
                <ns3:RunCadence>85</ns3:RunCadence>
              </ns3:TPX>
            </Extensions>
          </Trackpoint>
          <Trackpoint>
            <Time>2020-12-31T23:36:10.000Z</Time>
            <Position>
              <LatitudeDegrees>22.328038448124737</LatitudeDegrees>
              <LongitudeDegrees>114.20309562947826</LongitudeDegrees>
            </Position>
            <AltitudeMeters>310.4</AltitudeMeters>
            <DistanceMeters>4232.22998046875</DistanceMeters>
            <Extensions>
              <ns3:TPX>
                <ns3:Speed>2.687000036239624</ns3:Speed>
                <ns3:RunCadence>85</ns3:RunCadence>
              </ns3:TPX>
            </Extensions>
          </Trackpoint>
          <Trackpoint>
            <Time>2020-12-31T23:36:18.000Z</Time>
            <Position>
              <LatitudeDegrees>22.328149995339494</LatitudeDegrees>
              <LongitudeDegrees>114.2028743635438</LongitudeDegrees>
            </Position>
            <AltitudeMeters>310.3</AltitudeMeters>
            <DistanceMeters>4253.81982421875</DistanceMeters>
            <Extensions>
              <ns3:TPX>
                <ns3:Speed>2.7249999046325684</ns3:Speed>
                <ns3:RunCadence>85</ns3:RunCadence>
              </ns3:TPX>
            </Extensions>
          </Trackpoint>
          <Trackpoint>
            <Time>2020-12-31T23:36:26.000Z</Time>
            <Position>
              <LatitudeDegrees>22.328348454930726</LatitudeDegrees>
              <LongitudeDegrees>114.20273743587654</LongitudeDegrees>
            </Position>
            <AltitudeMeters>310.98</AltitudeMeters>
            <DistanceMeters>4275.52001953125</DistanceMeters>
            <Extensions>
              <ns3:TPX>
                <ns3:Speed>2.697000026702881</ns3:Speed>
                <ns3:RunCadence>85</ns3:RunCadence>
              </ns3:TPX>
            </Extensions>
          </Trackpoint>
          <Trackpoint>
            <Time>2020-12-31T23:36:34.000Z</Time>
            <Position>
              <LatitudeDegrees>22.32843041560997</LatitudeDegrees>
              <LongitudeDegrees>114.20250856479744</LongitudeDegrees>
            </Position>
            <AltitudeMeters>311.0</AltitudeMeters>
            <DistanceMeters>4297.080078125</DistanceMeters>
            <Extensions>
              <ns3:TPX>
                <ns3:Speed>2.697000026702881</ns3:Speed>
                <ns3:RunCadence>85</ns3:RunCadence>
              </ns3:TPX>
            </Extensions>
          </Trackpoint>
          <Trackpoint>
            <Time>2020-12-31T23:36:42.000Z</Time>
            <Position>
              <LatitudeDegrees>22.32860993525106</LatitudeDegrees>
              <LongitudeDegrees>114.20234794054787</LongitudeDegrees>
            </Position>
            <AltitudeMeters>311.2</AltitudeMeters>
            <DistanceMeters>4318.68994140625</DistanceMeters>
            <Extensions>
              <ns3:TPX>
                <ns3:Speed>2.7060000896453857</ns3:Speed>
                <ns3:RunCadence>85</ns3:RunCadence>
              </ns3:TPX>
            </Extensions>
          </Trackpoint>
          <Trackpoint>
            <Time>2020-12-31T23:36:50.000Z</Time>
            <Position>
              <LatitudeDegrees>22.32880803633996</LatitudeDegrees>
              <LongitudeDegrees>114.20220691581403</LongitudeDegrees>
            </Position>
            <AltitudeMeters>311.2</AltitudeMeters>
            <DistanceMeters>4340.41015625</DistanceMeters>
            <Extensions>
              <ns3:TPX>
                <ns3:Speed>2.7149999141693115</ns3:Speed>
                <ns3:RunCadence>85</ns3:RunCadence>
              </ns3:TPX>
            </Extensions>
          </Trackpoint>
          <Trackpoint>
            <Time>2020-12-31T23:36:58.000Z</Time>
            <Position>
              <LatitudeDegrees>22.32899467571747</LatitudeDegrees>
              <LongitudeDegrees>114.2020542913601</LongitudeDegrees>
            </Position>
            <AltitudeMeters>311.02</AltitudeMeters>
            <DistanceMeters>4361.85986328125</DistanceMeters>
            <Extensions>
              <ns3:TPX>
                <ns3:Speed>2.63100004196167</ns3:Speed>
                <ns3:RunCadence>84</ns3:RunCadence>
              </ns3:TPX>
            </Extensions>
          </Trackpoint>
          <Trackpoint>
            <Time>2020-12-31T23:37:06.000Z</Time>
            <Position>
              <LatitudeDegrees>22.329129951833284</LatitudeDegrees>
              <LongitudeDegrees>114.20185443567999</LongitudeDegrees>
            </Position>
            <AltitudeMeters>310.8</AltitudeMeters>
            <DistanceMeters>4383.0</DistanceMeters>
            <Extensions>
              <ns3:TPX>
                <ns3:Speed>2.6500000953674316</ns3:Speed>
                <ns3:RunCadence>83</ns3:RunCadence>
              </ns3:TPX>
            </Extensions>
          </Trackpoint>
          <Trackpoint>
            <Time>2020-12-31T23:37:14.000Z</Time>
            <Position>
              <LatitudeDegrees>22.32932619755837</LatitudeDegrees>
              <LongitudeDegrees>114.201728764456</LongitudeDegrees>
            </Position>
            <AltitudeMeters>310.0</AltitudeMeters>
            <DistanceMeters>4404.35009765625</DistanceMeters>
            <Extensions>
              <ns3:TPX>
                <ns3:Speed>2.687000036239624</ns3:Speed>
                <ns3:RunCadence>85</ns3:RunCadence>
              </ns3:TPX>
            </Extensions>
          </Trackpoint>
          <Trackpoint>
            <Time>2020-12-31T23:37:22.000Z</Time>
            <Position>
              <LatitudeDegrees>22.329456226583034</LatitudeDegrees>
              <LongitudeDegrees>114.20151724185541</LongitudeDegrees>
            </Position>
            <AltitudeMeters>310.33</AltitudeMeters>
            <DistanceMeters>4425.9599609375</DistanceMeters>
            <Extensions>
              <ns3:TPX>
                <ns3:Speed>2.7060000896453857</ns3:Speed>
                <ns3:RunCadence>85</ns3:RunCadence>
              </ns3:TPX>
            </Extensions>
          </Trackpoint>
          <Trackpoint>
            <Time>2020-12-31T23:37:30.000Z</Time>
            <Position>
              <LatitudeDegrees>22.329640827551945</LatitudeDegrees>
              <LongitudeDegrees>114.20136000110708</LongitudeDegrees>
            </Position>
            <AltitudeMeters>310.7</AltitudeMeters>
            <DistanceMeters>4447.669921875</DistanceMeters>
            <Extensions>
              <ns3:TPX>
                <ns3:Speed>2.7060000896453857</ns3:Speed>
                <ns3:RunCadence>85</ns3:RunCadence>
              </ns3:TPX>
            </Extensions>
          </Trackpoint>
          <Trackpoint>
            <Time>2020-12-31T23:37:38.000Z</Time>
            <Position>
              <LatitudeDegrees>22.329864465296314</LatitudeDegrees>
              <LongitudeDegrees>114.20127182693012</LongitudeDegrees>
            </Position>
            <AltitudeMeters>310.6</AltitudeMeters>
            <DistanceMeters>4469.60986328125</DistanceMeters>
            <Extensions>
              <ns3:TPX>
                <ns3:Speed>2.76200008392334</ns3:Speed>
                <ns3:RunCadence>85</ns3:RunCadence>
              </ns3:TPX>
            </Extensions>
          </Trackpoint>
          <Trackpoint>
            <Time>2020-12-31T23:37:46.000Z</Time>
            <Position>
              <LatitudeDegrees>22.330075032215095</LatitudeDegrees>
              <LongitudeDegrees>114.20118207993892</LongitudeDegrees>
            </Position>
            <AltitudeMeters>310.6</AltitudeMeters>
            <DistanceMeters>4491.68017578125</DistanceMeters>
            <Extensions>
              <ns3:TPX>
                <ns3:Speed>2.7809998989105225</ns3:Speed>
                <ns3:RunCadence>85</ns3:RunCadence>
              </ns3:TPX>
            </Extensions>
          </Trackpoint>
          <Trackpoint>
            <Time>2020-12-31T23:37:54.000Z</Time>
            <Position>
              <LatitudeDegrees>22.330226275789467</LatitudeDegrees>
              <LongitudeDegrees>114.20098717681478</LongitudeDegrees>
            </Position>
            <AltitudeMeters>310.6</AltitudeMeters>
            <DistanceMeters>4514.0498046875</DistanceMeters>
            <Extensions>
              <ns3:TPX>
                <ns3:Speed>2.7990000247955322</ns3:Speed>
                <ns3:RunCadence>85</ns3:RunCadence>
              </ns3:TPX>
            </Extensions>
          </Trackpoint>
          <Trackpoint>
            <Time>2020-12-31T23:38:02.000Z</Time>
            <Position>
              <LatitudeDegrees>22.33036129099109</LatitudeDegrees>
              <LongitudeDegrees>114.20078912932318</LongitudeDegrees>
            </Position>
            <AltitudeMeters>310.43</AltitudeMeters>
            <DistanceMeters>4536.58984375</DistanceMeters>
            <Extensions>
              <ns3:TPX>
                <ns3:Speed>2.8269999027252197</ns3:Speed>
                <ns3:RunCadence>85</ns3:RunCadence>
              </ns3:TPX>
            </Extensions>
          </Trackpoint>
          <Trackpoint>
            <Time>2020-12-31T23:38:10.000Z</Time>
            <Position>
              <LatitudeDegrees>22.33038868491031</LatitudeDegrees>
              <LongitudeDegrees>114.20052620006332</LongitudeDegrees>
            </Position>
            <AltitudeMeters>310.43</AltitudeMeters>
            <DistanceMeters>4559.169921875</DistanceMeters>
            <Extensions>
              <ns3:TPX>
                <ns3:Speed>2.7990000247955322</ns3:Speed>
                <ns3:RunCadence>85</ns3:RunCadence>
              </ns3:TPX>
            </Extensions>
          </Trackpoint>
          <Trackpoint>
            <Time>2020-12-31T23:38:18.000Z</Time>
            <Position>
              <LatitudeDegrees>22.330487944176348</LatitudeDegrees>
              <LongitudeDegrees>114.20028437520398</LongitudeDegrees>
            </Position>
            <AltitudeMeters>310.84</AltitudeMeters>
            <DistanceMeters>4581.6201171875</DistanceMeters>
            <Extensions>
              <ns3:TPX>
                <ns3:Speed>2.809000015258789</ns3:Speed>
                <ns3:RunCadence>84</ns3:RunCadence>
              </ns3:TPX>
            </Extensions>
          </Trackpoint>
          <Trackpoint>
            <Time>2020-12-31T23:38:26.000Z</Time>
            <Position>
              <LatitudeDegrees>22.33056998129468</LatitudeDegrees>
              <LongitudeDegrees>114.20030075089605</LongitudeDegrees>
            </Position>
            <AltitudeMeters>311.11</AltitudeMeters>
            <DistanceMeters>4604.0400390625</DistanceMeters>
            <Extensions>
              <ns3:TPX>
                <ns3:Speed>2.7899999618530273</ns3:Speed>
                <ns3:RunCadence>83</ns3:RunCadence>
              </ns3:TPX>
            </Extensions>
          </Trackpoint>
          <Trackpoint>
            <Time>2020-12-31T23:38:34.000Z</Time>
            <Position>
              <LatitudeDegrees>22.33067357717542</LatitudeDegrees>
              <LongitudeDegrees>114.20040444814012</LongitudeDegrees>
            </Position>
            <AltitudeMeters>310.38</AltitudeMeters>
            <DistanceMeters>4626.31005859375</DistanceMeters>
            <Extensions>
              <ns3:TPX>
                <ns3:Speed>2.7899999618530273</ns3:Speed>
                <ns3:RunCadence>85</ns3:RunCadence>
              </ns3:TPX>
            </Extensions>
          </Trackpoint>
          <Trackpoint>
            <Time>2020-12-31T23:38:42.000Z</Time>
            <Position>
              <LatitudeDegrees>22.330618236428354</LatitudeDegrees>
              <LongitudeDegrees>114.20035807930932</LongitudeDegrees>
            </Position>
            <AltitudeMeters>310.8</AltitudeMeters>
            <DistanceMeters>4648.68017578125</DistanceMeters>
            <Extensions>
              <ns3:TPX>
                <ns3:Speed>2.7990000247955322</ns3:Speed>
                <ns3:RunCadence>85</ns3:RunCadence>
              </ns3:TPX>
            </Extensions>
          </Trackpoint>
          <Trackpoint>
            <Time>2020-12-31T23:38:50.000Z</Time>
            <Position>
              <LatitudeDegrees>22.330621210831275</LatitudeDegrees>
              <LongitudeDegrees>114.20030747499024</LongitudeDegrees>
            </Position>
            <AltitudeMeters>310.8</AltitudeMeters>
            <DistanceMeters>4671.14990234375</DistanceMeters>
            <Extensions>
              <ns3:TPX>
                <ns3:Speed>2.818000078201294</ns3:Speed>
                <ns3:RunCadence>85</ns3:RunCadence>
              </ns3:TPX>
            </Extensions>
          </Trackpoint>
          <Trackpoint>
            <Time>2020-12-31T23:38:58.000Z</Time>
            <Position>
              <LatitudeDegrees>22.330425957609986</LatitudeDegrees>
              <LongitudeDegrees>114.20040409446831</LongitudeDegrees>
            </Position>
            <AltitudeMeters>311.04</AltitudeMeters>
            <DistanceMeters>4693.669921875</DistanceMeters>
            <Extensions>
              <ns3:TPX>
                <ns3:Speed>2.809000015258789</ns3:Speed>
                <ns3:RunCadence>85</ns3:RunCadence>
              </ns3:TPX>
            </Extensions>
          </Trackpoint>
          <Trackpoint>
            <Time>2020-12-31T23:39:06.000Z</Time>
            <Position>
              <LatitudeDegrees>22.33018183434371</LatitudeDegrees>
              <LongitudeDegrees>114.20037841622042</LongitudeDegrees>
            </Position>
            <AltitudeMeters>311.12</AltitudeMeters>
            <DistanceMeters>4716.1298828125</DistanceMeters>
            <Extensions>
              <ns3:TPX>
                <ns3:Speed>2.809000015258789</ns3:Speed>
                <ns3:RunCadence>85</ns3:RunCadence>
              </ns3:TPX>
            </Extensions>
          </Trackpoint>
          <Trackpoint>
            <Time>2020-12-31T23:39:14.000Z</Time>
            <Position>
              <LatitudeDegrees>22.32993694683224</LatitudeDegrees>
              <LongitudeDegrees>114.20035265758494</LongitudeDegrees>
            </Position>
            <AltitudeMeters>311.19</AltitudeMeters>
            <DistanceMeters>4738.66015625</DistanceMeters>
            <Extensions>
              <ns3:TPX>
                <ns3:Speed>2.818000078201294</ns3:Speed>
                <ns3:RunCadence>85</ns3:RunCadence>
              </ns3:TPX>
            </Extensions>
          </Trackpoint>
          <Trackpoint>
            <Time>2020-12-31T23:39:22.000Z</Time>
            <Position>
              <LatitudeDegrees>22.329788584941276</LatitudeDegrees>
              <LongitudeDegrees>114.20055279926139</LongitudeDegrees>
            </Position>
            <AltitudeMeters>311.16</AltitudeMeters>
            <DistanceMeters>4761.22998046875</DistanceMeters>
            <Extensions>
              <ns3:TPX>
                <ns3:Speed>2.818000078201294</ns3:Speed>
                <ns3:RunCadence>87</ns3:RunCadence>
              </ns3:TPX>
            </Extensions>
          </Trackpoint>
          <Trackpoint>
            <Time>2020-12-31T23:39:30.000Z</Time>
            <Position>
              <LatitudeDegrees>22.32962309982527</LatitudeDegrees>
              <LongitudeDegrees>114.20074994880291</LongitudeDegrees>
            </Position>
            <AltitudeMeters>311.0</AltitudeMeters>
            <DistanceMeters>4783.77978515625</DistanceMeters>
            <Extensions>
              <ns3:TPX>
                <ns3:Speed>2.818000078201294</ns3:Speed>
                <ns3:RunCadence>87</ns3:RunCadence>
              </ns3:TPX>
            </Extensions>
          </Trackpoint>
          <Trackpoint>
            <Time>2020-12-31T23:39:38.000Z</Time>
            <Position>
              <LatitudeDegrees>22.329378778249065</LatitudeDegrees>
              <LongitudeDegrees>114.20076584052359</LongitudeDegrees>
            </Position>
            <AltitudeMeters>310.85</AltitudeMeters>
            <DistanceMeters>4806.31982421875</DistanceMeters>
            <Extensions>
              <ns3:TPX>
                <ns3:Speed>2.818000078201294</ns3:Speed>
                <ns3:RunCadence>85</ns3:RunCadence>
              </ns3:TPX>
            </Extensions>
          </Trackpoint>
          <Trackpoint>
            <Time>2020-12-31T23:39:46.000Z</Time>
            <Position>
              <LatitudeDegrees>22.329133327372574</LatitudeDegrees>
              <LongitudeDegrees>114.2007781146867</LongitudeDegrees>
            </Position>
            <AltitudeMeters>310.69</AltitudeMeters>
            <DistanceMeters>4828.81982421875</DistanceMeters>
            <Extensions>
              <ns3:TPX>
                <ns3:Speed>2.809000015258789</ns3:Speed>
                <ns3:RunCadence>85</ns3:RunCadence>
              </ns3:TPX>
            </Extensions>
          </Trackpoint>
          <Trackpoint>
            <Time>2020-12-31T23:39:54.000Z</Time>
            <Position>
              <LatitudeDegrees>22.329055572174788</LatitudeDegrees>
              <LongitudeDegrees>114.2008540153623</LongitudeDegrees>
            </Position>
            <AltitudeMeters>310.98</AltitudeMeters>
            <DistanceMeters>4851.22021484375</DistanceMeters>
            <Extensions>
              <ns3:TPX>
                <ns3:Speed>2.7990000247955322</ns3:Speed>
                <ns3:RunCadence>85</ns3:RunCadence>
              </ns3:TPX>
            </Extensions>
          </Trackpoint>
          <Trackpoint>
            <Time>2020-12-31T23:40:02.000Z</Time>
            <Position>
              <LatitudeDegrees>22.329024437798566</LatitudeDegrees>
              <LongitudeDegrees>114.20110632144636</LongitudeDegrees>
            </Position>
            <AltitudeMeters>310.52</AltitudeMeters>
            <DistanceMeters>4873.580078125</DistanceMeters>
            <Extensions>
              <ns3:TPX>
                <ns3:Speed>2.7899999618530273</ns3:Speed>
                <ns3:RunCadence>85</ns3:RunCadence>
              </ns3:TPX>
            </Extensions>
          </Trackpoint>
          <Trackpoint>
            <Time>2020-12-31T23:40:10.000Z</Time>
            <Position>
              <LatitudeDegrees>22.328893931928643</LatitudeDegrees>
              <LongitudeDegrees>114.20132533819469</LongitudeDegrees>
            </Position>
            <AltitudeMeters>310.8</AltitudeMeters>
            <DistanceMeters>4895.8798828125</DistanceMeters>
            <Extensions>
              <ns3:TPX>
                <ns3:Speed>2.7899999618530273</ns3:Speed>
                <ns3:RunCadence>85</ns3:RunCadence>
              </ns3:TPX>
            </Extensions>
          </Trackpoint>
          <Trackpoint>
            <Time>2020-12-31T23:40:18.000Z</Time>
            <Position>
              <LatitudeDegrees>22.32868122863446</LatitudeDegrees>
              <LongitudeDegrees>114.20126365951594</LongitudeDegrees>
            </Position>
            <AltitudeMeters>309.73</AltitudeMeters>
            <DistanceMeters>4918.18994140625</DistanceMeters>
            <Extensions>
              <ns3:TPX>
                <ns3:Speed>2.7809998989105225</ns3:Speed>
                <ns3:RunCadence>84</ns3:RunCadence>
              </ns3:TPX>
            </Extensions>
          </Trackpoint>
          <Trackpoint>
            <Time>2020-12-31T23:40:26.000Z</Time>
            <Position>
              <LatitudeDegrees>22.328497322872117</LatitudeDegrees>
              <LongitudeDegrees>114.20120415825991</LongitudeDegrees>
            </Position>
            <AltitudeMeters>309.97</AltitudeMeters>
            <DistanceMeters>4940.52001953125</DistanceMeters>
            <Extensions>
              <ns3:TPX>
                <ns3:Speed>2.7990000247955322</ns3:Speed>
                <ns3:RunCadence>84</ns3:RunCadence>
              </ns3:TPX>
            </Extensions>
          </Trackpoint>
          <Trackpoint>
            <Time>2020-12-31T23:40:34.000Z</Time>
            <Position>
              <LatitudeDegrees>22.32855146373779</LatitudeDegrees>
              <LongitudeDegrees>114.20104446410485</LongitudeDegrees>
            </Position>
            <AltitudeMeters>310.0</AltitudeMeters>
            <DistanceMeters>4963.02978515625</DistanceMeters>
            <Extensions>
              <ns3:TPX>
                <ns3:Speed>2.809000015258789</ns3:Speed>
                <ns3:RunCadence>84</ns3:RunCadence>
              </ns3:TPX>
            </Extensions>
          </Trackpoint>
          <Trackpoint>
            <Time>2020-12-31T23:40:42.000Z</Time>
            <Position>
              <LatitudeDegrees>22.328786621596517</LatitudeDegrees>
              <LongitudeDegrees>114.20107409201339</LongitudeDegrees>
            </Position>
            <AltitudeMeters>310.4</AltitudeMeters>
            <DistanceMeters>4985.43994140625</DistanceMeters>
            <Extensions>
              <ns3:TPX>
                <ns3:Speed>2.7990000247955322</ns3:Speed>
                <ns3:RunCadence>85</ns3:RunCadence>
              </ns3:TPX>
            </Extensions>
          </Trackpoint>
          <Trackpoint>
            <Time>2020-12-31T23:40:48.000Z</Time>
            <Position>
              <LatitudeDegrees>22.32891756138644</LatitudeDegrees>
              <LongitudeDegrees>114.20120321251356</LongitudeDegrees>
            </Position>
            <AltitudeMeters>310.49</AltitudeMeters>
            <DistanceMeters>5002.25</DistanceMeters>
            <Extensions>
              <ns3:TPX>
                <ns3:Speed>2.809000015258789</ns3:Speed>
                <ns3:RunCadence>85</ns3:RunCadence>
              </ns3:TPX>
            </Extensions>
          </Trackpoint>
        </Track>
        <Extensions>
          <ns3:LX>
            <ns3:AvgSpeed>2.760999917984009</ns3:AvgSpeed>
            <ns3:AvgRunCadence>85</ns3:AvgRunCadence>
            <ns3:MaxRunCadence>87</ns3:MaxRunCadence>
          </ns3:LX>
        </Extensions>
      </Lap>
      <Lap StartTime="2020-12-31T23:40:49.000Z">
        <TotalTimeSeconds>54.419</TotalTimeSeconds>
        <DistanceMeters>155.05</DistanceMeters>
        <MaximumSpeed>2.865000009536743</MaximumSpeed>
        <Calories>10</Calories>
        <Intensity>Active</Intensity>
        <TriggerMethod>Manual</TriggerMethod>
        <Track>
          <Trackpoint>
            <Time>2020-12-31T23:40:56.000Z</Time>
            <Position>
              <LatitudeDegrees>22.328942187907185</LatitudeDegrees>
              <LongitudeDegrees>114.20142860417174</LongitudeDegrees>
            </Position>
            <AltitudeMeters>310.29</AltitudeMeters>
            <DistanceMeters>5024.77978515625</DistanceMeters>
            <Extensions>
              <ns3:TPX>
                <ns3:Speed>2.809000015258789</ns3:Speed>
                <ns3:RunCadence>85</ns3:RunCadence>
              </ns3:TPX>
            </Extensions>
          </Trackpoint>
          <Trackpoint>
            <Time>2020-12-31T23:41:04.000Z</Time>
            <Position>
              <LatitudeDegrees>22.328730560707292</LatitudeDegrees>
              <LongitudeDegrees>114.20156147150958</LongitudeDegrees>
            </Position>
            <AltitudeMeters>309.64</AltitudeMeters>
            <DistanceMeters>5047.2998046875</DistanceMeters>
            <Extensions>
              <ns3:TPX>
                <ns3:Speed>2.818000078201294</ns3:Speed>
                <ns3:RunCadence>86</ns3:RunCadence>
              </ns3:TPX>
            </Extensions>
          </Trackpoint>
          <Trackpoint>
            <Time>2020-12-31T23:41:12.000Z</Time>
            <Position>
              <LatitudeDegrees>22.32853197975753</LatitudeDegrees>
              <LongitudeDegrees>114.20170952220981</LongitudeDegrees>
            </Position>
            <AltitudeMeters>309.56</AltitudeMeters>
            <DistanceMeters>5069.91015625</DistanceMeters>
            <Extensions>
              <ns3:TPX>
                <ns3:Speed>2.8269999027252197</ns3:Speed>
                <ns3:RunCadence>85</ns3:RunCadence>
              </ns3:TPX>
            </Extensions>
          </Trackpoint>
          <Trackpoint>
            <Time>2020-12-31T23:41:20.000Z</Time>
            <Position>
              <LatitudeDegrees>22.32836749636535</LatitudeDegrees>
              <LongitudeDegrees>114.20184703769958</LongitudeDegrees>
            </Position>
            <AltitudeMeters>309.51</AltitudeMeters>
            <DistanceMeters>5092.5</DistanceMeters>
            <Extensions>
              <ns3:TPX>
                <ns3:Speed>2.8269999027252197</ns3:Speed>
                <ns3:RunCadence>87</ns3:RunCadence>
              </ns3:TPX>
            </Extensions>
          </Trackpoint>
          <Trackpoint>
            <Time>2020-12-31T23:41:28.000Z</Time>
            <Position>
              <LatitudeDegrees>22.32825136434697</LatitudeDegrees>
              <LongitudeDegrees>114.20201254830259</LongitudeDegrees>
            </Position>
            <AltitudeMeters>309.8</AltitudeMeters>
            <DistanceMeters>5115.14013671875</DistanceMeters>
            <Extensions>
              <ns3:TPX>
                <ns3:Speed>2.8369998931884766</ns3:Speed>
                <ns3:RunCadence>86</ns3:RunCadence>
              </ns3:TPX>
            </Extensions>
          </Trackpoint>
          <Trackpoint>
            <Time>2020-12-31T23:41:36.000Z</Time>
            <Position>
              <LatitudeDegrees>22.328268924952532</LatitudeDegrees>
              <LongitudeDegrees>114.2022768717773</LongitudeDegrees>
            </Position>
            <AltitudeMeters>310.18</AltitudeMeters>
            <DistanceMeters>5137.91015625</DistanceMeters>
            <Extensions>
              <ns3:TPX>
                <ns3:Speed>2.8550000190734863</ns3:Speed>
                <ns3:RunCadence>87</ns3:RunCadence>
              </ns3:TPX>
            </Extensions>
          </Trackpoint>
          <Trackpoint>
            <Time>2020-12-31T23:41:42.000Z</Time>
            <Position>
              <LatitudeDegrees>22.32817685336485</LatitudeDegrees>
              <LongitudeDegrees>114.20245304502957</LongitudeDegrees>
            </Position>
            <AltitudeMeters>310.0</AltitudeMeters>
            <DistanceMeters>5155.0498046875</DistanceMeters>
            <Extensions>
              <ns3:TPX>
                <ns3:Speed>2.865000009536743</ns3:Speed>
                <ns3:RunCadence>86</ns3:RunCadence>
              </ns3:TPX>
            </Extensions>
          </Trackpoint>
        </Track>
        <Extensions>
          <ns3:LX>
            <ns3:AvgSpeed>2.848999977111816</ns3:AvgSpeed>
            <ns3:AvgRunCadence>86</ns3:AvgRunCadence>
            <ns3:MaxRunCadence>87</ns3:MaxRunCadence>
          </ns3:LX>
        </Extensions>
      </Lap>
      <Notes>ROUTE RECONSTRUCTED: no GPS was recorded for this activity. Coordinates were projected from the accelerometer distance onto the GPS track of activity 6188052022 (2021-01-27) using mode "scale". Generated by 06_RepairMissingRoutes.py.</Notes>
      <Creator xsi:type="Device_t">
        <Name>fēnix 3</Name>
        <UnitId>3913938328</UnitId>
        <ProductID>2050</ProductID>
        <Version>
          <VersionMajor>9</VersionMajor>
          <VersionMinor>40</VersionMinor>
          <BuildMajor>0</BuildMajor>
          <BuildMinor>0</BuildMinor>
        </Version>
      </Creator>
    </Activity>
  </Activities>
  <Author xsi:type="Application_t">
    <Name>Connect Api</Name>
    <Build>
      <Version>
        <VersionMajor>0</VersionMajor>
        <VersionMinor>0</VersionMinor>
        <BuildMajor>0</BuildMajor>
        <BuildMinor>0</BuildMinor>
      </Version>
    </Build>
    <LangID>en</LangID>
    <PartNumber>006-D2449-00</PartNumber>
  </Author>
</TrainingCenterDatabase>
