<?xml version="1.0" encoding="UTF-8"?>
<TrainingCenterDatabase
  xsi:schemaLocation="http://www.garmin.com/xmlschemas/TrainingCenterDatabase/v2 http://www.garmin.com/xmlschemas/TrainingCenterDatabasev2.xsd"
  xmlns:ns5="http://www.garmin.com/xmlschemas/ActivityGoals/v1"
  xmlns:ns3="http://www.garmin.com/xmlschemas/ActivityExtension/v2"
  xmlns:ns2="http://www.garmin.com/xmlschemas/UserProfile/v2"
  xmlns="http://www.garmin.com/xmlschemas/TrainingCenterDatabase/v2"
  xmlns:xsi="http://www.w3.org/2001/XMLSchema-instance" xmlns:ns4="http://www.garmin.com/xmlschemas/ProfileExtension/v1">
  <Activities>
    <Activity Sport="Running">
      <Id>2021-01-05T22:07:35.000Z</Id>
      <Lap StartTime="2021-01-05T22:07:35.000Z">
        <TotalTimeSeconds>359.338</TotalTimeSeconds>
        <DistanceMeters>1000.0</DistanceMeters>
        <MaximumSpeed>3.125999927520752</MaximumSpeed>
        <Calories>70</Calories>
        <Intensity>Active</Intensity>
        <TriggerMethod>Manual</TriggerMethod>
        <Track>
          <Trackpoint>
            <Time>2021-01-05T22:07:35.000Z</Time>
            <Position>
              <LatitudeDegrees>22.32844546295287</LatitudeDegrees>
              <LongitudeDegrees>114.20833921766231</LongitudeDegrees>
            </Position>
            <AltitudeMeters>311.22</AltitudeMeters>
            <DistanceMeters>1.409999966621399</DistanceMeters>
            <Extensions>
              <ns3:TPX>
                <ns3:Speed>1.409000039100647</ns3:Speed>
                <ns3:RunCadence>60</ns3:RunCadence>
              </ns3:TPX>
            </Extensions>
          </Trackpoint>
          <Trackpoint>
            <Time>2021-01-05T22:07:36.000Z</Time>
            <Position>
              <LatitudeDegrees>22.328433665074318</LatitudeDegrees>
              <LongitudeDegrees>114.20832918592411</LongitudeDegrees>
            </Position>
            <AltitudeMeters>311.38</AltitudeMeters>
            <DistanceMeters>2.9600000381469727</DistanceMeters>
            <Extensions>
              <ns3:TPX>
                <ns3:Speed>1.5490000247955322</ns3:Speed>
                <ns3:RunCadence>60</ns3:RunCadence>
              </ns3:TPX>
            </Extensions>
          </Trackpoint>
          <Trackpoint>
            <Time>2021-01-05T22:07:45.000Z</Time>
            <Position>
              <LatitudeDegrees>22.328308716777872</LatitudeDegrees>
              <LongitudeDegrees>114.20822860484462</LongitudeDegrees>
            </Position>
            <AltitudeMeters>311.3</AltitudeMeters>
            <DistanceMeters>25.959999084472656</DistanceMeters>
            <Extensions>
              <ns3:TPX>
                <ns3:Speed>3.0230000019073486</ns3:Speed>
                <ns3:RunCadence>84</ns3:RunCadence>
              </ns3:TPX>
            </Extensions>
          </Trackpoint>
          <Trackpoint>
            <Time>2021-01-05T22:07:52.000Z</Time>
            <Position>
              <LatitudeDegrees>22.328505252945135</LatitudeDegrees>
              <LongitudeDegrees>114.2081811524779</LongitudeDegrees>
            </Position>
            <AltitudeMeters>311.76</AltitudeMeters>
            <DistanceMeters>46.290000915527344</DistanceMeters>
            <Extensions>
              <ns3:TPX>
                <ns3:Speed>2.7809998989105225</ns3:Speed>
                <ns3:RunCadence>85</ns3:RunCadence>
              </ns3:TPX>
            </Extensions>
          </Trackpoint>
          <Trackpoint>
            <Time>2021-01-05T22:08:00.000Z</Time>
            <Position>
              <LatitudeDegrees>22.32872796161868</LatitudeDegrees>
              <LongitudeDegrees>114.20811334729609</LongitudeDegrees>
            </Position>
            <AltitudeMeters>311.2</AltitudeMeters>
            <DistanceMeters>69.12999725341797</DistanceMeters>
            <Extensions>
              <ns3:TPX>
                <ns3:Speed>2.882999897003174</ns3:Speed>
                <ns3:RunCadence>86</ns3:RunCadence>
              </ns3:TPX>
            </Extensions>
          </Trackpoint>
          <Trackpoint>
            <Time>2021-01-05T22:08:08.000Z</Time>
            <Position>
              <LatitudeDegrees>22.328957839191748</LatitudeDegrees>
              <LongitudeDegrees>114.20808595866534</LongitudeDegrees>
            </Position>
            <AltitudeMeters>311.2</AltitudeMeters>
            <DistanceMeters>91.87000274658203</DistanceMeters>
            <Extensions>
              <ns3:TPX>
                <ns3:Speed>2.809000015258789</ns3:Speed>
                <ns3:RunCadence>85</ns3:RunCadence>
              </ns3:TPX>
            </Extensions>
          </Trackpoint>
          <Trackpoint>
            <Time>2021-01-05T22:08:16.000Z</Time>
            <Position>
              <LatitudeDegrees>22.329183976999825</LatitudeDegrees>
              <LongitudeDegrees>114.20806274041699</LongitudeDegrees>
            </Position>
            <AltitudeMeters>311.23</AltitudeMeters>
            <DistanceMeters>114.22000122070312</DistanceMeters>
            <Extensions>
              <ns3:TPX>
                <ns3:Speed>2.7709999084472656</ns3:Speed>
                <ns3:RunCadence>86</ns3:RunCadence>
              </ns3:TPX>
            </Extensions>
          </Trackpoint>
          <Trackpoint>
            <Time>2021-01-05T22:08:24.000Z</Time>
            <Position>
              <LatitudeDegrees>22.329408035582887</LatitudeDegrees>
              <LongitudeDegrees>114.20807254965348</LongitudeDegrees>
            </Position>
            <AltitudeMeters>311.35</AltitudeMeters>
            <DistanceMeters>136.36000061035156</DistanceMeters>
            <Extensions>
              <ns3:TPX>
                <ns3:Speed>2.7709999084472656</ns3:Speed>
                <ns3:RunCadence>87</ns3:RunCadence>
              </ns3:TPX>
            </Extensions>
          </Trackpoint>
          <Trackpoint>
            <Time>2021-01-05T22:08:32.000Z</Time>
            <Position>
              <LatitudeDegrees>22.329631175258697</LatitudeDegrees>
              <LongitudeDegrees>114.20810772227696</LongitudeDegrees>
            </Position>
            <AltitudeMeters>311.2</AltitudeMeters>
            <DistanceMeters>158.60000610351562</DistanceMeters>
            <Extensions>
              <ns3:TPX>
                <ns3:Speed>2.818000078201294</ns3:Speed>
                <ns3:RunCadence>86</ns3:RunCadence>
              </ns3:TPX>
            </Extensions>
          </Trackpoint>
          <Trackpoint>
            <Time>2021-01-05T22:08:33.000Z</Time>
            <Position>
              <LatitudeDegrees>22.329660039302905</LatitudeDegrees>
              <LongitudeDegrees>114.20810885965174</LongitudeDegrees>
            </Position>
            <AltitudeMeters>311.2</AltitudeMeters>
            <DistanceMeters>161.44000244140625</DistanceMeters>
            <Extensions>
              <ns3:TPX>
                <ns3:Speed>2.8369998931884766</ns3:Speed>
                <ns3:RunCadence>86</ns3:RunCadence>
              </ns3:TPX>
            </Extensions>
          </Trackpoint>
          <Trackpoint>
            <Time>2021-01-05T22:08:40.000Z</Time>
            <Position>
              <LatitudeDegrees>22.3298634711879</LatitudeDegrees>
              <LongitudeDegrees>114.20810810887355</LongitudeDegrees>
            </Position>
            <AltitudeMeters>311.11</AltitudeMeters>
            <DistanceMeters>181.4600067138672</DistanceMeters>
            <Extensions>
              <ns3:TPX>
                <ns3:Speed>2.874000072479248</ns3:Speed>
                <ns3:RunCadence>87</ns3:RunCadence>
              </ns3:TPX>
            </Extensions>
          </Trackpoint>
          <Trackpoint>
            <Time>2021-01-05T22:08:47.000Z</Time>
            <Position>
              <LatitudeDegrees>22.33006594000948</LatitudeDegrees>
              <LongitudeDegrees>114.20808523789519</LongitudeDegrees>
            </Position>
            <AltitudeMeters>311.0</AltitudeMeters>
            <DistanceMeters>201.52000427246094</DistanceMeters>
            <Extensions>
              <ns3:TPX>
                <ns3:Speed>2.8550000190734863</ns3:Speed>
                <ns3:RunCadence>86</ns3:RunCadence>
              </ns3:TPX>
            </Extensions>
          </Trackpoint>
          <Trackpoint>
            <Time>2021-01-05T22:08:55.000Z</Time>
            <Position>
              <LatitudeDegrees>22.330295876169874</LatitudeDegrees>
              <LongitudeDegrees>114.20805430701013</LongitudeDegrees>
            </Position>
            <AltitudeMeters>310.84</AltitudeMeters>
            <DistanceMeters>224.3300018310547</DistanceMeters>
            <Extensions>
              <ns3:TPX>
                <ns3:Speed>2.8459999561309814</ns3:Speed>
                <ns3:RunCadence>86</ns3:RunCadence>
              </ns3:TPX>
            </Extensions>
          </Trackpoint>
          <Trackpoint>
            <Time>2021-01-05T22:09:03.000Z</Time>
            <Position>
              <LatitudeDegrees>22.330458091317954</LatitudeDegrees>
              <LongitudeDegrees>114.20789281144</LongitudeDegrees>
            </Position>
            <AltitudeMeters>311.0</AltitudeMeters>
            <DistanceMeters>247.02999877929688</DistanceMeters>
            <Extensions>
              <ns3:TPX>
                <ns3:Speed>2.8269999027252197</ns3:Speed>
                <ns3:RunCadence>87</ns3:RunCadence>
              </ns3:TPX>
            </Extensions>
          </Trackpoint>
          <Trackpoint>
            <Time>2021-01-05T22:09:11.000Z</Time>
            <Position>
              <LatitudeDegrees>22.330602549791642</LatitudeDegrees>
              <LongitudeDegrees>114.20771377912108</LongitudeDegrees>
            </Position>
            <AltitudeMeters>311.2</AltitudeMeters>
            <DistanceMeters>269.6400146484375</DistanceMeters>
            <Extensions>
              <ns3:TPX>
                <ns3:Speed>2.818000078201294</ns3:Speed>
                <ns3:RunCadence>87</ns3:RunCadence>
              </ns3:TPX>
            </Extensions>
          </Trackpoint>
          <Trackpoint>
            <Time>2021-01-05T22:09:19.000Z</Time>
            <Position>
              <LatitudeDegrees>22.330645533856043</LatitudeDegrees>
              <LongitudeDegrees>114.20749173326496</LongitudeDegrees>
            </Position>
            <AltitudeMeters>311.2</AltitudeMeters>
            <DistanceMeters>292.07000732421875</DistanceMeters>
            <Extensions>
              <ns3:TPX>
                <ns3:Speed>2.7809998989105225</ns3:Speed>
                <ns3:RunCadence>86</ns3:RunCadence>
              </ns3:TPX>
            </Extensions>
          </Trackpoint>
          <Trackpoint>
            <Time>2021-01-05T22:09:27.000Z</Time>
            <Position>
              <LatitudeDegrees>22.330743108911353</LatitudeDegrees>
              <LongitudeDegrees>114.20728699542175</LongitudeDegrees>
            </Position>
            <AltitudeMeters>311.45</AltitudeMeters>
            <DistanceMeters>314.1300048828125</DistanceMeters>
            <Extensions>
              <ns3:TPX>
                <ns3:Speed>2.76200008392334</ns3:Speed>
                <ns3:RunCadence>85</ns3:RunCadence>
              </ns3:TPX>
            </Extensions>
          </Trackpoint>
          <Trackpoint>
            <Time>2021-01-05T22:09:35.000Z</Time>
            <Position>
              <LatitudeDegrees>22.33088068874004</LatitudeDegrees>
              <LongitudeDegrees>114.20710065653687</LongitudeDegrees>
            </Position>
            <AltitudeMeters>311.08</AltitudeMeters>
            <DistanceMeters>336.19000244140625</DistanceMeters>
            <Extensions>
              <ns3:TPX>
                <ns3:Speed>2.753000020980835</ns3:Speed>
                <ns3:RunCadence>86</ns3:RunCadence>
              </ns3:TPX>
            </Extensions>
          </Trackpoint>
          <Trackpoint>
            <Time>2021-01-05T22:09:43.000Z</Time>
            <Position>
              <LatitudeDegrees>22.331037190327194</LatitudeDegrees>
              <LongitudeDegrees>114.20693037622164</LongitudeDegrees>
            </Position>
            <AltitudeMeters>311.22</AltitudeMeters>
            <DistanceMeters>358.1499938964844</DistanceMeters>
            <Extensions>
              <ns3:TPX>
                <ns3:Speed>2.743000030517578</ns3:Speed>
                <ns3:RunCadence>86</ns3:RunCadence>
              </ns3:TPX>
            </Extensions>
          </Trackpoint>
          <Trackpoint>
            <Time>2021-01-05T22:09:47.000Z</Time>
            <Position>
              <LatitudeDegrees>22.33113644571863</LatitudeDegrees>
              <LongitudeDegrees>114.20687458120062</LongitudeDegrees>
            </Position>
            <AltitudeMeters>311.34</AltitudeMeters>
            <DistanceMeters>369.1499938964844</DistanceMeters>
            <Extensions>
              <ns3:TPX>
                <ns3:Speed>2.753000020980835</ns3:Speed>
                <ns3:RunCadence>86</ns3:RunCadence>
              </ns3:TPX>
            </Extensions>
          </Trackpoint>
          <Trackpoint>
            <Time>2021-01-05T22:09:55.000Z</Time>
            <Position>
              <LatitudeDegrees>22.331294027306715</LatitudeDegrees>
              <LongitudeDegrees>114.20670735330242</LongitudeDegrees>
            </Position>
            <AltitudeMeters>311.58</AltitudeMeters>
            <DistanceMeters>391.2200012207031</DistanceMeters>
            <Extensions>
              <ns3:TPX>
                <ns3:Speed>2.76200008392334</ns3:Speed>
                <ns3:RunCadence>86</ns3:RunCadence>
              </ns3:TPX>
            </Extensions>
          </Trackpoint>
          <Trackpoint>
            <Time>2021-01-05T22:10:03.000Z</Time>
            <Position>
              <LatitudeDegrees>22.33138404175797</LatitudeDegrees>
              <LongitudeDegrees>114.20648662414362</LongitudeDegrees>
            </Position>
            <AltitudeMeters>312.16</AltitudeMeters>
            <DistanceMeters>413.30999755859375</DistanceMeters>
            <Extensions>
              <ns3:TPX>
                <ns3:Speed>2.76200008392334</ns3:Speed>
                <ns3:RunCadence>85</ns3:RunCadence>
              </ns3:TPX>
            </Extensions>
          </Trackpoint>
          <Trackpoint>
            <Time>2021-01-05T22:10:11.000Z</Time>
            <Position>
              <LatitudeDegrees>22.33132100910286</LatitudeDegrees>
              <LongitudeDegrees>114.20632440747929</LongitudeDegrees>
            </Position>
            <AltitudeMeters>312.68</AltitudeMeters>
            <DistanceMeters>435.4100036621094</DistanceMeters>
            <Extensions>
              <ns3:TPX>
                <ns3:Speed>2.76200008392334</ns3:Speed>
                <ns3:RunCadence>85</ns3:RunCadence>
              </ns3:TPX>
            </Extensions>
          </Trackpoint>
          <Trackpoint>
            <Time>2021-01-05T22:10:19.000Z</Time>
            <Position>
              <LatitudeDegrees>22.331290252843615</LatitudeDegrees>
              <LongitudeDegrees>114.20612575010286</LongitudeDegrees>
            </Position>
            <AltitudeMeters>312.6</AltitudeMeters>
            <DistanceMeters>457.54998779296875</DistanceMeters>
            <Extensions>
              <ns3:TPX>
                <ns3:Speed>2.7709999084472656</ns3:Speed>
                <ns3:RunCadence>84</ns3:RunCadence>
              </ns3:TPX>
            </Extensions>
          </Trackpoint>
          <Trackpoint>
            <Time>2021-01-05T22:10:27.000Z</Time>
            <Position>
              <LatitudeDegrees>22.33141040538914</LatitudeDegrees>
              <LongitudeDegrees>114.20592079753948</LongitudeDegrees>
            </Position>
            <AltitudeMeters>313.19</AltitudeMeters>
            <DistanceMeters>479.8500061035156</DistanceMeters>
            <Extensions>
              <ns3:TPX>
                <ns3:Speed>2.7899999618530273</ns3:Speed>
                <ns3:RunCadence>85</ns3:RunCadence>
              </ns3:TPX>
            </Extensions>
          </Trackpoint>
          <Trackpoint>
            <Time>2021-01-05T22:10:35.000Z</Time>
            <Position>
              <LatitudeDegrees>22.33144334457224</LatitudeDegrees>
              <LongitudeDegrees>114.20568634423087</LongitudeDegrees>
            </Position>
            <AltitudeMeters>312.02</AltitudeMeters>
            <DistanceMeters>502.1700134277344</DistanceMeters>
            <Extensions>
              <ns3:TPX>
                <ns3:Speed>2.7899999618530273</ns3:Speed>
                <ns3:RunCadence>85</ns3:RunCadence>
              </ns3:TPX>
            </Extensions>
          </Trackpoint>
          <Trackpoint>
            <Time>2021-01-05T22:10:43.000Z</Time>
            <Position>
              <LatitudeDegrees>22.33126811585428</LatitudeDegrees>
              <LongitudeDegrees>114.2055306874133</LongitudeDegrees>
            </Position>
            <AltitudeMeters>312.19</AltitudeMeters>
            <DistanceMeters>524.5</DistanceMeters>
            <Extensions>
              <ns3:TPX>
                <ns3:Speed>2.7990000247955322</ns3:Speed>
                <ns3:RunCadence>86</ns3:RunCadence>
              </ns3:TPX>
            </Extensions>
          </Trackpoint>
          <Trackpoint>
            <Time>2021-01-05T22:10:51.000Z</Time>
            <Position>
              <LatitudeDegrees>22.331094913721714</LatitudeDegrees>
              <LongitudeDegrees>114.20537189280418</LongitudeDegrees>
            </Position>
            <AltitudeMeters>312.78</AltitudeMeters>
            <DistanceMeters>546.8300170898438</DistanceMeters>
            <Extensions>
              <ns3:TPX>
                <ns3:Speed>2.7899999618530273</ns3:Speed>
                <ns3:RunCadence>84</ns3:RunCadence>
              </ns3:TPX>
            </Extensions>
          </Trackpoint>
          <Trackpoint>
            <Time>2021-01-05T22:10:59.000Z</Time>
            <Position>
              <LatitudeDegrees>22.331178894130883</LatitudeDegrees>
              <LongitudeDegrees>114.20515754594254</LongitudeDegrees>
            </Position>
            <AltitudeMeters>312.61</AltitudeMeters>
            <DistanceMeters>569.1900024414062</DistanceMeters>
            <Extensions>
              <ns3:TPX>
                <ns3:Speed>2.7990000247955322</ns3:Speed>
                <ns3:RunCadence>85</ns3:RunCadence>
              </ns3:TPX>
            </Extensions>
          </Trackpoint>
          <Trackpoint>
            <Time>2021-01-05T22:11:07.000Z</Time>
            <Position>
              <LatitudeDegrees>22.331304867238813</LatitudeDegrees>
              <LongitudeDegrees>114.20496374659376</LongitudeDegrees>
            </Position>
            <AltitudeMeters>312.2</AltitudeMeters>
            <DistanceMeters>591.5999755859375</DistanceMeters>
            <Extensions>
              <ns3:TPX>
                <ns3:Speed>2.7990000247955322</ns3:Speed>
                <ns3:RunCadence>85</ns3:RunCadence>
              </ns3:TPX>
            </Extensions>
          </Trackpoint>
          <Trackpoint>
            <Time>2021-01-05T22:11:15.000Z</Time>
            <Position>
              <LatitudeDegrees>22.33126359568209</LatitudeDegrees>
              <LongitudeDegrees>114.20473543142444</LongitudeDegrees>
            </Position>
            <AltitudeMeters>312.15</AltitudeMeters>
            <DistanceMeters>613.9299926757812</DistanceMeters>
            <Extensions>
              <ns3:TPX>
                <ns3:Speed>2.7899999618530273</ns3:Speed>
                <ns3:RunCadence>84</ns3:RunCadence>
              </ns3:TPX>
            </Extensions>
          </Trackpoint>
          <Trackpoint>
            <Time>2021-01-05T22:11:23.000Z</Time>
            <Position>
              <LatitudeDegrees>22.331125554961627</LatitudeDegrees>
              <LongitudeDegrees>114.2045438046557</LongitudeDegrees>
            </Position>
            <AltitudeMeters>312.0</AltitudeMeters>
            <DistanceMeters>636.2100219726562</DistanceMeters>
            <Extensions>
              <ns3:TPX>
                <ns3:Speed>2.7809998989105225</ns3:Speed>
                <ns3:RunCadence>85</ns3:RunCadence>
              </ns3:TPX>
            </Extensions>
          </Trackpoint>
          <Trackpoint>
            <Time>2021-01-05T22:11:31.000Z</Time>
            <Position>
              <LatitudeDegrees>22.331252528929365</LatitudeDegrees>
              <LongitudeDegrees>114.2044750554985</LongitudeDegrees>
            </Position>
            <AltitudeMeters>312.11</AltitudeMeters>
            <DistanceMeters>658.4099731445312</DistanceMeters>
            <Extensions>
              <ns3:TPX>
                <ns3:Speed>2.7709999084472656</ns3:Speed>
                <ns3:RunCadence>84</ns3:RunCadence>
              </ns3:TPX>
            </Extensions>
          </Trackpoint>
          <Trackpoint>
            <Time>2021-01-05T22:11:39.000Z</Time>
            <Position>
              <LatitudeDegrees>22.33146984068039</LatitudeDegrees>
              <LongitudeDegrees>114.20452677003911</LongitudeDegrees>
            </Position>
            <AltitudeMeters>312.33</AltitudeMeters>
            <DistanceMeters>680.52001953125</DistanceMeters>
            <Extensions>
              <ns3:TPX>
                <ns3:Speed>2.76200008392334</ns3:Speed>
                <ns3:RunCadence>85</ns3:RunCadence>
              </ns3:TPX>
            </Extensions>
          </Trackpoint>
          <Trackpoint>
            <Time>2021-01-05T22:11:47.000Z</Time>
            <Position>
              <LatitudeDegrees>22.331693355162756</LatitudeDegrees>
              <LongitudeDegrees>114.20454429993735</LongitudeDegrees>
            </Position>
            <AltitudeMeters>312.24</AltitudeMeters>
            <DistanceMeters>702.5599975585938</DistanceMeters>
            <Extensions>
              <ns3:TPX>
                <ns3:Speed>2.753000020980835</ns3:Speed>
                <ns3:RunCadence>84</ns3:RunCadence>
              </ns3:TPX>
            </Extensions>
          </Trackpoint>
          <Trackpoint>
            <Time>2021-01-05T22:11:55.000Z</Time>
            <Position>
              <LatitudeDegrees>22.33191568306017</LatitudeDegrees>
              <LongitudeDegrees>114.20452540483915</LongitudeDegrees>
            </Position>
            <AltitudeMeters>312.58</AltitudeMeters>
            <DistanceMeters>724.530029296875</DistanceMeters>
            <Extensions>
              <ns3:TPX>
                <ns3:Speed>2.743000030517578</ns3:Speed>
                <ns3:RunCadence>85</ns3:RunCadence>
              </ns3:TPX>
            </Extensions>
          </Trackpoint>
          <Trackpoint>
            <Time>2021-01-05T22:12:03.000Z</Time>
            <Position>
              <LatitudeDegrees>22.3321379659834</LatitudeDegrees>
              <LongitudeDegrees>114.20449687581836</LongitudeDegrees>
            </Position>
            <AltitudeMeters>312.46</AltitudeMeters>
            <DistanceMeters>746.5399780273438</DistanceMeters>
            <Extensions>
              <ns3:TPX>
                <ns3:Speed>2.753000020980835</ns3:Speed>
                <ns3:RunCadence>85</ns3:RunCadence>
              </ns3:TPX>
            </Extensions>
          </Trackpoint>
          <Trackpoint>
            <Time>2021-01-05T22:12:04.000Z</Time>
            <Position>
              <LatitudeDegrees>22.332165736981388</LatitudeDegrees>
              <LongitudeDegrees>114.20449329400435</LongitudeDegrees>
            </Position>
            <AltitudeMeters>312.44</AltitudeMeters>
            <DistanceMeters>749.2899780273438</DistanceMeters>
            <Extensions>
              <ns3:TPX>
                <ns3:Speed>2.753000020980835</ns3:Speed>
                <ns3:RunCadence>85</ns3:RunCadence>
              </ns3:TPX>
            </Extensions>
          </Trackpoint>
          <Trackpoint>
            <Time>2021-01-05T22:12:12.000Z</Time>
            <Position>
              <LatitudeDegrees>22.332387197993206</LatitudeDegrees>
              <LongitudeDegrees>114.20446473067523</LongitudeDegrees>
            </Position>
            <AltitudeMeters>312.28</AltitudeMeters>
            <DistanceMeters>771.219970703125</DistanceMeters>
            <Extensions>
              <ns3:TPX>
                <ns3:Speed>2.7339999675750732</ns3:Speed>
                <ns3:RunCadence>86</ns3:RunCadence>
              </ns3:TPX>
            </Extensions>
          </Trackpoint>
          <Trackpoint>
            <Time>2021-01-05T22:12:20.000Z</Time>
            <Position>
              <LatitudeDegrees>22.332607800732205</LatitudeDegrees>
              <LongitudeDegrees>114.20442760616095</LongitudeDegrees>
            </Position>
            <AltitudeMeters>312.31</AltitudeMeters>
            <DistanceMeters>793.1900024414062</DistanceMeters>
            <Extensions>
              <ns3:TPX>
                <ns3:Speed>2.753000020980835</ns3:Speed>
                <ns3:RunCadence>86</ns3:RunCadence>
              </ns3:TPX>
            </Extensions>
          </Trackpoint>
          <Trackpoint>
            <Time>2021-01-05T22:12:28.000Z</Time>
            <Position>
              <LatitudeDegrees>22.3328284075904</LatitudeDegrees>
              <LongitudeDegrees>114.20437941381834</LongitudeDegrees>
            </Position>
            <AltitudeMeters>312.56</AltitudeMeters>
            <DistanceMeters>815.3200073242188</DistanceMeters>
            <Extensions>
              <ns3:TPX>
                <ns3:Speed>2.7899999618530273</ns3:Speed>
                <ns3:RunCadence>86</ns3:RunCadence>
              </ns3:TPX>
            </Extensions>
          </Trackpoint>
          <Trackpoint>
            <Time>2021-01-05T22:12:36.000Z</Time>
            <Position>
              <LatitudeDegrees>22.333009502782513</LatitudeDegrees>
              <LongitudeDegrees>114.20450471003386</LongitudeDegrees>
            </Position>
            <AltitudeMeters>312.05</AltitudeMeters>
            <DistanceMeters>837.6400146484375</DistanceMeters>
            <Extensions>
              <ns3:TPX>
                <ns3:Speed>2.7899999618530273</ns3:Speed>
                <ns3:RunCadence>85</ns3:RunCadence>
              </ns3:TPX>
            </Extensions>
          </Trackpoint>
          <Trackpoint>
            <Time>2021-01-05T22:12:44.000Z</Time>
            <Position>
              <LatitudeDegrees>22.33322884558483</LatitudeDegrees>
              <LongitudeDegrees>114.20455931065767</LongitudeDegrees>
            </Position>
            <AltitudeMeters>312.19</AltitudeMeters>
            <DistanceMeters>860.0</DistanceMeters>
            <Extensions>
              <ns3:TPX>
                <ns3:Speed>2.7990000247955322</ns3:Speed>
                <ns3:RunCadence>85</ns3:RunCadence>
              </ns3:TPX>
            </Extensions>
          </Trackpoint>
          <Trackpoint>
            <Time>2021-01-05T22:12:49.000Z</Time>
            <Position>
              <LatitudeDegrees>22.33337015333122</LatitudeDegrees>
              <LongitudeDegrees>114.2045821654553</LongitudeDegrees>
            </Position>
            <AltitudeMeters>312.2</AltitudeMeters>
            <DistanceMeters>874.0499877929688</DistanceMeters>
            <Extensions>
              <ns3:TPX>
                <ns3:Speed>2.809000015258789</ns3:Speed>
                <ns3:RunCadence>86</ns3:RunCadence>
              </ns3:TPX>
            </Extensions>
          </Trackpoint>
          <Trackpoint>
            <Time>2021-01-05T22:12:57.000Z</Time>
            <Position>
              <LatitudeDegrees>22.333598244420404</LatitudeDegrees>
              <LongitudeDegrees>114.20459960204789</LongitudeDegrees>
            </Position>
            <AltitudeMeters>311.78</AltitudeMeters>
            <DistanceMeters>896.5700073242188</DistanceMeters>
            <Extensions>
              <ns3:TPX>
                <ns3:Speed>2.818000078201294</ns3:Speed>
                <ns3:RunCadence>86</ns3:RunCadence>
              </ns3:TPX>
            </Extensions>
          </Trackpoint>
          <Trackpoint>
            <Time>2021-01-05T22:13:05.000Z</Time>
            <Position>
              <LatitudeDegrees>22.333827053483642</LatitudeDegrees>
              <LongitudeDegrees>114.20457593468755</LongitudeDegrees>
            </Position>
            <AltitudeMeters>312.14</AltitudeMeters>
            <DistanceMeters>919.22998046875</DistanceMeters>
            <Extensions>
              <ns3:TPX>
                <ns3:Speed>2.8369998931884766</ns3:Speed>
                <ns3:RunCadence>86</ns3:RunCadence>
              </ns3:TPX>
            </Extensions>
          </Trackpoint>
          <Trackpoint>
            <Time>2021-01-05T22:13:13.000Z</Time>
            <Position>
              <LatitudeDegrees>22.33405800442047</LatitudeDegrees>
              <LongitudeDegrees>114.20458649232724</LongitudeDegrees>
            </Position>
            <AltitudeMeters>311.8</AltitudeMeters>
            <DistanceMeters>941.989990234375</DistanceMeters>
            <Extensions>
              <ns3:TPX>
                <ns3:Speed>2.8459999561309814</ns3:Speed>
                <ns3:RunCadence>86</ns3:RunCadence>
              </ns3:TPX>
            </Extensions>
          </Trackpoint>
          <Trackpoint>
            <Time>2021-01-05T22:13:21.000Z</Time>
            <Position>
              <LatitudeDegrees>22.334288870707297</LatitudeDegrees>
              <LongitudeDegrees>114.20459285945272</LongitudeDegrees>
            </Position>
            <AltitudeMeters>311.94</AltitudeMeters>
            <DistanceMeters>964.7000122070312</DistanceMeters>
            <Extensions>
              <ns3:TPX>
                <ns3:Speed>2.8369998931884766</ns3:Speed>
                <ns3:RunCadence>87</ns3:RunCadence>
              </ns3:TPX>
            </Extensions>
          </Trackpoint>
          <Trackpoint>
            <Time>2021-01-05T22:13:29.000Z</Time>
            <Position>
              <LatitudeDegrees>22.334519688147235</LatitudeDegrees>
              <LongitudeDegrees>114.2045951429436</LongitudeDegrees>
            </Position>
            <AltitudeMeters>312.55</AltitudeMeters>
            <DistanceMeters>987.4000244140625</DistanceMeters>
            <Extensions>
              <ns3:TPX>
                <ns3:Speed>2.8459999561309814</ns3:Speed>
                <ns3:RunCadence>85</ns3:RunCadence>
              </ns3:TPX>
            </Extensions>
          </Trackpoint>
          <Trackpoint>
            <Time>2021-01-05T22:13:34.000Z</Time>
            <Position>
              <LatitudeDegrees>22.334664300595144</LatitudeDegrees>
              <LongitudeDegrees>114.20460120598106</LongitudeDegrees>
            </Position>
            <AltitudeMeters>312.27</AltitudeMeters>
            <DistanceMeters>1001.6300048828125</DistanceMeters>
            <Extensions>
              <ns3:TPX>
                <ns3:Speed>2.8459999561309814</ns3:Speed>
                <ns3:RunCadence>86</ns3:RunCadence>
              </ns3:TPX>
            </Extensions>
          </Trackpoint>
        </Track>
        <Extensions>
          <ns3:LX>
            <ns3:AvgSpeed>2.7829999923706055</ns3:AvgSpeed>
            <ns3:AvgRunCadence>85</ns3:AvgRunCadence>
            <ns3:MaxRunCadence>88</ns3:MaxRunCadence>
          </ns3:LX>
        </Extensions>
      </Lap>
      <Lap StartTime="2021-01-05T22:13:35.000Z">
        <TotalTimeSeconds>365.595</TotalTimeSeconds>
        <DistanceMeters>1000.0</DistanceMeters>
        <MaximumSpeed>2.8550000190734863</MaximumSpeed>
        <Calories>70</Calories>
        <Intensity>Active</Intensity>
        <TriggerMethod>Manual</TriggerMethod>
        <Track>
          <Trackpoint>
            <Time>2021-01-05T22:13:42.000Z</Time>
            <Position>
              <LatitudeDegrees>22.33488700841094</LatitudeDegrees>
              <LongitudeDegrees>114.20454080796512</LongitudeDegrees>
            </Position>
            <AltitudeMeters>312.2</AltitudeMeters>
            <DistanceMeters>1024.43994140625</DistanceMeters>
            <Extensions>
              <ns3:TPX>
                <ns3:Speed>2.8550000190734863</ns3:Speed>
                <ns3:RunCadence>86</ns3:RunCadence>
              </ns3:TPX>
            </Extensions>
          </Trackpoint>
          <Trackpoint>
            <Time>2021-01-05T22:13:50.000Z</Time>
            <Position>
              <LatitudeDegrees>22.334841218114974</LatitudeDegrees>
              <LongitudeDegrees>114.20439873779969</LongitudeDegrees>
            </Position>
            <AltitudeMeters>312.39</AltitudeMeters>
            <DistanceMeters>1047.280029296875</DistanceMeters>
            <Extensions>
              <ns3:TPX>
                <ns3:Speed>2.8550000190734863</ns3:Speed>
                <ns3:RunCadence>86</ns3:RunCadence>
              </ns3:TPX>
            </Extensions>
          </Trackpoint>
          <Trackpoint>
            <Time>2021-01-05T22:13:51.000Z</Time>
            <Position>
              <LatitudeDegrees>22.334832067285152</LatitudeDegrees>
              <LongitudeDegrees>114.20436888895995</LongitudeDegrees>
            </Position>
            <AltitudeMeters>312.54</AltitudeMeters>
            <DistanceMeters>1050.1400146484375</DistanceMeters>
            <Extensions>
              <ns3:TPX>
                <ns3:Speed>2.8550000190734863</ns3:Speed>
                <ns3:RunCadence>86</ns3:RunCadence>
              </ns3:TPX>
            </Extensions>
          </Trackpoint>
          <Trackpoint>
            <Time>2021-01-05T22:13:59.000Z</Time>
            <Position>
              <LatitudeDegrees>22.33467341187273</LatitudeDegrees>
              <LongitudeDegrees>114.20421483501933</LongitudeDegrees>
            </Position>
            <AltitudeMeters>312.53</AltitudeMeters>
            <DistanceMeters>1072.97998046875</DistanceMeters>
            <Extensions>
              <ns3:TPX>
                <ns3:Speed>2.8550000190734863</ns3:Speed>
                <ns3:RunCadence>86</ns3:RunCadence>
              </ns3:TPX>
            </Extensions>
          </Trackpoint>
          <Trackpoint>
            <Time>2021-01-05T22:14:07.000Z</Time>
            <Position>
              <LatitudeDegrees>22.334524611491098</LatitudeDegrees>
              <LongitudeDegrees>114.20405142099942</LongitudeDegrees>
            </Position>
            <AltitudeMeters>313.03</AltitudeMeters>
            <DistanceMeters>1095.7900390625</DistanceMeters>
            <Extensions>
              <ns3:TPX>
                <ns3:Speed>2.8459999561309814</ns3:Speed>
                <ns3:RunCadence>84</ns3:RunCadence>
              </ns3:TPX>
            </Extensions>
          </Trackpoint>
          <Trackpoint>
            <Time>2021-01-05T22:14:15.000Z</Time>
            <Position>
              <LatitudeDegrees>22.334664021668825</LatitudeDegrees>
              <LongitudeDegrees>114.20385192789317</LongitudeDegrees>
            </Position>
            <AltitudeMeters>313.33</AltitudeMeters>
            <DistanceMeters>1118.530029296875</DistanceMeters>
            <Extensions>
              <ns3:TPX>
                <ns3:Speed>2.8369998931884766</ns3:Speed>
                <ns3:RunCadence>85</ns3:RunCadence>
              </ns3:TPX>
            </Extensions>
          </Trackpoint>
          <Trackpoint>
            <Time>2021-01-05T22:14:23.000Z</Time>
            <Position>
              <LatitudeDegrees>22.3348125185636</LatitudeDegrees>
              <LongitudeDegrees>114.20366447991577</LongitudeDegrees>
            </Position>
            <AltitudeMeters>313.49</AltitudeMeters>
            <DistanceMeters>1141.1300048828125</DistanceMeters>
            <Extensions>
              <ns3:TPX>
                <ns3:Speed>2.818000078201294</ns3:Speed>
                <ns3:RunCadence>85</ns3:RunCadence>
              </ns3:TPX>
            </Extensions>
          </Trackpoint>
          <Trackpoint>
            <Time>2021-01-05T22:14:31.000Z</Time>
            <Position>
              <LatitudeDegrees>22.33497433678735</LatitudeDegrees>
              <LongitudeDegrees>114.20349367510391</LongitudeDegrees>
            </Position>
            <AltitudeMeters>313.4</AltitudeMeters>
            <DistanceMeters>1163.5999755859375</DistanceMeters>
            <Extensions>
              <ns3:TPX>
                <ns3:Speed>2.809000015258789</ns3:Speed>
                <ns3:RunCadence>86</ns3:RunCadence>
              </ns3:TPX>
            </Extensions>
          </Trackpoint>
          <Trackpoint>
            <Time>2021-01-05T22:14:39.000Z</Time>
            <Position>
              <LatitudeDegrees>22.335135103179883</LatitudeDegrees>
              <LongitudeDegrees>114.20332205633714</LongitudeDegrees>
            </Position>
            <AltitudeMeters>312.73</AltitudeMeters>
            <DistanceMeters>1185.97998046875</DistanceMeters>
            <Extensions>
              <ns3:TPX>
                <ns3:Speed>2.7899999618530273</ns3:Speed>
                <ns3:RunCadence>85</ns3:RunCadence>
              </ns3:TPX>
            </Extensions>
          </Trackpoint>
          <Trackpoint>
            <Time>2021-01-05T22:14:47.000Z</Time>
            <Position>
              <LatitudeDegrees>22.335145540357548</LatitudeDegrees>
              <LongitudeDegrees>114.20310092172318</LongitudeDegrees>
            </Position>
            <AltitudeMeters>312.6</AltitudeMeters>
            <DistanceMeters>1208.2900390625</DistanceMeters>
            <Extensions>
              <ns3:TPX>
                <ns3:Speed>2.7809998989105225</ns3:Speed>
                <ns3:RunCadence>85</ns3:RunCadence>
              </ns3:TPX>
            </Extensions>
          </Trackpoint>
          <Trackpoint>
            <Time>2021-01-05T22:14:55.000Z</Time>
            <Position>
              <LatitudeDegrees>22.33494336337107</LatitudeDegrees>
              <LongitudeDegrees>114.20301554356304</LongitudeDegrees>
            </Position>
            <AltitudeMeters>312.66</AltitudeMeters>
            <DistanceMeters>1230.469970703125</DistanceMeters>
            <Extensions>
              <ns3:TPX>
                <ns3:Speed>2.753000020980835</ns3:Speed>
                <ns3:RunCadence>83</ns3:RunCadence>
              </ns3:TPX>
            </Extensions>
          </Trackpoint>
          <Trackpoint>
            <Time>2021-01-05T22:15:03.000Z</Time>
            <Position>
              <LatitudeDegrees>22.33483152502964</LatitudeDegrees>
              <LongitudeDegrees>114.20283653485971</LongitudeDegrees>
            </Position>
            <AltitudeMeters>313.2</AltitudeMeters>
            <DistanceMeters>1252.3399658203125</DistanceMeters>
            <Extensions>
              <ns3:TPX>
                <ns3:Speed>2.7249999046325684</ns3:Speed>
                <ns3:RunCadence>84</ns3:RunCadence>
              </ns3:TPX>
            </Extensions>
          </Trackpoint>
          <Trackpoint>
            <Time>2021-01-05T22:15:11.000Z</Time>
            <Position>
              <LatitudeDegrees>22.334717206886346</LatitudeDegrees>
              <LongitudeDegrees>114.2027278451451</LongitudeDegrees>
            </Position>
            <AltitudeMeters>313.2</AltitudeMeters>
            <DistanceMeters>1274.1700439453125</DistanceMeters>
            <Extensions>
              <ns3:TPX>
                <ns3:Speed>2.7249999046325684</ns3:Speed>
                <ns3:RunCadence>84</ns3:RunCadence>
              </ns3:TPX>
            </Extensions>
          </Trackpoint>
          <Trackpoint>
            <Time>2021-01-05T22:15:19.000Z</Time>
            <Position>
              <LatitudeDegrees>22.334732674306167</LatitudeDegrees>
              <LongitudeDegrees>114.2025283006225</LongitudeDegrees>
            </Position>
            <AltitudeMeters>312.71</AltitudeMeters>
            <DistanceMeters>1295.989990234375</DistanceMeters>
            <Extensions>
              <ns3:TPX>
                <ns3:Speed>2.7249999046325684</ns3:Speed>
                <ns3:RunCadence>85</ns3:RunCadence>
              </ns3:TPX>
            </Extensions>
          </Trackpoint>
          <Trackpoint>
            <Time>2021-01-05T22:15:27.000Z</Time>
            <Position>
              <LatitudeDegrees>22.33478790749397</LatitudeDegrees>
              <LongitudeDegrees>114.20229786710014</LongitudeDegrees>
            </Position>
            <AltitudeMeters>312.6</AltitudeMeters>
            <DistanceMeters>1317.6600341796875</DistanceMeters>
            <Extensions>
              <ns3:TPX>
                <ns3:Speed>2.687000036239624</ns3:Speed>
                <ns3:RunCadence>86</ns3:RunCadence>
              </ns3:TPX>
            </Extensions>
          </Trackpoint>
          <Trackpoint>
            <Time>2021-01-05T22:15:35.000Z</Time>
            <Position>
              <LatitudeDegrees>22.3348211411523</LatitudeDegrees>
              <LongitudeDegrees>114.20206247462407</LongitudeDegrees>
            </Position>
            <AltitudeMeters>312.8</AltitudeMeters>
            <DistanceMeters>1339.3299560546875</DistanceMeters>
            <Extensions>
              <ns3:TPX>
                <ns3:Speed>2.7060000896453857</ns3:Speed>
                <ns3:RunCadence>84</ns3:RunCadence>
              </ns3:TPX>
            </Extensions>
          </Trackpoint>
          <Trackpoint>
            <Time>2021-01-05T22:15:43.000Z</Time>
            <Position>
              <LatitudeDegrees>22.334735374297395</LatitudeDegrees>
              <LongitudeDegrees>114.20184475005942</LongitudeDegrees>
            </Position>
            <AltitudeMeters>312.44</AltitudeMeters>
            <DistanceMeters>1360.8800048828125</DistanceMeters>
            <Extensions>
              <ns3:TPX>
                <ns3:Speed>2.697000026702881</ns3:Speed>
                <ns3:RunCadence>85</ns3:RunCadence>
              </ns3:TPX>
            </Extensions>
          </Trackpoint>
          <Trackpoint>
            <Time>2021-01-05T22:15:51.000Z</Time>
            <Position>
              <LatitudeDegrees>22.33490253712279</LatitudeDegrees>
              <LongitudeDegrees>114.20182137241419</LongitudeDegrees>
            </Position>
            <AltitudeMeters>312.76</AltitudeMeters>
            <DistanceMeters>1382.5400390625</DistanceMeters>
            <Extensions>
              <ns3:TPX>
                <ns3:Speed>2.7149999141693115</ns3:Speed>
                <ns3:RunCadence>84</ns3:RunCadence>
              </ns3:TPX>
            </Extensions>
          </Trackpoint>
          <Trackpoint>
            <Time>2021-01-05T22:15:59.000Z</Time>
            <Position>
              <LatitudeDegrees>22.33489155698541</LatitudeDegrees>
              <LongitudeDegrees>114.20163046073914</LongitudeDegrees>
            </Position>
            <AltitudeMeters>312.23</AltitudeMeters>
            <DistanceMeters>1404.469970703125</DistanceMeters>
            <Extensions>
              <ns3:TPX>
                <ns3:Speed>2.753000020980835</ns3:Speed>
                <ns3:RunCadence>84</ns3:RunCadence>
              </ns3:TPX>
            </Extensions>
          </Trackpoint>
          <Trackpoint>
            <Time>2021-01-05T22:16:07.000Z</Time>
            <Position>
              <LatitudeDegrees>22.3348633703749</LatitudeDegrees>
              <LongitudeDegrees>114.20139160553035</LongitudeDegrees>
            </Position>
            <AltitudeMeters>312.3</AltitudeMeters>
            <DistanceMeters>1426.3699951171875</DistanceMeters>
            <Extensions>
              <ns3:TPX>
                <ns3:Speed>2.7339999675750732</ns3:Speed>
                <ns3:RunCadence>84</ns3:RunCadence>
              </ns3:TPX>
            </Extensions>
          </Trackpoint>
          <Trackpoint>
            <Time>2021-01-05T22:16:15.000Z</Time>
            <Position>
              <LatitudeDegrees>22.334835235297</LatitudeDegrees>
              <LongitudeDegrees>114.20115318701234</LongitudeDegrees>
            </Position>
            <AltitudeMeters>312.37</AltitudeMeters>
            <DistanceMeters>1448.22998046875</DistanceMeters>
            <Extensions>
              <ns3:TPX>
                <ns3:Speed>2.7249999046325684</ns3:Speed>
                <ns3:RunCadence>84</ns3:RunCadence>
              </ns3:TPX>
            </Extensions>
          </Trackpoint>
          <Trackpoint>
            <Time>2021-01-05T22:16:23.000Z</Time>
            <Position>
              <LatitudeDegrees>22.334773939434484</LatitudeDegrees>
              <LongitudeDegrees>114.20107581321685</LongitudeDegrees>
            </Position>
            <AltitudeMeters>312.28</AltitudeMeters>
            <DistanceMeters>1470.1300048828125</DistanceMeters>
            <Extensions>
              <ns3:TPX>
                <ns3:Speed>2.743000030517578</ns3:Speed>
                <ns3:RunCadence>83</ns3:RunCadence>
              </ns3:TPX>
            </Extensions>
          </Trackpoint>
          <Trackpoint>
            <Time>2021-01-05T22:16:31.000Z</Time>
            <Position>
              <LatitudeDegrees>22.33460983537954</LatitudeDegrees>
              <LongitudeDegrees>114.20091849134134</LongitudeDegrees>
            </Position>
            <AltitudeMeters>312.24</AltitudeMeters>
            <DistanceMeters>1491.989990234375</DistanceMeters>
            <Extensions>
              <ns3:TPX>
                <ns3:Speed>2.7339999675750732</ns3:Speed>
                <ns3:RunCadence>84</ns3:RunCadence>
              </ns3:TPX>
            </Extensions>
          </Trackpoint>
          <Trackpoint>
            <Time>2021-01-05T22:16:39.000Z</Time>
            <Position>
              <LatitudeDegrees>22.3345393698759</LatitudeDegrees>
              <LongitudeDegrees>114.2006917976486</LongitudeDegrees>
            </Position>
            <AltitudeMeters>312.27</AltitudeMeters>
            <DistanceMeters>1513.81005859375</DistanceMeters>
            <Extensions>
              <ns3:TPX>
                <ns3:Speed>2.7060000896453857</ns3:Speed>
                <ns3:RunCadence>84</ns3:RunCadence>
              </ns3:TPX>
            </Extensions>
          </Trackpoint>
          <Trackpoint>
            <Time>2021-01-05T22:16:44.000Z</Time>
            <Position>
              <LatitudeDegrees>22.33448482462817</LatitudeDegrees>
              <LongitudeDegrees>114.20055757912047</LongitudeDegrees>
            </Position>
            <AltitudeMeters>312.2</AltitudeMeters>
            <DistanceMeters>1527.300048828125</DistanceMeters>
            <Extensions>
              <ns3:TPX>
                <ns3:Speed>2.697000026702881</ns3:Speed>
                <ns3:RunCadence>84</ns3:RunCadence>
              </ns3:TPX>
            </Extensions>
          </Trackpoint>
          <Trackpoint>
            <Time>2021-01-05T22:16:49.000Z</Time>
            <Position>
              <LatitudeDegrees>22.334389020866286</LatitudeDegrees>
              <LongitudeDegrees>114.20045610844198</LongitudeDegrees>
            </Position>
            <AltitudeMeters>312.21</AltitudeMeters>
            <DistanceMeters>1540.81005859375</DistanceMeters>
            <Extensions>
              <ns3:TPX>
                <ns3:Speed>2.7060000896453857</ns3:Speed>
                <ns3:RunCadence>84</ns3:RunCadence>
              </ns3:TPX>
            </Extensions>
          </Trackpoint>
          <Trackpoint>
            <Time>2021-01-05T22:16:57.000Z</Time>
            <Position>
              <LatitudeDegrees>22.334325693546692</LatitudeDegrees>
              <LongitudeDegrees>114.20027356068579</LongitudeDegrees>
            </Position>
            <AltitudeMeters>312.4</AltitudeMeters>
            <DistanceMeters>1562.3900146484375</DistanceMeters>
            <Extensions>
              <ns3:TPX>
                <ns3:Speed>2.7149999141693115</ns3:Speed>
                <ns3:RunCadence>84</ns3:RunCadence>
              </ns3:TPX>
            </Extensions>
          </Trackpoint>
          <Trackpoint>
            <Time>2021-01-05T22:17:05.000Z</Time>
            <Position>
              <LatitudeDegrees>22.334149143991347</LatitudeDegrees>
              <LongitudeDegrees>114.20023388895584</LongitudeDegrees>
            </Position>
            <AltitudeMeters>312.32</AltitudeMeters>
            <DistanceMeters>1584.1800537109375</DistanceMeters>
            <Extensions>
              <ns3:TPX>
                <ns3:Speed>2.7149999141693115</ns3:Speed>
                <ns3:RunCadence>84</ns3:RunCadence>
              </ns3:TPX>
            </Extensions>
          </Trackpoint>
          <Trackpoint>
            <Time>2021-01-05T22:17:13.000Z</Time>
            <Position>
              <LatitudeDegrees>22.333978449794824</LatitudeDegrees>
              <LongitudeDegrees>114.20038560674038</LongitudeDegrees>
            </Position>
            <AltitudeMeters>311.81</AltitudeMeters>
            <DistanceMeters>1605.9100341796875</DistanceMeters>
            <Extensions>
              <ns3:TPX>
                <ns3:Speed>2.7249999046325684</ns3:Speed>
                <ns3:RunCadence>83</ns3:RunCadence>
              </ns3:TPX>
            </Extensions>
          </Trackpoint>
          <Trackpoint>
            <Time>2021-01-05T22:17:21.000Z</Time>
            <Position>
              <LatitudeDegrees>22.33379894772538</LatitudeDegrees>
              <LongitudeDegrees>114.2005247814375</LongitudeDegrees>
            </Position>
            <AltitudeMeters>311.6</AltitudeMeters>
            <DistanceMeters>1627.6400146484375</DistanceMeters>
            <Extensions>
              <ns3:TPX>
                <ns3:Speed>2.7149999141693115</ns3:Speed>
                <ns3:RunCadence>83</ns3:RunCadence>
              </ns3:TPX>
            </Extensions>
          </Trackpoint>
          <Trackpoint>
            <Time>2021-01-05T22:17:29.000Z</Time>
            <Position>
              <LatitudeDegrees>22.333619987717967</LatitudeDegrees>
              <LongitudeDegrees>114.20066418025989</LongitudeDegrees>
            </Position>
            <AltitudeMeters>311.95</AltitudeMeters>
            <DistanceMeters>1649.3299560546875</DistanceMeters>
            <Extensions>
              <ns3:TPX>
                <ns3:Speed>2.7060000896453857</ns3:Speed>
                <ns3:RunCadence>84</ns3:RunCadence>
              </ns3:TPX>
            </Extensions>
          </Trackpoint>
          <Trackpoint>
            <Time>2021-01-05T22:17:37.000Z</Time>
            <Position>
              <LatitudeDegrees>22.333438040250215</LatitudeDegrees>
              <LongitudeDegrees>114.20079159542651</LongitudeDegrees>
            </Position>
            <AltitudeMeters>312.0</AltitudeMeters>
            <DistanceMeters>1670.6500244140625</DistanceMeters>
            <Extensions>
              <ns3:TPX>
                <ns3:Speed>2.621999979019165</ns3:Speed>
                <ns3:RunCadence>84</ns3:RunCadence>
              </ns3:TPX>
            </Extensions>
          </Trackpoint>
          <Trackpoint>
            <Time>2021-01-05T22:17:45.000Z</Time>
            <Position>
              <LatitudeDegrees>22.33327486100868</LatitudeDegrees>
              <LongitudeDegrees>114.20094217669518</LongitudeDegrees>
            </Position>
            <AltitudeMeters>312.0</AltitudeMeters>
            <DistanceMeters>1691.8499755859375</DistanceMeters>
            <Extensions>
              <ns3:TPX>
                <ns3:Speed>2.6689999103546143</ns3:Speed>
                <ns3:RunCadence>85</ns3:RunCadence>
              </ns3:TPX>
            </Extensions>
          </Trackpoint>
          <Trackpoint>
            <Time>2021-01-05T22:17:53.000Z</Time>
            <Position>
              <LatitudeDegrees>22.333107020042064</LatitudeDegrees>
              <LongitudeDegrees>114.20101736060614</LongitudeDegrees>
            </Position>
            <AltitudeMeters>311.41</AltitudeMeters>
            <DistanceMeters>1713.4000244140625</DistanceMeters>
            <Extensions>
              <ns3:TPX>
                <ns3:Speed>2.7339999675750732</ns3:Speed>
                <ns3:RunCadence>82</ns3:RunCadence>
              </ns3:TPX>
            </Extensions>
          </Trackpoint>
          <Trackpoint>
            <Time>2021-01-05T22:18:01.000Z</Time>
            <Position>
              <LatitudeDegrees>22.333081234605864</LatitudeDegrees>
              <LongitudeDegrees>114.20077819169047</LongitudeDegrees>
            </Position>
            <AltitudeMeters>311.53</AltitudeMeters>
            <DistanceMeters>1735.300048828125</DistanceMeters>
            <Extensions>
              <ns3:TPX>
                <ns3:Speed>2.7060000896453857</ns3:Speed>
                <ns3:RunCadence>85</ns3:RunCadence>
              </ns3:TPX>
            </Extensions>
          </Trackpoint>
          <Trackpoint>
            <Time>2021-01-05T22:18:09.000Z</Time>
            <Position>
              <LatitudeDegrees>22.333055802451916</LatitudeDegrees>
              <LongitudeDegrees>114.20054229959092</LongitudeDegrees>
            </Position>
            <AltitudeMeters>311.64</AltitudeMeters>
            <DistanceMeters>1756.9000244140625</DistanceMeters>
            <Extensions>
              <ns3:TPX>
                <ns3:Speed>2.697000026702881</ns3:Speed>
                <ns3:RunCadence>85</ns3:RunCadence>
              </ns3:TPX>
            </Extensions>
          </Trackpoint>
          <Trackpoint>
            <Time>2021-01-05T22:18:17.000Z</Time>
            <Position>
              <LatitudeDegrees>22.33303035851231</LatitudeDegrees>
              <LongitudeDegrees>114.20030629817529</LongitudeDegrees>
            </Position>
            <AltitudeMeters>311.75</AltitudeMeters>
            <DistanceMeters>1778.510009765625</DistanceMeters>
            <Extensions>
              <ns3:TPX>
                <ns3:Speed>2.7060000896453857</ns3:Speed>
                <ns3:RunCadence>85</ns3:RunCadence>
              </ns3:TPX>
            </Extensions>
          </Trackpoint>
          <Trackpoint>
            <Time>2021-01-05T22:18:25.000Z</Time>
            <Position>
              <LatitudeDegrees>22.333004761502895</LatitudeDegrees>
              <LongitudeDegrees>114.20006887698376</LongitudeDegrees>
            </Position>
            <AltitudeMeters>311.87</AltitudeMeters>
            <DistanceMeters>1800.25</DistanceMeters>
            <Extensions>
              <ns3:TPX>
                <ns3:Speed>2.7149999141693115</ns3:Speed>
                <ns3:RunCadence>85</ns3:RunCadence>
              </ns3:TPX>
            </Extensions>
          </Trackpoint>
          <Trackpoint>
            <Time>2021-01-05T22:18:33.000Z</Time>
            <Position>
              <LatitudeDegrees>22.332979129136508</LatitudeDegrees>
              <LongitudeDegrees>114.19983112784399</LongitudeDegrees>
            </Position>
            <AltitudeMeters>311.98</AltitudeMeters>
            <DistanceMeters>1822.02001953125</DistanceMeters>
            <Extensions>
              <ns3:TPX>
                <ns3:Speed>2.7149999141693115</ns3:Speed>
                <ns3:RunCadence>85</ns3:RunCadence>
              </ns3:TPX>
            </Extensions>
          </Trackpoint>
          <Trackpoint>
            <Time>2021-01-05T22:18:41.000Z</Time>
            <Position>
              <LatitudeDegrees>22.332953673411243</LatitudeDegrees>
              <LongitudeDegrees>114.19959501711227</LongitudeDegrees>
            </Position>
            <AltitudeMeters>312.09</AltitudeMeters>
            <DistanceMeters>1843.6400146484375</DistanceMeters>
            <Extensions>
              <ns3:TPX>
                <ns3:Speed>2.697000026702881</ns3:Speed>
                <ns3:RunCadence>84</ns3:RunCadence>
              </ns3:TPX>
            </Extensions>
          </Trackpoint>
          <Trackpoint>
            <Time>2021-01-05T22:18:49.000Z</Time>
            <Position>
              <LatitudeDegrees>22.33293300310634</LatitudeDegrees>
              <LongitudeDegrees>114.19935916607534</LongitudeDegrees>
            </Position>
            <AltitudeMeters>312.2</AltitudeMeters>
            <DistanceMeters>1865.260009765625</DistanceMeters>
            <Extensions>
              <ns3:TPX>
                <ns3:Speed>2.7060000896453857</ns3:Speed>
                <ns3:RunCadence>85</ns3:RunCadence>
              </ns3:TPX>
            </Extensions>
          </Trackpoint>
          <Trackpoint>
            <Time>2021-01-05T22:18:57.000Z</Time>
            <Position>
              <LatitudeDegrees>22.332980246033493</LatitudeDegrees>
              <LongitudeDegrees>114.19912678319491</LongitudeDegrees>
            </Position>
            <AltitudeMeters>312.12</AltitudeMeters>
            <DistanceMeters>1886.9000244140625</DistanceMeters>
            <Extensions>
              <ns3:TPX>
                <ns3:Speed>2.697000026702881</ns3:Speed>
                <ns3:RunCadence>85</ns3:RunCadence>
              </ns3:TPX>
            </Extensions>
          </Trackpoint>
          <Trackpoint>
            <Time>2021-01-05T22:19:05.000Z</Time>
            <Position>
              <LatitudeDegrees>22.333027030322498</LatitudeDegrees>
              <LongitudeDegrees>114.19889665630623</LongitudeDegrees>
            </Position>
            <AltitudeMeters>312.05</AltitudeMeters>
            <DistanceMeters>1908.3299560546875</DistanceMeters>
            <Extensions>
              <ns3:TPX>
                <ns3:Speed>2.677999973297119</ns3:Speed>
                <ns3:RunCadence>85</ns3:RunCadence>
              </ns3:TPX>
            </Extensions>
          </Trackpoint>
          <Trackpoint>
            <Time>2021-01-05T22:19:13.000Z</Time>
            <Position>
              <LatitudeDegrees>22.333073749320192</LatitudeDegrees>
              <LongitudeDegrees>114.19866685057848</LongitudeDegrees>
            </Position>
            <AltitudeMeters>311.98</AltitudeMeters>
            <DistanceMeters>1929.72998046875</DistanceMeters>
            <Extensions>
              <ns3:TPX>
                <ns3:Speed>2.677999973297119</ns3:Speed>
                <ns3:RunCadence>85</ns3:RunCadence>
              </ns3:TPX>
            </Extensions>
          </Trackpoint>
          <Trackpoint>
            <Time>2021-01-05T22:19:21.000Z</Time>
            <Position>
              <LatitudeDegrees>22.333120861398225</LatitudeDegrees>
              <LongitudeDegrees>114.1984351113308</LongitudeDegrees>
            </Position>
            <AltitudeMeters>311.9</AltitudeMeters>
            <DistanceMeters>1951.31005859375</DistanceMeters>
            <Extensions>
              <ns3:TPX>
                <ns3:Speed>2.697000026702881</ns3:Speed>
                <ns3:RunCadence>84</ns3:RunCadence>
              </ns3:TPX>
            </Extensions>
          </Trackpoint>
          <Trackpoint>
            <Time>2021-01-05T22:19:29.000Z</Time>
            <Position>
              <LatitudeDegrees>22.33316792950456</LatitudeDegrees>
              <LongitudeDegrees>114.19820358837516</LongitudeDegrees>
            </Position>
            <AltitudeMeters>311.83</AltitudeMeters>
            <DistanceMeters>1972.8699951171875</DistanceMeters>
            <Extensions>
              <ns3:TPX>
                <ns3:Speed>2.697000026702881</ns3:Speed>
                <ns3:RunCadence>84</ns3:RunCadence>
              </ns3:TPX>
            </Extensions>
          </Trackpoint>
          <Trackpoint>
            <Time>2021-01-05T22:19:37.000Z</Time>
            <Position>
              <LatitudeDegrees>22.33326526825237</LatitudeDegrees>
              <LongitudeDegrees>114.19799614937445</LongitudeDegrees>
            </Position>
            <AltitudeMeters>312.05</AltitudeMeters>
            <DistanceMeters>1994.5</DistanceMeters>
            <Extensions>
              <ns3:TPX>
                <ns3:Speed>2.7060000896453857</ns3:Speed>
                <ns3:RunCadence>85</ns3:RunCadence>
              </ns3:TPX>
            </Extensions>
          </Trackpoint>
          <Trackpoint>
            <Time>2021-01-05T22:19:40.000Z</Time>
            <Position>
              <LatitudeDegrees>22.333316628101915</LatitudeDegrees>
              <LongitudeDegrees>114.1979263884117</LongitudeDegrees>
            </Position>
            <AltitudeMeters>312.2</AltitudeMeters>
            <DistanceMeters>2002.6600341796875</DistanceMeters>
            <Extensions>
              <ns3:TPX>
                <ns3:Speed>2.7249999046325684</ns3:Speed>
                <ns3:RunCadence>85</ns3:RunCadence>
              </ns3:TPX>
            </Extensions>
          </Trackpoint>
        </Track>
        <Extensions>
          <ns3:LX>
            <ns3:AvgSpeed>2.734999895095825</ns3:AvgSpeed>
            <ns3:AvgRunCadence>84</ns3:AvgRunCadence>
            <ns3:MaxRunCadence>86</ns3:MaxRunCadence>
          </ns3:LX>
        </Extensions>
      </Lap>
      <Lap StartTime="2021-01-05T22:19:41.000Z">
        <TotalTimeSeconds>362.269</TotalTimeSeconds>
        <DistanceMeters>1000.0</DistanceMeters>
        <MaximumSpeed>2.8459999561309814</MaximumSpeed>
        <Calories>70</Calories>
        <Intensity>Active</Intensity>
        <TriggerMethod>Manual</TriggerMethod>
        <Track>
          <Trackpoint>
            <Time>2021-01-05T22:19:48.000Z</Time>
            <Position>
              <LatitudeDegrees>22.33351468099603</LatitudeDegrees>
              <LongitudeDegrees>114.19781647275154</LongitudeDegrees>
            </Position>
            <AltitudeMeters>312.06</AltitudeMeters>
            <DistanceMeters>2024.550048828125</DistanceMeters>
            <Extensions>
              <ns3:TPX>
                <ns3:Speed>2.7339999675750732</ns3:Speed>
                <ns3:RunCadence>85</ns3:RunCadence>
              </ns3:TPX>
            </Extensions>
          </Trackpoint>
          <Trackpoint>
            <Time>2021-01-05T22:19:56.000Z</Time>
            <Position>
              <LatitudeDegrees>22.333712462195983</LatitudeDegrees>
              <LongitudeDegrees>114.19770670787658</LongitudeDegrees>
            </Position>
            <AltitudeMeters>311.93</AltitudeMeters>
            <DistanceMeters>2046.4100341796875</DistanceMeters>
            <Extensions>
              <ns3:TPX>
                <ns3:Speed>2.7339999675750732</ns3:Speed>
                <ns3:RunCadence>84</ns3:RunCadence>
              </ns3:TPX>
            </Extensions>
          </Trackpoint>
          <Trackpoint>
            <Time>2021-01-05T22:20:04.000Z</Time>
            <Position>
              <LatitudeDegrees>22.333911972411983</LatitudeDegrees>
              <LongitudeDegrees>114.19760117829733</LongitudeDegrees>
            </Position>
            <AltitudeMeters>311.86</AltitudeMeters>
            <DistanceMeters>2068.300048828125</DistanceMeters>
            <Extensions>
              <ns3:TPX>
                <ns3:Speed>2.7249999046325684</ns3:Speed>
                <ns3:RunCadence>82</ns3:RunCadence>
              </ns3:TPX>
            </Extensions>
          </Trackpoint>
          <Trackpoint>
            <Time>2021-01-05T22:20:12.000Z</Time>
            <Position>
              <LatitudeDegrees>22.33392634587244</LatitudeDegrees>
              <LongitudeDegrees>114.19748882739515</LongitudeDegrees>
            </Position>
            <AltitudeMeters>312.2</AltitudeMeters>
            <DistanceMeters>2090.090087890625</DistanceMeters>
            <Extensions>
              <ns3:TPX>
                <ns3:Speed>2.7249999046325684</ns3:Speed>
                <ns3:RunCadence>84</ns3:RunCadence>
              </ns3:TPX>
            </Extensions>
          </Trackpoint>
          <Trackpoint>
            <Time>2021-01-05T22:20:20.000Z</Time>
            <Position>
              <LatitudeDegrees>22.333728344142347</LatitudeDegrees>
              <LongitudeDegrees>114.19738238842348</LongitudeDegrees>
            </Position>
            <AltitudeMeters>312.2</AltitudeMeters>
            <DistanceMeters>2111.889892578125</DistanceMeters>
            <Extensions>
              <ns3:TPX>
                <ns3:Speed>2.7249999046325684</ns3:Speed>
                <ns3:RunCadence>85</ns3:RunCadence>
              </ns3:TPX>
            </Extensions>
          </Trackpoint>
          <Trackpoint>
            <Time>2021-01-05T22:20:22.000Z</Time>
            <Position>
              <LatitudeDegrees>22.33367600947717</LatitudeDegrees>
              <LongitudeDegrees>114.19736264558175</LongitudeDegrees>
            </Position>
            <AltitudeMeters>312.2</AltitudeMeters>
            <DistanceMeters>2117.340087890625</DistanceMeters>
            <Extensions>
              <ns3:TPX>
                <ns3:Speed>2.7249999046325684</ns3:Speed>
                <ns3:RunCadence>84</ns3:RunCadence>
              </ns3:TPX>
            </Extensions>
          </Trackpoint>
          <Trackpoint>
            <Time>2021-01-05T22:20:30.000Z</Time>
            <Position>
              <LatitudeDegrees>22.333513380543625</LatitudeDegrees>
              <LongitudeDegrees>114.19720758537984</LongitudeDegrees>
            </Position>
            <AltitudeMeters>312.2</AltitudeMeters>
            <DistanceMeters>2139.18994140625</DistanceMeters>
            <Extensions>
              <ns3:TPX>
                <ns3:Speed>2.7339999675750732</ns3:Speed>
                <ns3:RunCadence>84</ns3:RunCadence>
              </ns3:TPX>
            </Extensions>
          </Trackpoint>
          <Trackpoint>
            <Time>2021-01-05T22:20:38.000Z</Time>
            <Position>
              <LatitudeDegrees>22.33333329270276</LatitudeDegrees>
              <LongitudeDegrees>114.19706768606459</LongitudeDegrees>
            </Position>
            <AltitudeMeters>312.2</AltitudeMeters>
            <DistanceMeters>2161.0</DistanceMeters>
            <Extensions>
              <ns3:TPX>
                <ns3:Speed>2.7249999046325684</ns3:Speed>
                <ns3:RunCadence>85</ns3:RunCadence>
              </ns3:TPX>
            </Extensions>
          </Trackpoint>
          <Trackpoint>
            <Time>2021-01-05T22:20:42.000Z</Time>
            <Position>
              <LatitudeDegrees>22.33326705774901</LatitudeDegrees>
              <LongitudeDegrees>114.19714927659648</LongitudeDegrees>
            </Position>
            <AltitudeMeters>312.11</AltitudeMeters>
            <DistanceMeters>2171.93994140625</DistanceMeters>
            <Extensions>
              <ns3:TPX>
                <ns3:Speed>2.743000030517578</ns3:Speed>
                <ns3:RunCadence>84</ns3:RunCadence>
              </ns3:TPX>
            </Extensions>
          </Trackpoint>
          <Trackpoint>
            <Time>2021-01-05T22:20:50.000Z</Time>
            <Position>
              <LatitudeDegrees>22.333063839037255</LatitudeDegrees>
              <LongitudeDegrees>114.19724064453918</LongitudeDegrees>
            </Position>
            <AltitudeMeters>312.36</AltitudeMeters>
            <DistanceMeters>2193.85009765625</DistanceMeters>
            <Extensions>
              <ns3:TPX>
                <ns3:Speed>2.7249999046325684</ns3:Speed>
                <ns3:RunCadence>84</ns3:RunCadence>
              </ns3:TPX>
            </Extensions>
          </Trackpoint>
          <Trackpoint>
            <Time>2021-01-05T22:20:58.000Z</Time>
            <Position>
              <LatitudeDegrees>22.33285612727182</LatitudeDegrees>
              <LongitudeDegrees>114.19731862021678</LongitudeDegrees>
            </Position>
            <AltitudeMeters>312.17</AltitudeMeters>
            <DistanceMeters>2215.75</DistanceMeters>
            <Extensions>
              <ns3:TPX>
                <ns3:Speed>2.743000030517578</ns3:Speed>
                <ns3:RunCadence>84</ns3:RunCadence>
              </ns3:TPX>
            </Extensions>
          </Trackpoint>
          <Trackpoint>
            <Time>2021-01-05T22:21:06.000Z</Time>
            <Position>
              <LatitudeDegrees>22.33269383932658</LatitudeDegrees>
              <LongitudeDegrees>114.19748079248993</LongitudeDegrees>
            </Position>
            <AltitudeMeters>311.89</AltitudeMeters>
            <DistanceMeters>2237.47998046875</DistanceMeters>
            <Extensions>
              <ns3:TPX>
                <ns3:Speed>2.7339999675750732</ns3:Speed>
                <ns3:RunCadence>84</ns3:RunCadence>
              </ns3:TPX>
            </Extensions>
          </Trackpoint>
          <Trackpoint>
            <Time>2021-01-05T22:21:14.000Z</Time>
            <Position>
              <LatitudeDegrees>22.332504281765473</LatitudeDegrees>
              <LongitudeDegrees>114.19746423654743</LongitudeDegrees>
            </Position>
            <AltitudeMeters>312.17</AltitudeMeters>
            <DistanceMeters>2259.550048828125</DistanceMeters>
            <Extensions>
              <ns3:TPX>
                <ns3:Speed>2.7709999084472656</ns3:Speed>
                <ns3:RunCadence>84</ns3:RunCadence>
              </ns3:TPX>
            </Extensions>
          </Trackpoint>
          <Trackpoint>
            <Time>2021-01-05T22:21:22.000Z</Time>
            <Position>
              <LatitudeDegrees>22.33236356944502</LatitudeDegrees>
              <LongitudeDegrees>114.19737075541963</LongitudeDegrees>
            </Position>
            <AltitudeMeters>311.45</AltitudeMeters>
            <DistanceMeters>2281.68994140625</DistanceMeters>
            <Extensions>
              <ns3:TPX>
                <ns3:Speed>2.7899999618530273</ns3:Speed>
                <ns3:RunCadence>84</ns3:RunCadence>
              </ns3:TPX>
            </Extensions>
          </Trackpoint>
          <Trackpoint>
            <Time>2021-01-05T22:21:25.000Z</Time>
            <Position>
              <LatitudeDegrees>22.332367890895803</LatitudeDegrees>
              <LongitudeDegrees>114.19727884612846</LongitudeDegrees>
            </Position>
            <AltitudeMeters>311.51</AltitudeMeters>
            <DistanceMeters>2290.06005859375</DistanceMeters>
            <Extensions>
              <ns3:TPX>
                <ns3:Speed>2.7899999618530273</ns3:Speed>
                <ns3:RunCadence>84</ns3:RunCadence>
              </ns3:TPX>
            </Extensions>
          </Trackpoint>
          <Trackpoint>
            <Time>2021-01-05T22:21:33.000Z</Time>
            <Position>
              <LatitudeDegrees>22.332355892195388</LatitudeDegrees>
              <LongitudeDegrees>114.19703580432338</LongitudeDegrees>
            </Position>
            <AltitudeMeters>311.79</AltitudeMeters>
            <DistanceMeters>2312.360107421875</DistanceMeters>
            <Extensions>
              <ns3:TPX>
                <ns3:Speed>2.7899999618530273</ns3:Speed>
                <ns3:RunCadence>84</ns3:RunCadence>
              </ns3:TPX>
            </Extensions>
          </Trackpoint>
          <Trackpoint>
            <Time>2021-01-05T22:21:41.000Z</Time>
            <Position>
              <LatitudeDegrees>22.332270975666344</LatitudeDegrees>
              <LongitudeDegrees>114.19681154133453</LongitudeDegrees>
            </Position>
            <AltitudeMeters>312.11</AltitudeMeters>
            <DistanceMeters>2334.800048828125</DistanceMeters>
            <Extensions>
              <ns3:TPX>
                <ns3:Speed>2.809000015258789</ns3:Speed>
                <ns3:RunCadence>85</ns3:RunCadence>
              </ns3:TPX>
            </Extensions>
          </Trackpoint>
          <Trackpoint>
            <Time>2021-01-05T22:21:49.000Z</Time>
            <Position>
              <LatitudeDegrees>22.33208644214691</LatitudeDegrees>
              <LongitudeDegrees>114.19675930176669</LongitudeDegrees>
            </Position>
            <AltitudeMeters>311.96</AltitudeMeters>
            <DistanceMeters>2357.18994140625</DistanceMeters>
            <Extensions>
              <ns3:TPX>
                <ns3:Speed>2.7899999618530273</ns3:Speed>
                <ns3:RunCadence>85</ns3:RunCadence>
              </ns3:TPX>
            </Extensions>
          </Trackpoint>
          <Trackpoint>
            <Time>2021-01-05T22:21:57.000Z</Time>
            <Position>
              <LatitudeDegrees>22.331897992855964</LatitudeDegrees>
              <LongitudeDegrees>114.19687864370007</LongitudeDegrees>
            </Position>
            <AltitudeMeters>311.8</AltitudeMeters>
            <DistanceMeters>2379.610107421875</DistanceMeters>
            <Extensions>
              <ns3:TPX>
                <ns3:Speed>2.809000015258789</ns3:Speed>
                <ns3:RunCadence>85</ns3:RunCadence>
              </ns3:TPX>
            </Extensions>
          </Trackpoint>
          <Trackpoint>
            <Time>2021-01-05T22:22:02.000Z</Time>
            <Position>
              <LatitudeDegrees>22.33179581503157</LatitudeDegrees>
              <LongitudeDegrees>114.19698788276449</LongitudeDegrees>
            </Position>
            <AltitudeMeters>311.8</AltitudeMeters>
            <DistanceMeters>2393.739990234375</DistanceMeters>
            <Extensions>
              <ns3:TPX>
                <ns3:Speed>2.8369998931884766</ns3:Speed>
                <ns3:RunCadence>84</ns3:RunCadence>
              </ns3:TPX>
            </Extensions>
          </Trackpoint>
          <Trackpoint>
            <Time>2021-01-05T22:22:10.000Z</Time>
            <Position>
              <LatitudeDegrees>22.331654134311794</LatitudeDegrees>
              <LongitudeDegrees>114.19718411664266</LongitudeDegrees>
            </Position>
            <AltitudeMeters>311.93</AltitudeMeters>
            <DistanceMeters>2416.39990234375</DistanceMeters>
            <Extensions>
              <ns3:TPX>
                <ns3:Speed>2.809000015258789</ns3:Speed>
                <ns3:RunCadence>84</ns3:RunCadence>
              </ns3:TPX>
            </Extensions>
          </Trackpoint>
          <Trackpoint>
            <Time>2021-01-05T22:22:18.000Z</Time>
            <Position>
              <LatitudeDegrees>22.33170014900528</LatitudeDegrees>
              <LongitudeDegrees>114.19739548788726</LongitudeDegrees>
            </Position>
            <AltitudeMeters>312.54</AltitudeMeters>
            <DistanceMeters>2438.780029296875</DistanceMeters>
            <Extensions>
              <ns3:TPX>
                <ns3:Speed>2.7899999618530273</ns3:Speed>
                <ns3:RunCadence>83</ns3:RunCadence>
              </ns3:TPX>
            </Extensions>
          </Trackpoint>
          <Trackpoint>
            <Time>2021-01-05T22:22:26.000Z</Time>
            <Position>
              <LatitudeDegrees>22.331832380266178</LatitudeDegrees>
              <LongitudeDegrees>114.19759574500152</LongitudeDegrees>
            </Position>
            <AltitudeMeters>312.2</AltitudeMeters>
            <DistanceMeters>2461.2099609375</DistanceMeters>
            <Extensions>
              <ns3:TPX>
                <ns3:Speed>2.7899999618530273</ns3:Speed>
                <ns3:RunCadence>84</ns3:RunCadence>
              </ns3:TPX>
            </Extensions>
          </Trackpoint>
          <Trackpoint>
            <Time>2021-01-05T22:22:34.000Z</Time>
            <Position>
              <LatitudeDegrees>22.331756318493653</LatitudeDegrees>
              <LongitudeDegrees>114.19781536371765</LongitudeDegrees>
            </Position>
            <AltitudeMeters>312.43</AltitudeMeters>
            <DistanceMeters>2483.760009765625</DistanceMeters>
            <Extensions>
              <ns3:TPX>
                <ns3:Speed>2.809000015258789</ns3:Speed>
                <ns3:RunCadence>85</ns3:RunCadence>
              </ns3:TPX>
            </Extensions>
          </Trackpoint>
          <Trackpoint>
            <Time>2021-01-05T22:22:38.000Z</Time>
            <Position>
              <LatitudeDegrees>22.331719365896273</LatitudeDegrees>
              <LongitudeDegrees>114.1979278899257</LongitudeDegrees>
            </Position>
            <AltitudeMeters>312.6</AltitudeMeters>
            <DistanceMeters>2494.909912109375</DistanceMeters>
            <Extensions>
              <ns3:TPX>
                <ns3:Speed>2.7990000247955322</ns3:Speed>
                <ns3:RunCadence>85</ns3:RunCadence>
              </ns3:TPX>
            </Extensions>
          </Trackpoint>
          <Trackpoint>
            <Time>2021-01-05T22:22:46.000Z</Time>
            <Position>
              <LatitudeDegrees>22.331660855762426</LatitudeDegrees>
              <LongitudeDegrees>114.19816089839593</LongitudeDegrees>
            </Position>
            <AltitudeMeters>312.31</AltitudeMeters>
            <DistanceMeters>2517.2900390625</DistanceMeters>
            <Extensions>
              <ns3:TPX>
                <ns3:Speed>2.7709999084472656</ns3:Speed>
                <ns3:RunCadence>83</ns3:RunCadence>
              </ns3:TPX>
            </Extensions>
          </Trackpoint>
          <Trackpoint>
            <Time>2021-01-05T22:22:54.000Z</Time>
            <Position>
              <LatitudeDegrees>22.331721532112276</LatitudeDegrees>
              <LongitudeDegrees>114.1982808114107</LongitudeDegrees>
            </Position>
            <AltitudeMeters>312.21</AltitudeMeters>
            <DistanceMeters>2539.260009765625</DistanceMeters>
            <Extensions>
              <ns3:TPX>
                <ns3:Speed>2.743000030517578</ns3:Speed>
                <ns3:RunCadence>85</ns3:RunCadence>
              </ns3:TPX>
            </Extensions>
          </Trackpoint>
          <Trackpoint>
            <Time>2021-01-05T22:23:02.000Z</Time>
            <Position>
              <LatitudeDegrees>22.331945256912928</LatitudeDegrees>
              <LongitudeDegrees>114.19829911430102</LongitudeDegrees>
            </Position>
            <AltitudeMeters>312.17</AltitudeMeters>
            <DistanceMeters>2561.330078125</DistanceMeters>
            <Extensions>
              <ns3:TPX>
                <ns3:Speed>2.76200008392334</ns3:Speed>
                <ns3:RunCadence>85</ns3:RunCadence>
              </ns3:TPX>
            </Extensions>
          </Trackpoint>
          <Trackpoint>
            <Time>2021-01-05T22:23:06.000Z</Time>
            <Position>
              <LatitudeDegrees>22.33205698128641</LatitudeDegrees>
              <LongitudeDegrees>114.19830965623697</LongitudeDegrees>
            </Position>
            <AltitudeMeters>311.97</AltitudeMeters>
            <DistanceMeters>2572.39990234375</DistanceMeters>
            <Extensions>
              <ns3:TPX>
                <ns3:Speed>2.7709999084472656</ns3:Speed>
                <ns3:RunCadence>85</ns3:RunCadence>
              </ns3:TPX>
            </Extensions>
          </Trackpoint>
          <Trackpoint>
            <Time>2021-01-05T22:23:14.000Z</Time>
            <Position>
              <LatitudeDegrees>22.33224696132506</LatitudeDegrees>
              <LongitudeDegrees>114.19843261202598</LongitudeDegrees>
            </Position>
            <AltitudeMeters>311.66</AltitudeMeters>
            <DistanceMeters>2594.659912109375</DistanceMeters>
            <Extensions>
              <ns3:TPX>
                <ns3:Speed>2.7899999618530273</ns3:Speed>
                <ns3:RunCadence>85</ns3:RunCadence>
              </ns3:TPX>
            </Extensions>
          </Trackpoint>
          <Trackpoint>
            <Time>2021-01-05T22:23:22.000Z</Time>
            <Position>
              <LatitudeDegrees>22.332393055285692</LatitudeDegrees>
              <LongitudeDegrees>114.198619772314</LongitudeDegrees>
            </Position>
            <AltitudeMeters>311.96</AltitudeMeters>
            <DistanceMeters>2617.010009765625</DistanceMeters>
            <Extensions>
              <ns3:TPX>
                <ns3:Speed>2.7990000247955322</ns3:Speed>
                <ns3:RunCadence>85</ns3:RunCadence>
              </ns3:TPX>
            </Extensions>
          </Trackpoint>
          <Trackpoint>
            <Time>2021-01-05T22:23:30.000Z</Time>
            <Position>
              <LatitudeDegrees>22.332472453507023</LatitudeDegrees>
              <LongitudeDegrees>114.19885093656495</LongitudeDegrees>
            </Position>
            <AltitudeMeters>311.61</AltitudeMeters>
            <DistanceMeters>2639.5400390625</DistanceMeters>
            <Extensions>
              <ns3:TPX>
                <ns3:Speed>2.8269999027252197</ns3:Speed>
                <ns3:RunCadence>84</ns3:RunCadence>
              </ns3:TPX>
            </Extensions>
          </Trackpoint>
          <Trackpoint>
            <Time>2021-01-05T22:23:38.000Z</Time>
            <Position>
              <LatitudeDegrees>22.33249808224939</LatitudeDegrees>
              <LongitudeDegrees>114.19909509050203</LongitudeDegrees>
            </Position>
            <AltitudeMeters>312.05</AltitudeMeters>
            <DistanceMeters>2661.929931640625</DistanceMeters>
            <Extensions>
              <ns3:TPX>
                <ns3:Speed>2.7709999084472656</ns3:Speed>
                <ns3:RunCadence>84</ns3:RunCadence>
              </ns3:TPX>
            </Extensions>
          </Trackpoint>
          <Trackpoint>
            <Time>2021-01-05T22:23:39.000Z</Time>
            <Position>
              <LatitudeDegrees>22.332505176287725</LatitudeDegrees>
              <LongitudeDegrees>114.1991244512372</LongitudeDegrees>
            </Position>
            <AltitudeMeters>312.11</AltitudeMeters>
            <DistanceMeters>2664.68994140625</DistanceMeters>
            <Extensions>
              <ns3:TPX>
                <ns3:Speed>2.76200008392334</ns3:Speed>
                <ns3:RunCadence>84</ns3:RunCadence>
              </ns3:TPX>
            </Extensions>
          </Trackpoint>
          <Trackpoint>
            <Time>2021-01-05T22:23:47.000Z</Time>
            <Position>
              <LatitudeDegrees>22.332558579933316</LatitudeDegrees>
              <LongitudeDegrees>114.19935840772233</LongitudeDegrees>
            </Position>
            <AltitudeMeters>312.16</AltitudeMeters>
            <DistanceMeters>2686.610107421875</DistanceMeters>
            <Extensions>
              <ns3:TPX>
                <ns3:Speed>2.743000030517578</ns3:Speed>
                <ns3:RunCadence>85</ns3:RunCadence>
              </ns3:TPX>
            </Extensions>
          </Trackpoint>
          <Trackpoint>
            <Time>2021-01-05T22:23:55.000Z</Time>
            <Position>
              <LatitudeDegrees>22.33260200296251</LatitudeDegrees>
              <LongitudeDegrees>114.1995960087366</LongitudeDegrees>
            </Position>
            <AltitudeMeters>311.73</AltitudeMeters>
            <DistanceMeters>2708.64990234375</DistanceMeters>
            <Extensions>
              <ns3:TPX>
                <ns3:Speed>2.7709999084472656</ns3:Speed>
                <ns3:RunCadence>85</ns3:RunCadence>
              </ns3:TPX>
            </Extensions>
          </Trackpoint>
          <Trackpoint>
            <Time>2021-01-05T22:24:03.000Z</Time>
            <Position>
              <LatitudeDegrees>22.33269027763004</LatitudeDegrees>
              <LongitudeDegrees>114.1997912065845</LongitudeDegrees>
            </Position>
            <AltitudeMeters>311.6</AltitudeMeters>
            <DistanceMeters>2730.72998046875</DistanceMeters>
            <Extensions>
              <ns3:TPX>
                <ns3:Speed>2.753000020980835</ns3:Speed>
                <ns3:RunCadence>83</ns3:RunCadence>
              </ns3:TPX>
            </Extensions>
          </Trackpoint>
          <Trackpoint>
            <Time>2021-01-05T22:24:11.000Z</Time>
            <Position>
              <LatitudeDegrees>22.332895806934626</LatitudeDegrees>
              <LongitudeDegrees>114.19988900814575</LongitudeDegrees>
            </Position>
            <AltitudeMeters>311.6</AltitudeMeters>
            <DistanceMeters>2752.81005859375</DistanceMeters>
            <Extensions>
              <ns3:TPX>
                <ns3:Speed>2.753000020980835</ns3:Speed>
                <ns3:RunCadence>85</ns3:RunCadence>
              </ns3:TPX>
            </Extensions>
          </Trackpoint>
          <Trackpoint>
            <Time>2021-01-05T22:24:19.000Z</Time>
            <Position>
              <LatitudeDegrees>22.333099845447265</LatitudeDegrees>
              <LongitudeDegrees>114.19998610031044</LongitudeDegrees>
            </Position>
            <AltitudeMeters>311.6</AltitudeMeters>
            <DistanceMeters>2774.72998046875</DistanceMeters>
            <Extensions>
              <ns3:TPX>
                <ns3:Speed>2.7249999046325684</ns3:Speed>
                <ns3:RunCadence>85</ns3:RunCadence>
              </ns3:TPX>
            </Extensions>
          </Trackpoint>
          <Trackpoint>
            <Time>2021-01-05T22:24:27.000Z</Time>
            <Position>
              <LatitudeDegrees>22.333302674963996</LatitudeDegrees>
              <LongitudeDegrees>114.20008261717183</LongitudeDegrees>
            </Position>
            <AltitudeMeters>311.6</AltitudeMeters>
            <DistanceMeters>2796.52001953125</DistanceMeters>
            <Extensions>
              <ns3:TPX>
                <ns3:Speed>2.7249999046325684</ns3:Speed>
                <ns3:RunCadence>84</ns3:RunCadence>
              </ns3:TPX>
            </Extensions>
          </Trackpoint>
          <Trackpoint>
            <Time>2021-01-05T22:24:35.000Z</Time>
            <Position>
              <LatitudeDegrees>22.333505877178712</LatitudeDegrees>
              <LongitudeDegrees>114.20017931138237</LongitudeDegrees>
            </Position>
            <AltitudeMeters>311.6</AltitudeMeters>
            <DistanceMeters>2818.35009765625</DistanceMeters>
            <Extensions>
              <ns3:TPX>
                <ns3:Speed>2.743000030517578</ns3:Speed>
                <ns3:RunCadence>84</ns3:RunCadence>
              </ns3:TPX>
            </Extensions>
          </Trackpoint>
          <Trackpoint>
            <Time>2021-01-05T22:24:43.000Z</Time>
            <Position>
              <LatitudeDegrees>22.333709449818866</LatitudeDegrees>
              <LongitudeDegrees>114.20027618186064</LongitudeDegrees>
            </Position>
            <AltitudeMeters>311.6</AltitudeMeters>
            <DistanceMeters>2840.219970703125</DistanceMeters>
            <Extensions>
              <ns3:TPX>
                <ns3:Speed>2.7249999046325684</ns3:Speed>
                <ns3:RunCadence>83</ns3:RunCadence>
              </ns3:TPX>
            </Extensions>
          </Trackpoint>
          <Trackpoint>
            <Time>2021-01-05T22:24:44.000Z</Time>
            <Position>
              <LatitudeDegrees>22.333734768283954</LatitudeDegrees>
              <LongitudeDegrees>114.20028822970666</LongitudeDegrees>
            </Position>
            <AltitudeMeters>311.6</AltitudeMeters>
            <DistanceMeters>2842.93994140625</DistanceMeters>
            <Extensions>
              <ns3:TPX>
                <ns3:Speed>2.7249999046325684</ns3:Speed>
                <ns3:RunCadence>83</ns3:RunCadence>
              </ns3:TPX>
            </Extensions>
          </Trackpoint>
          <Trackpoint>
            <Time>2021-01-05T22:24:52.000Z</Time>
            <Position>
              <LatitudeDegrees>22.333937970498667</LatitudeDegrees>
              <LongitudeDegrees>114.2003849239172</LongitudeDegrees>
            </Position>
            <AltitudeMeters>311.6</AltitudeMeters>
            <DistanceMeters>2864.77001953125</DistanceMeters>
            <Extensions>
              <ns3:TPX>
                <ns3:Speed>2.7339999675750732</ns3:Speed>
                <ns3:RunCadence>84</ns3:RunCadence>
              </ns3:TPX>
            </Extensions>
          </Trackpoint>
          <Trackpoint>
            <Time>2021-01-05T22:25:00.000Z</Time>
            <Position>
              <LatitudeDegrees>22.33414200901131</LatitudeDegrees>
              <LongitudeDegrees>114.20048201608189</LongitudeDegrees>
            </Position>
            <AltitudeMeters>311.6</AltitudeMeters>
            <DistanceMeters>2886.68994140625</DistanceMeters>
            <Extensions>
              <ns3:TPX>
                <ns3:Speed>2.743000030517578</ns3:Speed>
                <ns3:RunCadence>84</ns3:RunCadence>
              </ns3:TPX>
            </Extensions>
          </Trackpoint>
          <Trackpoint>
            <Time>2021-01-05T22:25:08.000Z</Time>
            <Position>
              <LatitudeDegrees>22.33434623387294</LatitudeDegrees>
              <LongitudeDegrees>114.20057919692115</LongitudeDegrees>
            </Position>
            <AltitudeMeters>311.6</AltitudeMeters>
            <DistanceMeters>2908.6298828125</DistanceMeters>
            <Extensions>
              <ns3:TPX>
                <ns3:Speed>2.743000030517578</ns3:Speed>
                <ns3:RunCadence>84</ns3:RunCadence>
              </ns3:TPX>
            </Extensions>
          </Trackpoint>
          <Trackpoint>
            <Time>2021-01-05T22:25:16.000Z</Time>
            <Position>
              <LatitudeDegrees>22.334546584715213</LatitudeDegrees>
              <LongitudeDegrees>114.20067560320868</LongitudeDegrees>
            </Position>
            <AltitudeMeters>311.6</AltitudeMeters>
            <DistanceMeters>2930.570068359375</DistanceMeters>
            <Extensions>
              <ns3:TPX>
                <ns3:Speed>2.743000030517578</ns3:Speed>
                <ns3:RunCadence>85</ns3:RunCadence>
              </ns3:TPX>
            </Extensions>
          </Trackpoint>
          <Trackpoint>
            <Time>2021-01-05T22:25:24.000Z</Time>
            <Position>
              <LatitudeDegrees>22.33432313671841</LatitudeDegrees>
              <LongitudeDegrees>114.20068987502167</LongitudeDegrees>
            </Position>
            <AltitudeMeters>311.95</AltitudeMeters>
            <DistanceMeters>2952.60009765625</DistanceMeters>
            <Extensions>
              <ns3:TPX>
                <ns3:Speed>2.76200008392334</ns3:Speed>
                <ns3:RunCadence>85</ns3:RunCadence>
              </ns3:TPX>
            </Extensions>
          </Trackpoint>
          <Trackpoint>
            <Time>2021-01-05T22:25:32.000Z</Time>
            <Position>
              <LatitudeDegrees>22.334108857615455</LatitudeDegrees>
              <LongitudeDegrees>114.20071110012506</LongitudeDegrees>
            </Position>
            <AltitudeMeters>311.25</AltitudeMeters>
            <DistanceMeters>2974.699951171875</DistanceMeters>
            <Extensions>
              <ns3:TPX>
                <ns3:Speed>2.743000030517578</ns3:Speed>
                <ns3:RunCadence>84</ns3:RunCadence>
              </ns3:TPX>
            </Extensions>
          </Trackpoint>
          <Trackpoint>
            <Time>2021-01-05T22:25:40.000Z</Time>
            <Position>
              <LatitudeDegrees>22.333912393493048</LatitudeDegrees>
              <LongitudeDegrees>114.20060097251657</LongitudeDegrees>
            </Position>
            <AltitudeMeters>311.46</AltitudeMeters>
            <DistanceMeters>2996.4599609375</DistanceMeters>
            <Extensions>
              <ns3:TPX>
                <ns3:Speed>2.7339999675750732</ns3:Speed>
                <ns3:RunCadence>84</ns3:RunCadence>
              </ns3:TPX>
            </Extensions>
          </Trackpoint>
          <Trackpoint>
            <Time>2021-01-05T22:25:42.000Z</Time>
            <Position>
              <LatitudeDegrees>22.333862826138756</LatitudeDegrees>
              <LongitudeDegrees>114.20057318762576</LongitudeDegrees>
            </Position>
            <AltitudeMeters>311.51</AltitudeMeters>
            <DistanceMeters>3001.949951171875</DistanceMeters>
            <Extensions>
              <ns3:TPX>
                <ns3:Speed>2.753000020980835</ns3:Speed>
                <ns3:RunCadence>85</ns3:RunCadence>
              </ns3:TPX>
            </Extensions>
          </Trackpoint>
        </Track>
        <Extensions>
          <ns3:LX>
            <ns3:AvgSpeed>2.759999990463257</ns3:AvgSpeed>
            <ns3:AvgRunCadence>84</ns3:AvgRunCadence>
            <ns3:MaxRunCadence>86</ns3:MaxRunCadence>
          </ns3:LX>
        </Extensions>
      </Lap>
      <Lap StartTime="2021-01-05T22:25:43.000Z">
        <TotalTimeSeconds>364.316</TotalTimeSeconds>
        <DistanceMeters>1000.0</DistanceMeters>
        <MaximumSpeed>2.8550000190734863</MaximumSpeed>
        <Calories>70</Calories>
        <Intensity>Active</Intensity>
        <TriggerMethod>Manual</TriggerMethod>
        <Track>
          <Trackpoint>
            <Time>2021-01-05T22:25:50.000Z</Time>
            <Position>
              <LatitudeDegrees>22.33366768445389</LatitudeDegrees>
              <LongitudeDegrees>114.20045354004328</LongitudeDegrees>
            </Position>
            <AltitudeMeters>311.6</AltitudeMeters>
            <DistanceMeters>3024.02001953125</DistanceMeters>
            <Extensions>
              <ns3:TPX>
                <ns3:Speed>2.7709999084472656</ns3:Speed>
                <ns3:RunCadence>84</ns3:RunCadence>
              </ns3:TPX>
            </Extensions>
          </Trackpoint>
          <Trackpoint>
            <Time>2021-01-05T22:25:58.000Z</Time>
            <Position>
              <LatitudeDegrees>22.333622203606733</LatitudeDegrees>
              <LongitudeDegrees>114.20021252661063</LongitudeDegrees>
            </Position>
            <AltitudeMeters>311.7</AltitudeMeters>
            <DistanceMeters>3046.429931640625</DistanceMeters>
            <Extensions>
              <ns3:TPX>
                <ns3:Speed>2.8269999027252197</ns3:Speed>
                <ns3:RunCadence>85</ns3:RunCadence>
              </ns3:TPX>
            </Extensions>
          </Trackpoint>
          <Trackpoint>
            <Time>2021-01-05T22:25:59.000Z</Time>
            <Position>
              <LatitudeDegrees>22.333616579319244</LatitudeDegrees>
              <LongitudeDegrees>114.20018212221116</LongitudeDegrees>
            </Position>
            <AltitudeMeters>311.72</AltitudeMeters>
            <DistanceMeters>3049.25</DistanceMeters>
            <Extensions>
              <ns3:TPX>
                <ns3:Speed>2.8269999027252197</ns3:Speed>
                <ns3:RunCadence>85</ns3:RunCadence>
              </ns3:TPX>
            </Extensions>
          </Trackpoint>
          <Trackpoint>
            <Time>2021-01-05T22:26:07.000Z</Time>
            <Position>
              <LatitudeDegrees>22.33356597318709</LatitudeDegrees>
              <LongitudeDegrees>114.20004717630461</LongitudeDegrees>
            </Position>
            <AltitudeMeters>312.08</AltitudeMeters>
            <DistanceMeters>3071.9599609375</DistanceMeters>
            <Extensions>
              <ns3:TPX>
                <ns3:Speed>2.8550000190734863</ns3:Speed>
                <ns3:RunCadence>85</ns3:RunCadence>
              </ns3:TPX>
            </Extensions>
          </Trackpoint>
          <Trackpoint>
            <Time>2021-01-05T22:26:15.000Z</Time>
            <Position>
              <LatitudeDegrees>22.333718834179518</LatitudeDegrees>
              <LongitudeDegrees>114.20013310253651</LongitudeDegrees>
            </Position>
            <AltitudeMeters>312.4</AltitudeMeters>
            <DistanceMeters>3094.75</DistanceMeters>
            <Extensions>
              <ns3:TPX>
                <ns3:Speed>2.8459999561309814</ns3:Speed>
                <ns3:RunCadence>84</ns3:RunCadence>
              </ns3:TPX>
            </Extensions>
          </Trackpoint>
          <Trackpoint>
            <Time>2021-01-05T22:26:23.000Z</Time>
            <Position>
              <LatitudeDegrees>22.333849301128616</LatitudeDegrees>
              <LongitudeDegrees>114.20030428535415</LongitudeDegrees>
            </Position>
            <AltitudeMeters>312.6</AltitudeMeters>
            <DistanceMeters>3117.27001953125</DistanceMeters>
            <Extensions>
              <ns3:TPX>
                <ns3:Speed>2.7990000247955322</ns3:Speed>
                <ns3:RunCadence>85</ns3:RunCadence>
              </ns3:TPX>
            </Extensions>
          </Trackpoint>
          <Trackpoint>
            <Time>2021-01-05T22:26:31.000Z</Time>
            <Position>
              <LatitudeDegrees>22.33375513948759</LatitudeDegrees>
              <LongitudeDegrees>114.20052599032982</LongitudeDegrees>
            </Position>
            <AltitudeMeters>312.6</AltitudeMeters>
            <DistanceMeters>3139.64990234375</DistanceMeters>
            <Extensions>
              <ns3:TPX>
                <ns3:Speed>2.7990000247955322</ns3:Speed>
                <ns3:RunCadence>84</ns3:RunCadence>
              </ns3:TPX>
            </Extensions>
          </Trackpoint>
          <Trackpoint>
            <Time>2021-01-05T22:26:39.000Z</Time>
            <Position>
              <LatitudeDegrees>22.333598015057063</LatitudeDegrees>
              <LongitudeDegrees>114.200702250032</LongitudeDegrees>
            </Position>
            <AltitudeMeters>312.87</AltitudeMeters>
            <DistanceMeters>3161.969970703125</DistanceMeters>
            <Extensions>
              <ns3:TPX>
                <ns3:Speed>2.7899999618530273</ns3:Speed>
                <ns3:RunCadence>85</ns3:RunCadence>
              </ns3:TPX>
            </Extensions>
          </Trackpoint>
          <Trackpoint>
            <Time>2021-01-05T22:26:47.000Z</Time>
            <Position>
              <LatitudeDegrees>22.333469806527564</LatitudeDegrees>
              <LongitudeDegrees>114.20090322968107</LongitudeDegrees>
            </Position>
            <AltitudeMeters>312.54</AltitudeMeters>
            <DistanceMeters>3184.330078125</DistanceMeters>
            <Extensions>
              <ns3:TPX>
                <ns3:Speed>2.7899999618530273</ns3:Speed>
                <ns3:RunCadence>85</ns3:RunCadence>
              </ns3:TPX>
            </Extensions>
          </Trackpoint>
          <Trackpoint>
            <Time>2021-01-05T22:26:55.000Z</Time>
            <Position>
              <LatitudeDegrees>22.33351455968345</LatitudeDegrees>
              <LongitudeDegrees>114.20106323463753</LongitudeDegrees>
            </Position>
            <AltitudeMeters>312.44</AltitudeMeters>
            <DistanceMeters>3206.5400390625</DistanceMeters>
            <Extensions>
              <ns3:TPX>
                <ns3:Speed>2.7709999084472656</ns3:Speed>
                <ns3:RunCadence>85</ns3:RunCadence>
              </ns3:TPX>
            </Extensions>
          </Trackpoint>
          <Trackpoint>
            <Time>2021-01-05T22:27:03.000Z</Time>
            <Position>
              <LatitudeDegrees>22.33361631440392</LatitudeDegrees>
              <LongitudeDegrees>114.20120450071171</LongitudeDegrees>
            </Position>
            <AltitudeMeters>312.68</AltitudeMeters>
            <DistanceMeters>3228.639892578125</DistanceMeters>
            <Extensions>
              <ns3:TPX>
                <ns3:Speed>2.76200008392334</ns3:Speed>
                <ns3:RunCadence>85</ns3:RunCadence>
              </ns3:TPX>
            </Extensions>
          </Trackpoint>
          <Trackpoint>
            <Time>2021-01-05T22:27:11.000Z</Time>
            <Position>
              <LatitudeDegrees>22.33362766471121</LatitudeDegrees>
              <LongitudeDegrees>114.20143876828277</LongitudeDegrees>
            </Position>
            <AltitudeMeters>313.4</AltitudeMeters>
            <DistanceMeters>3250.840087890625</DistanceMeters>
            <Extensions>
              <ns3:TPX>
                <ns3:Speed>2.7809998989105225</ns3:Speed>
                <ns3:RunCadence>85</ns3:RunCadence>
              </ns3:TPX>
            </Extensions>
          </Trackpoint>
          <Trackpoint>
            <Time>2021-01-05T22:27:19.000Z</Time>
            <Position>
              <LatitudeDegrees>22.333737437385984</LatitudeDegrees>
              <LongitudeDegrees>114.20164856154507</LongitudeDegrees>
            </Position>
            <AltitudeMeters>313.11</AltitudeMeters>
            <DistanceMeters>3273.080078125</DistanceMeters>
            <Extensions>
              <ns3:TPX>
                <ns3:Speed>2.7709999084472656</ns3:Speed>
                <ns3:RunCadence>85</ns3:RunCadence>
              </ns3:TPX>
            </Extensions>
          </Trackpoint>
          <Trackpoint>
            <Time>2021-01-05T22:27:27.000Z</Time>
            <Position>
              <LatitudeDegrees>22.33391066350791</LatitudeDegrees>
              <LongitudeDegrees>114.20180011915504</LongitudeDegrees>
            </Position>
            <AltitudeMeters>312.54</AltitudeMeters>
            <DistanceMeters>3295.25</DistanceMeters>
            <Extensions>
              <ns3:TPX>
                <ns3:Speed>2.7709999084472656</ns3:Speed>
                <ns3:RunCadence>85</ns3:RunCadence>
              </ns3:TPX>
            </Extensions>
          </Trackpoint>
          <Trackpoint>
            <Time>2021-01-05T22:27:35.000Z</Time>
            <Position>
              <LatitudeDegrees>22.334107316205447</LatitudeDegrees>
              <LongitudeDegrees>114.20191806330304</LongitudeDegrees>
            </Position>
            <AltitudeMeters>312.08</AltitudeMeters>
            <DistanceMeters>3317.3701171875</DistanceMeters>
            <Extensions>
              <ns3:TPX>
                <ns3:Speed>2.76200008392334</ns3:Speed>
                <ns3:RunCadence>84</ns3:RunCadence>
              </ns3:TPX>
            </Extensions>
          </Trackpoint>
          <Trackpoint>
            <Time>2021-01-05T22:27:43.000Z</Time>
            <Position>
              <LatitudeDegrees>22.334296833528544</LatitudeDegrees>
              <LongitudeDegrees>114.20204882633395</LongitudeDegrees>
            </Position>
            <AltitudeMeters>311.6</AltitudeMeters>
            <DistanceMeters>3339.489990234375</DistanceMeters>
            <Extensions>
              <ns3:TPX>
                <ns3:Speed>2.7709999084472656</ns3:Speed>
                <ns3:RunCadence>84</ns3:RunCadence>
              </ns3:TPX>
            </Extensions>
          </Trackpoint>
          <Trackpoint>
            <Time>2021-01-05T22:27:51.000Z</Time>
            <Position>
              <LatitudeDegrees>22.3344871407554</LatitudeDegrees>
              <LongitudeDegrees>114.20217533117717</LongitudeDegrees>
            </Position>
            <AltitudeMeters>311.21</AltitudeMeters>
            <DistanceMeters>3361.4599609375</DistanceMeters>
            <Extensions>
              <ns3:TPX>
                <ns3:Speed>2.7339999675750732</ns3:Speed>
                <ns3:RunCadence>85</ns3:RunCadence>
              </ns3:TPX>
            </Extensions>
          </Trackpoint>
          <Trackpoint>
            <Time>2021-01-05T22:27:59.000Z</Time>
            <Position>
              <LatitudeDegrees>22.334689906053775</LatitudeDegrees>
              <LongitudeDegrees>114.20227181375165</LongitudeDegrees>
            </Position>
            <AltitudeMeters>311.98</AltitudeMeters>
            <DistanceMeters>3383.330078125</DistanceMeters>
            <Extensions>
              <ns3:TPX>
                <ns3:Speed>2.7339999675750732</ns3:Speed>
                <ns3:RunCadence>84</ns3:RunCadence>
              </ns3:TPX>
            </Extensions>
          </Trackpoint>
          <Trackpoint>
            <Time>2021-01-05T22:28:07.000Z</Time>
            <Position>
              <LatitudeDegrees>22.334863008693816</LatitudeDegrees>
              <LongitudeDegrees>114.20242266293315</LongitudeDegrees>
            </Position>
            <AltitudeMeters>311.89</AltitudeMeters>
            <DistanceMeters>3405.199951171875</DistanceMeters>
            <Extensions>
              <ns3:TPX>
                <ns3:Speed>2.7339999675750732</ns3:Speed>
                <ns3:RunCadence>86</ns3:RunCadence>
              </ns3:TPX>
            </Extensions>
          </Trackpoint>
          <Trackpoint>
            <Time>2021-01-05T22:28:15.000Z</Time>
            <Position>
              <LatitudeDegrees>22.335009891035718</LatitudeDegrees>
              <LongitudeDegrees>114.20259032934753</LongitudeDegrees>
            </Position>
            <AltitudeMeters>311.97</AltitudeMeters>
            <DistanceMeters>3427.090087890625</DistanceMeters>
            <Extensions>
              <ns3:TPX>
                <ns3:Speed>2.7339999675750732</ns3:Speed>
                <ns3:RunCadence>85</ns3:RunCadence>
              </ns3:TPX>
            </Extensions>
          </Trackpoint>
          <Trackpoint>
            <Time>2021-01-05T22:28:23.000Z</Time>
            <Position>
              <LatitudeDegrees>22.334971420357732</LatitudeDegrees>
              <LongitudeDegrees>114.20279321080515</LongitudeDegrees>
            </Position>
            <AltitudeMeters>311.78</AltitudeMeters>
            <DistanceMeters>3448.989990234375</DistanceMeters>
            <Extensions>
              <ns3:TPX>
                <ns3:Speed>2.7339999675750732</ns3:Speed>
                <ns3:RunCadence>85</ns3:RunCadence>
              </ns3:TPX>
            </Extensions>
          </Trackpoint>
          <Trackpoint>
            <Time>2021-01-05T22:28:31.000Z</Time>
            <Position>
              <LatitudeDegrees>22.334941896840327</LatitudeDegrees>
              <LongitudeDegrees>114.20300126997513</LongitudeDegrees>
            </Position>
            <AltitudeMeters>311.8</AltitudeMeters>
            <DistanceMeters>3470.840087890625</DistanceMeters>
            <Extensions>
              <ns3:TPX>
                <ns3:Speed>2.7249999046325684</ns3:Speed>
                <ns3:RunCadence>85</ns3:RunCadence>
              </ns3:TPX>
            </Extensions>
          </Trackpoint>
          <Trackpoint>
            <Time>2021-01-05T22:28:39.000Z</Time>
            <Position>
              <LatitudeDegrees>22.33493647810501</LatitudeDegrees>
              <LongitudeDegrees>114.20321059859698</LongitudeDegrees>
            </Position>
            <AltitudeMeters>311.68</AltitudeMeters>
            <DistanceMeters>3492.639892578125</DistanceMeters>
            <Extensions>
              <ns3:TPX>
                <ns3:Speed>2.7249999046325684</ns3:Speed>
                <ns3:RunCadence>85</ns3:RunCadence>
              </ns3:TPX>
            </Extensions>
          </Trackpoint>
          <Trackpoint>
            <Time>2021-01-05T22:28:47.000Z</Time>
            <Position>
              <LatitudeDegrees>22.334797134572327</LatitudeDegrees>
              <LongitudeDegrees>114.2033924926416</LongitudeDegrees>
            </Position>
            <AltitudeMeters>312.15</AltitudeMeters>
            <DistanceMeters>3514.43994140625</DistanceMeters>
            <Extensions>
              <ns3:TPX>
                <ns3:Speed>2.7249999046325684</ns3:Speed>
                <ns3:RunCadence>86</ns3:RunCadence>
              </ns3:TPX>
            </Extensions>
          </Trackpoint>
          <Trackpoint>
            <Time>2021-01-05T22:28:55.000Z</Time>
            <Position>
              <LatitudeDegrees>22.33460940412657</LatitudeDegrees>
              <LongitudeDegrees>114.20351634687799</LongitudeDegrees>
            </Position>
            <AltitudeMeters>312.63</AltitudeMeters>
            <DistanceMeters>3536.18994140625</DistanceMeters>
            <Extensions>
              <ns3:TPX>
                <ns3:Speed>2.7149999141693115</ns3:Speed>
                <ns3:RunCadence>85</ns3:RunCadence>
              </ns3:TPX>
            </Extensions>
          </Trackpoint>
          <Trackpoint>
            <Time>2021-01-05T22:29:03.000Z</Time>
            <Position>
              <LatitudeDegrees>22.334419361040045</LatitudeDegrees>
              <LongitudeDegrees>114.20363051343236</LongitudeDegrees>
            </Position>
            <AltitudeMeters>312.33</AltitudeMeters>
            <DistanceMeters>3557.889892578125</DistanceMeters>
            <Extensions>
              <ns3:TPX>
                <ns3:Speed>2.697000026702881</ns3:Speed>
                <ns3:RunCadence>84</ns3:RunCadence>
              </ns3:TPX>
            </Extensions>
          </Trackpoint>
          <Trackpoint>
            <Time>2021-01-05T22:29:11.000Z</Time>
            <Position>
              <LatitudeDegrees>22.33443081612421</LatitudeDegrees>
              <LongitudeDegrees>114.20384179648731</LongitudeDegrees>
            </Position>
            <AltitudeMeters>312.38</AltitudeMeters>
            <DistanceMeters>3579.389892578125</DistanceMeters>
            <Extensions>
              <ns3:TPX>
                <ns3:Speed>2.687000036239624</ns3:Speed>
                <ns3:RunCadence>84</ns3:RunCadence>
              </ns3:TPX>
            </Extensions>
          </Trackpoint>
          <Trackpoint>
            <Time>2021-01-05T22:29:19.000Z</Time>
            <Position>
              <LatitudeDegrees>22.334491569501807</LatitudeDegrees>
              <LongitudeDegrees>114.20406667664051</LongitudeDegrees>
            </Position>
            <AltitudeMeters>312.54</AltitudeMeters>
            <DistanceMeters>3600.840087890625</DistanceMeters>
            <Extensions>
              <ns3:TPX>
                <ns3:Speed>2.6500000953674316</ns3:Speed>
                <ns3:RunCadence>84</ns3:RunCadence>
              </ns3:TPX>
            </Extensions>
          </Trackpoint>
          <Trackpoint>
            <Time>2021-01-05T22:29:27.000Z</Time>
            <Position>
              <LatitudeDegrees>22.334435791010833</LatitudeDegrees>
              <LongitudeDegrees>114.20428031104011</LongitudeDegrees>
            </Position>
            <AltitudeMeters>311.95</AltitudeMeters>
            <DistanceMeters>3622.1298828125</DistanceMeters>
            <Extensions>
              <ns3:TPX>
                <ns3:Speed>2.6689999103546143</ns3:Speed>
                <ns3:RunCadence>84</ns3:RunCadence>
              </ns3:TPX>
            </Extensions>
          </Trackpoint>
          <Trackpoint>
            <Time>2021-01-05T22:29:35.000Z</Time>
            <Position>
              <LatitudeDegrees>22.334254425953418</LatitudeDegrees>
              <LongitudeDegrees>114.20440582660747</LongitudeDegrees>
            </Position>
            <AltitudeMeters>312.0</AltitudeMeters>
            <DistanceMeters>3643.699951171875</DistanceMeters>
            <Extensions>
              <ns3:TPX>
                <ns3:Speed>2.7060000896453857</ns3:Speed>
                <ns3:RunCadence>84</ns3:RunCadence>
              </ns3:TPX>
            </Extensions>
          </Trackpoint>
          <Trackpoint>
            <Time>2021-01-05T22:29:43.000Z</Time>
            <Position>
              <LatitudeDegrees>22.33403727210826</LatitudeDegrees>
              <LongitudeDegrees>114.20439077364445</LongitudeDegrees>
            </Position>
            <AltitudeMeters>311.8</AltitudeMeters>
            <DistanceMeters>3665.22998046875</DistanceMeters>
            <Extensions>
              <ns3:TPX>
                <ns3:Speed>2.697000026702881</ns3:Speed>
                <ns3:RunCadence>84</ns3:RunCadence>
              </ns3:TPX>
            </Extensions>
          </Trackpoint>
          <Trackpoint>
            <Time>2021-01-05T22:29:51.000Z</Time>
            <Position>
              <LatitudeDegrees>22.333865684363758</LatitudeDegrees>
              <LongitudeDegrees>114.20436225244093</LongitudeDegrees>
            </Position>
            <AltitudeMeters>312.25</AltitudeMeters>
            <DistanceMeters>3686.8701171875</DistanceMeters>
            <Extensions>
              <ns3:TPX>
                <ns3:Speed>2.7249999046325684</ns3:Speed>
                <ns3:RunCadence>83</ns3:RunCadence>
              </ns3:TPX>
            </Extensions>
          </Trackpoint>
          <Trackpoint>
            <Time>2021-01-05T22:29:59.000Z</Time>
            <Position>
              <LatitudeDegrees>22.33390174526069</LatitudeDegrees>
              <LongitudeDegrees>114.20456375089269</LongitudeDegrees>
            </Position>
            <AltitudeMeters>312.34</AltitudeMeters>
            <DistanceMeters>3708.77001953125</DistanceMeters>
            <Extensions>
              <ns3:TPX>
                <ns3:Speed>2.743000030517578</ns3:Speed>
                <ns3:RunCadence>84</ns3:RunCadence>
              </ns3:TPX>
            </Extensions>
          </Trackpoint>
          <Trackpoint>
            <Time>2021-01-05T22:30:07.000Z</Time>
            <Position>
              <LatitudeDegrees>22.333806250653573</LatitudeDegrees>
              <LongitudeDegrees>114.20453414089394</LongitudeDegrees>
            </Position>
            <AltitudeMeters>312.03</AltitudeMeters>
            <DistanceMeters>3730.68994140625</DistanceMeters>
            <Extensions>
              <ns3:TPX>
                <ns3:Speed>2.7339999675750732</ns3:Speed>
                <ns3:RunCadence>85</ns3:RunCadence>
              </ns3:TPX>
            </Extensions>
          </Trackpoint>
          <Trackpoint>
            <Time>2021-01-05T22:30:15.000Z</Time>
            <Position>
              <LatitudeDegrees>22.33362648844783</LatitudeDegrees>
              <LongitudeDegrees>114.20449594220794</LongitudeDegrees>
            </Position>
            <AltitudeMeters>311.65</AltitudeMeters>
            <DistanceMeters>3752.3798828125</DistanceMeters>
            <Extensions>
              <ns3:TPX>
                <ns3:Speed>2.7060000896453857</ns3:Speed>
                <ns3:RunCadence>84</ns3:RunCadence>
              </ns3:TPX>
            </Extensions>
          </Trackpoint>
          <Trackpoint>
            <Time>2021-01-05T22:30:23.000Z</Time>
            <Position>
              <LatitudeDegrees>22.33344013663825</LatitudeDegrees>
              <LongitudeDegrees>114.20462620698216</LongitudeDegrees>
            </Position>
            <AltitudeMeters>311.79</AltitudeMeters>
            <DistanceMeters>3774.199951171875</DistanceMeters>
            <Extensions>
              <ns3:TPX>
                <ns3:Speed>2.7339999675750732</ns3:Speed>
                <ns3:RunCadence>84</ns3:RunCadence>
              </ns3:TPX>
            </Extensions>
          </Trackpoint>
          <Trackpoint>
            <Time>2021-01-05T22:30:31.000Z</Time>
            <Position>
              <LatitudeDegrees>22.333249762305037</LatitudeDegrees>
              <LongitudeDegrees>114.20474697383678</LongitudeDegrees>
            </Position>
            <AltitudeMeters>311.81</AltitudeMeters>
            <DistanceMeters>3796.0</DistanceMeters>
            <Extensions>
              <ns3:TPX>
                <ns3:Speed>2.7339999675750732</ns3:Speed>
                <ns3:RunCadence>85</ns3:RunCadence>
              </ns3:TPX>
            </Extensions>
          </Trackpoint>
          <Trackpoint>
            <Time>2021-01-05T22:30:39.000Z</Time>
            <Position>
              <LatitudeDegrees>22.333027751582144</LatitudeDegrees>
              <LongitudeDegrees>114.20475030452432</LongitudeDegrees>
            </Position>
            <AltitudeMeters>311.82</AltitudeMeters>
            <DistanceMeters>3817.9599609375</DistanceMeters>
            <Extensions>
              <ns3:TPX>
                <ns3:Speed>2.753000020980835</ns3:Speed>
                <ns3:RunCadence>85</ns3:RunCadence>
              </ns3:TPX>
            </Extensions>
          </Trackpoint>
          <Trackpoint>
            <Time>2021-01-05T22:30:47.000Z</Time>
            <Position>
              <LatitudeDegrees>22.33281522194603</LatitudeDegrees>
              <LongitudeDegrees>114.20467476238646</LongitudeDegrees>
            </Position>
            <AltitudeMeters>311.51</AltitudeMeters>
            <DistanceMeters>3840.070068359375</DistanceMeters>
            <Extensions>
              <ns3:TPX>
                <ns3:Speed>2.76200008392334</ns3:Speed>
                <ns3:RunCadence>83</ns3:RunCadence>
              </ns3:TPX>
            </Extensions>
          </Trackpoint>
          <Trackpoint>
            <Time>2021-01-05T22:30:55.000Z</Time>
            <Position>
              <LatitudeDegrees>22.332620080751635</LatitudeDegrees>
              <LongitudeDegrees>114.20456270683695</LongitudeDegrees>
            </Position>
            <AltitudeMeters>310.98</AltitudeMeters>
            <DistanceMeters>3861.860107421875</DistanceMeters>
            <Extensions>
              <ns3:TPX>
                <ns3:Speed>2.7249999046325684</ns3:Speed>
                <ns3:RunCadence>85</ns3:RunCadence>
              </ns3:TPX>
            </Extensions>
          </Trackpoint>
          <Trackpoint>
            <Time>2021-01-05T22:31:03.000Z</Time>
            <Position>
              <LatitudeDegrees>22.332416397612235</LatitudeDegrees>
              <LongitudeDegrees>114.20457293024292</LongitudeDegrees>
            </Position>
            <AltitudeMeters>310.4</AltitudeMeters>
            <DistanceMeters>3883.719970703125</DistanceMeters>
            <Extensions>
              <ns3:TPX>
                <ns3:Speed>2.7339999675750732</ns3:Speed>
                <ns3:RunCadence>85</ns3:RunCadence>
              </ns3:TPX>
            </Extensions>
          </Trackpoint>
          <Trackpoint>
            <Time>2021-01-05T22:31:11.000Z</Time>
            <Position>
              <LatitudeDegrees>22.3322348440394</LatitudeDegrees>
              <LongitudeDegrees>114.2046999709792</LongitudeDegrees>
            </Position>
            <AltitudeMeters>311.2</AltitudeMeters>
            <DistanceMeters>3905.530029296875</DistanceMeters>
            <Extensions>
              <ns3:TPX>
                <ns3:Speed>2.7249999046325684</ns3:Speed>
                <ns3:RunCadence>84</ns3:RunCadence>
              </ns3:TPX>
            </Extensions>
          </Trackpoint>
          <Trackpoint>
            <Time>2021-01-05T22:31:19.000Z</Time>
            <Position>
              <LatitudeDegrees>22.332022469717487</LatitudeDegrees>
              <LongitudeDegrees>114.2047370188865</LongitudeDegrees>
            </Position>
            <AltitudeMeters>311.01</AltitudeMeters>
            <DistanceMeters>3927.35009765625</DistanceMeters>
            <Extensions>
              <ns3:TPX>
                <ns3:Speed>2.7339999675750732</ns3:Speed>
                <ns3:RunCadence>84</ns3:RunCadence>
              </ns3:TPX>
            </Extensions>
          </Trackpoint>
          <Trackpoint>
            <Time>2021-01-05T22:31:27.000Z</Time>
            <Position>
              <LatitudeDegrees>22.33191409488939</LatitudeDegrees>
              <LongitudeDegrees>114.20494421870907</LongitudeDegrees>
            </Position>
            <AltitudeMeters>311.2</AltitudeMeters>
            <DistanceMeters>3949.199951171875</DistanceMeters>
            <Extensions>
              <ns3:TPX>
                <ns3:Speed>2.7339999675750732</ns3:Speed>
                <ns3:RunCadence>84</ns3:RunCadence>
              </ns3:TPX>
            </Extensions>
          </Trackpoint>
          <Trackpoint>
            <Time>2021-01-05T22:31:35.000Z</Time>
            <Position>
              <LatitudeDegrees>22.331790864016448</LatitudeDegrees>
              <LongitudeDegrees>114.20513389669308</LongitudeDegrees>
            </Position>
            <AltitudeMeters>310.38</AltitudeMeters>
            <DistanceMeters>3971.0400390625</DistanceMeters>
            <Extensions>
              <ns3:TPX>
                <ns3:Speed>2.7249999046325684</ns3:Speed>
                <ns3:RunCadence>85</ns3:RunCadence>
              </ns3:TPX>
            </Extensions>
          </Trackpoint>
          <Trackpoint>
            <Time>2021-01-05T22:31:43.000Z</Time>
            <Position>
              <LatitudeDegrees>22.331585651270395</LatitudeDegrees>
              <LongitudeDegrees>114.20522324469367</LongitudeDegrees>
            </Position>
            <AltitudeMeters>310.83</AltitudeMeters>
            <DistanceMeters>3992.8798828125</DistanceMeters>
            <Extensions>
              <ns3:TPX>
                <ns3:Speed>2.7249999046325684</ns3:Speed>
                <ns3:RunCadence>84</ns3:RunCadence>
              </ns3:TPX>
            </Extensions>
          </Trackpoint>
          <Trackpoint>
            <Time>2021-01-05T22:31:46.000Z</Time>
            <Position>
              <LatitudeDegrees>22.331511941607847</LatitudeDegrees>
              <LongitudeDegrees>114.2052654205775</LongitudeDegrees>
            </Position>
            <AltitudeMeters>310.94</AltitudeMeters>
            <DistanceMeters>4001.080078125</DistanceMeters>
            <Extensions>
              <ns3:TPX>
                <ns3:Speed>2.7339999675750732</ns3:Speed>
                <ns3:RunCadence>84</ns3:RunCadence>
              </ns3:TPX>
            </Extensions>
          </Trackpoint>
        </Track>
        <Extensions>
          <ns3:LX>
            <ns3:AvgSpeed>2.744999885559082</ns3:AvgSpeed>
            <ns3:AvgRunCadence>84</ns3:AvgRunCadence>
            <ns3:MaxRunCadence>86</ns3:MaxRunCadence>
          </ns3:LX>
        </Extensions>
      </Lap>
      <Lap StartTime="2021-01-05T22:31:47.000Z">
        <TotalTimeSeconds>361.002</TotalTimeSeconds>
        <DistanceMeters>1000.0</DistanceMeters>
        <MaximumSpeed>2.8369998931884766</MaximumSpeed>
        <Calories>70</Calories>
        <Intensity>Active</Intensity>
        <TriggerMethod>Manual</TriggerMethod>
        <Track>
          <Trackpoint>
            <Time>2021-01-05T22:31:54.000Z</Time>
            <Position>
              <LatitudeDegrees>22.331333575422235</LatitudeDegrees>
              <LongitudeDegrees>114.20517590922583</LongitudeDegrees>
            </Position>
            <AltitudeMeters>311.2</AltitudeMeters>
            <DistanceMeters>4023.0400390625</DistanceMeters>
            <Extensions>
              <ns3:TPX>
                <ns3:Speed>2.7809998989105225</ns3:Speed>
                <ns3:RunCadence>85</ns3:RunCadence>
              </ns3:TPX>
            </Extensions>
          </Trackpoint>
          <Trackpoint>
            <Time>2021-01-05T22:32:02.000Z</Time>
            <Position>
              <LatitudeDegrees>22.3311809128045</LatitudeDegrees>
              <LongitudeDegrees>114.20499629192017</LongitudeDegrees>
            </Position>
            <AltitudeMeters>310.85</AltitudeMeters>
            <DistanceMeters>4045.280029296875</DistanceMeters>
            <Extensions>
              <ns3:TPX>
                <ns3:Speed>2.7809998989105225</ns3:Speed>
                <ns3:RunCadence>83</ns3:RunCadence>
              </ns3:TPX>
            </Extensions>
          </Trackpoint>
          <Trackpoint>
            <Time>2021-01-05T22:32:10.000Z</Time>
            <Position>
              <LatitudeDegrees>22.33100313216546</LatitudeDegrees>
              <LongitudeDegrees>114.20484967760102</LongitudeDegrees>
            </Position>
            <AltitudeMeters>311.53</AltitudeMeters>
            <DistanceMeters>4067.47998046875</DistanceMeters>
            <Extensions>
              <ns3:TPX>
                <ns3:Speed>2.7809998989105225</ns3:Speed>
                <ns3:RunCadence>85</ns3:RunCadence>
              </ns3:TPX>
            </Extensions>
          </Trackpoint>
          <Trackpoint>
            <Time>2021-01-05T22:32:18.000Z</Time>
            <Position>
              <LatitudeDegrees>22.330800446767913</LatitudeDegrees>
              <LongitudeDegrees>114.20474065268381</LongitudeDegrees>
            </Position>
            <AltitudeMeters>310.9</AltitudeMeters>
            <DistanceMeters>4089.820068359375</DistanceMeters>
            <Extensions>
              <ns3:TPX>
                <ns3:Speed>2.7990000247955322</ns3:Speed>
                <ns3:RunCadence>85</ns3:RunCadence>
              </ns3:TPX>
            </Extensions>
          </Trackpoint>
          <Trackpoint>
            <Time>2021-01-05T22:32:26.000Z</Time>
            <Position>
              <LatitudeDegrees>22.3306117721247</LatitudeDegrees>
              <LongitudeDegrees>114.20460681647066</LongitudeDegrees>
            </Position>
            <AltitudeMeters>310.77</AltitudeMeters>
            <DistanceMeters>4112.009765625</DistanceMeters>
            <Extensions>
              <ns3:TPX>
                <ns3:Speed>2.76200008392334</ns3:Speed>
                <ns3:RunCadence>85</ns3:RunCadence>
              </ns3:TPX>
            </Extensions>
          </Trackpoint>
          <Trackpoint>
            <Time>2021-01-05T22:32:34.000Z</Time>
            <Position>
              <LatitudeDegrees>22.330421050751408</LatitudeDegrees>
              <LongitudeDegrees>114.2044772201001</LongitudeDegrees>
            </Position>
            <AltitudeMeters>311.16</AltitudeMeters>
            <DistanceMeters>4134.16015625</DistanceMeters>
            <Extensions>
              <ns3:TPX>
                <ns3:Speed>2.753000020980835</ns3:Speed>
                <ns3:RunCadence>84</ns3:RunCadence>
              </ns3:TPX>
            </Extensions>
          </Trackpoint>
          <Trackpoint>
            <Time>2021-01-05T22:32:42.000Z</Time>
            <Position>
              <LatitudeDegrees>22.330215000039637</LatitudeDegrees>
              <LongitudeDegrees>114.20438429139075</LongitudeDegrees>
            </Position>
            <AltitudeMeters>311.11</AltitudeMeters>
            <DistanceMeters>4156.18017578125</DistanceMeters>
            <Extensions>
              <ns3:TPX>
                <ns3:Speed>2.753000020980835</ns3:Speed>
                <ns3:RunCadence>84</ns3:RunCadence>
              </ns3:TPX>
            </Extensions>
          </Trackpoint>
          <Trackpoint>
            <Time>2021-01-05T22:32:43.000Z</Time>
            <Position>
              <LatitudeDegrees>22.33018895540168</LatitudeDegrees>
              <LongitudeDegrees>114.2043735860781</LongitudeDegrees>
            </Position>
            <AltitudeMeters>311.06</AltitudeMeters>
            <DistanceMeters>4158.919921875</DistanceMeters>
            <Extensions>
              <ns3:TPX>
                <ns3:Speed>2.743000030517578</ns3:Speed>
                <ns3:RunCadence>84</ns3:RunCadence>
              </ns3:TPX>
            </Extensions>
          </Trackpoint>
          <Trackpoint>
            <Time>2021-01-05T22:32:51.000Z</Time>
            <Position>
              <LatitudeDegrees>22.330015883544313</LatitudeDegrees>
              <LongitudeDegrees>114.20440399626294</LongitudeDegrees>
            </Position>
            <AltitudeMeters>311.11</AltitudeMeters>
            <DistanceMeters>4180.89990234375</DistanceMeters>
            <Extensions>
              <ns3:TPX>
                <ns3:Speed>2.753000020980835</ns3:Speed>
                <ns3:RunCadence>84</ns3:RunCadence>
              </ns3:TPX>
            </Extensions>
          </Trackpoint>
          <Trackpoint>
            <Time>2021-01-05T22:32:59.000Z</Time>
            <Position>
              <LatitudeDegrees>22.329914312549388</LatitudeDegrees>
              <LongitudeDegrees>114.20461852509744</LongitudeDegrees>
            </Position>
            <AltitudeMeters>311.4</AltitudeMeters>
            <DistanceMeters>4202.97021484375</DistanceMeters>
            <Extensions>
              <ns3:TPX>
                <ns3:Speed>2.76200008392334</ns3:Speed>
                <ns3:RunCadence>85</ns3:RunCadence>
              </ns3:TPX>
            </Extensions>
          </Trackpoint>
          <Trackpoint>
            <Time>2021-01-05T22:33:07.000Z</Time>
            <Position>
              <LatitudeDegrees>22.329742606951804</LatitudeDegrees>
              <LongitudeDegrees>114.20477510892782</LongitudeDegrees>
            </Position>
            <AltitudeMeters>311.27</AltitudeMeters>
            <DistanceMeters>4225.06005859375</DistanceMeters>
            <Extensions>
              <ns3:TPX>
                <ns3:Speed>2.76200008392334</ns3:Speed>
                <ns3:RunCadence>85</ns3:RunCadence>
              </ns3:TPX>
            </Extensions>
          </Trackpoint>
          <Trackpoint>
            <Time>2021-01-05T22:33:15.000Z</Time>
            <Position>
              <LatitudeDegrees>22.32954860245073</LatitudeDegrees>
              <LongitudeDegrees>114.20483957925333</LongitudeDegrees>
            </Position>
            <AltitudeMeters>310.92</AltitudeMeters>
            <DistanceMeters>4247.10986328125</DistanceMeters>
            <Extensions>
              <ns3:TPX>
                <ns3:Speed>2.753000020980835</ns3:Speed>
                <ns3:RunCadence>86</ns3:RunCadence>
              </ns3:TPX>
            </Extensions>
          </Trackpoint>
          <Trackpoint>
            <Time>2021-01-05T22:33:23.000Z</Time>
            <Position>
              <LatitudeDegrees>22.329335649563514</LatitudeDegrees>
              <LongitudeDegrees>114.20477471924195</LongitudeDegrees>
            </Position>
            <AltitudeMeters>311.67</AltitudeMeters>
            <DistanceMeters>4269.1298828125</DistanceMeters>
            <Extensions>
              <ns3:TPX>
                <ns3:Speed>2.753000020980835</ns3:Speed>
                <ns3:RunCadence>84</ns3:RunCadence>
              </ns3:TPX>
            </Extensions>
          </Trackpoint>
          <Trackpoint>
            <Time>2021-01-05T22:33:31.000Z</Time>
            <Position>
              <LatitudeDegrees>22.329121231743734</LatitudeDegrees>
              <LongitudeDegrees>114.20470870337368</LongitudeDegrees>
            </Position>
            <AltitudeMeters>311.26</AltitudeMeters>
            <DistanceMeters>4291.080078125</DistanceMeters>
            <Extensions>
              <ns3:TPX>
                <ns3:Speed>2.743000030517578</ns3:Speed>
                <ns3:RunCadence>85</ns3:RunCadence>
              </ns3:TPX>
            </Extensions>
          </Trackpoint>
          <Trackpoint>
            <Time>2021-01-05T22:33:33.000Z</Time>
            <Position>
              <LatitudeDegrees>22.329066833260335</LatitudeDegrees>
              <LongitudeDegrees>114.20469693023664</LongitudeDegrees>
            </Position>
            <AltitudeMeters>311.34</AltitudeMeters>
            <DistanceMeters>4296.5400390625</DistanceMeters>
            <Extensions>
              <ns3:TPX>
                <ns3:Speed>2.7339999675750732</ns3:Speed>
                <ns3:RunCadence>84</ns3:RunCadence>
              </ns3:TPX>
            </Extensions>
          </Trackpoint>
          <Trackpoint>
            <Time>2021-01-05T22:33:41.000Z</Time>
            <Position>
              <LatitudeDegrees>22.328852023338513</LatitudeDegrees>
              <LongitudeDegrees>114.20464108013107</LongitudeDegrees>
            </Position>
            <AltitudeMeters>311.14</AltitudeMeters>
            <DistanceMeters>4318.31982421875</DistanceMeters>
            <Extensions>
              <ns3:TPX>
                <ns3:Speed>2.697000026702881</ns3:Speed>
                <ns3:RunCadence>84</ns3:RunCadence>
              </ns3:TPX>
            </Extensions>
          </Trackpoint>
          <Trackpoint>
            <Time>2021-01-05T22:33:49.000Z</Time>
            <Position>
              <LatitudeDegrees>22.328643215308592</LatitudeDegrees>
              <LongitudeDegrees>114.20456974316836</LongitudeDegrees>
            </Position>
            <AltitudeMeters>310.6</AltitudeMeters>
            <DistanceMeters>4340.06005859375</DistanceMeters>
            <Extensions>
              <ns3:TPX>
                <ns3:Speed>2.7339999675750732</ns3:Speed>
                <ns3:RunCadence>84</ns3:RunCadence>
              </ns3:TPX>
            </Extensions>
          </Trackpoint>
          <Trackpoint>
            <Time>2021-01-05T22:33:57.000Z</Time>
            <Position>
              <LatitudeDegrees>22.328450547493087</LatitudeDegrees>
              <LongitudeDegrees>114.20444858729671</LongitudeDegrees>
            </Position>
            <AltitudeMeters>311.47</AltitudeMeters>
            <DistanceMeters>4362.02978515625</DistanceMeters>
            <Extensions>
              <ns3:TPX>
                <ns3:Speed>2.753000020980835</ns3:Speed>
                <ns3:RunCadence>84</ns3:RunCadence>
              </ns3:TPX>
            </Extensions>
          </Trackpoint>
          <Trackpoint>
            <Time>2021-01-05T22:34:05.000Z</Time>
            <Position>
              <LatitudeDegrees>22.328262157416816</LatitudeDegrees>
              <LongitudeDegrees>114.20431736353093</LongitudeDegrees>
            </Position>
            <AltitudeMeters>310.86</AltitudeMeters>
            <DistanceMeters>4384.08984375</DistanceMeters>
            <Extensions>
              <ns3:TPX>
                <ns3:Speed>2.753000020980835</ns3:Speed>
                <ns3:RunCadence>85</ns3:RunCadence>
              </ns3:TPX>
            </Extensions>
          </Trackpoint>
          <Trackpoint>
            <Time>2021-01-05T22:34:13.000Z</Time>
            <Position>
              <LatitudeDegrees>22.328080344258865</LatitudeDegrees>
              <LongitudeDegrees>114.20417513577674</LongitudeDegrees>
            </Position>
            <AltitudeMeters>310.81</AltitudeMeters>
            <DistanceMeters>4406.16015625</DistanceMeters>
            <Extensions>
              <ns3:TPX>
                <ns3:Speed>2.76200008392334</ns3:Speed>
                <ns3:RunCadence>84</ns3:RunCadence>
              </ns3:TPX>
            </Extensions>
          </Trackpoint>
          <Trackpoint>
            <Time>2021-01-05T22:34:21.000Z</Time>
            <Position>
              <LatitudeDegrees>22.327886128650928</LatitudeDegrees>
              <LongitudeDegrees>114.20405432308168</LongitudeDegrees>
            </Position>
            <AltitudeMeters>310.41</AltitudeMeters>
            <DistanceMeters>4428.25</DistanceMeters>
            <Extensions>
              <ns3:TPX>
                <ns3:Speed>2.76200008392334</ns3:Speed>
                <ns3:RunCadence>85</ns3:RunCadence>
              </ns3:TPX>
            </Extensions>
          </Trackpoint>
          <Trackpoint>
            <Time>2021-01-05T22:34:29.000Z</Time>
            <Position>
              <LatitudeDegrees>22.32772037389618</LatitudeDegrees>
              <LongitudeDegrees>114.20389507601091</LongitudeDegrees>
            </Position>
            <AltitudeMeters>310.55</AltitudeMeters>
            <DistanceMeters>4450.25</DistanceMeters>
            <Extensions>
              <ns3:TPX>
                <ns3:Speed>2.7709999084472656</ns3:Speed>
                <ns3:RunCadence>85</ns3:RunCadence>
              </ns3:TPX>
            </Extensions>
          </Trackpoint>
          <Trackpoint>
            <Time>2021-01-05T22:34:37.000Z</Time>
            <Position>
              <LatitudeDegrees>22.32760259810428</LatitudeDegrees>
              <LongitudeDegrees>114.20372235324044</LongitudeDegrees>
            </Position>
            <AltitudeMeters>310.63</AltitudeMeters>
            <DistanceMeters>4472.419921875</DistanceMeters>
            <Extensions>
              <ns3:TPX>
                <ns3:Speed>2.76200008392334</ns3:Speed>
                <ns3:RunCadence>83</ns3:RunCadence>
              </ns3:TPX>
            </Extensions>
          </Trackpoint>
          <Trackpoint>
            <Time>2021-01-05T22:34:45.000Z</Time>
            <Position>
              <LatitudeDegrees>22.327711797751245</LatitudeDegrees>
              <LongitudeDegrees>114.20351519723552</LongitudeDegrees>
            </Position>
            <AltitudeMeters>310.64</AltitudeMeters>
            <DistanceMeters>4494.3701171875</DistanceMeters>
            <Extensions>
              <ns3:TPX>
                <ns3:Speed>2.7339999675750732</ns3:Speed>
                <ns3:RunCadence>85</ns3:RunCadence>
              </ns3:TPX>
            </Extensions>
          </Trackpoint>
          <Trackpoint>
            <Time>2021-01-05T22:34:49.000Z</Time>
            <Position>
              <LatitudeDegrees>22.327791602817314</LatitudeDegrees>
              <LongitudeDegrees>114.20343091931915</LongitudeDegrees>
            </Position>
            <AltitudeMeters>310.3</AltitudeMeters>
            <DistanceMeters>4505.33984375</DistanceMeters>
            <Extensions>
              <ns3:TPX>
                <ns3:Speed>2.743000030517578</ns3:Speed>
                <ns3:RunCadence>85</ns3:RunCadence>
              </ns3:TPX>
            </Extensions>
          </Trackpoint>
          <Trackpoint>
            <Time>2021-01-05T22:34:57.000Z</Time>
            <Position>
              <LatitudeDegrees>22.32794678871709</LatitudeDegrees>
              <LongitudeDegrees>114.203252931809</LongitudeDegrees>
            </Position>
            <AltitudeMeters>310.39</AltitudeMeters>
            <DistanceMeters>4527.58984375</DistanceMeters>
            <Extensions>
              <ns3:TPX>
                <ns3:Speed>2.809000015258789</ns3:Speed>
                <ns3:RunCadence>84</ns3:RunCadence>
              </ns3:TPX>
            </Extensions>
          </Trackpoint>
          <Trackpoint>
            <Time>2021-01-05T22:35:05.000Z</Time>
            <Position>
              <LatitudeDegrees>22.328064848458116</LatitudeDegrees>
              <LongitudeDegrees>114.2030413851755</LongitudeDegrees>
            </Position>
            <AltitudeMeters>310.36</AltitudeMeters>
            <DistanceMeters>4550.10009765625</DistanceMeters>
            <Extensions>
              <ns3:TPX>
                <ns3:Speed>2.7990000247955322</ns3:Speed>
                <ns3:RunCadence>85</ns3:RunCadence>
              </ns3:TPX>
            </Extensions>
          </Trackpoint>
          <Trackpoint>
            <Time>2021-01-05T22:35:13.000Z</Time>
            <Position>
              <LatitudeDegrees>22.32818857020049</LatitudeDegrees>
              <LongitudeDegrees>114.20284555693789</LongitudeDegrees>
            </Position>
            <AltitudeMeters>310.5</AltitudeMeters>
            <DistanceMeters>4572.31005859375</DistanceMeters>
            <Extensions>
              <ns3:TPX>
                <ns3:Speed>2.7809998989105225</ns3:Speed>
                <ns3:RunCadence>85</ns3:RunCadence>
              </ns3:TPX>
            </Extensions>
          </Trackpoint>
          <Trackpoint>
            <Time>2021-01-05T22:35:21.000Z</Time>
            <Position>
              <LatitudeDegrees>22.328372233287006</LatitudeDegrees>
              <LongitudeDegrees>114.2027103208233</LongitudeDegrees>
            </Position>
            <AltitudeMeters>310.56</AltitudeMeters>
            <DistanceMeters>4594.39990234375</DistanceMeters>
            <Extensions>
              <ns3:TPX>
                <ns3:Speed>2.76200008392334</ns3:Speed>
                <ns3:RunCadence>86</ns3:RunCadence>
              </ns3:TPX>
            </Extensions>
          </Trackpoint>
          <Trackpoint>
            <Time>2021-01-05T22:35:29.000Z</Time>
            <Position>
              <LatitudeDegrees>22.32844486214858</LatitudeDegrees>
              <LongitudeDegrees>114.20248746599896</LongitudeDegrees>
            </Position>
            <AltitudeMeters>311.07</AltitudeMeters>
            <DistanceMeters>4616.5400390625</DistanceMeters>
            <Extensions>
              <ns3:TPX>
                <ns3:Speed>2.7709999084472656</ns3:Speed>
                <ns3:RunCadence>86</ns3:RunCadence>
              </ns3:TPX>
            </Extensions>
          </Trackpoint>
          <Trackpoint>
            <Time>2021-01-05T22:35:37.000Z</Time>
            <Position>
              <LatitudeDegrees>22.32862138727915</LatitudeDegrees>
              <LongitudeDegrees>114.20233969218299</LongitudeDegrees>
            </Position>
            <AltitudeMeters>311.2</AltitudeMeters>
            <DistanceMeters>4638.7099609375</DistanceMeters>
            <Extensions>
              <ns3:TPX>
                <ns3:Speed>2.7709999084472656</ns3:Speed>
                <ns3:RunCadence>85</ns3:RunCadence>
              </ns3:TPX>
            </Extensions>
          </Trackpoint>
          <Trackpoint>
            <Time>2021-01-05T22:35:45.000Z</Time>
            <Position>
              <LatitudeDegrees>22.328809316465804</LatitudeDegrees>
              <LongitudeDegrees>114.20220601299525</LongitudeDegrees>
            </Position>
            <AltitudeMeters>311.2</AltitudeMeters>
            <DistanceMeters>4660.830078125</DistanceMeters>
            <Extensions>
              <ns3:TPX>
                <ns3:Speed>2.7809998989105225</ns3:Speed>
                <ns3:RunCadence>85</ns3:RunCadence>
              </ns3:TPX>
            </Extensions>
          </Trackpoint>
          <Trackpoint>
            <Time>2021-01-05T22:35:53.000Z</Time>
            <Position>
              <LatitudeDegrees>22.328989019936397</LatitudeDegrees>
              <LongitudeDegrees>114.2020591836435</LongitudeDegrees>
            </Position>
            <AltitudeMeters>311.03</AltitudeMeters>
            <DistanceMeters>4683.0</DistanceMeters>
            <Extensions>
              <ns3:TPX>
                <ns3:Speed>2.743000030517578</ns3:Speed>
                <ns3:RunCadence>85</ns3:RunCadence>
              </ns3:TPX>
            </Extensions>
          </Trackpoint>
          <Trackpoint>
            <Time>2021-01-05T22:36:01.000Z</Time>
            <Position>
              <LatitudeDegrees>22.329121488727104</LatitudeDegrees>
              <LongitudeDegrees>114.20186151877061</LongitudeDegrees>
            </Position>
            <AltitudeMeters>310.8</AltitudeMeters>
            <DistanceMeters>4705.35986328125</DistanceMeters>
            <Extensions>
              <ns3:TPX>
                <ns3:Speed>2.8369998931884766</ns3:Speed>
                <ns3:RunCadence>85</ns3:RunCadence>
              </ns3:TPX>
            </Extensions>
          </Trackpoint>
          <Trackpoint>
            <Time>2021-01-05T22:36:09.000Z</Time>
            <Position>
              <LatitudeDegrees>22.32931261644252</LatitudeDegrees>
              <LongitudeDegrees>114.20173537395466</LongitudeDegrees>
            </Position>
            <AltitudeMeters>310.13</AltitudeMeters>
            <DistanceMeters>4727.77978515625</DistanceMeters>
            <Extensions>
              <ns3:TPX>
                <ns3:Speed>2.7990000247955322</ns3:Speed>
                <ns3:RunCadence>84</ns3:RunCadence>
              </ns3:TPX>
            </Extensions>
          </Trackpoint>
          <Trackpoint>
            <Time>2021-01-05T22:36:17.000Z</Time>
            <Position>
              <LatitudeDegrees>22.329439853847635</LatitudeDegrees>
              <LongitudeDegrees>114.20153440302147</LongitudeDegrees>
            </Position>
            <AltitudeMeters>310.25</AltitudeMeters>
            <DistanceMeters>4750.2998046875</DistanceMeters>
            <Extensions>
              <ns3:TPX>
                <ns3:Speed>2.809000015258789</ns3:Speed>
                <ns3:RunCadence>84</ns3:RunCadence>
              </ns3:TPX>
            </Extensions>
          </Trackpoint>
          <Trackpoint>
            <Time>2021-01-05T22:36:25.000Z</Time>
            <Position>
              <LatitudeDegrees>22.329613704361844</LatitudeDegrees>
              <LongitudeDegrees>114.20137591033959</LongitudeDegrees>
            </Position>
            <AltitudeMeters>310.73</AltitudeMeters>
            <DistanceMeters>4772.81982421875</DistanceMeters>
            <Extensions>
              <ns3:TPX>
                <ns3:Speed>2.8369998931884766</ns3:Speed>
                <ns3:RunCadence>85</ns3:RunCadence>
              </ns3:TPX>
            </Extensions>
          </Trackpoint>
          <Trackpoint>
            <Time>2021-01-05T22:36:33.000Z</Time>
            <Position>
              <LatitudeDegrees>22.329823800053187</LatitudeDegrees>
              <LongitudeDegrees>114.20128035496124</LongitudeDegrees>
            </Position>
            <AltitudeMeters>310.6</AltitudeMeters>
            <DistanceMeters>4795.33984375</DistanceMeters>
            <Extensions>
              <ns3:TPX>
                <ns3:Speed>2.7990000247955322</ns3:Speed>
                <ns3:RunCadence>85</ns3:RunCadence>
              </ns3:TPX>
            </Extensions>
          </Trackpoint>
          <Trackpoint>
            <Time>2021-01-05T22:36:41.000Z</Time>
            <Position>
              <LatitudeDegrees>22.330047004003024</LatitudeDegrees>
              <LongitudeDegrees>114.20123277173994</LongitudeDegrees>
            </Position>
            <AltitudeMeters>310.6</AltitudeMeters>
            <DistanceMeters>4817.740234375</DistanceMeters>
            <Extensions>
              <ns3:TPX>
                <ns3:Speed>2.7990000247955322</ns3:Speed>
                <ns3:RunCadence>85</ns3:RunCadence>
              </ns3:TPX>
            </Extensions>
          </Trackpoint>
          <Trackpoint>
            <Time>2021-01-05T22:36:49.000Z</Time>
            <Position>
              <LatitudeDegrees>22.330163623800203</LatitudeDegrees>
              <LongitudeDegrees>114.20102185327181</LongitudeDegrees>
            </Position>
            <AltitudeMeters>310.6</AltitudeMeters>
            <DistanceMeters>4840.08984375</DistanceMeters>
            <Extensions>
              <ns3:TPX>
                <ns3:Speed>2.7899999618530273</ns3:Speed>
                <ns3:RunCadence>84</ns3:RunCadence>
              </ns3:TPX>
            </Extensions>
          </Trackpoint>
          <Trackpoint>
            <Time>2021-01-05T22:36:57.000Z</Time>
            <Position>
              <LatitudeDegrees>22.330330836344107</LatitudeDegrees>
              <LongitudeDegrees>114.20088098712327</LongitudeDegrees>
            </Position>
            <AltitudeMeters>310.53</AltitudeMeters>
            <DistanceMeters>4862.4599609375</DistanceMeters>
            <Extensions>
              <ns3:TPX>
                <ns3:Speed>2.7990000247955322</ns3:Speed>
                <ns3:RunCadence>85</ns3:RunCadence>
              </ns3:TPX>
            </Extensions>
          </Trackpoint>
          <Trackpoint>
            <Time>2021-01-05T22:37:05.000Z</Time>
            <Position>
              <LatitudeDegrees>22.330376456254925</LatitudeDegrees>
              <LongitudeDegrees>114.20064267059398</LongitudeDegrees>
            </Position>
            <AltitudeMeters>310.4</AltitudeMeters>
            <DistanceMeters>4884.830078125</DistanceMeters>
            <Extensions>
              <ns3:TPX>
                <ns3:Speed>2.7990000247955322</ns3:Speed>
                <ns3:RunCadence>85</ns3:RunCadence>
              </ns3:TPX>
            </Extensions>
          </Trackpoint>
          <Trackpoint>
            <Time>2021-01-05T22:37:13.000Z</Time>
            <Position>
              <LatitudeDegrees>22.330434266334716</LatitudeDegrees>
              <LongitudeDegrees>114.20040774833542</LongitudeDegrees>
            </Position>
            <AltitudeMeters>310.64</AltitudeMeters>
            <DistanceMeters>4907.25</DistanceMeters>
            <Extensions>
              <ns3:TPX>
                <ns3:Speed>2.7990000247955322</ns3:Speed>
                <ns3:RunCadence>83</ns3:RunCadence>
              </ns3:TPX>
            </Extensions>
          </Trackpoint>
          <Trackpoint>
            <Time>2021-01-05T22:37:21.000Z</Time>
            <Position>
              <LatitudeDegrees>22.330541705013832</LatitudeDegrees>
              <LongitudeDegrees>114.20019427602264</LongitudeDegrees>
            </Position>
            <AltitudeMeters>310.97</AltitudeMeters>
            <DistanceMeters>4929.43994140625</DistanceMeters>
            <Extensions>
              <ns3:TPX>
                <ns3:Speed>2.753000020980835</ns3:Speed>
                <ns3:RunCadence>84</ns3:RunCadence>
              </ns3:TPX>
            </Extensions>
          </Trackpoint>
          <Trackpoint>
            <Time>2021-01-05T22:37:29.000Z</Time>
            <Position>
              <LatitudeDegrees>22.33055549642514</LatitudeDegrees>
              <LongitudeDegrees>114.2003786188754</LongitudeDegrees>
            </Position>
            <AltitudeMeters>311.0</AltitudeMeters>
            <DistanceMeters>4951.27978515625</DistanceMeters>
            <Extensions>
              <ns3:TPX>
                <ns3:Speed>2.7339999675750732</ns3:Speed>
                <ns3:RunCadence>84</ns3:RunCadence>
              </ns3:TPX>
            </Extensions>
          </Trackpoint>
          <Trackpoint>
            <Time>2021-01-05T22:37:37.000Z</Time>
            <Position>
              <LatitudeDegrees>22.330634688402913</LatitudeDegrees>
              <LongitudeDegrees>114.20036731352378</LongitudeDegrees>
            </Position>
            <AltitudeMeters>310.65</AltitudeMeters>
            <DistanceMeters>4973.31005859375</DistanceMeters>
            <Extensions>
              <ns3:TPX>
                <ns3:Speed>2.7709999084472656</ns3:Speed>
                <ns3:RunCadence>85</ns3:RunCadence>
              </ns3:TPX>
            </Extensions>
          </Trackpoint>
          <Trackpoint>
            <Time>2021-01-05T22:37:45.000Z</Time>
            <Position>
              <LatitudeDegrees>22.330653958994876</LatitudeDegrees>
              <LongitudeDegrees>114.20037440256881</LongitudeDegrees>
            </Position>
            <AltitudeMeters>310.8</AltitudeMeters>
            <DistanceMeters>4995.509765625</DistanceMeters>
            <Extensions>
              <ns3:TPX>
                <ns3:Speed>2.7809998989105225</ns3:Speed>
                <ns3:RunCadence>84</ns3:RunCadence>
              </ns3:TPX>
            </Extensions>
          </Trackpoint>
          <Trackpoint>
            <Time>2021-01-05T22:37:47.000Z</Time>
            <Position>
              <LatitudeDegrees>22.330697775296585</LatitudeDegrees>
              <LongitudeDegrees>114.20035579173253</LongitudeDegrees>
            </Position>
            <AltitudeMeters>310.71</AltitudeMeters>
            <DistanceMeters>5001.08984375</DistanceMeters>
            <Extensions>
              <ns3:TPX>
                <ns3:Speed>2.7899999618530273</ns3:Speed>
                <ns3:RunCadence>85</ns3:RunCadence>
              </ns3:TPX>
            </Extensions>
          </Trackpoint>
        </Track>
        <Extensions>
          <ns3:LX>
            <ns3:AvgSpeed>2.7699999809265132</ns3:AvgSpeed>
            <ns3:AvgRunCadence>85</ns3:AvgRunCadence>
            <ns3:MaxRunCadence>86</ns3:MaxRunCadence>
          </ns3:LX>
        </Extensions>
      </Lap>
      <Lap StartTime="2021-01-05T22:37:48.000Z">
        <TotalTimeSeconds>181.083</TotalTimeSeconds>
        <DistanceMeters>535.43</DistanceMeters>
        <MaximumSpeed>3.266000032424927</MaximumSpeed>
        <Calories>37</Calories>
        <Intensity>Active</Intensity>
        <TriggerMethod>Manual</TriggerMethod>
        <Track>
          <Trackpoint>
            <Time>2021-01-05T22:37:55.000Z</Time>
            <Position>
              <LatitudeDegrees>22.330574584551826</LatitudeDegrees>
              <LongitudeDegrees>114.20037392622166</LongitudeDegrees>
            </Position>
            <AltitudeMeters>310.92</AltitudeMeters>
            <DistanceMeters>5023.41015625</DistanceMeters>
            <Extensions>
              <ns3:TPX>
                <ns3:Speed>2.7899999618530273</ns3:Speed>
                <ns3:RunCadence>85</ns3:RunCadence>
              </ns3:TPX>
            </Extensions>
          </Trackpoint>
          <Trackpoint>
            <Time>2021-01-05T22:38:03.000Z</Time>
            <Position>
              <LatitudeDegrees>22.33036589054275</LatitudeDegrees>
              <LongitudeDegrees>114.20039777627888</LongitudeDegrees>
            </Position>
            <AltitudeMeters>311.06</AltitudeMeters>
            <DistanceMeters>5045.93994140625</DistanceMeters>
            <Extensions>
              <ns3:TPX>
                <ns3:Speed>2.8269999027252197</ns3:Speed>
                <ns3:RunCadence>83</ns3:RunCadence>
              </ns3:TPX>
            </Extensions>
          </Trackpoint>
          <Trackpoint>
            <Time>2021-01-05T22:38:05.000Z</Time>
            <Position>
              <LatitudeDegrees>22.33030870021022</LatitudeDegrees>
              <LongitudeDegrees>114.20039176068045</LongitudeDegrees>
            </Position>
            <AltitudeMeters>311.08</AltitudeMeters>
            <DistanceMeters>5051.58984375</DistanceMeters>
            <Extensions>
              <ns3:TPX>
                <ns3:Speed>2.8269999027252197</ns3:Speed>
                <ns3:RunCadence>84</ns3:RunCadence>
              </ns3:TPX>
            </Extensions>
          </Trackpoint>
          <Trackpoint>
            <Time>2021-01-05T22:38:13.000Z</Time>
            <Position>
              <LatitudeDegrees>22.33007720070326</LatitudeDegrees>
              <LongitudeDegrees>114.20036741027003</LongitudeDegrees>
            </Position>
            <AltitudeMeters>311.15</AltitudeMeters>
            <DistanceMeters>5074.4599609375</DistanceMeters>
            <Extensions>
              <ns3:TPX>
                <ns3:Speed>2.9019999504089355</ns3:Speed>
                <ns3:RunCadence>86</ns3:RunCadence>
              </ns3:TPX>
            </Extensions>
          </Trackpoint>
          <Trackpoint>
            <Time>2021-01-05T22:38:20.000Z</Time>
            <Position>
              <LatitudeDegrees>22.329892322903618</LatitudeDegrees>
              <LongitudeDegrees>114.20039624012966</LongitudeDegrees>
            </Position>
            <AltitudeMeters>311.2</AltitudeMeters>
            <DistanceMeters>5094.97998046875</DistanceMeters>
            <Extensions>
              <ns3:TPX>
                <ns3:Speed>2.938999891281128</ns3:Speed>
                <ns3:RunCadence>86</ns3:RunCadence>
              </ns3:TPX>
            </Extensions>
          </Trackpoint>
          <Trackpoint>
            <Time>2021-01-05T22:38:27.000Z</Time>
            <Position>
              <LatitudeDegrees>22.329767746419108</LatitudeDegrees>
              <LongitudeDegrees>114.20057762508978</LongitudeDegrees>
            </Position>
            <AltitudeMeters>311.14</AltitudeMeters>
            <DistanceMeters>5115.60009765625</DistanceMeters>
            <Extensions>
              <ns3:TPX>
                <ns3:Speed>2.947999954223633</ns3:Speed>
                <ns3:RunCadence>84</ns3:RunCadence>
              </ns3:TPX>
            </Extensions>
          </Trackpoint>
          <Trackpoint>
            <Time>2021-01-05T22:38:34.000Z</Time>
            <Position>
              <LatitudeDegrees>22.32962443182217</LatitudeDegrees>
              <LongitudeDegrees>114.20074836193767</LongitudeDegrees>
            </Position>
            <AltitudeMeters>311.0</AltitudeMeters>
            <DistanceMeters>5136.56982421875</DistanceMeters>
            <Extensions>
              <ns3:TPX>
                <ns3:Speed>3.0320000648498535</ns3:Speed>
                <ns3:RunCadence>85</ns3:RunCadence>
              </ns3:TPX>
            </Extensions>
          </Trackpoint>
          <Trackpoint>
            <Time>2021-01-05T22:38:41.000Z</Time>
            <Position>
              <LatitudeDegrees>22.32941035413792</LatitudeDegrees>
              <LongitudeDegrees>114.20076426152083</LongitudeDegrees>
            </Position>
            <AltitudeMeters>310.87</AltitudeMeters>
            <DistanceMeters>5157.85986328125</DistanceMeters>
            <Extensions>
              <ns3:TPX>
                <ns3:Speed>3.0420000553131104</ns3:Speed>
                <ns3:RunCadence>85</ns3:RunCadence>
              </ns3:TPX>
            </Extensions>
          </Trackpoint>
          <Trackpoint>
            <Time>2021-01-05T22:38:48.000Z</Time>
            <Position>
              <LatitudeDegrees>22.329195282655032</LatitudeDegrees>
              <LongitudeDegrees>114.20077501651384</LongitudeDegrees>
            </Position>
            <AltitudeMeters>310.73</AltitudeMeters>
            <DistanceMeters>5179.02978515625</DistanceMeters>
            <Extensions>
              <ns3:TPX>
                <ns3:Speed>3.003999948501587</ns3:Speed>
                <ns3:RunCadence>85</ns3:RunCadence>
              </ns3:TPX>
            </Extensions>
          </Trackpoint>
          <Trackpoint>
            <Time>2021-01-05T22:38:55.000Z</Time>
            <Position>
              <LatitudeDegrees>22.328986039043432</LatitudeDegrees>
              <LongitudeDegrees>114.2007868669807</LongitudeDegrees>
            </Position>
            <AltitudeMeters>310.61</AltitudeMeters>
            <DistanceMeters>5199.9501953125</DistanceMeters>
            <Extensions>
              <ns3:TPX>
                <ns3:Speed>2.9760000705718994</ns3:Speed>
                <ns3:RunCadence>86</ns3:RunCadence>
              </ns3:TPX>
            </Extensions>
          </Trackpoint>
          <Trackpoint>
            <Time>2021-01-05T22:39:02.000Z</Time>
            <Position>
              <LatitudeDegrees>22.32907103990912</LatitudeDegrees>
              <LongitudeDegrees>114.20097889733023</LongitudeDegrees>
            </Position>
            <AltitudeMeters>310.22</AltitudeMeters>
            <DistanceMeters>5220.72021484375</DistanceMeters>
            <Extensions>
              <ns3:TPX>
                <ns3:Speed>2.9579999446868896</ns3:Speed>
                <ns3:RunCadence>87</ns3:RunCadence>
              </ns3:TPX>
            </Extensions>
          </Trackpoint>
          <Trackpoint>
            <Time>2021-01-05T22:39:09.000Z</Time>
            <Position>
              <LatitudeDegrees>22.3289860381729</LatitudeDegrees>
              <LongitudeDegrees>114.20118494548824</LongitudeDegrees>
            </Position>
            <AltitudeMeters>310.64</AltitudeMeters>
            <DistanceMeters>5241.31005859375</DistanceMeters>
            <Extensions>
              <ns3:TPX>
                <ns3:Speed>2.930000066757202</ns3:Speed>
                <ns3:RunCadence>85</ns3:RunCadence>
              </ns3:TPX>
            </Extensions>
          </Trackpoint>
          <Trackpoint>
            <Time>2021-01-05T22:39:15.000Z</Time>
            <Position>
              <LatitudeDegrees>22.328876391246457</LatitudeDegrees>
              <LongitudeDegrees>114.20132882827897</LongitudeDegrees>
            </Position>
            <AltitudeMeters>310.8</AltitudeMeters>
            <DistanceMeters>5258.89013671875</DistanceMeters>
            <Extensions>
              <ns3:TPX>
                <ns3:Speed>2.930000066757202</ns3:Speed>
                <ns3:RunCadence>85</ns3:RunCadence>
              </ns3:TPX>
            </Extensions>
          </Trackpoint>
          <Trackpoint>
            <Time>2021-01-05T22:39:22.000Z</Time>
            <Position>
              <LatitudeDegrees>22.328696164693483</LatitudeDegrees>
              <LongitudeDegrees>114.20127418060761</LongitudeDegrees>
            </Position>
            <AltitudeMeters>309.74</AltitudeMeters>
            <DistanceMeters>5279.33984375</DistanceMeters>
            <Extensions>
              <ns3:TPX>
                <ns3:Speed>2.9210000038146973</ns3:Speed>
                <ns3:RunCadence>85</ns3:RunCadence>
              </ns3:TPX>
            </Extensions>
          </Trackpoint>
          <Trackpoint>
            <Time>2021-01-05T22:39:29.000Z</Time>
            <Position>
              <LatitudeDegrees>22.328522550359597</LatitudeDegrees>
              <LongitudeDegrees>114.20115203879094</LongitudeDegrees>
            </Position>
            <AltitudeMeters>309.6</AltitudeMeters>
            <DistanceMeters>5299.72021484375</DistanceMeters>
            <Extensions>
              <ns3:TPX>
                <ns3:Speed>2.9019999504089355</ns3:Speed>
                <ns3:RunCadence>86</ns3:RunCadence>
              </ns3:TPX>
            </Extensions>
          </Trackpoint>
          <Trackpoint>
            <Time>2021-01-05T22:39:36.000Z</Time>
            <Position>
              <LatitudeDegrees>22.328495915303503</LatitudeDegrees>
              <LongitudeDegrees>114.20111545481177</LongitudeDegrees>
            </Position>
            <AltitudeMeters>310.27</AltitudeMeters>
            <DistanceMeters>5320.0498046875</DistanceMeters>
            <Extensions>
              <ns3:TPX>
                <ns3:Speed>2.9110000133514404</ns3:Speed>
                <ns3:RunCadence>84</ns3:RunCadence>
              </ns3:TPX>
            </Extensions>
          </Trackpoint>
          <Trackpoint>
            <Time>2021-01-05T22:39:43.000Z</Time>
            <Position>
              <LatitudeDegrees>22.328664009593275</LatitudeDegrees>
              <LongitudeDegrees>114.20102629618259</LongitudeDegrees>
            </Position>
            <AltitudeMeters>310.0</AltitudeMeters>
            <DistanceMeters>5340.43017578125</DistanceMeters>
            <Extensions>
              <ns3:TPX>
                <ns3:Speed>2.9019999504089355</ns3:Speed>
                <ns3:RunCadence>84</ns3:RunCadence>
              </ns3:TPX>
            </Extensions>
          </Trackpoint>
          <Trackpoint>
            <Time>2021-01-05T22:39:50.000Z</Time>
            <Position>
              <LatitudeDegrees>22.328852948269695</LatitudeDegrees>
              <LongitudeDegrees>114.20111067473908</LongitudeDegrees>
            </Position>
            <AltitudeMeters>310.59</AltitudeMeters>
            <DistanceMeters>5360.81005859375</DistanceMeters>
            <Extensions>
              <ns3:TPX>
                <ns3:Speed>2.9210000038146973</ns3:Speed>
                <ns3:RunCadence>86</ns3:RunCadence>
              </ns3:TPX>
            </Extensions>
          </Trackpoint>
          <Trackpoint>
            <Time>2021-01-05T22:39:57.000Z</Time>
            <Position>
              <LatitudeDegrees>22.328979046075087</LatitudeDegrees>
              <LongitudeDegrees>114.2012912698081</LongitudeDegrees>
            </Position>
            <AltitudeMeters>310.4</AltitudeMeters>
            <DistanceMeters>5381.39013671875</DistanceMeters>
            <Extensions>
              <ns3:TPX>
                <ns3:Speed>2.947999954223633</ns3:Speed>
                <ns3:RunCadence>83</ns3:RunCadence>
              </ns3:TPX>
            </Extensions>
          </Trackpoint>
          <Trackpoint>
            <Time>2021-01-05T22:40:04.000Z</Time>
            <Position>
              <LatitudeDegrees>22.3288870963496</LatitudeDegrees>
              <LongitudeDegrees>114.20146854289726</LongitudeDegrees>
            </Position>
            <AltitudeMeters>310.1</AltitudeMeters>
            <DistanceMeters>5402.06982421875</DistanceMeters>
            <Extensions>
              <ns3:TPX>
                <ns3:Speed>2.9579999446868896</ns3:Speed>
                <ns3:RunCadence>84</ns3:RunCadence>
              </ns3:TPX>
            </Extensions>
          </Trackpoint>
          <Trackpoint>
            <Time>2021-01-05T22:40:11.000Z</Time>
            <Position>
              <LatitudeDegrees>22.328701210517803</LatitudeDegrees>
              <LongitudeDegrees>114.20157394045307</LongitudeDegrees>
            </Position>
            <AltitudeMeters>309.58</AltitudeMeters>
            <DistanceMeters>5422.830078125</DistanceMeters>
            <Extensions>
              <ns3:TPX>
                <ns3:Speed>2.9670000076293945</ns3:Speed>
                <ns3:RunCadence>85</ns3:RunCadence>
              </ns3:TPX>
            </Extensions>
          </Trackpoint>
          <Trackpoint>
            <Time>2021-01-05T22:40:15.000Z</Time>
            <Position>
              <LatitudeDegrees>22.328597549707144</LatitudeDegrees>
              <LongitudeDegrees>114.20163571258448</LongitudeDegrees>
            </Position>
            <AltitudeMeters>309.45</AltitudeMeters>
            <DistanceMeters>5434.7001953125</DistanceMeters>
            <Extensions>
              <ns3:TPX>
                <ns3:Speed>2.9670000076293945</ns3:Speed>
                <ns3:RunCadence>85</ns3:RunCadence>
              </ns3:TPX>
            </Extensions>
          </Trackpoint>
          <Trackpoint>
            <Time>2021-01-05T22:40:22.000Z</Time>
            <Position>
              <LatitudeDegrees>22.328429496736216</LatitudeDegrees>
              <LongitudeDegrees>114.20176739280717</LongitudeDegrees>
            </Position>
            <AltitudeMeters>309.6</AltitudeMeters>
            <DistanceMeters>5455.56982421875</DistanceMeters>
            <Extensions>
              <ns3:TPX>
                <ns3:Speed>2.994999885559082</ns3:Speed>
                <ns3:RunCadence>85</ns3:RunCadence>
              </ns3:TPX>
            </Extensions>
          </Trackpoint>
          <Trackpoint>
            <Time>2021-01-05T22:40:28.000Z</Time>
            <Position>
              <LatitudeDegrees>22.32838579395898</LatitudeDegrees>
              <LongitudeDegrees>114.20190120540101</LongitudeDegrees>
            </Position>
            <AltitudeMeters>309.41</AltitudeMeters>
            <DistanceMeters>5473.509765625</DistanceMeters>
            <Extensions>
              <ns3:TPX>
                <ns3:Speed>2.9760000705718994</ns3:Speed>
                <ns3:RunCadence>84</ns3:RunCadence>
              </ns3:TPX>
            </Extensions>
          </Trackpoint>
          <Trackpoint>
            <Time>2021-01-05T22:40:35.000Z</Time>
            <Position>
              <LatitudeDegrees>22.328254203018968</LatitudeDegrees>
              <LongitudeDegrees>114.202032930479</LongitudeDegrees>
            </Position>
            <AltitudeMeters>309.92</AltitudeMeters>
            <DistanceMeters>5494.4501953125</DistanceMeters>
            <Extensions>
              <ns3:TPX>
                <ns3:Speed>2.9760000705718994</ns3:Speed>
                <ns3:RunCadence>84</ns3:RunCadence>
              </ns3:TPX>
            </Extensions>
          </Trackpoint>
          <Trackpoint>
            <Time>2021-01-05T22:40:42.000Z</Time>
            <Position>
              <LatitudeDegrees>22.328274456435388</LatitudeDegrees>
              <LongitudeDegrees>114.20226628762914</LongitudeDegrees>
            </Position>
            <AltitudeMeters>310.19</AltitudeMeters>
            <DistanceMeters>5515.919921875</DistanceMeters>
            <Extensions>
              <ns3:TPX>
                <ns3:Speed>3.181999921798706</ns3:Speed>
                <ns3:RunCadence>87</ns3:RunCadence>
              </ns3:TPX>
            </Extensions>
          </Trackpoint>
          <Trackpoint>
            <Time>2021-01-05T22:40:48.000Z</Time>
            <Position>
              <LatitudeDegrees>22.328176852315664</LatitudeDegrees>
              <LongitudeDegrees>114.20245304703712</LongitudeDegrees>
            </Position>
            <AltitudeMeters>310.0</AltitudeMeters>
            <DistanceMeters>5535.43017578125</DistanceMeters>
            <Extensions>
              <ns3:TPX>
                <ns3:Speed>3.246999979019165</ns3:Speed>
                <ns3:RunCadence>87</ns3:RunCadence>
              </ns3:TPX>
            </Extensions>
          </Trackpoint>
        </Track>
        <Extensions>
          <ns3:LX>
            <ns3:AvgSpeed>2.9570000171661373</ns3:AvgSpeed>
            <ns3:AvgRunCadence>85</ns3:AvgRunCadence>
            <ns3:MaxRunCadence>87</ns3:MaxRunCadence>
          </ns3:LX>
        </Extensions>
      </Lap>
      <Notes>ROUTE RECONSTRUCTED: no GPS was recorded for this activity. Coordinates were projected from the accelerometer distance onto the GPS track of activity 6188052022 (2021-01-27) using mode "scale". Generated by 06_RepairMissingRoutes.py.</Notes>
      <Creator xsi:type="Device_t">
        <Name>fēnix 3</Name>
        <UnitId>3913938328</UnitId>
        <ProductID>2050</ProductID>
        <Version>
          <VersionMajor>9</VersionMajor>
          <VersionMinor>40</VersionMinor>
          <BuildMajor>0</BuildMajor>
          <BuildMinor>0</BuildMinor>
        </Version>
      </Creator>
    </Activity>
  </Activities>
  <Author xsi:type="Application_t">
    <Name>Connect Api</Name>
    <Build>
      <Version>
        <VersionMajor>0</VersionMajor>
        <VersionMinor>0</VersionMinor>
        <BuildMajor>0</BuildMajor>
        <BuildMinor>0</BuildMinor>
      </Version>
    </Build>
    <LangID>en</LangID>
    <PartNumber>006-D2449-00</PartNumber>
  </Author>
</TrainingCenterDatabase>
