<?xml version="1.0" encoding="UTF-8"?>
<TrainingCenterDatabase
  xsi:schemaLocation="http://www.garmin.com/xmlschemas/TrainingCenterDatabase/v2 http://www.garmin.com/xmlschemas/TrainingCenterDatabasev2.xsd"
  xmlns:ns5="http://www.garmin.com/xmlschemas/ActivityGoals/v1"
  xmlns:ns3="http://www.garmin.com/xmlschemas/ActivityExtension/v2"
  xmlns:ns2="http://www.garmin.com/xmlschemas/UserProfile/v2"
  xmlns="http://www.garmin.com/xmlschemas/TrainingCenterDatabase/v2"
  xmlns:xsi="http://www.w3.org/2001/XMLSchema-instance" xmlns:ns4="http://www.garmin.com/xmlschemas/ProfileExtension/v1">
  <Activities>
    <Activity Sport="Running">
      <Id>2021-01-06T21:20:53.000Z</Id>
      <Lap StartTime="2021-01-06T21:20:53.000Z">
        <TotalTimeSeconds>336.298</TotalTimeSeconds>
        <DistanceMeters>1000.0</DistanceMeters>
        <MaximumSpeed>3.181999921798706</MaximumSpeed>
        <Calories>69</Calories>
        <Intensity>Active</Intensity>
        <TriggerMethod>Manual</TriggerMethod>
        <Track>
          <Trackpoint>
            <Time>2021-01-06T21:20:53.000Z</Time>
            <Position>
              <LatitudeDegrees>22.328444641607653</LatitudeDegrees>
              <LongitudeDegrees>114.20833873556839</LongitudeDegrees>
            </Position>
            <AltitudeMeters>311.23</AltitudeMeters>
            <DistanceMeters>1.5299999713897705</DistanceMeters>
            <Extensions>
              <ns3:TPX>
                <ns3:Speed>1.5299999713897705</ns3:Speed>
                <ns3:RunCadence>66</ns3:RunCadence>
              </ns3:TPX>
            </Extensions>
          </Trackpoint>
          <Trackpoint>
            <Time>2021-01-06T21:20:55.000Z</Time>
            <Position>
              <LatitudeDegrees>22.328427897943254</LatitudeDegrees>
              <LongitudeDegrees>114.20831164817308</LongitudeDegrees>
            </Position>
            <AltitudeMeters>311.26</AltitudeMeters>
            <DistanceMeters>4.739999771118164</DistanceMeters>
            <Extensions>
              <ns3:TPX>
                <ns3:Speed>1.6050000190734863</ns3:Speed>
                <ns3:RunCadence>66</ns3:RunCadence>
              </ns3:TPX>
            </Extensions>
          </Trackpoint>
          <Trackpoint>
            <Time>2021-01-06T21:21:03.000Z</Time>
            <Position>
              <LatitudeDegrees>22.32830251244489</LatitudeDegrees>
              <LongitudeDegrees>114.20822671098055</LongitudeDegrees>
            </Position>
            <AltitudeMeters>311.28</AltitudeMeters>
            <DistanceMeters>25.799999237060547</DistanceMeters>
            <Extensions>
              <ns3:TPX>
                <ns3:Speed>3.1630001068115234</ns3:Speed>
                <ns3:RunCadence>83</ns3:RunCadence>
              </ns3:TPX>
            </Extensions>
          </Trackpoint>
          <Trackpoint>
            <Time>2021-01-06T21:21:10.000Z</Time>
            <Position>
              <LatitudeDegrees>22.32850708822617</LatitudeDegrees>
              <LongitudeDegrees>114.20818048998314</LongitudeDegrees>
            </Position>
            <AltitudeMeters>311.75</AltitudeMeters>
            <DistanceMeters>47.349998474121094</DistanceMeters>
            <Extensions>
              <ns3:TPX>
                <ns3:Speed>2.9760000705718994</ns3:Speed>
                <ns3:RunCadence>84</ns3:RunCadence>
              </ns3:TPX>
            </Extensions>
          </Trackpoint>
          <Trackpoint>
            <Time>2021-01-06T21:21:17.000Z</Time>
            <Position>
              <LatitudeDegrees>22.32870619429305</LatitudeDegrees>
              <LongitudeDegrees>114.20811594075154</LongitudeDegrees>
            </Position>
            <AltitudeMeters>311.2</AltitudeMeters>
            <DistanceMeters>68.2300033569336</DistanceMeters>
            <Extensions>
              <ns3:TPX>
                <ns3:Speed>2.938999891281128</ns3:Speed>
                <ns3:RunCadence>84</ns3:RunCadence>
              </ns3:TPX>
            </Extensions>
          </Trackpoint>
          <Trackpoint>
            <Time>2021-01-06T21:21:24.000Z</Time>
            <Position>
              <LatitudeDegrees>22.328910613518563</LatitudeDegrees>
              <LongitudeDegrees>114.20809158534091</LongitudeDegrees>
            </Position>
            <AltitudeMeters>311.2</AltitudeMeters>
            <DistanceMeters>88.83000183105469</DistanceMeters>
            <Extensions>
              <ns3:TPX>
                <ns3:Speed>2.9760000705718994</ns3:Speed>
                <ns3:RunCadence>86</ns3:RunCadence>
              </ns3:TPX>
            </Extensions>
          </Trackpoint>
          <Trackpoint>
            <Time>2021-01-06T21:21:31.000Z</Time>
            <Position>
              <LatitudeDegrees>22.329122276760184</LatitudeDegrees>
              <LongitudeDegrees>114.20806636684614</LongitudeDegrees>
            </Position>
            <AltitudeMeters>311.2</AltitudeMeters>
            <DistanceMeters>110.16000366210938</DistanceMeters>
            <Extensions>
              <ns3:TPX>
                <ns3:Speed>3.0880000591278076</ns3:Speed>
                <ns3:RunCadence>87</ns3:RunCadence>
              </ns3:TPX>
            </Extensions>
          </Trackpoint>
          <Trackpoint>
            <Time>2021-01-06T21:21:38.000Z</Time>
            <Position>
              <LatitudeDegrees>22.32933903960567</LatitudeDegrees>
              <LongitudeDegrees>114.20806130233638</LongitudeDegrees>
            </Position>
            <AltitudeMeters>311.38</AltitudeMeters>
            <DistanceMeters>131.88999938964844</DistanceMeters>
            <Extensions>
              <ns3:TPX>
                <ns3:Speed>3.1070001125335693</ns3:Speed>
                <ns3:RunCadence>85</ns3:RunCadence>
              </ns3:TPX>
            </Extensions>
          </Trackpoint>
          <Trackpoint>
            <Time>2021-01-06T21:21:45.000Z</Time>
            <Position>
              <LatitudeDegrees>22.329553126066305</LatitudeDegrees>
              <LongitudeDegrees>114.2081037580019</LongitudeDegrees>
            </Position>
            <AltitudeMeters>311.2</AltitudeMeters>
            <DistanceMeters>153.74000549316406</DistanceMeters>
            <Extensions>
              <ns3:TPX>
                <ns3:Speed>3.1440000534057617</ns3:Speed>
                <ns3:RunCadence>85</ns3:RunCadence>
              </ns3:TPX>
            </Extensions>
          </Trackpoint>
          <Trackpoint>
            <Time>2021-01-06T21:21:52.000Z</Time>
            <Position>
              <LatitudeDegrees>22.32977416050527</LatitudeDegrees>
              <LongitudeDegrees>114.20811257265028</LongitudeDegrees>
            </Position>
            <AltitudeMeters>311.19</AltitudeMeters>
            <DistanceMeters>175.89999389648438</DistanceMeters>
            <Extensions>
              <ns3:TPX>
                <ns3:Speed>3.181999921798706</ns3:Speed>
                <ns3:RunCadence>85</ns3:RunCadence>
              </ns3:TPX>
            </Extensions>
          </Trackpoint>
          <Trackpoint>
            <Time>2021-01-06T21:21:59.000Z</Time>
            <Position>
              <LatitudeDegrees>22.329994806822537</LatitudeDegrees>
              <LongitudeDegrees>114.2080991517891</LongitudeDegrees>
            </Position>
            <AltitudeMeters>311.0</AltitudeMeters>
            <DistanceMeters>198.0500030517578</DistanceMeters>
            <Extensions>
              <ns3:TPX>
                <ns3:Speed>3.1440000534057617</ns3:Speed>
                <ns3:RunCadence>85</ns3:RunCadence>
              </ns3:TPX>
            </Extensions>
          </Trackpoint>
          <Trackpoint>
            <Time>2021-01-06T21:22:06.000Z</Time>
            <Position>
              <LatitudeDegrees>22.330209530075674</LatitudeDegrees>
              <LongitudeDegrees>114.20806191537498</LongitudeDegrees>
            </Position>
            <AltitudeMeters>310.95</AltitudeMeters>
            <DistanceMeters>219.85000610351562</DistanceMeters>
            <Extensions>
              <ns3:TPX>
                <ns3:Speed>3.0980000495910645</ns3:Speed>
                <ns3:RunCadence>85</ns3:RunCadence>
              </ns3:TPX>
            </Extensions>
          </Trackpoint>
          <Trackpoint>
            <Time>2021-01-06T21:22:13.000Z</Time>
            <Position>
              <LatitudeDegrees>22.330401667305583</LatitudeDegrees>
              <LongitudeDegrees>114.2079848861235</LongitudeDegrees>
            </Position>
            <AltitudeMeters>310.99</AltitudeMeters>
            <DistanceMeters>241.38999938964844</DistanceMeters>
            <Extensions>
              <ns3:TPX>
                <ns3:Speed>3.059999942779541</ns3:Speed>
                <ns3:RunCadence>84</ns3:RunCadence>
              </ns3:TPX>
            </Extensions>
          </Trackpoint>
          <Trackpoint>
            <Time>2021-01-06T21:22:20.000Z</Time>
            <Position>
              <LatitudeDegrees>22.330520577777346</LatitudeDegrees>
              <LongitudeDegrees>114.20780223369187</LongitudeDegrees>
            </Position>
            <AltitudeMeters>311.07</AltitudeMeters>
            <DistanceMeters>262.760009765625</DistanceMeters>
            <Extensions>
              <ns3:TPX>
                <ns3:Speed>3.0510001182556152</ns3:Speed>
                <ns3:RunCadence>86</ns3:RunCadence>
              </ns3:TPX>
            </Extensions>
          </Trackpoint>
          <Trackpoint>
            <Time>2021-01-06T21:22:27.000Z</Time>
            <Position>
              <LatitudeDegrees>22.330647161402467</LatitudeDegrees>
              <LongitudeDegrees>114.20762496072348</LongitudeDegrees>
            </Position>
            <AltitudeMeters>311.2</AltitudeMeters>
            <DistanceMeters>284.04998779296875</DistanceMeters>
            <Extensions>
              <ns3:TPX>
                <ns3:Speed>3.0420000553131104</ns3:Speed>
                <ns3:RunCadence>86</ns3:RunCadence>
              </ns3:TPX>
            </Extensions>
          </Trackpoint>
          <Trackpoint>
            <Time>2021-01-06T21:22:30.000Z</Time>
            <Position>
              <LatitudeDegrees>22.330660642612713</LatitudeDegrees>
              <LongitudeDegrees>114.20753614464272</LongitudeDegrees>
            </Position>
            <AltitudeMeters>311.2</AltitudeMeters>
            <DistanceMeters>293.1499938964844</DistanceMeters>
            <Extensions>
              <ns3:TPX>
                <ns3:Speed>3.0320000648498535</ns3:Speed>
                <ns3:RunCadence>85</ns3:RunCadence>
              </ns3:TPX>
            </Extensions>
          </Trackpoint>
          <Trackpoint>
            <Time>2021-01-06T21:22:37.000Z</Time>
            <Position>
              <LatitudeDegrees>22.33071466513977</LatitudeDegrees>
              <LongitudeDegrees>114.20733931747624</LongitudeDegrees>
            </Position>
            <AltitudeMeters>311.36</AltitudeMeters>
            <DistanceMeters>314.3500061035156</DistanceMeters>
            <Extensions>
              <ns3:TPX>
                <ns3:Speed>3.0230000019073486</ns3:Speed>
                <ns3:RunCadence>85</ns3:RunCadence>
              </ns3:TPX>
            </Extensions>
          </Trackpoint>
          <Trackpoint>
            <Time>2021-01-06T21:22:44.000Z</Time>
            <Position>
              <LatitudeDegrees>22.330834553603342</LatitudeDegrees>
              <LongitudeDegrees>114.20715755830237</LongitudeDegrees>
            </Position>
            <AltitudeMeters>311.02</AltitudeMeters>
            <DistanceMeters>335.4700012207031</DistanceMeters>
            <Extensions>
              <ns3:TPX>
                <ns3:Speed>3.0139999389648438</ns3:Speed>
                <ns3:RunCadence>85</ns3:RunCadence>
              </ns3:TPX>
            </Extensions>
          </Trackpoint>
          <Trackpoint>
            <Time>2021-01-06T21:22:51.000Z</Time>
            <Position>
              <LatitudeDegrees>22.33097389888051</LatitudeDegrees>
              <LongitudeDegrees>114.206987262002</LongitudeDegrees>
            </Position>
            <AltitudeMeters>311.2</AltitudeMeters>
            <DistanceMeters>356.5400085449219</DistanceMeters>
            <Extensions>
              <ns3:TPX>
                <ns3:Speed>3.003999948501587</ns3:Speed>
                <ns3:RunCadence>84</ns3:RunCadence>
              </ns3:TPX>
            </Extensions>
          </Trackpoint>
          <Trackpoint>
            <Time>2021-01-06T21:22:58.000Z</Time>
            <Position>
              <LatitudeDegrees>22.33114939892038</LatitudeDegrees>
              <LongitudeDegrees>114.20686729974061</LongitudeDegrees>
            </Position>
            <AltitudeMeters>311.35</AltitudeMeters>
            <DistanceMeters>377.5199890136719</DistanceMeters>
            <Extensions>
              <ns3:TPX>
                <ns3:Speed>2.994999885559082</ns3:Speed>
                <ns3:RunCadence>84</ns3:RunCadence>
              </ns3:TPX>
            </Extensions>
          </Trackpoint>
          <Trackpoint>
            <Time>2021-01-06T21:23:05.000Z</Time>
            <Position>
              <LatitudeDegrees>22.331293455062845</LatitudeDegrees>
              <LongitudeDegrees>114.20670810996808</LongitudeDegrees>
            </Position>
            <AltitudeMeters>311.58</AltitudeMeters>
            <DistanceMeters>398.45001220703125</DistanceMeters>
            <Extensions>
              <ns3:TPX>
                <ns3:Speed>2.994999885559082</ns3:Speed>
                <ns3:RunCadence>85</ns3:RunCadence>
              </ns3:TPX>
            </Extensions>
          </Trackpoint>
          <Trackpoint>
            <Time>2021-01-06T21:23:12.000Z</Time>
            <Position>
              <LatitudeDegrees>22.331381981406288</LatitudeDegrees>
              <LongitudeDegrees>114.20650398429746</LongitudeDegrees>
            </Position>
            <AltitudeMeters>311.99</AltitudeMeters>
            <DistanceMeters>419.4100036621094</DistanceMeters>
            <Extensions>
              <ns3:TPX>
                <ns3:Speed>2.994999885559082</ns3:Speed>
                <ns3:RunCadence>86</ns3:RunCadence>
              </ns3:TPX>
            </Extensions>
          </Trackpoint>
          <Trackpoint>
            <Time>2021-01-06T21:23:19.000Z</Time>
            <Position>
              <LatitudeDegrees>22.33134395075842</LatitudeDegrees>
              <LongitudeDegrees>114.20634901964375</LongitudeDegrees>
            </Position>
            <AltitudeMeters>312.77</AltitudeMeters>
            <DistanceMeters>440.32000732421875</DistanceMeters>
            <Extensions>
              <ns3:TPX>
                <ns3:Speed>2.9860000610351562</ns3:Speed>
                <ns3:RunCadence>85</ns3:RunCadence>
              </ns3:TPX>
            </Extensions>
          </Trackpoint>
          <Trackpoint>
            <Time>2021-01-06T21:23:26.000Z</Time>
            <Position>
              <LatitudeDegrees>22.33127851312517</LatitudeDegrees>
              <LongitudeDegrees>114.20617688603002</LongitudeDegrees>
            </Position>
            <AltitudeMeters>312.6</AltitudeMeters>
            <DistanceMeters>461.2300109863281</DistanceMeters>
            <Extensions>
              <ns3:TPX>
                <ns3:Speed>2.9860000610351562</ns3:Speed>
                <ns3:RunCadence>85</ns3:RunCadence>
              </ns3:TPX>
            </Extensions>
          </Trackpoint>
          <Trackpoint>
            <Time>2021-01-06T21:23:33.000Z</Time>
            <Position>
              <LatitudeDegrees>22.331370599013535</LatitudeDegrees>
              <LongitudeDegrees>114.20597889703434</LongitudeDegrees>
            </Position>
            <AltitudeMeters>312.94</AltitudeMeters>
            <DistanceMeters>482.1300048828125</DistanceMeters>
            <Extensions>
              <ns3:TPX>
                <ns3:Speed>2.9860000610351562</ns3:Speed>
                <ns3:RunCadence>84</ns3:RunCadence>
              </ns3:TPX>
            </Extensions>
          </Trackpoint>
          <Trackpoint>
            <Time>2021-01-06T21:23:40.000Z</Time>
            <Position>
              <LatitudeDegrees>22.33144895555141</LatitudeDegrees>
              <LongitudeDegrees>114.20577354740473</LongitudeDegrees>
            </Position>
            <AltitudeMeters>312.58</AltitudeMeters>
            <DistanceMeters>503.0299987792969</DistanceMeters>
            <Extensions>
              <ns3:TPX>
                <ns3:Speed>2.9860000610351562</ns3:Speed>
                <ns3:RunCadence>84</ns3:RunCadence>
              </ns3:TPX>
            </Extensions>
          </Trackpoint>
          <Trackpoint>
            <Time>2021-01-06T21:23:47.000Z</Time>
            <Position>
              <LatitudeDegrees>22.33134796257574</LatitudeDegrees>
              <LongitudeDegrees>114.20560249477828</LongitudeDegrees>
            </Position>
            <AltitudeMeters>312.0</AltitudeMeters>
            <DistanceMeters>523.9099731445312</DistanceMeters>
            <Extensions>
              <ns3:TPX>
                <ns3:Speed>2.9760000705718994</ns3:Speed>
                <ns3:RunCadence>85</ns3:RunCadence>
              </ns3:TPX>
            </Extensions>
          </Trackpoint>
          <Trackpoint>
            <Time>2021-01-06T21:23:54.000Z</Time>
            <Position>
              <LatitudeDegrees>22.331188812609287</LatitudeDegrees>
              <LongitudeDegrees>114.20545798087323</LongitudeDegrees>
            </Position>
            <AltitudeMeters>312.46</AltitudeMeters>
            <DistanceMeters>544.72998046875</DistanceMeters>
            <Extensions>
              <ns3:TPX>
                <ns3:Speed>2.9670000076293945</ns3:Speed>
                <ns3:RunCadence>85</ns3:RunCadence>
              </ns3:TPX>
            </Extensions>
          </Trackpoint>
          <Trackpoint>
            <Time>2021-01-06T21:24:01.000Z</Time>
            <Position>
              <LatitudeDegrees>22.33110707753023</LatitudeDegrees>
              <LongitudeDegrees>114.20528594811594</LongitudeDegrees>
            </Position>
            <AltitudeMeters>312.8</AltitudeMeters>
            <DistanceMeters>565.5</DistanceMeters>
            <Extensions>
              <ns3:TPX>
                <ns3:Speed>2.9670000076293945</ns3:Speed>
                <ns3:RunCadence>85</ns3:RunCadence>
              </ns3:TPX>
            </Extensions>
          </Trackpoint>
          <Trackpoint>
            <Time>2021-01-06T21:24:08.000Z</Time>
            <Position>
              <LatitudeDegrees>22.33122200611897</LatitudeDegrees>
              <LongitudeDegrees>114.20510672414636</LongitudeDegrees>
            </Position>
            <AltitudeMeters>312.47</AltitudeMeters>
            <DistanceMeters>586.22998046875</DistanceMeters>
            <Extensions>
              <ns3:TPX>
                <ns3:Speed>2.9579999446868896</ns3:Speed>
                <ns3:RunCadence>85</ns3:RunCadence>
              </ns3:TPX>
            </Extensions>
          </Trackpoint>
          <Trackpoint>
            <Time>2021-01-06T21:24:15.000Z</Time>
            <Position>
              <LatitudeDegrees>22.33130583528649</LatitudeDegrees>
              <LongitudeDegrees>114.20491778225583</LongitudeDegrees>
            </Position>
            <AltitudeMeters>312.2</AltitudeMeters>
            <DistanceMeters>606.9299926757812</DistanceMeters>
            <Extensions>
              <ns3:TPX>
                <ns3:Speed>2.9579999446868896</ns3:Speed>
                <ns3:RunCadence>86</ns3:RunCadence>
              </ns3:TPX>
            </Extensions>
          </Trackpoint>
          <Trackpoint>
            <Time>2021-01-06T21:24:22.000Z</Time>
            <Position>
              <LatitudeDegrees>22.331249574939175</LatitudeDegrees>
              <LongitudeDegrees>114.20471670727825</LongitudeDegrees>
            </Position>
            <AltitudeMeters>312.14</AltitudeMeters>
            <DistanceMeters>627.6500244140625</DistanceMeters>
            <Extensions>
              <ns3:TPX>
                <ns3:Speed>2.9670000076293945</ns3:Speed>
                <ns3:RunCadence>87</ns3:RunCadence>
              </ns3:TPX>
            </Extensions>
          </Trackpoint>
          <Trackpoint>
            <Time>2021-01-06T21:24:29.000Z</Time>
            <Position>
              <LatitudeDegrees>22.331126125263843</LatitudeDegrees>
              <LongitudeDegrees>114.20454057000723</LongitudeDegrees>
            </Position>
            <AltitudeMeters>312.0</AltitudeMeters>
            <DistanceMeters>648.4199829101562</DistanceMeters>
            <Extensions>
              <ns3:TPX>
                <ns3:Speed>2.9670000076293945</ns3:Speed>
                <ns3:RunCadence>86</ns3:RunCadence>
              </ns3:TPX>
            </Extensions>
          </Trackpoint>
          <Trackpoint>
            <Time>2021-01-06T21:24:36.000Z</Time>
            <Position>
              <LatitudeDegrees>22.331238177485307</LatitudeDegrees>
              <LongitudeDegrees>114.20446850922578</LongitudeDegrees>
            </Position>
            <AltitudeMeters>312.1</AltitudeMeters>
            <DistanceMeters>669.1699829101562</DistanceMeters>
            <Extensions>
              <ns3:TPX>
                <ns3:Speed>2.9579999446868896</ns3:Speed>
                <ns3:RunCadence>85</ns3:RunCadence>
              </ns3:TPX>
            </Extensions>
          </Trackpoint>
          <Trackpoint>
            <Time>2021-01-06T21:24:40.000Z</Time>
            <Position>
              <LatitudeDegrees>22.331348142097404</LatitudeDegrees>
              <LongitudeDegrees>114.2045132857003</LongitudeDegrees>
            </Position>
            <AltitudeMeters>312.21</AltitudeMeters>
            <DistanceMeters>681.0</DistanceMeters>
            <Extensions>
              <ns3:TPX>
                <ns3:Speed>2.9579999446868896</ns3:Speed>
                <ns3:RunCadence>86</ns3:RunCadence>
              </ns3:TPX>
            </Extensions>
          </Trackpoint>
          <Trackpoint>
            <Time>2021-01-06T21:24:47.000Z</Time>
            <Position>
              <LatitudeDegrees>22.33155385894301</LatitudeDegrees>
              <LongitudeDegrees>114.20453555039687</LongitudeDegrees>
            </Position>
            <AltitudeMeters>312.39</AltitudeMeters>
            <DistanceMeters>701.7100219726562</DistanceMeters>
            <Extensions>
              <ns3:TPX>
                <ns3:Speed>2.9579999446868896</ns3:Speed>
                <ns3:RunCadence>86</ns3:RunCadence>
              </ns3:TPX>
            </Extensions>
          </Trackpoint>
          <Trackpoint>
            <Time>2021-01-06T21:24:54.000Z</Time>
            <Position>
              <LatitudeDegrees>22.33176005204682</LatitudeDegrees>
              <LongitudeDegrees>114.20454335968701</LongitudeDegrees>
            </Position>
            <AltitudeMeters>312.26</AltitudeMeters>
            <DistanceMeters>722.4099731445312</DistanceMeters>
            <Extensions>
              <ns3:TPX>
                <ns3:Speed>2.9579999446868896</ns3:Speed>
                <ns3:RunCadence>85</ns3:RunCadence>
              </ns3:TPX>
            </Extensions>
          </Trackpoint>
          <Trackpoint>
            <Time>2021-01-06T21:25:01.000Z</Time>
            <Position>
              <LatitudeDegrees>22.33196518813755</LatitudeDegrees>
              <LongitudeDegrees>114.20451916014929</LongitudeDegrees>
            </Position>
            <AltitudeMeters>312.57</AltitudeMeters>
            <DistanceMeters>743.0800170898438</DistanceMeters>
            <Extensions>
              <ns3:TPX>
                <ns3:Speed>2.947999954223633</ns3:Speed>
                <ns3:RunCadence>86</ns3:RunCadence>
              </ns3:TPX>
            </Extensions>
          </Trackpoint>
          <Trackpoint>
            <Time>2021-01-06T21:25:08.000Z</Time>
            <Position>
              <LatitudeDegrees>22.33216979303379</LatitudeDegrees>
              <LongitudeDegrees>114.20449277086776</LongitudeDegrees>
            </Position>
            <AltitudeMeters>312.43</AltitudeMeters>
            <DistanceMeters>763.719970703125</DistanceMeters>
            <Extensions>
              <ns3:TPX>
                <ns3:Speed>2.947999954223633</ns3:Speed>
                <ns3:RunCadence>86</ns3:RunCadence>
              </ns3:TPX>
            </Extensions>
          </Trackpoint>
          <Trackpoint>
            <Time>2021-01-06T21:25:09.000Z</Time>
            <Position>
              <LatitudeDegrees>22.332199036652877</LatitudeDegrees>
              <LongitudeDegrees>114.2044889991198</LongitudeDegrees>
            </Position>
            <AltitudeMeters>312.41</AltitudeMeters>
            <DistanceMeters>766.6699829101562</DistanceMeters>
            <Extensions>
              <ns3:TPX>
                <ns3:Speed>2.947999954223633</ns3:Speed>
                <ns3:RunCadence>86</ns3:RunCadence>
              </ns3:TPX>
            </Extensions>
          </Trackpoint>
          <Trackpoint>
            <Time>2021-01-06T21:25:16.000Z</Time>
            <Position>
              <LatitudeDegrees>22.332403939836087</LatitudeDegrees>
              <LongitudeDegrees>114.20446257136616</LongitudeDegrees>
            </Position>
            <AltitudeMeters>312.27</AltitudeMeters>
            <DistanceMeters>787.3400268554688</DistanceMeters>
            <Extensions>
              <ns3:TPX>
                <ns3:Speed>2.9579999446868896</ns3:Speed>
                <ns3:RunCadence>86</ns3:RunCadence>
              </ns3:TPX>
            </Extensions>
          </Trackpoint>
          <Trackpoint>
            <Time>2021-01-06T21:25:23.000Z</Time>
            <Position>
              <LatitudeDegrees>22.332607973853992</LatitudeDegrees>
              <LongitudeDegrees>114.20442756834188</LongitudeDegrees>
            </Position>
            <AltitudeMeters>312.31</AltitudeMeters>
            <DistanceMeters>808.0499877929688</DistanceMeters>
            <Extensions>
              <ns3:TPX>
                <ns3:Speed>2.9579999446868896</ns3:Speed>
                <ns3:RunCadence>88</ns3:RunCadence>
              </ns3:TPX>
            </Extensions>
          </Trackpoint>
          <Trackpoint>
            <Time>2021-01-06T21:25:30.000Z</Time>
            <Position>
              <LatitudeDegrees>22.332810535218368</LatitudeDegrees>
              <LongitudeDegrees>114.20438331810075</LongitudeDegrees>
            </Position>
            <AltitudeMeters>312.54</AltitudeMeters>
            <DistanceMeters>828.75</DistanceMeters>
            <Extensions>
              <ns3:TPX>
                <ns3:Speed>2.9579999446868896</ns3:Speed>
                <ns3:RunCadence>87</ns3:RunCadence>
              </ns3:TPX>
            </Extensions>
          </Trackpoint>
          <Trackpoint>
            <Time>2021-01-06T21:25:37.000Z</Time>
            <Position>
              <LatitudeDegrees>22.332980155371928</LatitudeDegrees>
              <LongitudeDegrees>114.20447780952327</LongitudeDegrees>
            </Position>
            <AltitudeMeters>312.16</AltitudeMeters>
            <DistanceMeters>849.4600219726562</DistanceMeters>
            <Extensions>
              <ns3:TPX>
                <ns3:Speed>2.9579999446868896</ns3:Speed>
                <ns3:RunCadence>87</ns3:RunCadence>
              </ns3:TPX>
            </Extensions>
          </Trackpoint>
          <Trackpoint>
            <Time>2021-01-06T21:25:44.000Z</Time>
            <Position>
              <LatitudeDegrees>22.33317042445327</LatitudeDegrees>
              <LongitudeDegrees>114.20454755041457</LongitudeDegrees>
            </Position>
            <AltitudeMeters>312.13</AltitudeMeters>
            <DistanceMeters>870.1400146484375</DistanceMeters>
            <Extensions>
              <ns3:TPX>
                <ns3:Speed>2.947999954223633</ns3:Speed>
                <ns3:RunCadence>85</ns3:RunCadence>
              </ns3:TPX>
            </Extensions>
          </Trackpoint>
          <Trackpoint>
            <Time>2021-01-06T21:25:51.000Z</Time>
            <Position>
              <LatitudeDegrees>22.333373459392075</LatitudeDegrees>
              <LongitudeDegrees>114.20458268546568</LongitudeDegrees>
            </Position>
            <AltitudeMeters>312.2</AltitudeMeters>
            <DistanceMeters>890.739990234375</DistanceMeters>
            <Extensions>
              <ns3:TPX>
                <ns3:Speed>2.938999891281128</ns3:Speed>
                <ns3:RunCadence>85</ns3:RunCadence>
              </ns3:TPX>
            </Extensions>
          </Trackpoint>
          <Trackpoint>
            <Time>2021-01-06T21:25:58.000Z</Time>
            <Position>
              <LatitudeDegrees>22.33357791790671</LatitudeDegrees>
              <LongitudeDegrees>114.20459901578668</LongitudeDegrees>
            </Position>
            <AltitudeMeters>311.84</AltitudeMeters>
            <DistanceMeters>911.3099975585938</DistanceMeters>
            <Extensions>
              <ns3:TPX>
                <ns3:Speed>2.938999891281128</ns3:Speed>
                <ns3:RunCadence>86</ns3:RunCadence>
              </ns3:TPX>
            </Extensions>
          </Trackpoint>
          <Trackpoint>
            <Time>2021-01-06T21:26:05.000Z</Time>
            <Position>
              <LatitudeDegrees>22.333781461378063</LatitudeDegrees>
              <LongitudeDegrees>114.20458278786634</LongitudeDegrees>
            </Position>
            <AltitudeMeters>312.0</AltitudeMeters>
            <DistanceMeters>931.8200073242188</DistanceMeters>
            <Extensions>
              <ns3:TPX>
                <ns3:Speed>2.930000066757202</ns3:Speed>
                <ns3:RunCadence>86</ns3:RunCadence>
              </ns3:TPX>
            </Extensions>
          </Trackpoint>
          <Trackpoint>
            <Time>2021-01-06T21:26:12.000Z</Time>
            <Position>
              <LatitudeDegrees>22.33398505847362</LatitudeDegrees>
              <LongitudeDegrees>114.20458252430697</LongitudeDegrees>
            </Position>
            <AltitudeMeters>311.9</AltitudeMeters>
            <DistanceMeters>952.2999877929688</DistanceMeters>
            <Extensions>
              <ns3:TPX>
                <ns3:Speed>2.9210000038146973</ns3:Speed>
                <ns3:RunCadence>86</ns3:RunCadence>
              </ns3:TPX>
            </Extensions>
          </Trackpoint>
          <Trackpoint>
            <Time>2021-01-06T21:26:19.000Z</Time>
            <Position>
              <LatitudeDegrees>22.33418885068857</LatitudeDegrees>
              <LongitudeDegrees>114.20459107529373</LongitudeDegrees>
            </Position>
            <AltitudeMeters>311.8</AltitudeMeters>
            <DistanceMeters>972.72998046875</DistanceMeters>
            <Extensions>
              <ns3:TPX>
                <ns3:Speed>2.9110000133514404</ns3:Speed>
                <ns3:RunCadence>86</ns3:RunCadence>
              </ns3:TPX>
            </Extensions>
          </Trackpoint>
          <Trackpoint>
            <Time>2021-01-06T21:26:26.000Z</Time>
            <Position>
              <LatitudeDegrees>22.334391981951452</LatitudeDegrees>
              <LongitudeDegrees>114.20459245979673</LongitudeDegrees>
            </Position>
            <AltitudeMeters>312.25</AltitudeMeters>
            <DistanceMeters>993.0800170898438</DistanceMeters>
            <Extensions>
              <ns3:TPX>
                <ns3:Speed>2.9019999504089355</ns3:Speed>
                <ns3:RunCadence>85</ns3:RunCadence>
              </ns3:TPX>
            </Extensions>
          </Trackpoint>
          <Trackpoint>
            <Time>2021-01-06T21:26:29.000Z</Time>
            <Position>
              <LatitudeDegrees>22.334478818569355</LatitudeDegrees>
              <LongitudeDegrees>114.20459357762893</LongitudeDegrees>
            </Position>
            <AltitudeMeters>312.54</AltitudeMeters>
            <DistanceMeters>1001.780029296875</DistanceMeters>
            <Extensions>
              <ns3:TPX>
                <ns3:Speed>2.8929998874664307</ns3:Speed>
                <ns3:RunCadence>86</ns3:RunCadence>
              </ns3:TPX>
            </Extensions>
          </Trackpoint>
        </Track>
        <Extensions>
          <ns3:LX>
            <ns3:AvgSpeed>2.9739999771118164</ns3:AvgSpeed>
            <ns3:AvgRunCadence>85</ns3:AvgRunCadence>
            <ns3:MaxRunCadence>88</ns3:MaxRunCadence>
          </ns3:LX>
        </Extensions>
      </Lap>
      <Lap StartTime="2021-01-06T21:26:30.000Z">
        <TotalTimeSeconds>347.265</TotalTimeSeconds>
        <DistanceMeters>1000.0</DistanceMeters>
        <MaximumSpeed>2.9579999446868896</MaximumSpeed>
        <Calories>69</Calories>
        <Intensity>Active</Intensity>
        <TriggerMethod>Manual</TriggerMethod>
        <Track>
          <Trackpoint>
            <Time>2021-01-06T21:26:36.000Z</Time>
            <Position>
              <LatitudeDegrees>22.33468103336263</LatitudeDegrees>
              <LongitudeDegrees>114.20460190752092</LongitudeDegrees>
            </Position>
            <AltitudeMeters>312.23</AltitudeMeters>
            <DistanceMeters>1022.0499877929688</DistanceMeters>
            <Extensions>
              <ns3:TPX>
                <ns3:Speed>2.8929998874664307</ns3:Speed>
                <ns3:RunCadence>86</ns3:RunCadence>
              </ns3:TPX>
            </Extensions>
          </Trackpoint>
          <Trackpoint>
            <Time>2021-01-06T21:26:43.000Z</Time>
            <Position>
              <LatitudeDegrees>22.334876080395336</LatitudeDegrees>
              <LongitudeDegrees>114.2045475309011</LongitudeDegrees>
            </Position>
            <AltitudeMeters>312.2</AltitudeMeters>
            <DistanceMeters>1042.3499755859375</DistanceMeters>
            <Extensions>
              <ns3:TPX>
                <ns3:Speed>2.9019999504089355</ns3:Speed>
                <ns3:RunCadence>86</ns3:RunCadence>
              </ns3:TPX>
            </Extensions>
          </Trackpoint>
          <Trackpoint>
            <Time>2021-01-06T21:26:46.000Z</Time>
            <Position>
              <LatitudeDegrees>22.334911712198736</LatitudeDegrees>
              <LongitudeDegrees>114.20451677575701</LongitudeDegrees>
            </Position>
            <AltitudeMeters>312.2</AltitudeMeters>
            <DistanceMeters>1051.06005859375</DistanceMeters>
            <Extensions>
              <ns3:TPX>
                <ns3:Speed>2.9019999504089355</ns3:Speed>
                <ns3:RunCadence>85</ns3:RunCadence>
              </ns3:TPX>
            </Extensions>
          </Trackpoint>
          <Trackpoint>
            <Time>2021-01-06T21:26:53.000Z</Time>
            <Position>
              <LatitudeDegrees>22.334826980270556</LatitudeDegrees>
              <LongitudeDegrees>114.20435229576717</LongitudeDegrees>
            </Position>
            <AltitudeMeters>312.62</AltitudeMeters>
            <DistanceMeters>1071.4100341796875</DistanceMeters>
            <Extensions>
              <ns3:TPX>
                <ns3:Speed>2.9110000133514404</ns3:Speed>
                <ns3:RunCadence>86</ns3:RunCadence>
              </ns3:TPX>
            </Extensions>
          </Trackpoint>
          <Trackpoint>
            <Time>2021-01-06T21:27:00.000Z</Time>
            <Position>
              <LatitudeDegrees>22.334684274129867</LatitudeDegrees>
              <LongitudeDegrees>114.20421997652448</LongitudeDegrees>
            </Position>
            <AltitudeMeters>312.57</AltitudeMeters>
            <DistanceMeters>1091.8699951171875</DistanceMeters>
            <Extensions>
              <ns3:TPX>
                <ns3:Speed>2.930000066757202</ns3:Speed>
                <ns3:RunCadence>86</ns3:RunCadence>
              </ns3:TPX>
            </Extensions>
          </Trackpoint>
          <Trackpoint>
            <Time>2021-01-06T21:27:07.000Z</Time>
            <Position>
              <LatitudeDegrees>22.334526763204728</LatitudeDegrees>
              <LongitudeDegrees>114.20408326244805</LongitudeDegrees>
            </Position>
            <AltitudeMeters>312.93</AltitudeMeters>
            <DistanceMeters>1112.3299560546875</DistanceMeters>
            <Extensions>
              <ns3:TPX>
                <ns3:Speed>2.9210000038146973</ns3:Speed>
                <ns3:RunCadence>86</ns3:RunCadence>
              </ns3:TPX>
            </Extensions>
          </Trackpoint>
          <Trackpoint>
            <Time>2021-01-06T21:27:14.000Z</Time>
            <Position>
              <LatitudeDegrees>22.33462376049869</LatitudeDegrees>
              <LongitudeDegrees>114.20390954080223</LongitudeDegrees>
            </Position>
            <AltitudeMeters>313.24</AltitudeMeters>
            <DistanceMeters>1132.77001953125</DistanceMeters>
            <Extensions>
              <ns3:TPX>
                <ns3:Speed>2.9210000038146973</ns3:Speed>
                <ns3:RunCadence>85</ns3:RunCadence>
              </ns3:TPX>
            </Extensions>
          </Trackpoint>
          <Trackpoint>
            <Time>2021-01-06T21:27:21.000Z</Time>
            <Position>
              <LatitudeDegrees>22.334758698066345</LatitudeDegrees>
              <LongitudeDegrees>114.20374511489564</LongitudeDegrees>
            </Position>
            <AltitudeMeters>313.58</AltitudeMeters>
            <DistanceMeters>1153.27001953125</DistanceMeters>
            <Extensions>
              <ns3:TPX>
                <ns3:Speed>2.930000066757202</ns3:Speed>
                <ns3:RunCadence>85</ns3:RunCadence>
              </ns3:TPX>
            </Extensions>
          </Trackpoint>
          <Trackpoint>
            <Time>2021-01-06T21:27:28.000Z</Time>
            <Position>
              <LatitudeDegrees>22.33488288113025</LatitudeDegrees>
              <LongitudeDegrees>114.2035693038801</LongitudeDegrees>
            </Position>
            <AltitudeMeters>313.4</AltitudeMeters>
            <DistanceMeters>1173.8399658203125</DistanceMeters>
            <Extensions>
              <ns3:TPX>
                <ns3:Speed>2.938999891281128</ns3:Speed>
                <ns3:RunCadence>85</ns3:RunCadence>
              </ns3:TPX>
            </Extensions>
          </Trackpoint>
          <Trackpoint>
            <Time>2021-01-06T21:27:35.000Z</Time>
            <Position>
              <LatitudeDegrees>22.335038706251446</LatitudeDegrees>
              <LongitudeDegrees>114.20342716422343</LongitudeDegrees>
            </Position>
            <AltitudeMeters>313.32</AltitudeMeters>
            <DistanceMeters>1194.3699951171875</DistanceMeters>
            <Extensions>
              <ns3:TPX>
                <ns3:Speed>2.930000066757202</ns3:Speed>
                <ns3:RunCadence>87</ns3:RunCadence>
              </ns3:TPX>
            </Extensions>
          </Trackpoint>
          <Trackpoint>
            <Time>2021-01-06T21:27:42.000Z</Time>
            <Position>
              <LatitudeDegrees>22.33516152299936</LatitudeDegrees>
              <LongitudeDegrees>114.20325866208567</LongitudeDegrees>
            </Position>
            <AltitudeMeters>312.6</AltitudeMeters>
            <DistanceMeters>1214.9200439453125</DistanceMeters>
            <Extensions>
              <ns3:TPX>
                <ns3:Speed>2.9579999446868896</ns3:Speed>
                <ns3:RunCadence>85</ns3:RunCadence>
              </ns3:TPX>
            </Extensions>
          </Trackpoint>
          <Trackpoint>
            <Time>2021-01-06T21:27:49.000Z</Time>
            <Position>
              <LatitudeDegrees>22.335100725561787</LatitudeDegrees>
              <LongitudeDegrees>114.20309006623984</LongitudeDegrees>
            </Position>
            <AltitudeMeters>312.6</AltitudeMeters>
            <DistanceMeters>1235.5</DistanceMeters>
            <Extensions>
              <ns3:TPX>
                <ns3:Speed>2.930000066757202</ns3:Speed>
                <ns3:RunCadence>85</ns3:RunCadence>
              </ns3:TPX>
            </Extensions>
          </Trackpoint>
          <Trackpoint>
            <Time>2021-01-06T21:27:56.000Z</Time>
            <Position>
              <LatitudeDegrees>22.33492751402929</LatitudeDegrees>
              <LongitudeDegrees>114.20299532915664</LongitudeDegrees>
            </Position>
            <AltitudeMeters>312.68</AltitudeMeters>
            <DistanceMeters>1255.949951171875</DistanceMeters>
            <Extensions>
              <ns3:TPX>
                <ns3:Speed>2.9210000038146973</ns3:Speed>
                <ns3:RunCadence>86</ns3:RunCadence>
              </ns3:TPX>
            </Extensions>
          </Trackpoint>
          <Trackpoint>
            <Time>2021-01-06T21:28:03.000Z</Time>
            <Position>
              <LatitudeDegrees>22.334837974366575</LatitudeDegrees>
              <LongitudeDegrees>114.20283229474265</LongitudeDegrees>
            </Position>
            <AltitudeMeters>313.2</AltitudeMeters>
            <DistanceMeters>1276.530029296875</DistanceMeters>
            <Extensions>
              <ns3:TPX>
                <ns3:Speed>2.947999954223633</ns3:Speed>
                <ns3:RunCadence>86</ns3:RunCadence>
              </ns3:TPX>
            </Extensions>
          </Trackpoint>
          <Trackpoint>
            <Time>2021-01-06T21:28:10.000Z</Time>
            <Position>
              <LatitudeDegrees>22.334725234226024</LatitudeDegrees>
              <LongitudeDegrees>114.20273202598082</LongitudeDegrees>
            </Position>
            <AltitudeMeters>313.2</AltitudeMeters>
            <DistanceMeters>1297.1199951171875</DistanceMeters>
            <Extensions>
              <ns3:TPX>
                <ns3:Speed>2.938999891281128</ns3:Speed>
                <ns3:RunCadence>85</ns3:RunCadence>
              </ns3:TPX>
            </Extensions>
          </Trackpoint>
          <Trackpoint>
            <Time>2021-01-06T21:28:17.000Z</Time>
            <Position>
              <LatitudeDegrees>22.334723310472743</LatitudeDegrees>
              <LongitudeDegrees>114.20255655506652</LongitudeDegrees>
            </Position>
            <AltitudeMeters>312.79</AltitudeMeters>
            <DistanceMeters>1317.4599609375</DistanceMeters>
            <Extensions>
              <ns3:TPX>
                <ns3:Speed>2.8929998874664307</ns3:Speed>
                <ns3:RunCadence>85</ns3:RunCadence>
              </ns3:TPX>
            </Extensions>
          </Trackpoint>
          <Trackpoint>
            <Time>2021-01-06T21:28:24.000Z</Time>
            <Position>
              <LatitudeDegrees>22.3347771348467</LatitudeDegrees>
              <LongitudeDegrees>114.20234686526999</LongitudeDegrees>
            </Position>
            <AltitudeMeters>312.6</AltitudeMeters>
            <DistanceMeters>1337.6500244140625</DistanceMeters>
            <Extensions>
              <ns3:TPX>
                <ns3:Speed>2.874000072479248</ns3:Speed>
                <ns3:RunCadence>86</ns3:RunCadence>
              </ns3:TPX>
            </Extensions>
          </Trackpoint>
          <Trackpoint>
            <Time>2021-01-06T21:28:31.000Z</Time>
            <Position>
              <LatitudeDegrees>22.334812107493093</LatitudeDegrees>
              <LongitudeDegrees>114.20213338144423</LongitudeDegrees>
            </Position>
            <AltitudeMeters>312.73</AltitudeMeters>
            <DistanceMeters>1357.760009765625</DistanceMeters>
            <Extensions>
              <ns3:TPX>
                <ns3:Speed>2.874000072479248</ns3:Speed>
                <ns3:RunCadence>85</ns3:RunCadence>
              </ns3:TPX>
            </Extensions>
          </Trackpoint>
          <Trackpoint>
            <Time>2021-01-06T21:28:38.000Z</Time>
            <Position>
              <LatitudeDegrees>22.334766792542695</LatitudeDegrees>
              <LongitudeDegrees>114.20193004703013</LongitudeDegrees>
            </Position>
            <AltitudeMeters>312.66</AltitudeMeters>
            <DistanceMeters>1377.8199462890625</DistanceMeters>
            <Extensions>
              <ns3:TPX>
                <ns3:Speed>2.865000009536743</ns3:Speed>
                <ns3:RunCadence>84</ns3:RunCadence>
              </ns3:TPX>
            </Extensions>
          </Trackpoint>
          <Trackpoint>
            <Time>2021-01-06T21:28:45.000Z</Time>
            <Position>
              <LatitudeDegrees>22.334800923808537</LatitudeDegrees>
              <LongitudeDegrees>114.20179937601267</LongitudeDegrees>
            </Position>
            <AltitudeMeters>312.66</AltitudeMeters>
            <DistanceMeters>1398.030029296875</DistanceMeters>
            <Extensions>
              <ns3:TPX>
                <ns3:Speed>2.9019999504089355</ns3:Speed>
                <ns3:RunCadence>86</ns3:RunCadence>
              </ns3:TPX>
            </Extensions>
          </Trackpoint>
          <Trackpoint>
            <Time>2021-01-06T21:28:52.000Z</Time>
            <Position>
              <LatitudeDegrees>22.334913700629663</LatitudeDegrees>
              <LongitudeDegrees>114.20176037307822</LongitudeDegrees>
            </Position>
            <AltitudeMeters>312.4</AltitudeMeters>
            <DistanceMeters>1418.4599609375</DistanceMeters>
            <Extensions>
              <ns3:TPX>
                <ns3:Speed>2.930000066757202</ns3:Speed>
                <ns3:RunCadence>87</ns3:RunCadence>
              </ns3:TPX>
            </Extensions>
          </Trackpoint>
          <Trackpoint>
            <Time>2021-01-06T21:28:59.000Z</Time>
            <Position>
              <LatitudeDegrees>22.334881046218126</LatitudeDegrees>
              <LongitudeDegrees>114.20154139179935</LongitudeDegrees>
            </Position>
            <AltitudeMeters>312.25</AltitudeMeters>
            <DistanceMeters>1439.0699462890625</DistanceMeters>
            <Extensions>
              <ns3:TPX>
                <ns3:Speed>2.938999891281128</ns3:Speed>
                <ns3:RunCadence>85</ns3:RunCadence>
              </ns3:TPX>
            </Extensions>
          </Trackpoint>
          <Trackpoint>
            <Time>2021-01-06T21:29:06.000Z</Time>
            <Position>
              <LatitudeDegrees>22.334855183951873</LatitudeDegrees>
              <LongitudeDegrees>114.20132223323812</LongitudeDegrees>
            </Position>
            <AltitudeMeters>312.32</AltitudeMeters>
            <DistanceMeters>1459.5400390625</DistanceMeters>
            <Extensions>
              <ns3:TPX>
                <ns3:Speed>2.930000066757202</ns3:Speed>
                <ns3:RunCadence>86</ns3:RunCadence>
              </ns3:TPX>
            </Extensions>
          </Trackpoint>
          <Trackpoint>
            <Time>2021-01-06T21:29:13.000Z</Time>
            <Position>
              <LatitudeDegrees>22.3348292334685</LatitudeDegrees>
              <LongitudeDegrees>114.20110232711919</LongitudeDegrees>
            </Position>
            <AltitudeMeters>312.38</AltitudeMeters>
            <DistanceMeters>1480.0799560546875</DistanceMeters>
            <Extensions>
              <ns3:TPX>
                <ns3:Speed>2.930000066757202</ns3:Speed>
                <ns3:RunCadence>86</ns3:RunCadence>
              </ns3:TPX>
            </Extensions>
          </Trackpoint>
          <Trackpoint>
            <Time>2021-01-06T21:29:14.000Z</Time>
            <Position>
              <LatitudeDegrees>22.334825531588397</LatitudeDegrees>
              <LongitudeDegrees>114.2010709571414</LongitudeDegrees>
            </Position>
            <AltitudeMeters>312.39</AltitudeMeters>
            <DistanceMeters>1483.010009765625</DistanceMeters>
            <Extensions>
              <ns3:TPX>
                <ns3:Speed>2.930000066757202</ns3:Speed>
                <ns3:RunCadence>86</ns3:RunCadence>
              </ns3:TPX>
            </Extensions>
          </Trackpoint>
          <Trackpoint>
            <Time>2021-01-06T21:29:21.000Z</Time>
            <Position>
              <LatitudeDegrees>22.334725510023542</LatitudeDegrees>
              <LongitudeDegrees>114.2010400893356</LongitudeDegrees>
            </Position>
            <AltitudeMeters>312.16</AltitudeMeters>
            <DistanceMeters>1503.52001953125</DistanceMeters>
            <Extensions>
              <ns3:TPX>
                <ns3:Speed>2.930000066757202</ns3:Speed>
                <ns3:RunCadence>86</ns3:RunCadence>
              </ns3:TPX>
            </Extensions>
          </Trackpoint>
          <Trackpoint>
            <Time>2021-01-06T21:29:24.000Z</Time>
            <Position>
              <LatitudeDegrees>22.33465774531399</LatitudeDegrees>
              <LongitudeDegrees>114.2009803603707</LongitudeDegrees>
            </Position>
            <AltitudeMeters>312.05</AltitudeMeters>
            <DistanceMeters>1512.280029296875</DistanceMeters>
            <Extensions>
              <ns3:TPX>
                <ns3:Speed>2.9210000038146973</ns3:Speed>
                <ns3:RunCadence>85</ns3:RunCadence>
              </ns3:TPX>
            </Extensions>
          </Trackpoint>
          <Trackpoint>
            <Time>2021-01-06T21:29:31.000Z</Time>
            <Position>
              <LatitudeDegrees>22.33456318856701</LatitudeDegrees>
              <LongitudeDegrees>114.20078944636896</LongitudeDegrees>
            </Position>
            <AltitudeMeters>312.36</AltitudeMeters>
            <DistanceMeters>1532.780029296875</DistanceMeters>
            <Extensions>
              <ns3:TPX>
                <ns3:Speed>2.9210000038146973</ns3:Speed>
                <ns3:RunCadence>85</ns3:RunCadence>
              </ns3:TPX>
            </Extensions>
          </Trackpoint>
          <Trackpoint>
            <Time>2021-01-06T21:29:38.000Z</Time>
            <Position>
              <LatitudeDegrees>22.334499097624366</LatitudeDegrees>
              <LongitudeDegrees>114.20058203426986</LongitudeDegrees>
            </Position>
            <AltitudeMeters>312.2</AltitudeMeters>
            <DistanceMeters>1553.199951171875</DistanceMeters>
            <Extensions>
              <ns3:TPX>
                <ns3:Speed>2.9210000038146973</ns3:Speed>
                <ns3:RunCadence>86</ns3:RunCadence>
              </ns3:TPX>
            </Extensions>
          </Trackpoint>
          <Trackpoint>
            <Time>2021-01-06T21:29:45.000Z</Time>
            <Position>
              <LatitudeDegrees>22.334399192422595</LatitudeDegrees>
              <LongitudeDegrees>114.2004152748029</LongitudeDegrees>
            </Position>
            <AltitudeMeters>312.28</AltitudeMeters>
            <DistanceMeters>1573.56005859375</DistanceMeters>
            <Extensions>
              <ns3:TPX>
                <ns3:Speed>2.9019999504089355</ns3:Speed>
                <ns3:RunCadence>85</ns3:RunCadence>
              </ns3:TPX>
            </Extensions>
          </Trackpoint>
          <Trackpoint>
            <Time>2021-01-06T21:29:52.000Z</Time>
            <Position>
              <LatitudeDegrees>22.334309253338454</LatitudeDegrees>
              <LongitudeDegrees>114.2002608539113</LongitudeDegrees>
            </Position>
            <AltitudeMeters>312.4</AltitudeMeters>
            <DistanceMeters>1593.6500244140625</DistanceMeters>
            <Extensions>
              <ns3:TPX>
                <ns3:Speed>2.8459999561309814</ns3:Speed>
                <ns3:RunCadence>85</ns3:RunCadence>
              </ns3:TPX>
            </Extensions>
          </Trackpoint>
          <Trackpoint>
            <Time>2021-01-06T21:30:00.000Z</Time>
            <Position>
              <LatitudeDegrees>22.33412964714787</LatitudeDegrees>
              <LongitudeDegrees>114.20025169538758</LongitudeDegrees>
            </Position>
            <AltitudeMeters>312.29</AltitudeMeters>
            <DistanceMeters>1616.3800048828125</DistanceMeters>
            <Extensions>
              <ns3:TPX>
                <ns3:Speed>2.8459999561309814</ns3:Speed>
                <ns3:RunCadence>86</ns3:RunCadence>
              </ns3:TPX>
            </Extensions>
          </Trackpoint>
          <Trackpoint>
            <Time>2021-01-06T21:30:08.000Z</Time>
            <Position>
              <LatitudeDegrees>22.333953028454307</LatitudeDegrees>
              <LongitudeDegrees>114.20040757498808</LongitudeDegrees>
            </Position>
            <AltitudeMeters>311.69</AltitudeMeters>
            <DistanceMeters>1639.219970703125</DistanceMeters>
            <Extensions>
              <ns3:TPX>
                <ns3:Speed>2.8550000190734863</ns3:Speed>
                <ns3:RunCadence>85</ns3:RunCadence>
              </ns3:TPX>
            </Extensions>
          </Trackpoint>
          <Trackpoint>
            <Time>2021-01-06T21:30:16.000Z</Time>
            <Position>
              <LatitudeDegrees>22.333766709680464</LatitudeDegrees>
              <LongitudeDegrees>114.20054883087147</LongitudeDegrees>
            </Position>
            <AltitudeMeters>311.6</AltitudeMeters>
            <DistanceMeters>1662.02001953125</DistanceMeters>
            <Extensions>
              <ns3:TPX>
                <ns3:Speed>2.8459999561309814</ns3:Speed>
                <ns3:RunCadence>85</ns3:RunCadence>
              </ns3:TPX>
            </Extensions>
          </Trackpoint>
          <Trackpoint>
            <Time>2021-01-06T21:30:24.000Z</Time>
            <Position>
              <LatitudeDegrees>22.333582421901603</LatitudeDegrees>
              <LongitudeDegrees>114.20069207965706</LongitudeDegrees>
            </Position>
            <AltitudeMeters>312.0</AltitudeMeters>
            <DistanceMeters>1684.760009765625</DistanceMeters>
            <Extensions>
              <ns3:TPX>
                <ns3:Speed>2.8369998931884766</ns3:Speed>
                <ns3:RunCadence>84</ns3:RunCadence>
              </ns3:TPX>
            </Extensions>
          </Trackpoint>
          <Trackpoint>
            <Time>2021-01-06T21:30:32.000Z</Time>
            <Position>
              <LatitudeDegrees>22.33339091170205</LatitudeDegrees>
              <LongitudeDegrees>114.20082407901212</LongitudeDegrees>
            </Position>
            <AltitudeMeters>312.0</AltitudeMeters>
            <DistanceMeters>1707.510009765625</DistanceMeters>
            <Extensions>
              <ns3:TPX>
                <ns3:Speed>2.8369998931884766</ns3:Speed>
                <ns3:RunCadence>86</ns3:RunCadence>
              </ns3:TPX>
            </Extensions>
          </Trackpoint>
          <Trackpoint>
            <Time>2021-01-06T21:30:40.000Z</Time>
            <Position>
              <LatitudeDegrees>22.333222034708776</LatitudeDegrees>
              <LongitudeDegrees>114.20098725289745</LongitudeDegrees>
            </Position>
            <AltitudeMeters>311.91</AltitudeMeters>
            <DistanceMeters>1730.3299560546875</DistanceMeters>
            <Extensions>
              <ns3:TPX>
                <ns3:Speed>2.8459999561309814</ns3:Speed>
                <ns3:RunCadence>85</ns3:RunCadence>
              </ns3:TPX>
            </Extensions>
          </Trackpoint>
          <Trackpoint>
            <Time>2021-01-06T21:30:48.000Z</Time>
            <Position>
              <LatitudeDegrees>22.333098191498664</LatitudeDegrees>
              <LongitudeDegrees>114.2009354727864</LongitudeDegrees>
            </Position>
            <AltitudeMeters>311.45</AltitudeMeters>
            <DistanceMeters>1753.0999755859375</DistanceMeters>
            <Extensions>
              <ns3:TPX>
                <ns3:Speed>2.8459999561309814</ns3:Speed>
                <ns3:RunCadence>85</ns3:RunCadence>
              </ns3:TPX>
            </Extensions>
          </Trackpoint>
          <Trackpoint>
            <Time>2021-01-06T21:30:56.000Z</Time>
            <Position>
              <LatitudeDegrees>22.333072024428482</LatitudeDegrees>
              <LongitudeDegrees>114.20069276408239</LongitudeDegrees>
            </Position>
            <AltitudeMeters>311.57</AltitudeMeters>
            <DistanceMeters>1775.739990234375</DistanceMeters>
            <Extensions>
              <ns3:TPX>
                <ns3:Speed>2.8269999027252197</ns3:Speed>
                <ns3:RunCadence>85</ns3:RunCadence>
              </ns3:TPX>
            </Extensions>
          </Trackpoint>
          <Trackpoint>
            <Time>2021-01-06T21:31:04.000Z</Time>
            <Position>
              <LatitudeDegrees>22.333045972908938</LatitudeDegrees>
              <LongitudeDegrees>114.20045112715088</LongitudeDegrees>
            </Position>
            <AltitudeMeters>311.68</AltitudeMeters>
            <DistanceMeters>1798.280029296875</DistanceMeters>
            <Extensions>
              <ns3:TPX>
                <ns3:Speed>2.818000078201294</ns3:Speed>
                <ns3:RunCadence>85</ns3:RunCadence>
              </ns3:TPX>
            </Extensions>
          </Trackpoint>
          <Trackpoint>
            <Time>2021-01-06T21:31:12.000Z</Time>
            <Position>
              <LatitudeDegrees>22.333019794269582</LatitudeDegrees>
              <LongitudeDegrees>114.20020831113877</LongitudeDegrees>
            </Position>
            <AltitudeMeters>311.8</AltitudeMeters>
            <DistanceMeters>1820.9300537109375</DistanceMeters>
            <Extensions>
              <ns3:TPX>
                <ns3:Speed>2.8369998931884766</ns3:Speed>
                <ns3:RunCadence>86</ns3:RunCadence>
              </ns3:TPX>
            </Extensions>
          </Trackpoint>
          <Trackpoint>
            <Time>2021-01-06T21:31:20.000Z</Time>
            <Position>
              <LatitudeDegrees>22.332993546356274</LatitudeDegrees>
              <LongitudeDegrees>114.19996485258662</LongitudeDegrees>
            </Position>
            <AltitudeMeters>311.92</AltitudeMeters>
            <DistanceMeters>1843.6400146484375</DistanceMeters>
            <Extensions>
              <ns3:TPX>
                <ns3:Speed>2.8369998931884766</ns3:Speed>
                <ns3:RunCadence>86</ns3:RunCadence>
              </ns3:TPX>
            </Extensions>
          </Trackpoint>
          <Trackpoint>
            <Time>2021-01-06T21:31:28.000Z</Time>
            <Position>
              <LatitudeDegrees>22.332967483408645</LatitudeDegrees>
              <LongitudeDegrees>114.19972310965562</LongitudeDegrees>
            </Position>
            <AltitudeMeters>312.03</AltitudeMeters>
            <DistanceMeters>1866.18994140625</DistanceMeters>
            <Extensions>
              <ns3:TPX>
                <ns3:Speed>2.818000078201294</ns3:Speed>
                <ns3:RunCadence>84</ns3:RunCadence>
              </ns3:TPX>
            </Extensions>
          </Trackpoint>
          <Trackpoint>
            <Time>2021-01-06T21:31:36.000Z</Time>
            <Position>
              <LatitudeDegrees>22.33294148959388</LatitudeDegrees>
              <LongitudeDegrees>114.19948200795605</LongitudeDegrees>
            </Position>
            <AltitudeMeters>312.15</AltitudeMeters>
            <DistanceMeters>1888.6800537109375</DistanceMeters>
            <Extensions>
              <ns3:TPX>
                <ns3:Speed>2.809000015258789</ns3:Speed>
                <ns3:RunCadence>85</ns3:RunCadence>
              </ns3:TPX>
            </Extensions>
          </Trackpoint>
          <Trackpoint>
            <Time>2021-01-06T21:31:44.000Z</Time>
            <Position>
              <LatitudeDegrees>22.332956548510317</LatitudeDegrees>
              <LongitudeDegrees>114.19924334876411</LongitudeDegrees>
            </Position>
            <AltitudeMeters>312.16</AltitudeMeters>
            <DistanceMeters>1911.1500244140625</DistanceMeters>
            <Extensions>
              <ns3:TPX>
                <ns3:Speed>2.809000015258789</ns3:Speed>
                <ns3:RunCadence>85</ns3:RunCadence>
              </ns3:TPX>
            </Extensions>
          </Trackpoint>
          <Trackpoint>
            <Time>2021-01-06T21:31:52.000Z</Time>
            <Position>
              <LatitudeDegrees>22.333004723728454</LatitudeDegrees>
              <LongitudeDegrees>114.19900638004454</LongitudeDegrees>
            </Position>
            <AltitudeMeters>312.08</AltitudeMeters>
            <DistanceMeters>1933.6300048828125</DistanceMeters>
            <Extensions>
              <ns3:TPX>
                <ns3:Speed>2.7990000247955322</ns3:Speed>
                <ns3:RunCadence>86</ns3:RunCadence>
              </ns3:TPX>
            </Extensions>
          </Trackpoint>
          <Trackpoint>
            <Time>2021-01-06T21:32:00.000Z</Time>
            <Position>
              <LatitudeDegrees>22.333052791952174</LatitudeDegrees>
              <LongitudeDegrees>114.19876993761902</LongitudeDegrees>
            </Position>
            <AltitudeMeters>312.01</AltitudeMeters>
            <DistanceMeters>1956.06005859375</DistanceMeters>
            <Extensions>
              <ns3:TPX>
                <ns3:Speed>2.7990000247955322</ns3:Speed>
                <ns3:RunCadence>85</ns3:RunCadence>
              </ns3:TPX>
            </Extensions>
          </Trackpoint>
          <Trackpoint>
            <Time>2021-01-06T21:32:08.000Z</Time>
            <Position>
              <LatitudeDegrees>22.333100774109475</LatitudeDegrees>
              <LongitudeDegrees>114.19853391854494</LongitudeDegrees>
            </Position>
            <AltitudeMeters>311.93</AltitudeMeters>
            <DistanceMeters>1978.449951171875</DistanceMeters>
            <Extensions>
              <ns3:TPX>
                <ns3:Speed>2.818000078201294</ns3:Speed>
                <ns3:RunCadence>86</ns3:RunCadence>
              </ns3:TPX>
            </Extensions>
          </Trackpoint>
          <Trackpoint>
            <Time>2021-01-06T21:32:16.000Z</Time>
            <Position>
              <LatitudeDegrees>22.333149078034836</LatitudeDegrees>
              <LongitudeDegrees>114.19829631672836</LongitudeDegrees>
            </Position>
            <AltitudeMeters>311.86</AltitudeMeters>
            <DistanceMeters>2000.989990234375</DistanceMeters>
            <Extensions>
              <ns3:TPX>
                <ns3:Speed>2.809000015258789</ns3:Speed>
                <ns3:RunCadence>86</ns3:RunCadence>
              </ns3:TPX>
            </Extensions>
          </Trackpoint>
        </Track>
        <Extensions>
          <ns3:LX>
            <ns3:AvgSpeed>2.880000114440918</ns3:AvgSpeed>
            <ns3:AvgRunCadence>85</ns3:AvgRunCadence>
            <ns3:MaxRunCadence>87</ns3:MaxRunCadence>
          </ns3:LX>
        </Extensions>
      </Lap>
      <Lap StartTime="2021-01-06T21:32:17.000Z">
        <TotalTimeSeconds>351.437</TotalTimeSeconds>
        <DistanceMeters>1000.0</DistanceMeters>
        <MaximumSpeed>2.921000003814697</MaximumSpeed>
        <Calories>70</Calories>
        <Intensity>Active</Intensity>
        <TriggerMethod>Manual</TriggerMethod>
        <Track>
          <Trackpoint>
            <Time>2021-01-06T21:32:24.000Z</Time>
            <Position>
              <LatitudeDegrees>22.33321567759443</LatitudeDegrees>
              <LongitudeDegrees>114.19806766537711</LongitudeDegrees>
            </Position>
            <AltitudeMeters>311.89</AltitudeMeters>
            <DistanceMeters>2023.5400390625</DistanceMeters>
            <Extensions>
              <ns3:TPX>
                <ns3:Speed>2.7990000247955322</ns3:Speed>
                <ns3:RunCadence>86</ns3:RunCadence>
              </ns3:TPX>
            </Extensions>
          </Trackpoint>
          <Trackpoint>
            <Time>2021-01-06T21:32:32.000Z</Time>
            <Position>
              <LatitudeDegrees>22.333369524639608</LatitudeDegrees>
              <LongitudeDegrees>114.19789703182043</LongitudeDegrees>
            </Position>
            <AltitudeMeters>312.16</AltitudeMeters>
            <DistanceMeters>2046.0899658203125</DistanceMeters>
            <Extensions>
              <ns3:TPX>
                <ns3:Speed>2.8459999561309814</ns3:Speed>
                <ns3:RunCadence>87</ns3:RunCadence>
              </ns3:TPX>
            </Extensions>
          </Trackpoint>
          <Trackpoint>
            <Time>2021-01-06T21:32:40.000Z</Time>
            <Position>
              <LatitudeDegrees>22.33357202094553</LatitudeDegrees>
              <LongitudeDegrees>114.19778465014966</LongitudeDegrees>
            </Position>
            <AltitudeMeters>312.02</AltitudeMeters>
            <DistanceMeters>2068.889892578125</DistanceMeters>
            <Extensions>
              <ns3:TPX>
                <ns3:Speed>2.8550000190734863</ns3:Speed>
                <ns3:RunCadence>86</ns3:RunCadence>
              </ns3:TPX>
            </Extensions>
          </Trackpoint>
          <Trackpoint>
            <Time>2021-01-06T21:32:41.000Z</Time>
            <Position>
              <LatitudeDegrees>22.333597333932413</LatitudeDegrees>
              <LongitudeDegrees>114.19777060191433</LongitudeDegrees>
            </Position>
            <AltitudeMeters>312.0</AltitudeMeters>
            <DistanceMeters>2071.739990234375</DistanceMeters>
            <Extensions>
              <ns3:TPX>
                <ns3:Speed>2.8550000190734863</ns3:Speed>
                <ns3:RunCadence>86</ns3:RunCadence>
              </ns3:TPX>
            </Extensions>
          </Trackpoint>
          <Trackpoint>
            <Time>2021-01-06T21:32:48.000Z</Time>
            <Position>
              <LatitudeDegrees>22.333775229545115</LatitudeDegrees>
              <LongitudeDegrees>114.19767187316917</LongitudeDegrees>
            </Position>
            <AltitudeMeters>311.88</AltitudeMeters>
            <DistanceMeters>2091.77001953125</DistanceMeters>
            <Extensions>
              <ns3:TPX>
                <ns3:Speed>2.874000072479248</ns3:Speed>
                <ns3:RunCadence>88</ns3:RunCadence>
              </ns3:TPX>
            </Extensions>
          </Trackpoint>
          <Trackpoint>
            <Time>2021-01-06T21:32:55.000Z</Time>
            <Position>
              <LatitudeDegrees>22.333960126163273</LatitudeDegrees>
              <LongitudeDegrees>114.19758978633585</LongitudeDegrees>
            </Position>
            <AltitudeMeters>312.02</AltitudeMeters>
            <DistanceMeters>2111.93994140625</DistanceMeters>
            <Extensions>
              <ns3:TPX>
                <ns3:Speed>2.8929998874664307</ns3:Speed>
                <ns3:RunCadence>86</ns3:RunCadence>
              </ns3:TPX>
            </Extensions>
          </Trackpoint>
          <Trackpoint>
            <Time>2021-01-06T21:32:58.000Z</Time>
            <Position>
              <LatitudeDegrees>22.333989533479723</LatitudeDegrees>
              <LongitudeDegrees>114.19754876951124</LongitudeDegrees>
            </Position>
            <AltitudeMeters>312.39</AltitudeMeters>
            <DistanceMeters>2120.6201171875</DistanceMeters>
            <Extensions>
              <ns3:TPX>
                <ns3:Speed>2.9019999504089355</ns3:Speed>
                <ns3:RunCadence>86</ns3:RunCadence>
              </ns3:TPX>
            </Extensions>
          </Trackpoint>
          <Trackpoint>
            <Time>2021-01-06T21:33:05.000Z</Time>
            <Position>
              <LatitudeDegrees>22.33382286968545</LatitudeDegrees>
              <LongitudeDegrees>114.19742728400082</LongitudeDegrees>
            </Position>
            <AltitudeMeters>312.2</AltitudeMeters>
            <DistanceMeters>2141.030029296875</DistanceMeters>
            <Extensions>
              <ns3:TPX>
                <ns3:Speed>2.9110000133514404</ns3:Speed>
                <ns3:RunCadence>85</ns3:RunCadence>
              </ns3:TPX>
            </Extensions>
          </Trackpoint>
          <Trackpoint>
            <Time>2021-01-06T21:33:12.000Z</Time>
            <Position>
              <LatitudeDegrees>22.33363462934162</LatitudeDegrees>
              <LongitudeDegrees>114.19734703525035</LongitudeDegrees>
            </Position>
            <AltitudeMeters>312.2</AltitudeMeters>
            <DistanceMeters>2161.35009765625</DistanceMeters>
            <Extensions>
              <ns3:TPX>
                <ns3:Speed>2.8929998874664307</ns3:Speed>
                <ns3:RunCadence>85</ns3:RunCadence>
              </ns3:TPX>
            </Extensions>
          </Trackpoint>
          <Trackpoint>
            <Time>2021-01-06T21:33:19.000Z</Time>
            <Position>
              <LatitudeDegrees>22.3334948590935</LatitudeDegrees>
              <LongitudeDegrees>114.19719289053121</LongitudeDegrees>
            </Position>
            <AltitudeMeters>312.2</AltitudeMeters>
            <DistanceMeters>2181.52001953125</DistanceMeters>
            <Extensions>
              <ns3:TPX>
                <ns3:Speed>2.8929998874664307</ns3:Speed>
                <ns3:RunCadence>86</ns3:RunCadence>
              </ns3:TPX>
            </Extensions>
          </Trackpoint>
          <Trackpoint>
            <Time>2021-01-06T21:33:26.000Z</Time>
            <Position>
              <LatitudeDegrees>22.333331091173736</LatitudeDegrees>
              <LongitudeDegrees>114.19706613953593</LongitudeDegrees>
            </Position>
            <AltitudeMeters>312.2</AltitudeMeters>
            <DistanceMeters>2201.699951171875</DistanceMeters>
            <Extensions>
              <ns3:TPX>
                <ns3:Speed>2.874000072479248</ns3:Speed>
                <ns3:RunCadence>86</ns3:RunCadence>
              </ns3:TPX>
            </Extensions>
          </Trackpoint>
          <Trackpoint>
            <Time>2021-01-06T21:33:33.000Z</Time>
            <Position>
              <LatitudeDegrees>22.333189712238706</LatitudeDegrees>
              <LongitudeDegrees>114.1972020221092</LongitudeDegrees>
            </Position>
            <AltitudeMeters>312.0</AltitudeMeters>
            <DistanceMeters>2221.75</DistanceMeters>
            <Extensions>
              <ns3:TPX>
                <ns3:Speed>2.865000009536743</ns3:Speed>
                <ns3:RunCadence>85</ns3:RunCadence>
              </ns3:TPX>
            </Extensions>
          </Trackpoint>
          <Trackpoint>
            <Time>2021-01-06T21:33:40.000Z</Time>
            <Position>
              <LatitudeDegrees>22.332997281421903</LatitudeDegrees>
              <LongitudeDegrees>114.19725890828501</LongitudeDegrees>
            </Position>
            <AltitudeMeters>312.28</AltitudeMeters>
            <DistanceMeters>2241.780029296875</DistanceMeters>
            <Extensions>
              <ns3:TPX>
                <ns3:Speed>2.8550000190734863</ns3:Speed>
                <ns3:RunCadence>86</ns3:RunCadence>
              </ns3:TPX>
            </Extensions>
          </Trackpoint>
          <Trackpoint>
            <Time>2021-01-06T21:33:48.000Z</Time>
            <Position>
              <LatitudeDegrees>22.33280262006994</LatitudeDegrees>
              <LongitudeDegrees>114.19737208928095</LongitudeDegrees>
            </Position>
            <AltitudeMeters>312.07</AltitudeMeters>
            <DistanceMeters>2264.510009765625</DistanceMeters>
            <Extensions>
              <ns3:TPX>
                <ns3:Speed>2.8369998931884766</ns3:Speed>
                <ns3:RunCadence>86</ns3:RunCadence>
              </ns3:TPX>
            </Extensions>
          </Trackpoint>
          <Trackpoint>
            <Time>2021-01-06T21:33:56.000Z</Time>
            <Position>
              <LatitudeDegrees>22.33263573504279</LatitudeDegrees>
              <LongitudeDegrees>114.19753047090516</LongitudeDegrees>
            </Position>
            <AltitudeMeters>311.85</AltitudeMeters>
            <DistanceMeters>2287.1298828125</DistanceMeters>
            <Extensions>
              <ns3:TPX>
                <ns3:Speed>2.8269999027252197</ns3:Speed>
                <ns3:RunCadence>86</ns3:RunCadence>
              </ns3:TPX>
            </Extensions>
          </Trackpoint>
          <Trackpoint>
            <Time>2021-01-06T21:34:04.000Z</Time>
            <Position>
              <LatitudeDegrees>22.332425366844628</LatitudeDegrees>
              <LongitudeDegrees>114.1974576517257</LongitudeDegrees>
            </Position>
            <AltitudeMeters>311.54</AltitudeMeters>
            <DistanceMeters>2309.77001953125</DistanceMeters>
            <Extensions>
              <ns3:TPX>
                <ns3:Speed>2.8269999027252197</ns3:Speed>
                <ns3:RunCadence>86</ns3:RunCadence>
              </ns3:TPX>
            </Extensions>
          </Trackpoint>
          <Trackpoint>
            <Time>2021-01-06T21:34:12.000Z</Time>
            <Position>
              <LatitudeDegrees>22.33236760610905</LatitudeDegrees>
              <LongitudeDegrees>114.19728490301765</LongitudeDegrees>
            </Position>
            <AltitudeMeters>311.51</AltitudeMeters>
            <DistanceMeters>2332.35009765625</DistanceMeters>
            <Extensions>
              <ns3:TPX>
                <ns3:Speed>2.818000078201294</ns3:Speed>
                <ns3:RunCadence>85</ns3:RunCadence>
              </ns3:TPX>
            </Extensions>
          </Trackpoint>
          <Trackpoint>
            <Time>2021-01-06T21:34:15.000Z</Time>
            <Position>
              <LatitudeDegrees>22.3323719038615</LatitudeDegrees>
              <LongitudeDegrees>114.19719349774626</LongitudeDegrees>
            </Position>
            <AltitudeMeters>311.57</AltitudeMeters>
            <DistanceMeters>2340.830078125</DistanceMeters>
            <Extensions>
              <ns3:TPX>
                <ns3:Speed>2.8269999027252197</ns3:Speed>
                <ns3:RunCadence>84</ns3:RunCadence>
              </ns3:TPX>
            </Extensions>
          </Trackpoint>
          <Trackpoint>
            <Time>2021-01-06T21:34:23.000Z</Time>
            <Position>
              <LatitudeDegrees>22.332341279711496</LatitudeDegrees>
              <LongitudeDegrees>114.19695552737213</LongitudeDegrees>
            </Position>
            <AltitudeMeters>311.93</AltitudeMeters>
            <DistanceMeters>2363.2099609375</DistanceMeters>
            <Extensions>
              <ns3:TPX>
                <ns3:Speed>2.7899999618530273</ns3:Speed>
                <ns3:RunCadence>85</ns3:RunCadence>
              </ns3:TPX>
            </Extensions>
          </Trackpoint>
          <Trackpoint>
            <Time>2021-01-06T21:34:31.000Z</Time>
            <Position>
              <LatitudeDegrees>22.332232509991464</LatitudeDegrees>
              <LongitudeDegrees>114.19674703691204</LongitudeDegrees>
            </Position>
            <AltitudeMeters>312.18</AltitudeMeters>
            <DistanceMeters>2385.60009765625</DistanceMeters>
            <Extensions>
              <ns3:TPX>
                <ns3:Speed>2.809000015258789</ns3:Speed>
                <ns3:RunCadence>86</ns3:RunCadence>
              </ns3:TPX>
            </Extensions>
          </Trackpoint>
          <Trackpoint>
            <Time>2021-01-06T21:34:39.000Z</Time>
            <Position>
              <LatitudeDegrees>22.332019370566247</LatitudeDegrees>
              <LongitudeDegrees>114.19677326895051</LongitudeDegrees>
            </Position>
            <AltitudeMeters>311.85</AltitudeMeters>
            <DistanceMeters>2408.139892578125</DistanceMeters>
            <Extensions>
              <ns3:TPX>
                <ns3:Speed>2.8369998931884766</ns3:Speed>
                <ns3:RunCadence>86</ns3:RunCadence>
              </ns3:TPX>
            </Extensions>
          </Trackpoint>
          <Trackpoint>
            <Time>2021-01-06T21:34:47.000Z</Time>
            <Position>
              <LatitudeDegrees>22.33184992058475</LatitudeDegrees>
              <LongitudeDegrees>114.19693003811919</LongitudeDegrees>
            </Position>
            <AltitudeMeters>311.8</AltitudeMeters>
            <DistanceMeters>2430.909912109375</DistanceMeters>
            <Extensions>
              <ns3:TPX>
                <ns3:Speed>2.8550000190734863</ns3:Speed>
                <ns3:RunCadence>87</ns3:RunCadence>
              </ns3:TPX>
            </Extensions>
          </Trackpoint>
          <Trackpoint>
            <Time>2021-01-06T21:34:54.000Z</Time>
            <Position>
              <LatitudeDegrees>22.33171820608248</LatitudeDegrees>
              <LongitudeDegrees>114.19709186445658</LongitudeDegrees>
            </Position>
            <AltitudeMeters>311.8</AltitudeMeters>
            <DistanceMeters>2450.919921875</DistanceMeters>
            <Extensions>
              <ns3:TPX>
                <ns3:Speed>2.8550000190734863</ns3:Speed>
                <ns3:RunCadence>85</ns3:RunCadence>
              </ns3:TPX>
            </Extensions>
          </Trackpoint>
          <Trackpoint>
            <Time>2021-01-06T21:35:01.000Z</Time>
            <Position>
              <LatitudeDegrees>22.331633341726185</LatitudeDegrees>
              <LongitudeDegrees>114.19726946570992</LongitudeDegrees>
            </Position>
            <AltitudeMeters>312.29</AltitudeMeters>
            <DistanceMeters>2470.949951171875</DistanceMeters>
            <Extensions>
              <ns3:TPX>
                <ns3:Speed>2.8550000190734863</ns3:Speed>
                <ns3:RunCadence>85</ns3:RunCadence>
              </ns3:TPX>
            </Extensions>
          </Trackpoint>
          <Trackpoint>
            <Time>2021-01-06T21:35:08.000Z</Time>
            <Position>
              <LatitudeDegrees>22.331736380200354</LatitudeDegrees>
              <LongitudeDegrees>114.19745518072013</LongitudeDegrees>
            </Position>
            <AltitudeMeters>312.41</AltitudeMeters>
            <DistanceMeters>2491.030029296875</DistanceMeters>
            <Extensions>
              <ns3:TPX>
                <ns3:Speed>2.882999897003174</ns3:Speed>
                <ns3:RunCadence>84</ns3:RunCadence>
              </ns3:TPX>
            </Extensions>
          </Trackpoint>
          <Trackpoint>
            <Time>2021-01-06T21:35:15.000Z</Time>
            <Position>
              <LatitudeDegrees>22.331840022508544</LatitudeDegrees>
              <LongitudeDegrees>114.1976351650275</LongitudeDegrees>
            </Position>
            <AltitudeMeters>312.09</AltitudeMeters>
            <DistanceMeters>2511.1298828125</DistanceMeters>
            <Extensions>
              <ns3:TPX>
                <ns3:Speed>2.874000072479248</ns3:Speed>
                <ns3:RunCadence>86</ns3:RunCadence>
              </ns3:TPX>
            </Extensions>
          </Trackpoint>
          <Trackpoint>
            <Time>2021-01-06T21:35:18.000Z</Time>
            <Position>
              <LatitudeDegrees>22.331810725131383</LatitudeDegrees>
              <LongitudeDegrees>114.19771854226667</LongitudeDegrees>
            </Position>
            <AltitudeMeters>312.16</AltitudeMeters>
            <DistanceMeters>2519.739990234375</DistanceMeters>
            <Extensions>
              <ns3:TPX>
                <ns3:Speed>2.865000009536743</ns3:Speed>
                <ns3:RunCadence>86</ns3:RunCadence>
              </ns3:TPX>
            </Extensions>
          </Trackpoint>
          <Trackpoint>
            <Time>2021-01-06T21:35:26.000Z</Time>
            <Position>
              <LatitudeDegrees>22.33171864628432</LatitudeDegrees>
              <LongitudeDegrees>114.19793686698432</LongitudeDegrees>
            </Position>
            <AltitudeMeters>312.6</AltitudeMeters>
            <DistanceMeters>2542.429931640625</DistanceMeters>
            <Extensions>
              <ns3:TPX>
                <ns3:Speed>2.809000015258789</ns3:Speed>
                <ns3:RunCadence>86</ns3:RunCadence>
              </ns3:TPX>
            </Extensions>
          </Trackpoint>
          <Trackpoint>
            <Time>2021-01-06T21:35:34.000Z</Time>
            <Position>
              <LatitudeDegrees>22.331659043627106</LatitudeDegrees>
              <LongitudeDegrees>114.19816469788576</LongitudeDegrees>
            </Position>
            <AltitudeMeters>312.3</AltitudeMeters>
            <DistanceMeters>2564.7900390625</DistanceMeters>
            <Extensions>
              <ns3:TPX>
                <ns3:Speed>2.7899999618530273</ns3:Speed>
                <ns3:RunCadence>85</ns3:RunCadence>
              </ns3:TPX>
            </Extensions>
          </Trackpoint>
          <Trackpoint>
            <Time>2021-01-06T21:35:42.000Z</Time>
            <Position>
              <LatitudeDegrees>22.331725053987064</LatitudeDegrees>
              <LongitudeDegrees>114.19828122474969</LongitudeDegrees>
            </Position>
            <AltitudeMeters>312.22</AltitudeMeters>
            <DistanceMeters>2587.1298828125</DistanceMeters>
            <Extensions>
              <ns3:TPX>
                <ns3:Speed>2.7990000247955322</ns3:Speed>
                <ns3:RunCadence>86</ns3:RunCadence>
              </ns3:TPX>
            </Extensions>
          </Trackpoint>
          <Trackpoint>
            <Time>2021-01-06T21:35:43.000Z</Time>
            <Position>
              <LatitudeDegrees>22.331752844566317</LatitudeDegrees>
              <LongitudeDegrees>114.198284486345</LongitudeDegrees>
            </Position>
            <AltitudeMeters>312.27</AltitudeMeters>
            <DistanceMeters>2589.929931640625</DistanceMeters>
            <Extensions>
              <ns3:TPX>
                <ns3:Speed>2.7990000247955322</ns3:Speed>
                <ns3:RunCadence>87</ns3:RunCadence>
              </ns3:TPX>
            </Extensions>
          </Trackpoint>
          <Trackpoint>
            <Time>2021-01-06T21:35:51.000Z</Time>
            <Position>
              <LatitudeDegrees>22.331976782428857</LatitudeDegrees>
              <LongitudeDegrees>114.19830083668226</LongitudeDegrees>
            </Position>
            <AltitudeMeters>312.12</AltitudeMeters>
            <DistanceMeters>2612.419921875</DistanceMeters>
            <Extensions>
              <ns3:TPX>
                <ns3:Speed>2.818000078201294</ns3:Speed>
                <ns3:RunCadence>86</ns3:RunCadence>
              </ns3:TPX>
            </Extensions>
          </Trackpoint>
          <Trackpoint>
            <Time>2021-01-06T21:35:59.000Z</Time>
            <Position>
              <LatitudeDegrees>22.332185679603313</LatitudeDegrees>
              <LongitudeDegrees>114.19837439625981</LongitudeDegrees>
            </Position>
            <AltitudeMeters>311.75</AltitudeMeters>
            <DistanceMeters>2635.0400390625</DistanceMeters>
            <Extensions>
              <ns3:TPX>
                <ns3:Speed>2.8369998931884766</ns3:Speed>
                <ns3:RunCadence>86</ns3:RunCadence>
              </ns3:TPX>
            </Extensions>
          </Trackpoint>
          <Trackpoint>
            <Time>2021-01-06T21:36:07.000Z</Time>
            <Position>
              <LatitudeDegrees>22.332342817552238</LatitudeDegrees>
              <LongitudeDegrees>114.19854907786058</LongitudeDegrees>
            </Position>
            <AltitudeMeters>311.79</AltitudeMeters>
            <DistanceMeters>2657.719970703125</DistanceMeters>
            <Extensions>
              <ns3:TPX>
                <ns3:Speed>2.8369998931884766</ns3:Speed>
                <ns3:RunCadence>86</ns3:RunCadence>
              </ns3:TPX>
            </Extensions>
          </Trackpoint>
          <Trackpoint>
            <Time>2021-01-06T21:36:14.000Z</Time>
            <Position>
              <LatitudeDegrees>22.332437031823225</LatitudeDegrees>
              <LongitudeDegrees>114.19873740441136</LongitudeDegrees>
            </Position>
            <AltitudeMeters>311.82</AltitudeMeters>
            <DistanceMeters>2677.830078125</DistanceMeters>
            <Extensions>
              <ns3:TPX>
                <ns3:Speed>2.8929998874664307</ns3:Speed>
                <ns3:RunCadence>86</ns3:RunCadence>
              </ns3:TPX>
            </Extensions>
          </Trackpoint>
          <Trackpoint>
            <Time>2021-01-06T21:36:21.000Z</Time>
            <Position>
              <LatitudeDegrees>22.332481811753485</LatitudeDegrees>
              <LongitudeDegrees>114.19894715146908</LongitudeDegrees>
            </Position>
            <AltitudeMeters>311.77</AltitudeMeters>
            <DistanceMeters>2697.909912109375</DistanceMeters>
            <Extensions>
              <ns3:TPX>
                <ns3:Speed>2.8550000190734863</ns3:Speed>
                <ns3:RunCadence>87</ns3:RunCadence>
              </ns3:TPX>
            </Extensions>
          </Trackpoint>
          <Trackpoint>
            <Time>2021-01-06T21:36:29.000Z</Time>
            <Position>
              <LatitudeDegrees>22.332520385546825</LatitudeDegrees>
              <LongitudeDegrees>114.19918739916722</LongitudeDegrees>
            </Position>
            <AltitudeMeters>312.24</AltitudeMeters>
            <DistanceMeters>2720.580078125</DistanceMeters>
            <Extensions>
              <ns3:TPX>
                <ns3:Speed>2.818000078201294</ns3:Speed>
                <ns3:RunCadence>85</ns3:RunCadence>
              </ns3:TPX>
            </Extensions>
          </Trackpoint>
          <Trackpoint>
            <Time>2021-01-06T21:36:33.000Z</Time>
            <Position>
              <LatitudeDegrees>22.33254746768596</LatitudeDegrees>
              <LongitudeDegrees>114.19930499724309</LongitudeDegrees>
            </Position>
            <AltitudeMeters>312.3</AltitudeMeters>
            <DistanceMeters>2731.81005859375</DistanceMeters>
            <Extensions>
              <ns3:TPX>
                <ns3:Speed>2.809000015258789</ns3:Speed>
                <ns3:RunCadence>85</ns3:RunCadence>
              </ns3:TPX>
            </Extensions>
          </Trackpoint>
          <Trackpoint>
            <Time>2021-01-06T21:36:41.000Z</Time>
            <Position>
              <LatitudeDegrees>22.33259425695722</LatitudeDegrees>
              <LongitudeDegrees>114.19954210214773</LongitudeDegrees>
            </Position>
            <AltitudeMeters>311.77</AltitudeMeters>
            <DistanceMeters>2754.280029296875</DistanceMeters>
            <Extensions>
              <ns3:TPX>
                <ns3:Speed>2.809000015258789</ns3:Speed>
                <ns3:RunCadence>86</ns3:RunCadence>
              </ns3:TPX>
            </Extensions>
          </Trackpoint>
          <Trackpoint>
            <Time>2021-01-06T21:36:46.000Z</Time>
            <Position>
              <LatitudeDegrees>22.332615711708073</LatitudeDegrees>
              <LongitudeDegrees>114.19969141168083</LongitudeDegrees>
            </Position>
            <AltitudeMeters>311.65</AltitudeMeters>
            <DistanceMeters>2768.280029296875</DistanceMeters>
            <Extensions>
              <ns3:TPX>
                <ns3:Speed>2.7990000247955322</ns3:Speed>
                <ns3:RunCadence>86</ns3:RunCadence>
              </ns3:TPX>
            </Extensions>
          </Trackpoint>
          <Trackpoint>
            <Time>2021-01-06T21:36:54.000Z</Time>
            <Position>
              <LatitudeDegrees>22.33277491047207</LatitudeDegrees>
              <LongitudeDegrees>114.19983147930424</LongitudeDegrees>
            </Position>
            <AltitudeMeters>311.6</AltitudeMeters>
            <DistanceMeters>2791.090087890625</DistanceMeters>
            <Extensions>
              <ns3:TPX>
                <ns3:Speed>2.8550000190734863</ns3:Speed>
                <ns3:RunCadence>85</ns3:RunCadence>
              </ns3:TPX>
            </Extensions>
          </Trackpoint>
          <Trackpoint>
            <Time>2021-01-06T21:37:02.000Z</Time>
            <Position>
              <LatitudeDegrees>22.33298369825351</LatitudeDegrees>
              <LongitudeDegrees>114.1999308314187</LongitudeDegrees>
            </Position>
            <AltitudeMeters>311.6</AltitudeMeters>
            <DistanceMeters>2813.93994140625</DistanceMeters>
            <Extensions>
              <ns3:TPX>
                <ns3:Speed>2.8550000190734863</ns3:Speed>
                <ns3:RunCadence>87</ns3:RunCadence>
              </ns3:TPX>
            </Extensions>
          </Trackpoint>
          <Trackpoint>
            <Time>2021-01-06T21:37:09.000Z</Time>
            <Position>
              <LatitudeDegrees>22.333166811694166</LatitudeDegrees>
              <LongitudeDegrees>114.20001796634293</LongitudeDegrees>
            </Position>
            <AltitudeMeters>311.6</AltitudeMeters>
            <DistanceMeters>2833.97998046875</DistanceMeters>
            <Extensions>
              <ns3:TPX>
                <ns3:Speed>2.874000072479248</ns3:Speed>
                <ns3:RunCadence>86</ns3:RunCadence>
              </ns3:TPX>
            </Extensions>
          </Trackpoint>
          <Trackpoint>
            <Time>2021-01-06T21:37:16.000Z</Time>
            <Position>
              <LatitudeDegrees>22.33335029098693</LatitudeDegrees>
              <LongitudeDegrees>114.20010527535867</LongitudeDegrees>
            </Position>
            <AltitudeMeters>311.6</AltitudeMeters>
            <DistanceMeters>2854.06005859375</DistanceMeters>
            <Extensions>
              <ns3:TPX>
                <ns3:Speed>2.865000009536743</ns3:Speed>
                <ns3:RunCadence>88</ns3:RunCadence>
              </ns3:TPX>
            </Extensions>
          </Trackpoint>
          <Trackpoint>
            <Time>2021-01-06T21:37:23.000Z</Time>
            <Position>
              <LatitudeDegrees>22.333533221501536</LatitudeDegrees>
              <LongitudeDegrees>114.20019232323715</LongitudeDegrees>
            </Position>
            <AltitudeMeters>311.6</AltitudeMeters>
            <DistanceMeters>2874.080078125</DistanceMeters>
            <Extensions>
              <ns3:TPX>
                <ns3:Speed>2.8550000190734863</ns3:Speed>
                <ns3:RunCadence>87</ns3:RunCadence>
              </ns3:TPX>
            </Extensions>
          </Trackpoint>
          <Trackpoint>
            <Time>2021-01-06T21:37:30.000Z</Time>
            <Position>
              <LatitudeDegrees>22.333716243479167</LatitudeDegrees>
              <LongitudeDegrees>114.2002794146385</LongitudeDegrees>
            </Position>
            <AltitudeMeters>311.6</AltitudeMeters>
            <DistanceMeters>2894.110107421875</DistanceMeters>
            <Extensions>
              <ns3:TPX>
                <ns3:Speed>2.865000009536743</ns3:Speed>
                <ns3:RunCadence>87</ns3:RunCadence>
              </ns3:TPX>
            </Extensions>
          </Trackpoint>
          <Trackpoint>
            <Time>2021-01-06T21:37:37.000Z</Time>
            <Position>
              <LatitudeDegrees>22.33389926322599</LatitudeDegrees>
              <LongitudeDegrees>114.20036650497832</LongitudeDegrees>
            </Position>
            <AltitudeMeters>311.6</AltitudeMeters>
            <DistanceMeters>2914.139892578125</DistanceMeters>
            <Extensions>
              <ns3:TPX>
                <ns3:Speed>2.8550000190734863</ns3:Speed>
                <ns3:RunCadence>87</ns3:RunCadence>
              </ns3:TPX>
            </Extensions>
          </Trackpoint>
          <Trackpoint>
            <Time>2021-01-06T21:37:45.000Z</Time>
            <Position>
              <LatitudeDegrees>22.33410787031218</LatitudeDegrees>
              <LongitudeDegrees>114.20046577110855</LongitudeDegrees>
            </Position>
            <AltitudeMeters>311.6</AltitudeMeters>
            <DistanceMeters>2936.969970703125</DistanceMeters>
            <Extensions>
              <ns3:TPX>
                <ns3:Speed>2.8459999561309814</ns3:Speed>
                <ns3:RunCadence>86</ns3:RunCadence>
              </ns3:TPX>
            </Extensions>
          </Trackpoint>
          <Trackpoint>
            <Time>2021-01-06T21:37:53.000Z</Time>
            <Position>
              <LatitudeDegrees>22.33431620300929</LatitudeDegrees>
              <LongitudeDegrees>114.20056490667015</LongitudeDegrees>
            </Position>
            <AltitudeMeters>311.6</AltitudeMeters>
            <DistanceMeters>2959.77001953125</DistanceMeters>
            <Extensions>
              <ns3:TPX>
                <ns3:Speed>2.8459999561309814</ns3:Speed>
                <ns3:RunCadence>86</ns3:RunCadence>
              </ns3:TPX>
            </Extensions>
          </Trackpoint>
          <Trackpoint>
            <Time>2021-01-06T21:38:01.000Z</Time>
            <Position>
              <LatitudeDegrees>22.334524261317323</LatitudeDegrees>
              <LongitudeDegrees>114.20066391166313</LongitudeDegrees>
            </Position>
            <AltitudeMeters>311.6</AltitudeMeters>
            <DistanceMeters>2982.5400390625</DistanceMeters>
            <Extensions>
              <ns3:TPX>
                <ns3:Speed>2.865000009536743</ns3:Speed>
                <ns3:RunCadence>86</ns3:RunCadence>
              </ns3:TPX>
            </Extensions>
          </Trackpoint>
          <Trackpoint>
            <Time>2021-01-06T21:38:08.000Z</Time>
            <Position>
              <LatitudeDegrees>22.334374946603557</LatitudeDegrees>
              <LongitudeDegrees>114.20068462970278</LongitudeDegrees>
            </Position>
            <AltitudeMeters>311.93</AltitudeMeters>
            <DistanceMeters>3002.6201171875</DistanceMeters>
            <Extensions>
              <ns3:TPX>
                <ns3:Speed>2.874000072479248</ns3:Speed>
                <ns3:RunCadence>85</ns3:RunCadence>
              </ns3:TPX>
            </Extensions>
          </Trackpoint>
        </Track>
        <Extensions>
          <ns3:LX>
            <ns3:AvgSpeed>2.8450000286102295</ns3:AvgSpeed>
            <ns3:AvgRunCadence>86</ns3:AvgRunCadence>
            <ns3:MaxRunCadence>88</ns3:MaxRunCadence>
          </ns3:LX>
        </Extensions>
      </Lap>
      <Lap StartTime="2021-01-06T21:38:09.000Z">
        <TotalTimeSeconds>352.825</TotalTimeSeconds>
        <DistanceMeters>1000.0</DistanceMeters>
        <MaximumSpeed>2.986000061035156</MaximumSpeed>
        <Calories>69</Calories>
        <Intensity>Active</Intensity>
        <TriggerMethod>Manual</TriggerMethod>
        <Track>
          <Trackpoint>
            <Time>2021-01-06T21:38:15.000Z</Time>
            <Position>
              <LatitudeDegrees>22.33417961050472</LatitudeDegrees>
              <LongitudeDegrees>114.20072782477075</LongitudeDegrees>
            </Position>
            <AltitudeMeters>311.32</AltitudeMeters>
            <DistanceMeters>3022.64990234375</DistanceMeters>
            <Extensions>
              <ns3:TPX>
                <ns3:Speed>2.8459999561309814</ns3:Speed>
                <ns3:RunCadence>86</ns3:RunCadence>
              </ns3:TPX>
            </Extensions>
          </Trackpoint>
          <Trackpoint>
            <Time>2021-01-06T21:38:23.000Z</Time>
            <Position>
              <LatitudeDegrees>22.333975587991137</LatitudeDegrees>
              <LongitudeDegrees>114.20063639607818</LongitudeDegrees>
            </Position>
            <AltitudeMeters>311.39</AltitudeMeters>
            <DistanceMeters>3045.39990234375</DistanceMeters>
            <Extensions>
              <ns3:TPX>
                <ns3:Speed>2.8369998931884766</ns3:Speed>
                <ns3:RunCadence>87</ns3:RunCadence>
              </ns3:TPX>
            </Extensions>
          </Trackpoint>
          <Trackpoint>
            <Time>2021-01-06T21:38:31.000Z</Time>
            <Position>
              <LatitudeDegrees>22.333773701550616</LatitudeDegrees>
              <LongitudeDegrees>114.20052276437046</LongitudeDegrees>
            </Position>
            <AltitudeMeters>311.6</AltitudeMeters>
            <DistanceMeters>3068.199951171875</DistanceMeters>
            <Extensions>
              <ns3:TPX>
                <ns3:Speed>2.8550000190734863</ns3:Speed>
                <ns3:RunCadence>86</ns3:RunCadence>
              </ns3:TPX>
            </Extensions>
          </Trackpoint>
          <Trackpoint>
            <Time>2021-01-06T21:38:39.000Z</Time>
            <Position>
              <LatitudeDegrees>22.333646646553028</LatitudeDegrees>
              <LongitudeDegrees>114.20034466301094</LongitudeDegrees>
            </Position>
            <AltitudeMeters>311.65</AltitudeMeters>
            <DistanceMeters>3090.949951171875</DistanceMeters>
            <Extensions>
              <ns3:TPX>
                <ns3:Speed>2.8459999561309814</ns3:Speed>
                <ns3:RunCadence>85</ns3:RunCadence>
              </ns3:TPX>
            </Extensions>
          </Trackpoint>
          <Trackpoint>
            <Time>2021-01-06T21:38:43.000Z</Time>
            <Position>
              <LatitudeDegrees>22.333624308363067</LatitudeDegrees>
              <LongitudeDegrees>114.20022390473675</LongitudeDegrees>
            </Position>
            <AltitudeMeters>311.7</AltitudeMeters>
            <DistanceMeters>3102.360107421875</DistanceMeters>
            <Extensions>
              <ns3:TPX>
                <ns3:Speed>2.8550000190734863</ns3:Speed>
                <ns3:RunCadence>84</ns3:RunCadence>
              </ns3:TPX>
            </Extensions>
          </Trackpoint>
          <Trackpoint>
            <Time>2021-01-06T21:38:51.000Z</Time>
            <Position>
              <LatitudeDegrees>22.33357862469673</LatitudeDegrees>
              <LongitudeDegrees>114.20000324568569</LongitudeDegrees>
            </Position>
            <AltitudeMeters>311.85</AltitudeMeters>
            <DistanceMeters>3125.179931640625</DistanceMeters>
            <Extensions>
              <ns3:TPX>
                <ns3:Speed>2.8459999561309814</ns3:Speed>
                <ns3:RunCadence>85</ns3:RunCadence>
              </ns3:TPX>
            </Extensions>
          </Trackpoint>
          <Trackpoint>
            <Time>2021-01-06T21:38:59.000Z</Time>
            <Position>
              <LatitudeDegrees>22.333671923503747</LatitudeDegrees>
              <LongitudeDegrees>114.20012641922207</LongitudeDegrees>
            </Position>
            <AltitudeMeters>312.4</AltitudeMeters>
            <DistanceMeters>3147.919921875</DistanceMeters>
            <Extensions>
              <ns3:TPX>
                <ns3:Speed>2.8369998931884766</ns3:Speed>
                <ns3:RunCadence>85</ns3:RunCadence>
              </ns3:TPX>
            </Extensions>
          </Trackpoint>
          <Trackpoint>
            <Time>2021-01-06T21:39:07.000Z</Time>
            <Position>
              <LatitudeDegrees>22.33382308889944</LatitudeDegrees>
              <LongitudeDegrees>114.20026424199074</LongitudeDegrees>
            </Position>
            <AltitudeMeters>312.52</AltitudeMeters>
            <DistanceMeters>3170.699951171875</DistanceMeters>
            <Extensions>
              <ns3:TPX>
                <ns3:Speed>2.8369998931884766</ns3:Speed>
                <ns3:RunCadence>85</ns3:RunCadence>
              </ns3:TPX>
            </Extensions>
          </Trackpoint>
          <Trackpoint>
            <Time>2021-01-06T21:39:15.000Z</Time>
            <Position>
              <LatitudeDegrees>22.333764607600653</LatitudeDegrees>
              <LongitudeDegrees>114.20047202208538</LongitudeDegrees>
            </Position>
            <AltitudeMeters>312.6</AltitudeMeters>
            <DistanceMeters>3193.31005859375</DistanceMeters>
            <Extensions>
              <ns3:TPX>
                <ns3:Speed>2.8269999027252197</ns3:Speed>
                <ns3:RunCadence>86</ns3:RunCadence>
              </ns3:TPX>
            </Extensions>
          </Trackpoint>
          <Trackpoint>
            <Time>2021-01-06T21:39:23.000Z</Time>
            <Position>
              <LatitudeDegrees>22.33363222061374</LatitudeDegrees>
              <LongitudeDegrees>114.20065978394972</LongitudeDegrees>
            </Position>
            <AltitudeMeters>312.82</AltitudeMeters>
            <DistanceMeters>3215.919921875</DistanceMeters>
            <Extensions>
              <ns3:TPX>
                <ns3:Speed>2.8269999027252197</ns3:Speed>
                <ns3:RunCadence>85</ns3:RunCadence>
              </ns3:TPX>
            </Extensions>
          </Trackpoint>
          <Trackpoint>
            <Time>2021-01-06T21:39:31.000Z</Time>
            <Position>
              <LatitudeDegrees>22.333494836977565</LatitudeDegrees>
              <LongitudeDegrees>114.200851296897</LongitudeDegrees>
            </Position>
            <AltitudeMeters>312.77</AltitudeMeters>
            <DistanceMeters>3238.489990234375</DistanceMeters>
            <Extensions>
              <ns3:TPX>
                <ns3:Speed>2.818000078201294</ns3:Speed>
                <ns3:RunCadence>86</ns3:RunCadence>
              </ns3:TPX>
            </Extensions>
          </Trackpoint>
          <Trackpoint>
            <Time>2021-01-06T21:39:39.000Z</Time>
            <Position>
              <LatitudeDegrees>22.333462071049976</LatitudeDegrees>
              <LongitudeDegrees>114.20106672165535</LongitudeDegrees>
            </Position>
            <AltitudeMeters>312.08</AltitudeMeters>
            <DistanceMeters>3261.080078125</DistanceMeters>
            <Extensions>
              <ns3:TPX>
                <ns3:Speed>2.818000078201294</ns3:Speed>
                <ns3:RunCadence>85</ns3:RunCadence>
              </ns3:TPX>
            </Extensions>
          </Trackpoint>
          <Trackpoint>
            <Time>2021-01-06T21:39:47.000Z</Time>
            <Position>
              <LatitudeDegrees>22.333596837970074</LatitudeDegrees>
              <LongitudeDegrees>114.2011568811138</LongitudeDegrees>
            </Position>
            <AltitudeMeters>312.6</AltitudeMeters>
            <DistanceMeters>3283.64990234375</DistanceMeters>
            <Extensions>
              <ns3:TPX>
                <ns3:Speed>2.809000015258789</ns3:Speed>
                <ns3:RunCadence>85</ns3:RunCadence>
              </ns3:TPX>
            </Extensions>
          </Trackpoint>
          <Trackpoint>
            <Time>2021-01-06T21:39:55.000Z</Time>
            <Position>
              <LatitudeDegrees>22.333616846332948</LatitudeDegrees>
              <LongitudeDegrees>114.2013831224436</LongitudeDegrees>
            </Position>
            <AltitudeMeters>313.3</AltitudeMeters>
            <DistanceMeters>3305.949951171875</DistanceMeters>
            <Extensions>
              <ns3:TPX>
                <ns3:Speed>2.7809998989105225</ns3:Speed>
                <ns3:RunCadence>84</ns3:RunCadence>
              </ns3:TPX>
            </Extensions>
          </Trackpoint>
          <Trackpoint>
            <Time>2021-01-06T21:40:03.000Z</Time>
            <Position>
              <LatitudeDegrees>22.333696357900244</LatitudeDegrees>
              <LongitudeDegrees>114.20159769603718</LongitudeDegrees>
            </Position>
            <AltitudeMeters>313.3</AltitudeMeters>
            <DistanceMeters>3328.070068359375</DistanceMeters>
            <Extensions>
              <ns3:TPX>
                <ns3:Speed>2.76200008392334</ns3:Speed>
                <ns3:RunCadence>85</ns3:RunCadence>
              </ns3:TPX>
            </Extensions>
          </Trackpoint>
          <Trackpoint>
            <Time>2021-01-06T21:40:11.000Z</Time>
            <Position>
              <LatitudeDegrees>22.333853547651096</LatitudeDegrees>
              <LongitudeDegrees>114.20176266613417</LongitudeDegrees>
            </Position>
            <AltitudeMeters>312.68</AltitudeMeters>
            <DistanceMeters>3350.219970703125</DistanceMeters>
            <Extensions>
              <ns3:TPX>
                <ns3:Speed>2.7709999084472656</ns3:Speed>
                <ns3:RunCadence>84</ns3:RunCadence>
              </ns3:TPX>
            </Extensions>
          </Trackpoint>
          <Trackpoint>
            <Time>2021-01-06T21:40:19.000Z</Time>
            <Position>
              <LatitudeDegrees>22.33404512343141</LatitudeDegrees>
              <LongitudeDegrees>114.2018823164095</LongitudeDegrees>
            </Position>
            <AltitudeMeters>312.22</AltitudeMeters>
            <DistanceMeters>3372.389892578125</DistanceMeters>
            <Extensions>
              <ns3:TPX>
                <ns3:Speed>2.7709999084472656</ns3:Speed>
                <ns3:RunCadence>86</ns3:RunCadence>
              </ns3:TPX>
            </Extensions>
          </Trackpoint>
          <Trackpoint>
            <Time>2021-01-06T21:40:27.000Z</Time>
            <Position>
              <LatitudeDegrees>22.334235017274736</LatitudeDegrees>
              <LongitudeDegrees>114.2020047183698</LongitudeDegrees>
            </Position>
            <AltitudeMeters>311.76</AltitudeMeters>
            <DistanceMeters>3394.56005859375</DistanceMeters>
            <Extensions>
              <ns3:TPX>
                <ns3:Speed>2.7809998989105225</ns3:Speed>
                <ns3:RunCadence>87</ns3:RunCadence>
              </ns3:TPX>
            </Extensions>
          </Trackpoint>
          <Trackpoint>
            <Time>2021-01-06T21:40:35.000Z</Time>
            <Position>
              <LatitudeDegrees>22.334423402919086</LatitudeDegrees>
              <LongitudeDegrees>114.20213332891392</LongitudeDegrees>
            </Position>
            <AltitudeMeters>311.33</AltitudeMeters>
            <DistanceMeters>3416.8798828125</DistanceMeters>
            <Extensions>
              <ns3:TPX>
                <ns3:Speed>2.7899999618530273</ns3:Speed>
                <ns3:RunCadence>87</ns3:RunCadence>
              </ns3:TPX>
            </Extensions>
          </Trackpoint>
          <Trackpoint>
            <Time>2021-01-06T21:40:43.000Z</Time>
            <Position>
              <LatitudeDegrees>22.334623187120194</LatitudeDegrees>
              <LongitudeDegrees>114.2022351118701</LongitudeDegrees>
            </Position>
            <AltitudeMeters>311.79</AltitudeMeters>
            <DistanceMeters>3439.070068359375</DistanceMeters>
            <Extensions>
              <ns3:TPX>
                <ns3:Speed>2.7249999046325684</ns3:Speed>
                <ns3:RunCadence>87</ns3:RunCadence>
              </ns3:TPX>
            </Extensions>
          </Trackpoint>
          <Trackpoint>
            <Time>2021-01-06T21:40:51.000Z</Time>
            <Position>
              <LatitudeDegrees>22.334800496586357</LatitudeDegrees>
              <LongitudeDegrees>114.2023709554846</LongitudeDegrees>
            </Position>
            <AltitudeMeters>311.83</AltitudeMeters>
            <DistanceMeters>3461.030029296875</DistanceMeters>
            <Extensions>
              <ns3:TPX>
                <ns3:Speed>2.753000020980835</ns3:Speed>
                <ns3:RunCadence>87</ns3:RunCadence>
              </ns3:TPX>
            </Extensions>
          </Trackpoint>
          <Trackpoint>
            <Time>2021-01-06T21:40:59.000Z</Time>
            <Position>
              <LatitudeDegrees>22.33497849567597</LatitudeDegrees>
              <LongitudeDegrees>114.2025126853944</LongitudeDegrees>
            </Position>
            <AltitudeMeters>312.18</AltitudeMeters>
            <DistanceMeters>3483.179931640625</DistanceMeters>
            <Extensions>
              <ns3:TPX>
                <ns3:Speed>2.7809998989105225</ns3:Speed>
                <ns3:RunCadence>88</ns3:RunCadence>
              </ns3:TPX>
            </Extensions>
          </Trackpoint>
          <Trackpoint>
            <Time>2021-01-06T21:41:07.000Z</Time>
            <Position>
              <LatitudeDegrees>22.33502567616175</LatitudeDegrees>
              <LongitudeDegrees>114.20272958354407</LongitudeDegrees>
            </Position>
            <AltitudeMeters>311.65</AltitudeMeters>
            <DistanceMeters>3505.510009765625</DistanceMeters>
            <Extensions>
              <ns3:TPX>
                <ns3:Speed>2.7899999618530273</ns3:Speed>
                <ns3:RunCadence>87</ns3:RunCadence>
              </ns3:TPX>
            </Extensions>
          </Trackpoint>
          <Trackpoint>
            <Time>2021-01-06T21:41:15.000Z</Time>
            <Position>
              <LatitudeDegrees>22.334918357264918</LatitudeDegrees>
              <LongitudeDegrees>114.20291687809309</LongitudeDegrees>
            </Position>
            <AltitudeMeters>311.8</AltitudeMeters>
            <DistanceMeters>3527.6201171875</DistanceMeters>
            <Extensions>
              <ns3:TPX>
                <ns3:Speed>2.7249999046325684</ns3:Speed>
                <ns3:RunCadence>86</ns3:RunCadence>
              </ns3:TPX>
            </Extensions>
          </Trackpoint>
          <Trackpoint>
            <Time>2021-01-06T21:41:23.000Z</Time>
            <Position>
              <LatitudeDegrees>22.334989367255982</LatitudeDegrees>
              <LongitudeDegrees>114.20313888158891</LongitudeDegrees>
            </Position>
            <AltitudeMeters>311.8</AltitudeMeters>
            <DistanceMeters>3549.419921875</DistanceMeters>
            <Extensions>
              <ns3:TPX>
                <ns3:Speed>2.7249999046325684</ns3:Speed>
                <ns3:RunCadence>85</ns3:RunCadence>
              </ns3:TPX>
            </Extensions>
          </Trackpoint>
          <Trackpoint>
            <Time>2021-01-06T21:41:31.000Z</Time>
            <Position>
              <LatitudeDegrees>22.33486462358752</LatitudeDegrees>
              <LongitudeDegrees>114.20333163597759</LongitudeDegrees>
            </Position>
            <AltitudeMeters>311.97</AltitudeMeters>
            <DistanceMeters>3571.320068359375</DistanceMeters>
            <Extensions>
              <ns3:TPX>
                <ns3:Speed>2.7249999046325684</ns3:Speed>
                <ns3:RunCadence>85</ns3:RunCadence>
              </ns3:TPX>
            </Extensions>
          </Trackpoint>
          <Trackpoint>
            <Time>2021-01-06T21:41:39.000Z</Time>
            <Position>
              <LatitudeDegrees>22.33469378405303</LatitudeDegrees>
              <LongitudeDegrees>114.20347291758526</LongitudeDegrees>
            </Position>
            <AltitudeMeters>312.42</AltitudeMeters>
            <DistanceMeters>3592.969970703125</DistanceMeters>
            <Extensions>
              <ns3:TPX>
                <ns3:Speed>2.8459999561309814</ns3:Speed>
                <ns3:RunCadence>86</ns3:RunCadence>
              </ns3:TPX>
            </Extensions>
          </Trackpoint>
          <Trackpoint>
            <Time>2021-01-06T21:41:46.000Z</Time>
            <Position>
              <LatitudeDegrees>22.33450955847007</LatitudeDegrees>
              <LongitudeDegrees>114.20356062599188</LongitudeDegrees>
            </Position>
            <AltitudeMeters>312.67</AltitudeMeters>
            <DistanceMeters>3613.35009765625</DistanceMeters>
            <Extensions>
              <ns3:TPX>
                <ns3:Speed>2.9670000076293945</ns3:Speed>
                <ns3:RunCadence>86</ns3:RunCadence>
              </ns3:TPX>
            </Extensions>
          </Trackpoint>
          <Trackpoint>
            <Time>2021-01-06T21:41:53.000Z</Time>
            <Position>
              <LatitudeDegrees>22.33439968434976</LatitudeDegrees>
              <LongitudeDegrees>114.20371440547841</LongitudeDegrees>
            </Position>
            <AltitudeMeters>312.26</AltitudeMeters>
            <DistanceMeters>3634.159912109375</DistanceMeters>
            <Extensions>
              <ns3:TPX>
                <ns3:Speed>2.9860000610351562</ns3:Speed>
                <ns3:RunCadence>86</ns3:RunCadence>
              </ns3:TPX>
            </Extensions>
          </Trackpoint>
          <Trackpoint>
            <Time>2021-01-06T21:42:00.000Z</Time>
            <Position>
              <LatitudeDegrees>22.334456617059463</LatitudeDegrees>
              <LongitudeDegrees>114.20392862105903</LongitudeDegrees>
            </Position>
            <AltitudeMeters>312.47</AltitudeMeters>
            <DistanceMeters>3654.820068359375</DistanceMeters>
            <Extensions>
              <ns3:TPX>
                <ns3:Speed>2.938999891281128</ns3:Speed>
                <ns3:RunCadence>86</ns3:RunCadence>
              </ns3:TPX>
            </Extensions>
          </Trackpoint>
          <Trackpoint>
            <Time>2021-01-06T21:42:07.000Z</Time>
            <Position>
              <LatitudeDegrees>22.3344845060879</LatitudeDegrees>
              <LongitudeDegrees>114.20414206253075</LongitudeDegrees>
            </Position>
            <AltitudeMeters>312.31</AltitudeMeters>
            <DistanceMeters>3675.239990234375</DistanceMeters>
            <Extensions>
              <ns3:TPX>
                <ns3:Speed>2.8929998874664307</ns3:Speed>
                <ns3:RunCadence>86</ns3:RunCadence>
              </ns3:TPX>
            </Extensions>
          </Trackpoint>
          <Trackpoint>
            <Time>2021-01-06T21:42:14.000Z</Time>
            <Position>
              <LatitudeDegrees>22.334393066032632</LatitudeDegrees>
              <LongitudeDegrees>114.20431966488124</LongitudeDegrees>
            </Position>
            <AltitudeMeters>311.89</AltitudeMeters>
            <DistanceMeters>3695.530029296875</DistanceMeters>
            <Extensions>
              <ns3:TPX>
                <ns3:Speed>2.9019999504089355</ns3:Speed>
                <ns3:RunCadence>85</ns3:RunCadence>
              </ns3:TPX>
            </Extensions>
          </Trackpoint>
          <Trackpoint>
            <Time>2021-01-06T21:42:21.000Z</Time>
            <Position>
              <LatitudeDegrees>22.33421378892872</LatitudeDegrees>
              <LongitudeDegrees>114.2044018152294</LongitudeDegrees>
            </Position>
            <AltitudeMeters>311.96</AltitudeMeters>
            <DistanceMeters>3715.97998046875</DistanceMeters>
            <Extensions>
              <ns3:TPX>
                <ns3:Speed>2.930000066757202</ns3:Speed>
                <ns3:RunCadence>84</ns3:RunCadence>
              </ns3:TPX>
            </Extensions>
          </Trackpoint>
          <Trackpoint>
            <Time>2021-01-06T21:42:22.000Z</Time>
            <Position>
              <LatitudeDegrees>22.334184798321797</LatitudeDegrees>
              <LongitudeDegrees>114.20439851796003</LongitudeDegrees>
            </Position>
            <AltitudeMeters>311.93</AltitudeMeters>
            <DistanceMeters>3718.89990234375</DistanceMeters>
            <Extensions>
              <ns3:TPX>
                <ns3:Speed>2.9210000038146973</ns3:Speed>
                <ns3:RunCadence>84</ns3:RunCadence>
              </ns3:TPX>
            </Extensions>
          </Trackpoint>
          <Trackpoint>
            <Time>2021-01-06T21:42:29.000Z</Time>
            <Position>
              <LatitudeDegrees>22.33402146798603</LatitudeDegrees>
              <LongitudeDegrees>114.20439701025646</LongitudeDegrees>
            </Position>
            <AltitudeMeters>311.48</AltitudeMeters>
            <DistanceMeters>3739.409912109375</DistanceMeters>
            <Extensions>
              <ns3:TPX>
                <ns3:Speed>2.930000066757202</ns3:Speed>
                <ns3:RunCadence>85</ns3:RunCadence>
              </ns3:TPX>
            </Extensions>
          </Trackpoint>
          <Trackpoint>
            <Time>2021-01-06T21:42:36.000Z</Time>
            <Position>
              <LatitudeDegrees>22.333845491623563</LatitudeDegrees>
              <LongitudeDegrees>114.2043761177363</LongitudeDegrees>
            </Position>
            <AltitudeMeters>312.2</AltitudeMeters>
            <DistanceMeters>3759.840087890625</DistanceMeters>
            <Extensions>
              <ns3:TPX>
                <ns3:Speed>2.9110000133514404</ns3:Speed>
                <ns3:RunCadence>85</ns3:RunCadence>
              </ns3:TPX>
            </Extensions>
          </Trackpoint>
          <Trackpoint>
            <Time>2021-01-06T21:42:43.000Z</Time>
            <Position>
              <LatitudeDegrees>22.333907249842515</LatitudeDegrees>
              <LongitudeDegrees>114.20458372446758</LongitudeDegrees>
            </Position>
            <AltitudeMeters>312.36</AltitudeMeters>
            <DistanceMeters>3780.10009765625</DistanceMeters>
            <Extensions>
              <ns3:TPX>
                <ns3:Speed>2.882999897003174</ns3:Speed>
                <ns3:RunCadence>85</ns3:RunCadence>
              </ns3:TPX>
            </Extensions>
          </Trackpoint>
          <Trackpoint>
            <Time>2021-01-06T21:42:50.000Z</Time>
            <Position>
              <LatitudeDegrees>22.333808465497587</LatitudeDegrees>
              <LongitudeDegrees>114.20453614365277</LongitudeDegrees>
            </Position>
            <AltitudeMeters>312.04</AltitudeMeters>
            <DistanceMeters>3800.2099609375</DistanceMeters>
            <Extensions>
              <ns3:TPX>
                <ns3:Speed>2.8550000190734863</ns3:Speed>
                <ns3:RunCadence>85</ns3:RunCadence>
              </ns3:TPX>
            </Extensions>
          </Trackpoint>
          <Trackpoint>
            <Time>2021-01-06T21:42:58.000Z</Time>
            <Position>
              <LatitudeDegrees>22.3336229252461</LatitudeDegrees>
              <LongitudeDegrees>114.20449843297887</LongitudeDegrees>
            </Position>
            <AltitudeMeters>311.66</AltitudeMeters>
            <DistanceMeters>3823.02001953125</DistanceMeters>
            <Extensions>
              <ns3:TPX>
                <ns3:Speed>2.8269999027252197</ns3:Speed>
                <ns3:RunCadence>85</ns3:RunCadence>
              </ns3:TPX>
            </Extensions>
          </Trackpoint>
          <Trackpoint>
            <Time>2021-01-06T21:43:06.000Z</Time>
            <Position>
              <LatitudeDegrees>22.333433540960378</LatitudeDegrees>
              <LongitudeDegrees>114.20463081753297</LongitudeDegrees>
            </Position>
            <AltitudeMeters>311.8</AltitudeMeters>
            <DistanceMeters>3845.610107421875</DistanceMeters>
            <Extensions>
              <ns3:TPX>
                <ns3:Speed>2.8369998931884766</ns3:Speed>
                <ns3:RunCadence>85</ns3:RunCadence>
              </ns3:TPX>
            </Extensions>
          </Trackpoint>
          <Trackpoint>
            <Time>2021-01-06T21:43:13.000Z</Time>
            <Position>
              <LatitudeDegrees>22.333263155422635</LatitudeDegrees>
              <LongitudeDegrees>114.20474335132272</LongitudeDegrees>
            </Position>
            <AltitudeMeters>311.8</AltitudeMeters>
            <DistanceMeters>3865.610107421875</DistanceMeters>
            <Extensions>
              <ns3:TPX>
                <ns3:Speed>2.874000072479248</ns3:Speed>
                <ns3:RunCadence>86</ns3:RunCadence>
              </ns3:TPX>
            </Extensions>
          </Trackpoint>
          <Trackpoint>
            <Time>2021-01-06T21:43:20.000Z</Time>
            <Position>
              <LatitudeDegrees>22.333062449370466</LatitudeDegrees>
              <LongitudeDegrees>114.20475822091122</LongitudeDegrees>
            </Position>
            <AltitudeMeters>311.97</AltitudeMeters>
            <DistanceMeters>3885.85009765625</DistanceMeters>
            <Extensions>
              <ns3:TPX>
                <ns3:Speed>2.8929998874664307</ns3:Speed>
                <ns3:RunCadence>85</ns3:RunCadence>
              </ns3:TPX>
            </Extensions>
          </Trackpoint>
          <Trackpoint>
            <Time>2021-01-06T21:43:27.000Z</Time>
            <Position>
              <LatitudeDegrees>22.33286901523548</LatitudeDegrees>
              <LongitudeDegrees>114.20470005931004</LongitudeDegrees>
            </Position>
            <AltitudeMeters>311.45</AltitudeMeters>
            <DistanceMeters>3906.050048828125</DistanceMeters>
            <Extensions>
              <ns3:TPX>
                <ns3:Speed>2.882999897003174</ns3:Speed>
                <ns3:RunCadence>86</ns3:RunCadence>
              </ns3:TPX>
            </Extensions>
          </Trackpoint>
          <Trackpoint>
            <Time>2021-01-06T21:43:34.000Z</Time>
            <Position>
              <LatitudeDegrees>22.332687135486957</LatitudeDegrees>
              <LongitudeDegrees>114.20460848703253</LongitudeDegrees>
            </Position>
            <AltitudeMeters>311.42</AltitudeMeters>
            <DistanceMeters>3926.179931640625</DistanceMeters>
            <Extensions>
              <ns3:TPX>
                <ns3:Speed>2.874000072479248</ns3:Speed>
                <ns3:RunCadence>85</ns3:RunCadence>
              </ns3:TPX>
            </Extensions>
          </Trackpoint>
          <Trackpoint>
            <Time>2021-01-06T21:43:41.000Z</Time>
            <Position>
              <LatitudeDegrees>22.332514199251268</LatitudeDegrees>
              <LongitudeDegrees>114.20454334469015</LongitudeDegrees>
            </Position>
            <AltitudeMeters>310.4</AltitudeMeters>
            <DistanceMeters>3946.219970703125</DistanceMeters>
            <Extensions>
              <ns3:TPX>
                <ns3:Speed>2.8550000190734863</ns3:Speed>
                <ns3:RunCadence>85</ns3:RunCadence>
              </ns3:TPX>
            </Extensions>
          </Trackpoint>
          <Trackpoint>
            <Time>2021-01-06T21:43:48.000Z</Time>
            <Position>
              <LatitudeDegrees>22.332326505975608</LatitudeDegrees>
              <LongitudeDegrees>114.20460936330169</LongitudeDegrees>
            </Position>
            <AltitudeMeters>310.5</AltitudeMeters>
            <DistanceMeters>3966.169921875</DistanceMeters>
            <Extensions>
              <ns3:TPX>
                <ns3:Speed>2.8459999561309814</ns3:Speed>
                <ns3:RunCadence>85</ns3:RunCadence>
              </ns3:TPX>
            </Extensions>
          </Trackpoint>
          <Trackpoint>
            <Time>2021-01-06T21:43:56.000Z</Time>
            <Position>
              <LatitudeDegrees>22.33214137771075</LatitudeDegrees>
              <LongitudeDegrees>114.20472980600603</LongitudeDegrees>
            </Position>
            <AltitudeMeters>311.26</AltitudeMeters>
            <DistanceMeters>3988.909912109375</DistanceMeters>
            <Extensions>
              <ns3:TPX>
                <ns3:Speed>2.8369998931884766</ns3:Speed>
                <ns3:RunCadence>85</ns3:RunCadence>
              </ns3:TPX>
            </Extensions>
          </Trackpoint>
          <Trackpoint>
            <Time>2021-01-06T21:44:00.000Z</Time>
            <Position>
              <LatitudeDegrees>22.33202834345743</LatitudeDegrees>
              <LongitudeDegrees>114.20473666258931</LongitudeDegrees>
            </Position>
            <AltitudeMeters>311.02</AltitudeMeters>
            <DistanceMeters>4000.25</DistanceMeters>
            <Extensions>
              <ns3:TPX>
                <ns3:Speed>2.8369998931884766</ns3:Speed>
                <ns3:RunCadence>85</ns3:RunCadence>
              </ns3:TPX>
            </Extensions>
          </Trackpoint>
        </Track>
        <Extensions>
          <ns3:LX>
            <ns3:AvgSpeed>2.8340001106262207</ns3:AvgSpeed>
            <ns3:AvgRunCadence>85</ns3:AvgRunCadence>
            <ns3:MaxRunCadence>88</ns3:MaxRunCadence>
          </ns3:LX>
        </Extensions>
      </Lap>
      <Lap StartTime="2021-01-06T21:44:01.000Z">
        <TotalTimeSeconds>340.582</TotalTimeSeconds>
        <DistanceMeters>1000.0</DistanceMeters>
        <MaximumSpeed>3.1719999313354497</MaximumSpeed>
        <Calories>69</Calories>
        <Intensity>Active</Intensity>
        <TriggerMethod>Manual</TriggerMethod>
        <Track>
          <Trackpoint>
            <Time>2021-01-06T21:44:08.000Z</Time>
            <Position>
              <LatitudeDegrees>22.331915136548595</LatitudeDegrees>
              <LongitudeDegrees>114.20494215155333</LongitudeDegrees>
            </Position>
            <AltitudeMeters>311.2</AltitudeMeters>
            <DistanceMeters>4022.8798828125</DistanceMeters>
            <Extensions>
              <ns3:TPX>
                <ns3:Speed>2.8269999027252197</ns3:Speed>
                <ns3:RunCadence>85</ns3:RunCadence>
              </ns3:TPX>
            </Extensions>
          </Trackpoint>
          <Trackpoint>
            <Time>2021-01-06T21:44:16.000Z</Time>
            <Position>
              <LatitudeDegrees>22.331792820906184</LatitudeDegrees>
              <LongitudeDegrees>114.20513318327221</LongitudeDegrees>
            </Position>
            <AltitudeMeters>310.37</AltitudeMeters>
            <DistanceMeters>4045.139892578125</DistanceMeters>
            <Extensions>
              <ns3:TPX>
                <ns3:Speed>2.7060000896453857</ns3:Speed>
                <ns3:RunCadence>87</ns3:RunCadence>
              </ns3:TPX>
            </Extensions>
          </Trackpoint>
          <Trackpoint>
            <Time>2021-01-06T21:44:24.000Z</Time>
            <Position>
              <LatitudeDegrees>22.33158790289059</LatitudeDegrees>
              <LongitudeDegrees>114.20522195634058</LongitudeDegrees>
            </Position>
            <AltitudeMeters>310.83</AltitudeMeters>
            <DistanceMeters>4067.340087890625</DistanceMeters>
            <Extensions>
              <ns3:TPX>
                <ns3:Speed>2.809000015258789</ns3:Speed>
                <ns3:RunCadence>84</ns3:RunCadence>
              </ns3:TPX>
            </Extensions>
          </Trackpoint>
          <Trackpoint>
            <Time>2021-01-06T21:44:32.000Z</Time>
            <Position>
              <LatitudeDegrees>22.33139438129403</LatitudeDegrees>
              <LongitudeDegrees>114.20523402754527</LongitudeDegrees>
            </Position>
            <AltitudeMeters>311.2</AltitudeMeters>
            <DistanceMeters>4090.18994140625</DistanceMeters>
            <Extensions>
              <ns3:TPX>
                <ns3:Speed>2.874000072479248</ns3:Speed>
                <ns3:RunCadence>86</ns3:RunCadence>
              </ns3:TPX>
            </Extensions>
          </Trackpoint>
          <Trackpoint>
            <Time>2021-01-06T21:44:34.000Z</Time>
            <Position>
              <LatitudeDegrees>22.331352121924887</LatitudeDegrees>
              <LongitudeDegrees>114.20519363599355</LongitudeDegrees>
            </Position>
            <AltitudeMeters>311.2</AltitudeMeters>
            <DistanceMeters>4095.840087890625</DistanceMeters>
            <Extensions>
              <ns3:TPX>
                <ns3:Speed>2.818000078201294</ns3:Speed>
                <ns3:RunCadence>87</ns3:RunCadence>
              </ns3:TPX>
            </Extensions>
          </Trackpoint>
          <Trackpoint>
            <Time>2021-01-06T21:44:42.000Z</Time>
            <Position>
              <LatitudeDegrees>22.33119781954152</LatitudeDegrees>
              <LongitudeDegrees>114.20501313554885</LongitudeDegrees>
            </Position>
            <AltitudeMeters>310.83</AltitudeMeters>
            <DistanceMeters>4118.64990234375</DistanceMeters>
            <Extensions>
              <ns3:TPX>
                <ns3:Speed>2.865000009536743</ns3:Speed>
                <ns3:RunCadence>85</ns3:RunCadence>
              </ns3:TPX>
            </Extensions>
          </Trackpoint>
          <Trackpoint>
            <Time>2021-01-06T21:44:49.000Z</Time>
            <Position>
              <LatitudeDegrees>22.331045045885094</LatitudeDegrees>
              <LongitudeDegrees>114.2048745274705</LongitudeDegrees>
            </Position>
            <AltitudeMeters>311.56</AltitudeMeters>
            <DistanceMeters>4138.740234375</DistanceMeters>
            <Extensions>
              <ns3:TPX>
                <ns3:Speed>2.882999897003174</ns3:Speed>
                <ns3:RunCadence>85</ns3:RunCadence>
              </ns3:TPX>
            </Extensions>
          </Trackpoint>
          <Trackpoint>
            <Time>2021-01-06T21:44:56.000Z</Time>
            <Position>
              <LatitudeDegrees>22.330861687910406</LatitudeDegrees>
              <LongitudeDegrees>114.20478403090473</LongitudeDegrees>
            </Position>
            <AltitudeMeters>311.21</AltitudeMeters>
            <DistanceMeters>4159.009765625</DistanceMeters>
            <Extensions>
              <ns3:TPX>
                <ns3:Speed>2.9110000133514404</ns3:Speed>
                <ns3:RunCadence>84</ns3:RunCadence>
              </ns3:TPX>
            </Extensions>
          </Trackpoint>
          <Trackpoint>
            <Time>2021-01-06T21:45:03.000Z</Time>
            <Position>
              <LatitudeDegrees>22.330692648519943</LatitudeDegrees>
              <LongitudeDegrees>114.20466309965742</LongitudeDegrees>
            </Position>
            <AltitudeMeters>310.45</AltitudeMeters>
            <DistanceMeters>4179.31982421875</DistanceMeters>
            <Extensions>
              <ns3:TPX>
                <ns3:Speed>2.8929998874664307</ns3:Speed>
                <ns3:RunCadence>85</ns3:RunCadence>
              </ns3:TPX>
            </Extensions>
          </Trackpoint>
          <Trackpoint>
            <Time>2021-01-06T21:45:10.000Z</Time>
            <Position>
              <LatitudeDegrees>22.330522606955768</LatitudeDegrees>
              <LongitudeDegrees>114.2045454957211</LongitudeDegrees>
            </Position>
            <AltitudeMeters>311.04</AltitudeMeters>
            <DistanceMeters>4199.5400390625</DistanceMeters>
            <Extensions>
              <ns3:TPX>
                <ns3:Speed>2.882999897003174</ns3:Speed>
                <ns3:RunCadence>84</ns3:RunCadence>
              </ns3:TPX>
            </Extensions>
          </Trackpoint>
          <Trackpoint>
            <Time>2021-01-06T21:45:17.000Z</Time>
            <Position>
              <LatitudeDegrees>22.33034704609413</LatitudeDegrees>
              <LongitudeDegrees>114.2044376707027</LongitudeDegrees>
            </Position>
            <AltitudeMeters>311.2</AltitudeMeters>
            <DistanceMeters>4219.830078125</DistanceMeters>
            <Extensions>
              <ns3:TPX>
                <ns3:Speed>2.9019999504089355</ns3:Speed>
                <ns3:RunCadence>84</ns3:RunCadence>
              </ns3:TPX>
            </Extensions>
          </Trackpoint>
          <Trackpoint>
            <Time>2021-01-06T21:45:24.000Z</Time>
            <Position>
              <LatitudeDegrees>22.330157061058728</LatitudeDegrees>
              <LongitudeDegrees>114.20436047631964</LongitudeDegrees>
            </Position>
            <AltitudeMeters>310.98</AltitudeMeters>
            <DistanceMeters>4240.16015625</DistanceMeters>
            <Extensions>
              <ns3:TPX>
                <ns3:Speed>2.9110000133514404</ns3:Speed>
                <ns3:RunCadence>84</ns3:RunCadence>
              </ns3:TPX>
            </Extensions>
          </Trackpoint>
          <Trackpoint>
            <Time>2021-01-06T21:45:31.000Z</Time>
            <Position>
              <LatitudeDegrees>22.330010261212692</LatitudeDegrees>
              <LongitudeDegrees>114.204416957426</LongitudeDegrees>
            </Position>
            <AltitudeMeters>311.12</AltitudeMeters>
            <DistanceMeters>4260.4599609375</DistanceMeters>
            <Extensions>
              <ns3:TPX>
                <ns3:Speed>2.9019999504089355</ns3:Speed>
                <ns3:RunCadence>85</ns3:RunCadence>
              </ns3:TPX>
            </Extensions>
          </Trackpoint>
          <Trackpoint>
            <Time>2021-01-06T21:45:38.000Z</Time>
            <Position>
              <LatitudeDegrees>22.32992142605394</LatitudeDegrees>
              <LongitudeDegrees>114.20461196340564</LongitudeDegrees>
            </Position>
            <AltitudeMeters>311.4</AltitudeMeters>
            <DistanceMeters>4280.68017578125</DistanceMeters>
            <Extensions>
              <ns3:TPX>
                <ns3:Speed>2.8269999027252197</ns3:Speed>
                <ns3:RunCadence>84</ns3:RunCadence>
              </ns3:TPX>
            </Extensions>
          </Trackpoint>
          <Trackpoint>
            <Time>2021-01-06T21:45:46.000Z</Time>
            <Position>
              <LatitudeDegrees>22.329754974313506</LatitudeDegrees>
              <LongitudeDegrees>114.20476452461564</LongitudeDegrees>
            </Position>
            <AltitudeMeters>311.33</AltitudeMeters>
            <DistanceMeters>4302.5400390625</DistanceMeters>
            <Extensions>
              <ns3:TPX>
                <ns3:Speed>2.76200008392334</ns3:Speed>
                <ns3:RunCadence>86</ns3:RunCadence>
              </ns3:TPX>
            </Extensions>
          </Trackpoint>
          <Trackpoint>
            <Time>2021-01-06T21:45:53.000Z</Time>
            <Position>
              <LatitudeDegrees>22.329588214016884</LatitudeDegrees>
              <LongitudeDegrees>114.20484451729554</LongitudeDegrees>
            </Position>
            <AltitudeMeters>310.8</AltitudeMeters>
            <DistanceMeters>4322.56005859375</DistanceMeters>
            <Extensions>
              <ns3:TPX>
                <ns3:Speed>2.9019999504089355</ns3:Speed>
                <ns3:RunCadence>84</ns3:RunCadence>
              </ns3:TPX>
            </Extensions>
          </Trackpoint>
          <Trackpoint>
            <Time>2021-01-06T21:46:00.000Z</Time>
            <Position>
              <LatitudeDegrees>22.32939223774834</LatitudeDegrees>
              <LongitudeDegrees>114.20479946986168</LongitudeDegrees>
            </Position>
            <AltitudeMeters>311.48</AltitudeMeters>
            <DistanceMeters>4342.89990234375</DistanceMeters>
            <Extensions>
              <ns3:TPX>
                <ns3:Speed>2.882999897003174</ns3:Speed>
                <ns3:RunCadence>85</ns3:RunCadence>
              </ns3:TPX>
            </Extensions>
          </Trackpoint>
          <Trackpoint>
            <Time>2021-01-06T21:46:07.000Z</Time>
            <Position>
              <LatitudeDegrees>22.329201317825074</LatitudeDegrees>
              <LongitudeDegrees>114.20473108087096</LongitudeDegrees>
            </Position>
            <AltitudeMeters>311.51</AltitudeMeters>
            <DistanceMeters>4363.08984375</DistanceMeters>
            <Extensions>
              <ns3:TPX>
                <ns3:Speed>2.8929998874664307</ns3:Speed>
                <ns3:RunCadence>85</ns3:RunCadence>
              </ns3:TPX>
            </Extensions>
          </Trackpoint>
          <Trackpoint>
            <Time>2021-01-06T21:46:14.000Z</Time>
            <Position>
              <LatitudeDegrees>22.32900427067132</LatitudeDegrees>
              <LongitudeDegrees>114.20468570105399</LongitudeDegrees>
            </Position>
            <AltitudeMeters>311.6</AltitudeMeters>
            <DistanceMeters>4383.2900390625</DistanceMeters>
            <Extensions>
              <ns3:TPX>
                <ns3:Speed>2.874000072479248</ns3:Speed>
                <ns3:RunCadence>85</ns3:RunCadence>
              </ns3:TPX>
            </Extensions>
          </Trackpoint>
          <Trackpoint>
            <Time>2021-01-06T21:46:21.000Z</Time>
            <Position>
              <LatitudeDegrees>22.328810779970613</LatitudeDegrees>
              <LongitudeDegrees>114.20462690160163</LongitudeDegrees>
            </Position>
            <AltitudeMeters>310.89</AltitudeMeters>
            <DistanceMeters>4403.4599609375</DistanceMeters>
            <Extensions>
              <ns3:TPX>
                <ns3:Speed>2.882999897003174</ns3:Speed>
                <ns3:RunCadence>85</ns3:RunCadence>
              </ns3:TPX>
            </Extensions>
          </Trackpoint>
          <Trackpoint>
            <Time>2021-01-06T21:46:28.000Z</Time>
            <Position>
              <LatitudeDegrees>22.32862208757586</LatitudeDegrees>
              <LongitudeDegrees>114.204557572714</LongitudeDegrees>
            </Position>
            <AltitudeMeters>310.76</AltitudeMeters>
            <DistanceMeters>4423.669921875</DistanceMeters>
            <Extensions>
              <ns3:TPX>
                <ns3:Speed>2.8929998874664307</ns3:Speed>
                <ns3:RunCadence>84</ns3:RunCadence>
              </ns3:TPX>
            </Extensions>
          </Trackpoint>
          <Trackpoint>
            <Time>2021-01-06T21:46:35.000Z</Time>
            <Position>
              <LatitudeDegrees>22.32844826196509</LatitudeDegrees>
              <LongitudeDegrees>114.20444710102997</LongitudeDegrees>
            </Position>
            <AltitudeMeters>311.46</AltitudeMeters>
            <DistanceMeters>4443.919921875</DistanceMeters>
            <Extensions>
              <ns3:TPX>
                <ns3:Speed>2.8929998874664307</ns3:Speed>
                <ns3:RunCadence>84</ns3:RunCadence>
              </ns3:TPX>
            </Extensions>
          </Trackpoint>
          <Trackpoint>
            <Time>2021-01-06T21:46:42.000Z</Time>
            <Position>
              <LatitudeDegrees>22.328277941020648</LatitudeDegrees>
              <LongitudeDegrees>114.20433015113248</LongitudeDegrees>
            </Position>
            <AltitudeMeters>310.9</AltitudeMeters>
            <DistanceMeters>4464.14990234375</DistanceMeters>
            <Extensions>
              <ns3:TPX>
                <ns3:Speed>2.8929998874664307</ns3:Speed>
                <ns3:RunCadence>85</ns3:RunCadence>
              </ns3:TPX>
            </Extensions>
          </Trackpoint>
          <Trackpoint>
            <Time>2021-01-06T21:46:49.000Z</Time>
            <Position>
              <LatitudeDegrees>22.32811486333602</LatitudeDegrees>
              <LongitudeDegrees>114.2042010384365</LongitudeDegrees>
            </Position>
            <AltitudeMeters>310.72</AltitudeMeters>
            <DistanceMeters>4484.39990234375</DistanceMeters>
            <Extensions>
              <ns3:TPX>
                <ns3:Speed>2.8929998874664307</ns3:Speed>
                <ns3:RunCadence>84</ns3:RunCadence>
              </ns3:TPX>
            </Extensions>
          </Trackpoint>
          <Trackpoint>
            <Time>2021-01-06T21:46:56.000Z</Time>
            <Position>
              <LatitudeDegrees>22.327943917160024</LatitudeDegrees>
              <LongitudeDegrees>114.20408532854309</LongitudeDegrees>
            </Position>
            <AltitudeMeters>310.7</AltitudeMeters>
            <DistanceMeters>4504.64990234375</DistanceMeters>
            <Extensions>
              <ns3:TPX>
                <ns3:Speed>2.8929998874664307</ns3:Speed>
                <ns3:RunCadence>86</ns3:RunCadence>
              </ns3:TPX>
            </Extensions>
          </Trackpoint>
          <Trackpoint>
            <Time>2021-01-06T21:47:03.000Z</Time>
            <Position>
              <LatitudeDegrees>22.327780765503903</LatitudeDegrees>
              <LongitudeDegrees>114.20396141069376</LongitudeDegrees>
            </Position>
            <AltitudeMeters>310.38</AltitudeMeters>
            <DistanceMeters>4524.89990234375</DistanceMeters>
            <Extensions>
              <ns3:TPX>
                <ns3:Speed>2.8929998874664307</ns3:Speed>
                <ns3:RunCadence>84</ns3:RunCadence>
              </ns3:TPX>
            </Extensions>
          </Trackpoint>
          <Trackpoint>
            <Time>2021-01-06T21:47:09.000Z</Time>
            <Position>
              <LatitudeDegrees>22.327653415992852</LatitudeDegrees>
              <LongitudeDegrees>114.20383512263786</LongitudeDegrees>
            </Position>
            <AltitudeMeters>310.69</AltitudeMeters>
            <DistanceMeters>4542.25</DistanceMeters>
            <Extensions>
              <ns3:TPX>
                <ns3:Speed>2.8929998874664307</ns3:Speed>
                <ns3:RunCadence>84</ns3:RunCadence>
              </ns3:TPX>
            </Extensions>
          </Trackpoint>
          <Trackpoint>
            <Time>2021-01-06T21:47:16.000Z</Time>
            <Position>
              <LatitudeDegrees>22.32762952131406</LatitudeDegrees>
              <LongitudeDegrees>114.20365922203806</LongitudeDegrees>
            </Position>
            <AltitudeMeters>310.7</AltitudeMeters>
            <DistanceMeters>4562.5498046875</DistanceMeters>
            <Extensions>
              <ns3:TPX>
                <ns3:Speed>2.9019999504089355</ns3:Speed>
                <ns3:RunCadence>85</ns3:RunCadence>
              </ns3:TPX>
            </Extensions>
          </Trackpoint>
          <Trackpoint>
            <Time>2021-01-06T21:47:23.000Z</Time>
            <Position>
              <LatitudeDegrees>22.32774372319885</LatitudeDegrees>
              <LongitudeDegrees>114.20348148245604</LongitudeDegrees>
            </Position>
            <AltitudeMeters>310.5</AltitudeMeters>
            <DistanceMeters>4582.93994140625</DistanceMeters>
            <Extensions>
              <ns3:TPX>
                <ns3:Speed>2.9210000038146973</ns3:Speed>
                <ns3:RunCadence>84</ns3:RunCadence>
              </ns3:TPX>
            </Extensions>
          </Trackpoint>
          <Trackpoint>
            <Time>2021-01-06T21:47:30.000Z</Time>
            <Position>
              <LatitudeDegrees>22.32788645028937</LatitudeDegrees>
              <LongitudeDegrees>114.20332315515576</LongitudeDegrees>
            </Position>
            <AltitudeMeters>310.3</AltitudeMeters>
            <DistanceMeters>4603.43017578125</DistanceMeters>
            <Extensions>
              <ns3:TPX>
                <ns3:Speed>2.930000066757202</ns3:Speed>
                <ns3:RunCadence>84</ns3:RunCadence>
              </ns3:TPX>
            </Extensions>
          </Trackpoint>
          <Trackpoint>
            <Time>2021-01-06T21:47:37.000Z</Time>
            <Position>
              <LatitudeDegrees>22.328009111453518</LatitudeDegrees>
              <LongitudeDegrees>114.20314726813672</LongitudeDegrees>
            </Position>
            <AltitudeMeters>310.4</AltitudeMeters>
            <DistanceMeters>4623.93994140625</DistanceMeters>
            <Extensions>
              <ns3:TPX>
                <ns3:Speed>2.930000066757202</ns3:Speed>
                <ns3:RunCadence>84</ns3:RunCadence>
              </ns3:TPX>
            </Extensions>
          </Trackpoint>
          <Trackpoint>
            <Time>2021-01-06T21:47:44.000Z</Time>
            <Position>
              <LatitudeDegrees>22.32810381993956</LatitudeDegrees>
              <LongitudeDegrees>114.2029523359375</LongitudeDegrees>
            </Position>
            <AltitudeMeters>310.27</AltitudeMeters>
            <DistanceMeters>4644.3701171875</DistanceMeters>
            <Extensions>
              <ns3:TPX>
                <ns3:Speed>2.9110000133514404</ns3:Speed>
                <ns3:RunCadence>85</ns3:RunCadence>
              </ns3:TPX>
            </Extensions>
          </Trackpoint>
          <Trackpoint>
            <Time>2021-01-06T21:47:51.000Z</Time>
            <Position>
              <LatitudeDegrees>22.328245674550597</LatitudeDegrees>
              <LongitudeDegrees>114.20280291303803</LongitudeDegrees>
            </Position>
            <AltitudeMeters>310.81</AltitudeMeters>
            <DistanceMeters>4664.81982421875</DistanceMeters>
            <Extensions>
              <ns3:TPX>
                <ns3:Speed>2.947999954223633</ns3:Speed>
                <ns3:RunCadence>86</ns3:RunCadence>
              </ns3:TPX>
            </Extensions>
          </Trackpoint>
          <Trackpoint>
            <Time>2021-01-06T21:47:58.000Z</Time>
            <Position>
              <LatitudeDegrees>22.32839177114871</LatitudeDegrees>
              <LongitudeDegrees>114.20265293638536</LongitudeDegrees>
            </Position>
            <AltitudeMeters>310.05</AltitudeMeters>
            <DistanceMeters>4686.509765625</DistanceMeters>
            <Extensions>
              <ns3:TPX>
                <ns3:Speed>3.171999931335449</ns3:Speed>
                <ns3:RunCadence>85</ns3:RunCadence>
              </ns3:TPX>
            </Extensions>
          </Trackpoint>
          <Trackpoint>
            <Time>2021-01-06T21:48:05.000Z</Time>
            <Position>
              <LatitudeDegrees>22.328480228493465</LatitudeDegrees>
              <LongitudeDegrees>114.20244136231173</LongitudeDegrees>
            </Position>
            <AltitudeMeters>311.2</AltitudeMeters>
            <DistanceMeters>4708.52001953125</DistanceMeters>
            <Extensions>
              <ns3:TPX>
                <ns3:Speed>3.1070001125335693</ns3:Speed>
                <ns3:RunCadence>85</ns3:RunCadence>
              </ns3:TPX>
            </Extensions>
          </Trackpoint>
          <Trackpoint>
            <Time>2021-01-06T21:48:12.000Z</Time>
            <Position>
              <LatitudeDegrees>22.32865752521141</LatitudeDegrees>
              <LongitudeDegrees>114.20231366370585</LongitudeDegrees>
            </Position>
            <AltitudeMeters>311.2</AltitudeMeters>
            <DistanceMeters>4729.85986328125</DistanceMeters>
            <Extensions>
              <ns3:TPX>
                <ns3:Speed>3.0230000019073486</ns3:Speed>
                <ns3:RunCadence>85</ns3:RunCadence>
              </ns3:TPX>
            </Extensions>
          </Trackpoint>
          <Trackpoint>
            <Time>2021-01-06T21:48:19.000Z</Time>
            <Position>
              <LatitudeDegrees>22.328836790526434</LatitudeDegrees>
              <LongitudeDegrees>114.2021866366987</LongitudeDegrees>
            </Position>
            <AltitudeMeters>311.2</AltitudeMeters>
            <DistanceMeters>4751.330078125</DistanceMeters>
            <Extensions>
              <ns3:TPX>
                <ns3:Speed>3.0880000591278076</ns3:Speed>
                <ns3:RunCadence>87</ns3:RunCadence>
              </ns3:TPX>
            </Extensions>
          </Trackpoint>
          <Trackpoint>
            <Time>2021-01-06T21:48:26.000Z</Time>
            <Position>
              <LatitudeDegrees>22.329007189931723</LatitudeDegrees>
              <LongitudeDegrees>114.20204346649227</LongitudeDegrees>
            </Position>
            <AltitudeMeters>311.0</AltitudeMeters>
            <DistanceMeters>4772.9599609375</DistanceMeters>
            <Extensions>
              <ns3:TPX>
                <ns3:Speed>3.0789999961853027</ns3:Speed>
                <ns3:RunCadence>86</ns3:RunCadence>
              </ns3:TPX>
            </Extensions>
          </Trackpoint>
          <Trackpoint>
            <Time>2021-01-06T21:48:33.000Z</Time>
            <Position>
              <LatitudeDegrees>22.32912861533986</LatitudeDegrees>
              <LongitudeDegrees>114.2018555542414</LongitudeDegrees>
            </Position>
            <AltitudeMeters>310.8</AltitudeMeters>
            <DistanceMeters>4794.31005859375</DistanceMeters>
            <Extensions>
              <ns3:TPX>
                <ns3:Speed>3.0230000019073486</ns3:Speed>
                <ns3:RunCadence>87</ns3:RunCadence>
              </ns3:TPX>
            </Extensions>
          </Trackpoint>
          <Trackpoint>
            <Time>2021-01-06T21:48:40.000Z</Time>
            <Position>
              <LatitudeDegrees>22.32930505936045</LatitudeDegrees>
              <LongitudeDegrees>114.20173724251454</LongitudeDegrees>
            </Position>
            <AltitudeMeters>310.22</AltitudeMeters>
            <DistanceMeters>4815.47021484375</DistanceMeters>
            <Extensions>
              <ns3:TPX>
                <ns3:Speed>3.0230000019073486</ns3:Speed>
                <ns3:RunCadence>87</ns3:RunCadence>
              </ns3:TPX>
            </Extensions>
          </Trackpoint>
          <Trackpoint>
            <Time>2021-01-06T21:48:47.000Z</Time>
            <Position>
              <LatitudeDegrees>22.32942345117989</LatitudeDegrees>
              <LongitudeDegrees>114.20155514757255</LongitudeDegrees>
            </Position>
            <AltitudeMeters>310.19</AltitudeMeters>
            <DistanceMeters>4836.64013671875</DistanceMeters>
            <Extensions>
              <ns3:TPX>
                <ns3:Speed>3.0230000019073486</ns3:Speed>
                <ns3:RunCadence>87</ns3:RunCadence>
              </ns3:TPX>
            </Extensions>
          </Trackpoint>
          <Trackpoint>
            <Time>2021-01-06T21:48:54.000Z</Time>
            <Position>
              <LatitudeDegrees>22.329577030582282</LatitudeDegrees>
              <LongitudeDegrees>114.2013974215145</LongitudeDegrees>
            </Position>
            <AltitudeMeters>310.78</AltitudeMeters>
            <DistanceMeters>4857.9501953125</DistanceMeters>
            <Extensions>
              <ns3:TPX>
                <ns3:Speed>3.069999933242798</ns3:Speed>
                <ns3:RunCadence>87</ns3:RunCadence>
              </ns3:TPX>
            </Extensions>
          </Trackpoint>
          <Trackpoint>
            <Time>2021-01-06T21:49:01.000Z</Time>
            <Position>
              <LatitudeDegrees>22.329770669535925</LatitudeDegrees>
              <LongitudeDegrees>114.20129801267154</LongitudeDegrees>
            </Position>
            <AltitudeMeters>310.6</AltitudeMeters>
            <DistanceMeters>4879.5</DistanceMeters>
            <Extensions>
              <ns3:TPX>
                <ns3:Speed>3.0789999961853027</ns3:Speed>
                <ns3:RunCadence>87</ns3:RunCadence>
              </ns3:TPX>
            </Extensions>
          </Trackpoint>
          <Trackpoint>
            <Time>2021-01-06T21:49:08.000Z</Time>
            <Position>
              <LatitudeDegrees>22.329980206642492</LatitudeDegrees>
              <LongitudeDegrees>114.20124755446238</LongitudeDegrees>
            </Position>
            <AltitudeMeters>310.6</AltitudeMeters>
            <DistanceMeters>4901.02978515625</DistanceMeters>
            <Extensions>
              <ns3:TPX>
                <ns3:Speed>3.069999933242798</ns3:Speed>
                <ns3:RunCadence>88</ns3:RunCadence>
              </ns3:TPX>
            </Extensions>
          </Trackpoint>
          <Trackpoint>
            <Time>2021-01-06T21:49:15.000Z</Time>
            <Position>
              <LatitudeDegrees>22.33012173309137</LatitudeDegrees>
              <LongitudeDegrees>114.20109761677294</LongitudeDegrees>
            </Position>
            <AltitudeMeters>310.6</AltitudeMeters>
            <DistanceMeters>4922.47998046875</DistanceMeters>
            <Extensions>
              <ns3:TPX>
                <ns3:Speed>3.059999942779541</ns3:Speed>
                <ns3:RunCadence>88</ns3:RunCadence>
              </ns3:TPX>
            </Extensions>
          </Trackpoint>
          <Trackpoint>
            <Time>2021-01-06T21:49:22.000Z</Time>
            <Position>
              <LatitudeDegrees>22.330281034551636</LatitudeDegrees>
              <LongitudeDegrees>114.20096126070229</LongitudeDegrees>
            </Position>
            <AltitudeMeters>310.6</AltitudeMeters>
            <DistanceMeters>4943.81982421875</DistanceMeters>
            <Extensions>
              <ns3:TPX>
                <ns3:Speed>3.0420000553131104</ns3:Speed>
                <ns3:RunCadence>87</ns3:RunCadence>
              </ns3:TPX>
            </Extensions>
          </Trackpoint>
          <Trackpoint>
            <Time>2021-01-06T21:49:29.000Z</Time>
            <Position>
              <LatitudeDegrees>22.33036991904975</LatitudeDegrees>
              <LongitudeDegrees>114.20076310523274</LongitudeDegrees>
            </Position>
            <AltitudeMeters>310.4</AltitudeMeters>
            <DistanceMeters>4965.0498046875</DistanceMeters>
            <Extensions>
              <ns3:TPX>
                <ns3:Speed>3.0320000648498535</ns3:Speed>
                <ns3:RunCadence>85</ns3:RunCadence>
              </ns3:TPX>
            </Extensions>
          </Trackpoint>
          <Trackpoint>
            <Time>2021-01-06T21:49:36.000Z</Time>
            <Position>
              <LatitudeDegrees>22.330385431642263</LatitudeDegrees>
              <LongitudeDegrees>114.20053465427964</LongitudeDegrees>
            </Position>
            <AltitudeMeters>310.42</AltitudeMeters>
            <DistanceMeters>4986.33984375</DistanceMeters>
            <Extensions>
              <ns3:TPX>
                <ns3:Speed>3.0510001182556152</ns3:Speed>
                <ns3:RunCadence>86</ns3:RunCadence>
              </ns3:TPX>
            </Extensions>
          </Trackpoint>
          <Trackpoint>
            <Time>2021-01-06T21:49:41.000Z</Time>
            <Position>
              <LatitudeDegrees>22.33044371785716</LatitudeDegrees>
              <LongitudeDegrees>114.2003831868133</LongitudeDegrees>
            </Position>
            <AltitudeMeters>310.68</AltitudeMeters>
            <DistanceMeters>5001.5400390625</DistanceMeters>
            <Extensions>
              <ns3:TPX>
                <ns3:Speed>3.0320000648498535</ns3:Speed>
                <ns3:RunCadence>87</ns3:RunCadence>
              </ns3:TPX>
            </Extensions>
          </Trackpoint>
        </Track>
        <Extensions>
          <ns3:LX>
            <ns3:AvgSpeed>2.9360001087188716</ns3:AvgSpeed>
            <ns3:AvgRunCadence>85</ns3:AvgRunCadence>
            <ns3:MaxRunCadence>88</ns3:MaxRunCadence>
          </ns3:LX>
        </Extensions>
      </Lap>
      <Lap StartTime="2021-01-06T21:49:42.000Z">
        <TotalTimeSeconds>210.991</TotalTimeSeconds>
        <DistanceMeters>639.01</DistanceMeters>
        <MaximumSpeed>3.1719999313354497</MaximumSpeed>
        <Calories>44</Calories>
        <Intensity>Active</Intensity>
        <TriggerMethod>Manual</TriggerMethod>
        <Track>
          <Trackpoint>
            <Time>2021-01-06T21:49:48.000Z</Time>
            <Position>
              <LatitudeDegrees>22.33054754624474</LatitudeDegrees>
              <LongitudeDegrees>114.20018448655232</LongitudeDegrees>
            </Position>
            <AltitudeMeters>310.99</AltitudeMeters>
            <DistanceMeters>5022.759765625</DistanceMeters>
            <Extensions>
              <ns3:TPX>
                <ns3:Speed>3.0320000648498535</ns3:Speed>
                <ns3:RunCadence>86</ns3:RunCadence>
              </ns3:TPX>
            </Extensions>
          </Trackpoint>
          <Trackpoint>
            <Time>2021-01-06T21:49:55.000Z</Time>
            <Position>
              <LatitudeDegrees>22.33055475733599</LatitudeDegrees>
              <LongitudeDegrees>114.2003783275556</LongitudeDegrees>
            </Position>
            <AltitudeMeters>311.0</AltitudeMeters>
            <DistanceMeters>5043.85009765625</DistanceMeters>
            <Extensions>
              <ns3:TPX>
                <ns3:Speed>2.9860000610351562</ns3:Speed>
                <ns3:RunCadence>85</ns3:RunCadence>
              </ns3:TPX>
            </Extensions>
          </Trackpoint>
          <Trackpoint>
            <Time>2021-01-06T21:50:02.000Z</Time>
            <Position>
              <LatitudeDegrees>22.330650238919258</LatitudeDegrees>
              <LongitudeDegrees>114.20037470306418</LongitudeDegrees>
            </Position>
            <AltitudeMeters>310.63</AltitudeMeters>
            <DistanceMeters>5064.669921875</DistanceMeters>
            <Extensions>
              <ns3:TPX>
                <ns3:Speed>2.994999885559082</ns3:Speed>
                <ns3:RunCadence>86</ns3:RunCadence>
              </ns3:TPX>
            </Extensions>
          </Trackpoint>
          <Trackpoint>
            <Time>2021-01-06T21:50:09.000Z</Time>
            <Position>
              <LatitudeDegrees>22.330622356188798</LatitudeDegrees>
              <LongitudeDegrees>114.20035996181457</LongitudeDegrees>
            </Position>
            <AltitudeMeters>310.8</AltitudeMeters>
            <DistanceMeters>5085.5498046875</DistanceMeters>
            <Extensions>
              <ns3:TPX>
                <ns3:Speed>2.9860000610351562</ns3:Speed>
                <ns3:RunCadence>87</ns3:RunCadence>
              </ns3:TPX>
            </Extensions>
          </Trackpoint>
          <Trackpoint>
            <Time>2021-01-06T21:50:16.000Z</Time>
            <Position>
              <LatitudeDegrees>22.330652585702715</LatitudeDegrees>
              <LongitudeDegrees>114.20031037168201</LongitudeDegrees>
            </Position>
            <AltitudeMeters>310.74</AltitudeMeters>
            <DistanceMeters>5106.419921875</DistanceMeters>
            <Extensions>
              <ns3:TPX>
                <ns3:Speed>2.9760000705718994</ns3:Speed>
                <ns3:RunCadence>86</ns3:RunCadence>
              </ns3:TPX>
            </Extensions>
          </Trackpoint>
          <Trackpoint>
            <Time>2021-01-06T21:50:23.000Z</Time>
            <Position>
              <LatitudeDegrees>22.330496359472786</LatitudeDegrees>
              <LongitudeDegrees>114.20041149972924</LongitudeDegrees>
            </Position>
            <AltitudeMeters>311.02</AltitudeMeters>
            <DistanceMeters>5127.22998046875</DistanceMeters>
            <Extensions>
              <ns3:TPX>
                <ns3:Speed>2.9860000610351562</ns3:Speed>
                <ns3:RunCadence>87</ns3:RunCadence>
              </ns3:TPX>
            </Extensions>
          </Trackpoint>
          <Trackpoint>
            <Time>2021-01-06T21:50:30.000Z</Time>
            <Position>
              <LatitudeDegrees>22.330284215812174</LatitudeDegrees>
              <LongitudeDegrees>114.20038918527479</LongitudeDegrees>
            </Position>
            <AltitudeMeters>311.08</AltitudeMeters>
            <DistanceMeters>5148.580078125</DistanceMeters>
            <Extensions>
              <ns3:TPX>
                <ns3:Speed>3.0789999961853027</ns3:Speed>
                <ns3:RunCadence>87</ns3:RunCadence>
              </ns3:TPX>
            </Extensions>
          </Trackpoint>
          <Trackpoint>
            <Time>2021-01-06T21:50:37.000Z</Time>
            <Position>
              <LatitudeDegrees>22.330070184812882</LatitudeDegrees>
              <LongitudeDegrees>114.20036667229951</LongitudeDegrees>
            </Position>
            <AltitudeMeters>311.15</AltitudeMeters>
            <DistanceMeters>5170.1201171875</DistanceMeters>
            <Extensions>
              <ns3:TPX>
                <ns3:Speed>3.0789999961853027</ns3:Speed>
                <ns3:RunCadence>86</ns3:RunCadence>
              </ns3:TPX>
            </Extensions>
          </Trackpoint>
          <Trackpoint>
            <Time>2021-01-06T21:50:44.000Z</Time>
            <Position>
              <LatitudeDegrees>22.32988501564379</LatitudeDegrees>
              <LongitudeDegrees>114.20040863851315</LongitudeDegrees>
            </Position>
            <AltitudeMeters>311.2</AltitudeMeters>
            <DistanceMeters>5191.68017578125</DistanceMeters>
            <Extensions>
              <ns3:TPX>
                <ns3:Speed>3.0880000591278076</ns3:Speed>
                <ns3:RunCadence>86</ns3:RunCadence>
              </ns3:TPX>
            </Extensions>
          </Trackpoint>
          <Trackpoint>
            <Time>2021-01-06T21:50:51.000Z</Time>
            <Position>
              <LatitudeDegrees>22.329754759692374</LatitudeDegrees>
              <LongitudeDegrees>114.20059309673631</LongitudeDegrees>
            </Position>
            <AltitudeMeters>311.13</AltitudeMeters>
            <DistanceMeters>5213.259765625</DistanceMeters>
            <Extensions>
              <ns3:TPX>
                <ns3:Speed>3.0880000591278076</ns3:Speed>
                <ns3:RunCadence>86</ns3:RunCadence>
              </ns3:TPX>
            </Extensions>
          </Trackpoint>
          <Trackpoint>
            <Time>2021-01-06T21:50:58.000Z</Time>
            <Position>
              <LatitudeDegrees>22.329604967790196</LatitudeDegrees>
              <LongitudeDegrees>114.20075452955432</LongitudeDegrees>
            </Position>
            <AltitudeMeters>310.99</AltitudeMeters>
            <DistanceMeters>5234.85986328125</DistanceMeters>
            <Extensions>
              <ns3:TPX>
                <ns3:Speed>3.0789999961853027</ns3:Speed>
                <ns3:RunCadence>86</ns3:RunCadence>
              </ns3:TPX>
            </Extensions>
          </Trackpoint>
          <Trackpoint>
            <Time>2021-01-06T21:51:05.000Z</Time>
            <Position>
              <LatitudeDegrees>22.32939055507017</LatitudeDegrees>
              <LongitudeDegrees>114.20076525160484</LongitudeDegrees>
            </Position>
            <AltitudeMeters>310.86</AltitudeMeters>
            <DistanceMeters>5256.35986328125</DistanceMeters>
            <Extensions>
              <ns3:TPX>
                <ns3:Speed>3.069999933242798</ns3:Speed>
                <ns3:RunCadence>87</ns3:RunCadence>
              </ns3:TPX>
            </Extensions>
          </Trackpoint>
          <Trackpoint>
            <Time>2021-01-06T21:51:12.000Z</Time>
            <Position>
              <LatitudeDegrees>22.329178236224358</LatitudeDegrees>
              <LongitudeDegrees>114.20077586894783</LongitudeDegrees>
            </Position>
            <AltitudeMeters>310.72</AltitudeMeters>
            <DistanceMeters>5277.64990234375</DistanceMeters>
            <Extensions>
              <ns3:TPX>
                <ns3:Speed>3.0230000019073486</ns3:Speed>
                <ns3:RunCadence>85</ns3:RunCadence>
              </ns3:TPX>
            </Extensions>
          </Trackpoint>
          <Trackpoint>
            <Time>2021-01-06T21:51:19.000Z</Time>
            <Position>
              <LatitudeDegrees>22.3289967180177</LatitudeDegrees>
              <LongitudeDegrees>114.20079674312039</LongitudeDegrees>
            </Position>
            <AltitudeMeters>310.67</AltitudeMeters>
            <DistanceMeters>5298.66015625</DistanceMeters>
            <Extensions>
              <ns3:TPX>
                <ns3:Speed>2.9860000610351562</ns3:Speed>
                <ns3:RunCadence>84</ns3:RunCadence>
              </ns3:TPX>
            </Extensions>
          </Trackpoint>
          <Trackpoint>
            <Time>2021-01-06T21:51:26.000Z</Time>
            <Position>
              <LatitudeDegrees>22.32906734981215</LatitudeDegrees>
              <LongitudeDegrees>114.20099029234967</LongitudeDegrees>
            </Position>
            <AltitudeMeters>310.25</AltitudeMeters>
            <DistanceMeters>5319.52978515625</DistanceMeters>
            <Extensions>
              <ns3:TPX>
                <ns3:Speed>2.9760000705718994</ns3:Speed>
                <ns3:RunCadence>87</ns3:RunCadence>
              </ns3:TPX>
            </Extensions>
          </Trackpoint>
          <Trackpoint>
            <Time>2021-01-06T21:51:33.000Z</Time>
            <Position>
              <LatitudeDegrees>22.328980740951486</LatitudeDegrees>
              <LongitudeDegrees>114.2011934967171</LongitudeDegrees>
            </Position>
            <AltitudeMeters>310.65</AltitudeMeters>
            <DistanceMeters>5340.33984375</DistanceMeters>
            <Extensions>
              <ns3:TPX>
                <ns3:Speed>2.9670000076293945</ns3:Speed>
                <ns3:RunCadence>85</ns3:RunCadence>
              </ns3:TPX>
            </Extensions>
          </Trackpoint>
          <Trackpoint>
            <Time>2021-01-06T21:51:40.000Z</Time>
            <Position>
              <LatitudeDegrees>22.328841796914865</LatitudeDegrees>
              <LongitudeDegrees>114.20134229676826</LongitudeDegrees>
            </Position>
            <AltitudeMeters>310.58</AltitudeMeters>
            <DistanceMeters>5361.08984375</DistanceMeters>
            <Extensions>
              <ns3:TPX>
                <ns3:Speed>2.9579999446868896</ns3:Speed>
                <ns3:RunCadence>84</ns3:RunCadence>
              </ns3:TPX>
            </Extensions>
          </Trackpoint>
          <Trackpoint>
            <Time>2021-01-06T21:51:47.000Z</Time>
            <Position>
              <LatitudeDegrees>22.328664947163084</LatitudeDegrees>
              <LongitudeDegrees>114.20125219070394</LongitudeDegrees>
            </Position>
            <AltitudeMeters>309.71</AltitudeMeters>
            <DistanceMeters>5381.85986328125</DistanceMeters>
            <Extensions>
              <ns3:TPX>
                <ns3:Speed>2.9670000076293945</ns3:Speed>
                <ns3:RunCadence>86</ns3:RunCadence>
              </ns3:TPX>
            </Extensions>
          </Trackpoint>
          <Trackpoint>
            <Time>2021-01-06T21:51:54.000Z</Time>
            <Position>
              <LatitudeDegrees>22.328505189801543</LatitudeDegrees>
              <LongitudeDegrees>114.20118790534592</LongitudeDegrees>
            </Position>
            <AltitudeMeters>309.86</AltitudeMeters>
            <DistanceMeters>5402.64013671875</DistanceMeters>
            <Extensions>
              <ns3:TPX>
                <ns3:Speed>2.9760000705718994</ns3:Speed>
                <ns3:RunCadence>86</ns3:RunCadence>
              </ns3:TPX>
            </Extensions>
          </Trackpoint>
          <Trackpoint>
            <Time>2021-01-06T21:52:01.000Z</Time>
            <Position>
              <LatitudeDegrees>22.328511715637198</LatitudeDegrees>
              <LongitudeDegrees>114.20107773716146</LongitudeDegrees>
            </Position>
            <AltitudeMeters>310.13</AltitudeMeters>
            <DistanceMeters>5423.47998046875</DistanceMeters>
            <Extensions>
              <ns3:TPX>
                <ns3:Speed>2.9860000610351562</ns3:Speed>
                <ns3:RunCadence>87</ns3:RunCadence>
              </ns3:TPX>
            </Extensions>
          </Trackpoint>
          <Trackpoint>
            <Time>2021-01-06T21:52:08.000Z</Time>
            <Position>
              <LatitudeDegrees>22.328702231080218</LatitudeDegrees>
              <LongitudeDegrees>114.20103930970868</LongitudeDegrees>
            </Position>
            <AltitudeMeters>310.11</AltitudeMeters>
            <DistanceMeters>5444.43017578125</DistanceMeters>
            <Extensions>
              <ns3:TPX>
                <ns3:Speed>3.003999948501587</ns3:Speed>
                <ns3:RunCadence>86</ns3:RunCadence>
              </ns3:TPX>
            </Extensions>
          </Trackpoint>
          <Trackpoint>
            <Time>2021-01-06T21:52:15.000Z</Time>
            <Position>
              <LatitudeDegrees>22.328879457282326</LatitudeDegrees>
              <LongitudeDegrees>114.20114864048283</LongitudeDegrees>
            </Position>
            <AltitudeMeters>310.55</AltitudeMeters>
            <DistanceMeters>5465.52978515625</DistanceMeters>
            <Extensions>
              <ns3:TPX>
                <ns3:Speed>3.0230000019073486</ns3:Speed>
                <ns3:RunCadence>85</ns3:RunCadence>
              </ns3:TPX>
            </Extensions>
          </Trackpoint>
          <Trackpoint>
            <Time>2021-01-06T21:52:22.000Z</Time>
            <Position>
              <LatitudeDegrees>22.328976966675206</LatitudeDegrees>
              <LongitudeDegrees>114.20134055462727</LongitudeDegrees>
            </Position>
            <AltitudeMeters>310.4</AltitudeMeters>
            <DistanceMeters>5486.68994140625</DistanceMeters>
            <Extensions>
              <ns3:TPX>
                <ns3:Speed>3.0230000019073486</ns3:Speed>
                <ns3:RunCadence>86</ns3:RunCadence>
              </ns3:TPX>
            </Extensions>
          </Trackpoint>
          <Trackpoint>
            <Time>2021-01-06T21:52:29.000Z</Time>
            <Position>
              <LatitudeDegrees>22.32884782781761</LatitudeDegrees>
              <LongitudeDegrees>114.2014970106914</LongitudeDegrees>
            </Position>
            <AltitudeMeters>309.97</AltitudeMeters>
            <DistanceMeters>5507.89013671875</DistanceMeters>
            <Extensions>
              <ns3:TPX>
                <ns3:Speed>3.0320000648498535</ns3:Speed>
                <ns3:RunCadence>87</ns3:RunCadence>
              </ns3:TPX>
            </Extensions>
          </Trackpoint>
          <Trackpoint>
            <Time>2021-01-06T21:52:36.000Z</Time>
            <Position>
              <LatitudeDegrees>22.32865645082844</LatitudeDegrees>
              <LongitudeDegrees>114.2015929558682</LongitudeDegrees>
            </Position>
            <AltitudeMeters>309.48</AltitudeMeters>
            <DistanceMeters>5529.1201171875</DistanceMeters>
            <Extensions>
              <ns3:TPX>
                <ns3:Speed>3.0320000648498535</ns3:Speed>
                <ns3:RunCadence>86</ns3:RunCadence>
              </ns3:TPX>
            </Extensions>
          </Trackpoint>
          <Trackpoint>
            <Time>2021-01-06T21:52:43.000Z</Time>
            <Position>
              <LatitudeDegrees>22.328497821976782</LatitudeDegrees>
              <LongitudeDegrees>114.20173801867132</LongitudeDegrees>
            </Position>
            <AltitudeMeters>309.6</AltitudeMeters>
            <DistanceMeters>5550.2900390625</DistanceMeters>
            <Extensions>
              <ns3:TPX>
                <ns3:Speed>3.0230000019073486</ns3:Speed>
                <ns3:RunCadence>86</ns3:RunCadence>
              </ns3:TPX>
            </Extensions>
          </Trackpoint>
          <Trackpoint>
            <Time>2021-01-06T21:52:50.000Z</Time>
            <Position>
              <LatitudeDegrees>22.328370381210096</LatitudeDegrees>
              <LongitudeDegrees>114.20185557791596</LongitudeDegrees>
            </Position>
            <AltitudeMeters>309.5</AltitudeMeters>
            <DistanceMeters>5571.43017578125</DistanceMeters>
            <Extensions>
              <ns3:TPX>
                <ns3:Speed>3.0139999389648438</ns3:Speed>
                <ns3:RunCadence>85</ns3:RunCadence>
              </ns3:TPX>
            </Extensions>
          </Trackpoint>
          <Trackpoint>
            <Time>2021-01-06T21:52:57.000Z</Time>
            <Position>
              <LatitudeDegrees>22.328247197269583</LatitudeDegrees>
              <LongitudeDegrees>114.20198262793615</LongitudeDegrees>
            </Position>
            <AltitudeMeters>309.62</AltitudeMeters>
            <DistanceMeters>5592.5498046875</DistanceMeters>
            <Extensions>
              <ns3:TPX>
                <ns3:Speed>3.0230000019073486</ns3:Speed>
                <ns3:RunCadence>84</ns3:RunCadence>
              </ns3:TPX>
            </Extensions>
          </Trackpoint>
          <Trackpoint>
            <Time>2021-01-06T21:53:04.000Z</Time>
            <Position>
              <LatitudeDegrees>22.328273501205825</LatitudeDegrees>
              <LongitudeDegrees>114.20221104133569</LongitudeDegrees>
            </Position>
            <AltitudeMeters>310.16</AltitudeMeters>
            <DistanceMeters>5613.8798828125</DistanceMeters>
            <Extensions>
              <ns3:TPX>
                <ns3:Speed>3.069999933242798</ns3:Speed>
                <ns3:RunCadence>87</ns3:RunCadence>
              </ns3:TPX>
            </Extensions>
          </Trackpoint>
          <Trackpoint>
            <Time>2021-01-06T21:53:11.000Z</Time>
            <Position>
              <LatitudeDegrees>22.328192370017426</LatitudeDegrees>
              <LongitudeDegrees>114.20242335488066</LongitudeDegrees>
            </Position>
            <AltitudeMeters>310.03</AltitudeMeters>
            <DistanceMeters>5635.85009765625</DistanceMeters>
            <Extensions>
              <ns3:TPX>
                <ns3:Speed>3.171999931335449</ns3:Speed>
                <ns3:RunCadence>88</ns3:RunCadence>
              </ns3:TPX>
            </Extensions>
          </Trackpoint>
          <Trackpoint>
            <Time>2021-01-06T21:53:12.000Z</Time>
            <Position>
              <LatitudeDegrees>22.328176853466637</LatitudeDegrees>
              <LongitudeDegrees>114.20245304483481</LongitudeDegrees>
            </Position>
            <AltitudeMeters>310.0</AltitudeMeters>
            <DistanceMeters>5639.009765625</DistanceMeters>
            <Extensions>
              <ns3:TPX>
                <ns3:Speed>3.1630001068115234</ns3:Speed>
                <ns3:RunCadence>88</ns3:RunCadence>
              </ns3:TPX>
            </Extensions>
          </Trackpoint>
        </Track>
        <Extensions>
          <ns3:LX>
            <ns3:AvgSpeed>3.029000043869019</ns3:AvgSpeed>
            <ns3:AvgRunCadence>86</ns3:AvgRunCadence>
            <ns3:MaxRunCadence>88</ns3:MaxRunCadence>
          </ns3:LX>
        </Extensions>
      </Lap>
      <Notes>ROUTE RECONSTRUCTED: no GPS was recorded for this activity. Coordinates were projected from the accelerometer distance onto the GPS track of activity 6188052022 (2021-01-27) using mode "scale". Generated by 06_RepairMissingRoutes.py.</Notes>
      <Creator xsi:type="Device_t">
        <Name>fēnix 3</Name>
        <UnitId>3913938328</UnitId>
        <ProductID>2050</ProductID>
        <Version>
          <VersionMajor>9</VersionMajor>
          <VersionMinor>40</VersionMinor>
          <BuildMajor>0</BuildMajor>
          <BuildMinor>0</BuildMinor>
        </Version>
      </Creator>
    </Activity>
  </Activities>
  <Author xsi:type="Application_t">
    <Name>Connect Api</Name>
    <Build>
      <Version>
        <VersionMajor>0</VersionMajor>
        <VersionMinor>0</VersionMinor>
        <BuildMajor>0</BuildMajor>
        <BuildMinor>0</BuildMinor>
      </Version>
    </Build>
    <LangID>en</LangID>
    <PartNumber>006-D2449-00</PartNumber>
  </Author>
</TrainingCenterDatabase>
