<?xml version="1.0" encoding="UTF-8"?>
<TrainingCenterDatabase
  xsi:schemaLocation="http://www.garmin.com/xmlschemas/TrainingCenterDatabase/v2 http://www.garmin.com/xmlschemas/TrainingCenterDatabasev2.xsd"
  xmlns:ns5="http://www.garmin.com/xmlschemas/ActivityGoals/v1"
  xmlns:ns3="http://www.garmin.com/xmlschemas/ActivityExtension/v2"
  xmlns:ns2="http://www.garmin.com/xmlschemas/UserProfile/v2"
  xmlns="http://www.garmin.com/xmlschemas/TrainingCenterDatabase/v2"
  xmlns:xsi="http://www.w3.org/2001/XMLSchema-instance" xmlns:ns4="http://www.garmin.com/xmlschemas/ProfileExtension/v1">
  <Activities>
    <Activity Sport="Running">
      <Id>2021-01-03T22:23:18.000Z</Id>
      <Lap StartTime="2021-01-03T22:23:18.000Z">
        <TotalTimeSeconds>374.191</TotalTimeSeconds>
        <DistanceMeters>1000.0</DistanceMeters>
        <MaximumSpeed>3.013999938964844</MaximumSpeed>
        <Calories>70</Calories>
        <Intensity>Active</Intensity>
        <TriggerMethod>Manual</TriggerMethod>
        <Track>
          <Trackpoint>
            <Time>2021-01-03T22:23:18.000Z</Time>
            <Position>
              <LatitudeDegrees>22.328441587529827</LatitudeDegrees>
              <LongitudeDegrees>114.20833694295749</LongitudeDegrees>
            </Position>
            <AltitudeMeters>311.28</AltitudeMeters>
            <DistanceMeters>1.850000023841858</DistanceMeters>
            <Extensions>
              <ns3:TPX>
                <ns3:Speed>1.8569999933242798</ns3:Speed>
                <ns3:RunCadence>72</ns3:RunCadence>
              </ns3:TPX>
            </Extensions>
          </Trackpoint>
          <Trackpoint>
            <Time>2021-01-03T22:23:28.000Z</Time>
            <Position>
              <LatitudeDegrees>22.3282824771491</LatitudeDegrees>
              <LongitudeDegrees>114.20822092612178</LongitudeDegrees>
            </Position>
            <AltitudeMeters>311.19</AltitudeMeters>
            <DistanceMeters>22.420000076293945</DistanceMeters>
            <Extensions>
              <ns3:TPX>
                <ns3:Speed>2.3610000610351562</ns3:Speed>
                <ns3:RunCadence>85</ns3:RunCadence>
              </ns3:TPX>
            </Extensions>
          </Trackpoint>
          <Trackpoint>
            <Time>2021-01-03T22:23:36.000Z</Time>
            <Position>
              <LatitudeDegrees>22.32846842809656</LatitudeDegrees>
              <LongitudeDegrees>114.20819444541189</LongitudeDegrees>
            </Position>
            <AltitudeMeters>311.88</AltitudeMeters>
            <DistanceMeters>42.619998931884766</DistanceMeters>
            <Extensions>
              <ns3:TPX>
                <ns3:Speed>2.6500000953674316</ns3:Speed>
                <ns3:RunCadence>85</ns3:RunCadence>
              </ns3:TPX>
            </Extensions>
          </Trackpoint>
          <Trackpoint>
            <Time>2021-01-03T22:23:44.000Z</Time>
            <Position>
              <LatitudeDegrees>22.32866665279402</LatitudeDegrees>
              <LongitudeDegrees>114.20812289079812</LongitudeDegrees>
            </Position>
            <AltitudeMeters>311.23</AltitudeMeters>
            <DistanceMeters>63.2400016784668</DistanceMeters>
            <Extensions>
              <ns3:TPX>
                <ns3:Speed>2.6029999256134033</ns3:Speed>
                <ns3:RunCadence>85</ns3:RunCadence>
              </ns3:TPX>
            </Extensions>
          </Trackpoint>
          <Trackpoint>
            <Time>2021-01-03T22:23:52.000Z</Time>
            <Position>
              <LatitudeDegrees>22.32888441166021</LatitudeDegrees>
              <LongitudeDegrees>114.20809470714619</LongitudeDegrees>
            </Position>
            <AltitudeMeters>311.2</AltitudeMeters>
            <DistanceMeters>84.9000015258789</DistanceMeters>
            <Extensions>
              <ns3:TPX>
                <ns3:Speed>2.76200008392334</ns3:Speed>
                <ns3:RunCadence>86</ns3:RunCadence>
              </ns3:TPX>
            </Extensions>
          </Trackpoint>
          <Trackpoint>
            <Time>2021-01-03T22:24:00.000Z</Time>
            <Position>
              <LatitudeDegrees>22.32910694604792</LatitudeDegrees>
              <LongitudeDegrees>114.208068193415</LongitudeDegrees>
            </Position>
            <AltitudeMeters>311.2</AltitudeMeters>
            <DistanceMeters>106.98999786376953</DistanceMeters>
            <Extensions>
              <ns3:TPX>
                <ns3:Speed>2.76200008392334</ns3:Speed>
                <ns3:RunCadence>86</ns3:RunCadence>
              </ns3:TPX>
            </Extensions>
          </Trackpoint>
          <Trackpoint>
            <Time>2021-01-03T22:24:08.000Z</Time>
            <Position>
              <LatitudeDegrees>22.329332283014047</LatitudeDegrees>
              <LongitudeDegrees>114.20806136499831</LongitudeDegrees>
            </Position>
            <AltitudeMeters>311.38</AltitudeMeters>
            <DistanceMeters>129.25</DistanceMeters>
            <Extensions>
              <ns3:TPX>
                <ns3:Speed>2.7990000247955322</ns3:Speed>
                <ns3:RunCadence>86</ns3:RunCadence>
              </ns3:TPX>
            </Extensions>
          </Trackpoint>
          <Trackpoint>
            <Time>2021-01-03T22:24:16.000Z</Time>
            <Position>
              <LatitudeDegrees>22.329556564332236</LatitudeDegrees>
              <LongitudeDegrees>114.2081040402476</LongitudeDegrees>
            </Position>
            <AltitudeMeters>311.2</AltitudeMeters>
            <DistanceMeters>151.77999877929688</DistanceMeters>
            <Extensions>
              <ns3:TPX>
                <ns3:Speed>2.809000015258789</ns3:Speed>
                <ns3:RunCadence>86</ns3:RunCadence>
              </ns3:TPX>
            </Extensions>
          </Trackpoint>
          <Trackpoint>
            <Time>2021-01-03T22:24:24.000Z</Time>
            <Position>
              <LatitudeDegrees>22.329781670464087</LatitudeDegrees>
              <LongitudeDegrees>114.20811219730011</LongitudeDegrees>
            </Position>
            <AltitudeMeters>311.18</AltitudeMeters>
            <DistanceMeters>174.00999450683594</DistanceMeters>
            <Extensions>
              <ns3:TPX>
                <ns3:Speed>2.7809998989105225</ns3:Speed>
                <ns3:RunCadence>85</ns3:RunCadence>
              </ns3:TPX>
            </Extensions>
          </Trackpoint>
          <Trackpoint>
            <Time>2021-01-03T22:24:32.000Z</Time>
            <Position>
              <LatitudeDegrees>22.330004512432993</LatitudeDegrees>
              <LongitudeDegrees>114.2080972533386</LongitudeDegrees>
            </Position>
            <AltitudeMeters>311.0</AltitudeMeters>
            <DistanceMeters>196.05999755859375</DistanceMeters>
            <Extensions>
              <ns3:TPX>
                <ns3:Speed>2.76200008392334</ns3:Speed>
                <ns3:RunCadence>86</ns3:RunCadence>
              </ns3:TPX>
            </Extensions>
          </Trackpoint>
          <Trackpoint>
            <Time>2021-01-03T22:24:40.000Z</Time>
            <Position>
              <LatitudeDegrees>22.330225281786383</LatitudeDegrees>
              <LongitudeDegrees>114.20806052741686</LongitudeDegrees>
            </Position>
            <AltitudeMeters>310.93</AltitudeMeters>
            <DistanceMeters>218.1199951171875</DistanceMeters>
            <Extensions>
              <ns3:TPX>
                <ns3:Speed>2.743000030517578</ns3:Speed>
                <ns3:RunCadence>85</ns3:RunCadence>
              </ns3:TPX>
            </Extensions>
          </Trackpoint>
          <Trackpoint>
            <Time>2021-01-03T22:24:48.000Z</Time>
            <Position>
              <LatitudeDegrees>22.330415219404774</LatitudeDegrees>
              <LongitudeDegrees>114.20796720326948</LongitudeDegrees>
            </Position>
            <AltitudeMeters>311.0</AltitudeMeters>
            <DistanceMeters>239.8800048828125</DistanceMeters>
            <Extensions>
              <ns3:TPX>
                <ns3:Speed>2.7149999141693115</ns3:Speed>
                <ns3:RunCadence>86</ns3:RunCadence>
              </ns3:TPX>
            </Extensions>
          </Trackpoint>
          <Trackpoint>
            <Time>2021-01-03T22:24:56.000Z</Time>
            <Position>
              <LatitudeDegrees>22.330543393143735</LatitudeDegrees>
              <LongitudeDegrees>114.20778798504875</LongitudeDegrees>
            </Position>
            <AltitudeMeters>311.01</AltitudeMeters>
            <DistanceMeters>261.42999267578125</DistanceMeters>
            <Extensions>
              <ns3:TPX>
                <ns3:Speed>2.687000036239624</ns3:Speed>
                <ns3:RunCadence>85</ns3:RunCadence>
              </ns3:TPX>
            </Extensions>
          </Trackpoint>
          <Trackpoint>
            <Time>2021-01-03T22:25:04.000Z</Time>
            <Position>
              <LatitudeDegrees>22.33066229860028</LatitudeDegrees>
              <LongitudeDegrees>114.207594823689</LongitudeDegrees>
            </Position>
            <AltitudeMeters>311.2</AltitudeMeters>
            <DistanceMeters>282.92999267578125</DistanceMeters>
            <Extensions>
              <ns3:TPX>
                <ns3:Speed>2.687000036239624</ns3:Speed>
                <ns3:RunCadence>85</ns3:RunCadence>
              </ns3:TPX>
            </Extensions>
          </Trackpoint>
          <Trackpoint>
            <Time>2021-01-03T22:25:12.000Z</Time>
            <Position>
              <LatitudeDegrees>22.3306852354731</LatitudeDegrees>
              <LongitudeDegrees>114.20738547787221</LongitudeDegrees>
            </Position>
            <AltitudeMeters>311.3</AltitudeMeters>
            <DistanceMeters>304.5299987792969</DistanceMeters>
            <Extensions>
              <ns3:TPX>
                <ns3:Speed>2.7060000896453857</ns3:Speed>
                <ns3:RunCadence>86</ns3:RunCadence>
              </ns3:TPX>
            </Extensions>
          </Trackpoint>
          <Trackpoint>
            <Time>2021-01-03T22:25:20.000Z</Time>
            <Position>
              <LatitudeDegrees>22.33080393021301</LatitudeDegrees>
              <LongitudeDegrees>114.20719128055518</LongitudeDegrees>
            </Position>
            <AltitudeMeters>311.16</AltitudeMeters>
            <DistanceMeters>326.1300048828125</DistanceMeters>
            <Extensions>
              <ns3:TPX>
                <ns3:Speed>2.687000036239624</ns3:Speed>
                <ns3:RunCadence>86</ns3:RunCadence>
              </ns3:TPX>
            </Extensions>
          </Trackpoint>
          <Trackpoint>
            <Time>2021-01-03T22:25:28.000Z</Time>
            <Position>
              <LatitudeDegrees>22.330949653419573</LatitudeDegrees>
              <LongitudeDegrees>114.20701559746252</LongitudeDegrees>
            </Position>
            <AltitudeMeters>311.18</AltitudeMeters>
            <DistanceMeters>347.67999267578125</DistanceMeters>
            <Extensions>
              <ns3:TPX>
                <ns3:Speed>2.697000026702881</ns3:Speed>
                <ns3:RunCadence>86</ns3:RunCadence>
              </ns3:TPX>
            </Extensions>
          </Trackpoint>
          <Trackpoint>
            <Time>2021-01-03T22:25:36.000Z</Time>
            <Position>
              <LatitudeDegrees>22.331125645701114</LatitudeDegrees>
              <LongitudeDegrees>114.20688065227843</LongitudeDegrees>
            </Position>
            <AltitudeMeters>311.32</AltitudeMeters>
            <DistanceMeters>369.2300109863281</DistanceMeters>
            <Extensions>
              <ns3:TPX>
                <ns3:Speed>2.697000026702881</ns3:Speed>
                <ns3:RunCadence>86</ns3:RunCadence>
              </ns3:TPX>
            </Extensions>
          </Trackpoint>
          <Trackpoint>
            <Time>2021-01-03T22:25:44.000Z</Time>
            <Position>
              <LatitudeDegrees>22.33128268753223</LatitudeDegrees>
              <LongitudeDegrees>114.20672234764014</LongitudeDegrees>
            </Position>
            <AltitudeMeters>311.56</AltitudeMeters>
            <DistanceMeters>390.80999755859375</DistanceMeters>
            <Extensions>
              <ns3:TPX>
                <ns3:Speed>2.687000036239624</ns3:Speed>
                <ns3:RunCadence>84</ns3:RunCadence>
              </ns3:TPX>
            </Extensions>
          </Trackpoint>
          <Trackpoint>
            <Time>2021-01-03T22:25:52.000Z</Time>
            <Position>
              <LatitudeDegrees>22.331378520106178</LatitudeDegrees>
              <LongitudeDegrees>114.20651257091103</LongitudeDegrees>
            </Position>
            <AltitudeMeters>311.98</AltitudeMeters>
            <DistanceMeters>412.2799987792969</DistanceMeters>
            <Extensions>
              <ns3:TPX>
                <ns3:Speed>2.687000036239624</ns3:Speed>
                <ns3:RunCadence>85</ns3:RunCadence>
              </ns3:TPX>
            </Extensions>
          </Trackpoint>
          <Trackpoint>
            <Time>2021-01-03T22:26:00.000Z</Time>
            <Position>
              <LatitudeDegrees>22.331344109215</LatitudeDegrees>
              <LongitudeDegrees>114.20634918963843</LongitudeDegrees>
            </Position>
            <AltitudeMeters>312.77</AltitudeMeters>
            <DistanceMeters>433.7099914550781</DistanceMeters>
            <Extensions>
              <ns3:TPX>
                <ns3:Speed>2.677999973297119</ns3:Speed>
                <ns3:RunCadence>86</ns3:RunCadence>
              </ns3:TPX>
            </Extensions>
          </Trackpoint>
          <Trackpoint>
            <Time>2021-01-03T22:26:08.000Z</Time>
            <Position>
              <LatitudeDegrees>22.33128049268809</LatitudeDegrees>
              <LongitudeDegrees>114.20616826343947</LongitudeDegrees>
            </Position>
            <AltitudeMeters>312.6</AltitudeMeters>
            <DistanceMeters>455.1400146484375</DistanceMeters>
            <Extensions>
              <ns3:TPX>
                <ns3:Speed>2.687000036239624</ns3:Speed>
                <ns3:RunCadence>85</ns3:RunCadence>
              </ns3:TPX>
            </Extensions>
          </Trackpoint>
          <Trackpoint>
            <Time>2021-01-03T22:26:14.000Z</Time>
            <Position>
              <LatitudeDegrees>22.331348481572274</LatitudeDegrees>
              <LongitudeDegrees>114.20601117860093</LongitudeDegrees>
            </Position>
            <AltitudeMeters>312.81</AltitudeMeters>
            <DistanceMeters>471.25</DistanceMeters>
            <Extensions>
              <ns3:TPX>
                <ns3:Speed>2.677999973297119</ns3:Speed>
                <ns3:RunCadence>86</ns3:RunCadence>
              </ns3:TPX>
            </Extensions>
          </Trackpoint>
          <Trackpoint>
            <Time>2021-01-03T22:26:21.000Z</Time>
            <Position>
              <LatitudeDegrees>22.33143378501201</LatitudeDegrees>
              <LongitudeDegrees>114.20583339719644</LongitudeDegrees>
            </Position>
            <AltitudeMeters>312.84</AltitudeMeters>
            <DistanceMeters>489.8399963378906</DistanceMeters>
            <Extensions>
              <ns3:TPX>
                <ns3:Speed>2.6410000324249268</ns3:Speed>
                <ns3:RunCadence>84</ns3:RunCadence>
              </ns3:TPX>
            </Extensions>
          </Trackpoint>
          <Trackpoint>
            <Time>2021-01-03T22:26:29.000Z</Time>
            <Position>
              <LatitudeDegrees>22.331388448094856</LatitudeDegrees>
              <LongitudeDegrees>114.2056374339502</LongitudeDegrees>
            </Position>
            <AltitudeMeters>312.0</AltitudeMeters>
            <DistanceMeters>510.9599914550781</DistanceMeters>
            <Extensions>
              <ns3:TPX>
                <ns3:Speed>2.6410000324249268</ns3:Speed>
                <ns3:RunCadence>84</ns3:RunCadence>
              </ns3:TPX>
            </Extensions>
          </Trackpoint>
          <Trackpoint>
            <Time>2021-01-03T22:26:37.000Z</Time>
            <Position>
              <LatitudeDegrees>22.331224213056704</LatitudeDegrees>
              <LongitudeDegrees>114.20549043659493</LongitudeDegrees>
            </Position>
            <AltitudeMeters>312.34</AltitudeMeters>
            <DistanceMeters>532.0</DistanceMeters>
            <Extensions>
              <ns3:TPX>
                <ns3:Speed>2.61299991607666</ns3:Speed>
                <ns3:RunCadence>84</ns3:RunCadence>
              </ns3:TPX>
            </Extensions>
          </Trackpoint>
          <Trackpoint>
            <Time>2021-01-03T22:26:45.000Z</Time>
            <Position>
              <LatitudeDegrees>22.33109725490399</LatitudeDegrees>
              <LongitudeDegrees>114.20533037620048</LongitudeDegrees>
            </Position>
            <AltitudeMeters>312.8</AltitudeMeters>
            <DistanceMeters>552.8699951171875</DistanceMeters>
            <Extensions>
              <ns3:TPX>
                <ns3:Speed>2.61299991607666</ns3:Speed>
                <ns3:RunCadence>85</ns3:RunCadence>
              </ns3:TPX>
            </Extensions>
          </Trackpoint>
          <Trackpoint>
            <Time>2021-01-03T22:26:53.000Z</Time>
            <Position>
              <LatitudeDegrees>22.331197490184138</LatitudeDegrees>
              <LongitudeDegrees>114.2051356243177</LongitudeDegrees>
            </Position>
            <AltitudeMeters>312.55</AltitudeMeters>
            <DistanceMeters>573.8800048828125</DistanceMeters>
            <Extensions>
              <ns3:TPX>
                <ns3:Speed>2.63100004196167</ns3:Speed>
                <ns3:RunCadence>85</ns3:RunCadence>
              </ns3:TPX>
            </Extensions>
          </Trackpoint>
          <Trackpoint>
            <Time>2021-01-03T22:27:01.000Z</Time>
            <Position>
              <LatitudeDegrees>22.331305191820174</LatitudeDegrees>
              <LongitudeDegrees>114.2049483349899</LongitudeDegrees>
            </Position>
            <AltitudeMeters>312.2</AltitudeMeters>
            <DistanceMeters>595.0599975585938</DistanceMeters>
            <Extensions>
              <ns3:TPX>
                <ns3:Speed>2.6589999198913574</ns3:Speed>
                <ns3:RunCadence>85</ns3:RunCadence>
              </ns3:TPX>
            </Extensions>
          </Trackpoint>
          <Trackpoint>
            <Time>2021-01-03T22:27:09.000Z</Time>
            <Position>
              <LatitudeDegrees>22.3312618135139</LatitudeDegrees>
              <LongitudeDegrees>114.20473305140949</LongitudeDegrees>
            </Position>
            <AltitudeMeters>312.15</AltitudeMeters>
            <DistanceMeters>616.3400268554688</DistanceMeters>
            <Extensions>
              <ns3:TPX>
                <ns3:Speed>2.6689999103546143</ns3:Speed>
                <ns3:RunCadence>85</ns3:RunCadence>
              </ns3:TPX>
            </Extensions>
          </Trackpoint>
          <Trackpoint>
            <Time>2021-01-03T22:27:17.000Z</Time>
            <Position>
              <LatitudeDegrees>22.331126241317836</LatitudeDegrees>
              <LongitudeDegrees>114.20455200011757</LongitudeDegrees>
            </Position>
            <AltitudeMeters>312.0</AltitudeMeters>
            <DistanceMeters>637.5999755859375</DistanceMeters>
            <Extensions>
              <ns3:TPX>
                <ns3:Speed>2.6589999198913574</ns3:Speed>
                <ns3:RunCadence>86</ns3:RunCadence>
              </ns3:TPX>
            </Extensions>
          </Trackpoint>
          <Trackpoint>
            <Time>2021-01-03T22:27:25.000Z</Time>
            <Position>
              <LatitudeDegrees>22.331235208486778</LatitudeDegrees>
              <LongitudeDegrees>114.20446715494575</LongitudeDegrees>
            </Position>
            <AltitudeMeters>312.1</AltitudeMeters>
            <DistanceMeters>658.8400268554688</DistanceMeters>
            <Extensions>
              <ns3:TPX>
                <ns3:Speed>2.6500000953674316</ns3:Speed>
                <ns3:RunCadence>84</ns3:RunCadence>
              </ns3:TPX>
            </Extensions>
          </Trackpoint>
          <Trackpoint>
            <Time>2021-01-03T22:27:33.000Z</Time>
            <Position>
              <LatitudeDegrees>22.33144159391637</LatitudeDegrees>
              <LongitudeDegrees>114.20452364026613</LongitudeDegrees>
            </Position>
            <AltitudeMeters>312.3</AltitudeMeters>
            <DistanceMeters>680.0800170898438</DistanceMeters>
            <Extensions>
              <ns3:TPX>
                <ns3:Speed>2.6589999198913574</ns3:Speed>
                <ns3:RunCadence>86</ns3:RunCadence>
              </ns3:TPX>
            </Extensions>
          </Trackpoint>
          <Trackpoint>
            <Time>2021-01-03T22:27:41.000Z</Time>
            <Position>
              <LatitudeDegrees>22.331656949564017</LatitudeDegrees>
              <LongitudeDegrees>114.2045420164901</LongitudeDegrees>
            </Position>
            <AltitudeMeters>312.28</AltitudeMeters>
            <DistanceMeters>701.4000244140625</DistanceMeters>
            <Extensions>
              <ns3:TPX>
                <ns3:Speed>2.6689999103546143</ns3:Speed>
                <ns3:RunCadence>85</ns3:RunCadence>
              </ns3:TPX>
            </Extensions>
          </Trackpoint>
          <Trackpoint>
            <Time>2021-01-03T22:27:49.000Z</Time>
            <Position>
              <LatitudeDegrees>22.331873110496158</LatitudeDegrees>
              <LongitudeDegrees>114.2045303163532</LongitudeDegrees>
            </Position>
            <AltitudeMeters>312.49</AltitudeMeters>
            <DistanceMeters>722.8200073242188</DistanceMeters>
            <Extensions>
              <ns3:TPX>
                <ns3:Speed>2.687000036239624</ns3:Speed>
                <ns3:RunCadence>85</ns3:RunCadence>
              </ns3:TPX>
            </Extensions>
          </Trackpoint>
          <Trackpoint>
            <Time>2021-01-03T22:27:57.000Z</Time>
            <Position>
              <LatitudeDegrees>22.332090357818377</LatitudeDegrees>
              <LongitudeDegrees>114.20450301616638</LongitudeDegrees>
            </Position>
            <AltitudeMeters>312.49</AltitudeMeters>
            <DistanceMeters>744.4000244140625</DistanceMeters>
            <Extensions>
              <ns3:TPX>
                <ns3:Speed>2.7060000896453857</ns3:Speed>
                <ns3:RunCadence>85</ns3:RunCadence>
              </ns3:TPX>
            </Extensions>
          </Trackpoint>
          <Trackpoint>
            <Time>2021-01-03T22:28:05.000Z</Time>
            <Position>
              <LatitudeDegrees>22.33230783250546</LatitudeDegrees>
              <LongitudeDegrees>114.20447496698061</LongitudeDegrees>
            </Position>
            <AltitudeMeters>312.34</AltitudeMeters>
            <DistanceMeters>766.010009765625</DistanceMeters>
            <Extensions>
              <ns3:TPX>
                <ns3:Speed>2.687000036239624</ns3:Speed>
                <ns3:RunCadence>86</ns3:RunCadence>
              </ns3:TPX>
            </Extensions>
          </Trackpoint>
          <Trackpoint>
            <Time>2021-01-03T22:28:13.000Z</Time>
            <Position>
              <LatitudeDegrees>22.33252402907925</LatitudeDegrees>
              <LongitudeDegrees>114.20444590637261</LongitudeDegrees>
            </Position>
            <AltitudeMeters>312.21</AltitudeMeters>
            <DistanceMeters>787.510009765625</DistanceMeters>
            <Extensions>
              <ns3:TPX>
                <ns3:Speed>2.687000036239624</ns3:Speed>
                <ns3:RunCadence>87</ns3:RunCadence>
              </ns3:TPX>
            </Extensions>
          </Trackpoint>
          <Trackpoint>
            <Time>2021-01-03T22:28:21.000Z</Time>
            <Position>
              <LatitudeDegrees>22.332735627442172</LatitudeDegrees>
              <LongitudeDegrees>114.20439968196743</LongitudeDegrees>
            </Position>
            <AltitudeMeters>312.45</AltitudeMeters>
            <DistanceMeters>808.8099975585938</DistanceMeters>
            <Extensions>
              <ns3:TPX>
                <ns3:Speed>2.6500000953674316</ns3:Speed>
                <ns3:RunCadence>86</ns3:RunCadence>
              </ns3:TPX>
            </Extensions>
          </Trackpoint>
          <Trackpoint>
            <Time>2021-01-03T22:28:29.000Z</Time>
            <Position>
              <LatitudeDegrees>22.332928976089494</LatitudeDegrees>
              <LongitudeDegrees>114.20443089741751</LongitudeDegrees>
            </Position>
            <AltitudeMeters>312.36</AltitudeMeters>
            <DistanceMeters>830.1300048828125</DistanceMeters>
            <Extensions>
              <ns3:TPX>
                <ns3:Speed>2.6410000324249268</ns3:Speed>
                <ns3:RunCadence>86</ns3:RunCadence>
              </ns3:TPX>
            </Extensions>
          </Trackpoint>
          <Trackpoint>
            <Time>2021-01-03T22:28:37.000Z</Time>
            <Position>
              <LatitudeDegrees>22.333114416976905</LatitudeDegrees>
              <LongitudeDegrees>114.20453627604314</LongitudeDegrees>
            </Position>
            <AltitudeMeters>312.08</AltitudeMeters>
            <DistanceMeters>851.5</DistanceMeters>
            <Extensions>
              <ns3:TPX>
                <ns3:Speed>2.7060000896453857</ns3:Speed>
                <ns3:RunCadence>87</ns3:RunCadence>
              </ns3:TPX>
            </Extensions>
          </Trackpoint>
          <Trackpoint>
            <Time>2021-01-03T22:28:45.000Z</Time>
            <Position>
              <LatitudeDegrees>22.333331106325684</LatitudeDegrees>
              <LongitudeDegrees>114.20457602375119</LongitudeDegrees>
            </Position>
            <AltitudeMeters>312.2</AltitudeMeters>
            <DistanceMeters>873.1900024414062</DistanceMeters>
            <Extensions>
              <ns3:TPX>
                <ns3:Speed>2.7149999141693115</ns3:Speed>
                <ns3:RunCadence>86</ns3:RunCadence>
              </ns3:TPX>
            </Extensions>
          </Trackpoint>
          <Trackpoint>
            <Time>2021-01-03T22:28:53.000Z</Time>
            <Position>
              <LatitudeDegrees>22.333550612221273</LatitudeDegrees>
              <LongitudeDegrees>114.20459822823086</LongitudeDegrees>
            </Position>
            <AltitudeMeters>311.92</AltitudeMeters>
            <DistanceMeters>894.97998046875</DistanceMeters>
            <Extensions>
              <ns3:TPX>
                <ns3:Speed>2.7339999675750732</ns3:Speed>
                <ns3:RunCadence>86</ns3:RunCadence>
              </ns3:TPX>
            </Extensions>
          </Trackpoint>
          <Trackpoint>
            <Time>2021-01-03T22:29:01.000Z</Time>
            <Position>
              <LatitudeDegrees>22.333767525119484</LatitudeDegrees>
              <LongitudeDegrees>114.20458488269549</LongitudeDegrees>
            </Position>
            <AltitudeMeters>311.95</AltitudeMeters>
            <DistanceMeters>916.489990234375</DistanceMeters>
            <Extensions>
              <ns3:TPX>
                <ns3:Speed>2.61299991607666</ns3:Speed>
                <ns3:RunCadence>86</ns3:RunCadence>
              </ns3:TPX>
            </Extensions>
          </Trackpoint>
          <Trackpoint>
            <Time>2021-01-03T22:29:09.000Z</Time>
            <Position>
              <LatitudeDegrees>22.33398119535263</LatitudeDegrees>
              <LongitudeDegrees>114.20458227195097</LongitudeDegrees>
            </Position>
            <AltitudeMeters>311.91</AltitudeMeters>
            <DistanceMeters>937.6699829101562</DistanceMeters>
            <Extensions>
              <ns3:TPX>
                <ns3:Speed>2.6689999103546143</ns3:Speed>
                <ns3:RunCadence>85</ns3:RunCadence>
              </ns3:TPX>
            </Extensions>
          </Trackpoint>
          <Trackpoint>
            <Time>2021-01-03T22:29:17.000Z</Time>
            <Position>
              <LatitudeDegrees>22.33420064019868</LatitudeDegrees>
              <LongitudeDegrees>114.20459148822816</LongitudeDegrees>
            </Position>
            <AltitudeMeters>311.8</AltitudeMeters>
            <DistanceMeters>959.3400268554688</DistanceMeters>
            <Extensions>
              <ns3:TPX>
                <ns3:Speed>2.7249999046325684</ns3:Speed>
                <ns3:RunCadence>85</ns3:RunCadence>
              </ns3:TPX>
            </Extensions>
          </Trackpoint>
          <Trackpoint>
            <Time>2021-01-03T22:29:25.000Z</Time>
            <Position>
              <LatitudeDegrees>22.334422368876375</LatitudeDegrees>
              <LongitudeDegrees>114.20459234201796</LongitudeDegrees>
            </Position>
            <AltitudeMeters>312.35</AltitudeMeters>
            <DistanceMeters>981.219970703125</DistanceMeters>
            <Extensions>
              <ns3:TPX>
                <ns3:Speed>2.7899999618530273</ns3:Speed>
                <ns3:RunCadence>86</ns3:RunCadence>
              </ns3:TPX>
            </Extensions>
          </Trackpoint>
          <Trackpoint>
            <Time>2021-01-03T22:29:32.000Z</Time>
            <Position>
              <LatitudeDegrees>22.33462970524706</LatitudeDegrees>
              <LongitudeDegrees>114.20459975553268</LongitudeDegrees>
            </Position>
            <AltitudeMeters>312.33</AltitudeMeters>
            <DistanceMeters>1001.6900024414062</DistanceMeters>
            <Extensions>
              <ns3:TPX>
                <ns3:Speed>3.0139999389648438</ns3:Speed>
                <ns3:RunCadence>86</ns3:RunCadence>
              </ns3:TPX>
            </Extensions>
          </Trackpoint>
        </Track>
        <Extensions>
          <ns3:LX>
            <ns3:AvgSpeed>2.671999931335449</ns3:AvgSpeed>
            <ns3:AvgRunCadence>85</ns3:AvgRunCadence>
            <ns3:MaxRunCadence>87</ns3:MaxRunCadence>
          </ns3:LX>
        </Extensions>
      </Lap>
      <Lap StartTime="2021-01-03T22:29:33.000Z">
        <TotalTimeSeconds>379.045</TotalTimeSeconds>
        <DistanceMeters>1000.0</DistanceMeters>
        <MaximumSpeed>3.078999996185303</MaximumSpeed>
        <Calories>70</Calories>
        <Intensity>Active</Intensity>
        <TriggerMethod>Manual</TriggerMethod>
        <Track>
          <Trackpoint>
            <Time>2021-01-03T22:29:39.000Z</Time>
            <Position>
              <LatitudeDegrees>22.334842289530688</LatitudeDegrees>
              <LongitudeDegrees>114.20456164223192</LongitudeDegrees>
            </Position>
            <AltitudeMeters>312.2</AltitudeMeters>
            <DistanceMeters>1023.1500244140625</DistanceMeters>
            <Extensions>
              <ns3:TPX>
                <ns3:Speed>3.059999942779541</ns3:Speed>
                <ns3:RunCadence>85</ns3:RunCadence>
              </ns3:TPX>
            </Extensions>
          </Trackpoint>
          <Trackpoint>
            <Time>2021-01-03T22:29:46.000Z</Time>
            <Position>
              <LatitudeDegrees>22.33486342478365</LatitudeDegrees>
              <LongitudeDegrees>114.20447117312058</LongitudeDegrees>
            </Position>
            <AltitudeMeters>312.03</AltitudeMeters>
            <DistanceMeters>1043.949951171875</DistanceMeters>
            <Extensions>
              <ns3:TPX>
                <ns3:Speed>2.930000066757202</ns3:Speed>
                <ns3:RunCadence>87</ns3:RunCadence>
              </ns3:TPX>
            </Extensions>
          </Trackpoint>
          <Trackpoint>
            <Time>2021-01-03T22:29:53.000Z</Time>
            <Position>
              <LatitudeDegrees>22.334789868048148</LatitudeDegrees>
              <LongitudeDegrees>114.20426995800332</LongitudeDegrees>
            </Position>
            <AltitudeMeters>312.95</AltitudeMeters>
            <DistanceMeters>1064.1600341796875</DistanceMeters>
            <Extensions>
              <ns3:TPX>
                <ns3:Speed>2.8550000190734863</ns3:Speed>
                <ns3:RunCadence>86</ns3:RunCadence>
              </ns3:TPX>
            </Extensions>
          </Trackpoint>
          <Trackpoint>
            <Time>2021-01-03T22:29:55.000Z</Time>
            <Position>
              <LatitudeDegrees>22.334736948975785</LatitudeDegrees>
              <LongitudeDegrees>114.20424490946324</LongitudeDegrees>
            </Position>
            <AltitudeMeters>312.76</AltitudeMeters>
            <DistanceMeters>1069.8599853515625</DistanceMeters>
            <Extensions>
              <ns3:TPX>
                <ns3:Speed>2.8459999561309814</ns3:Speed>
                <ns3:RunCadence>86</ns3:RunCadence>
              </ns3:TPX>
            </Extensions>
          </Trackpoint>
          <Trackpoint>
            <Time>2021-01-03T22:30:03.000Z</Time>
            <Position>
              <LatitudeDegrees>22.334551783018956</LatitudeDegrees>
              <LongitudeDegrees>114.2041089971141</LongitudeDegrees>
            </Position>
            <AltitudeMeters>312.81</AltitudeMeters>
            <DistanceMeters>1092.280029296875</DistanceMeters>
            <Extensions>
              <ns3:TPX>
                <ns3:Speed>2.743000030517578</ns3:Speed>
                <ns3:RunCadence>84</ns3:RunCadence>
              </ns3:TPX>
            </Extensions>
          </Trackpoint>
          <Trackpoint>
            <Time>2021-01-03T22:30:11.000Z</Time>
            <Position>
              <LatitudeDegrees>22.33461140929258</LatitudeDegrees>
              <LongitudeDegrees>114.20392721512496</LongitudeDegrees>
            </Position>
            <AltitudeMeters>313.21</AltitudeMeters>
            <DistanceMeters>1113.800048828125</DistanceMeters>
            <Extensions>
              <ns3:TPX>
                <ns3:Speed>2.687000036239624</ns3:Speed>
                <ns3:RunCadence>86</ns3:RunCadence>
              </ns3:TPX>
            </Extensions>
          </Trackpoint>
          <Trackpoint>
            <Time>2021-01-03T22:30:19.000Z</Time>
            <Position>
              <LatitudeDegrees>22.33475516966232</LatitudeDegrees>
              <LongitudeDegrees>114.20375040122339</LongitudeDegrees>
            </Position>
            <AltitudeMeters>313.59</AltitudeMeters>
            <DistanceMeters>1135.4200439453125</DistanceMeters>
            <Extensions>
              <ns3:TPX>
                <ns3:Speed>2.7060000896453857</ns3:Speed>
                <ns3:RunCadence>86</ns3:RunCadence>
              </ns3:TPX>
            </Extensions>
          </Trackpoint>
          <Trackpoint>
            <Time>2021-01-03T22:30:27.000Z</Time>
            <Position>
              <LatitudeDegrees>22.334889424068958</LatitudeDegrees>
              <LongitudeDegrees>114.20356389323123</LongitudeDegrees>
            </Position>
            <AltitudeMeters>313.4</AltitudeMeters>
            <DistanceMeters>1157.0899658203125</DistanceMeters>
            <Extensions>
              <ns3:TPX>
                <ns3:Speed>2.7060000896453857</ns3:Speed>
                <ns3:RunCadence>85</ns3:RunCadence>
              </ns3:TPX>
            </Extensions>
          </Trackpoint>
          <Trackpoint>
            <Time>2021-01-03T22:30:35.000Z</Time>
            <Position>
              <LatitudeDegrees>22.33504754575379</LatitudeDegrees>
              <LongitudeDegrees>114.20341461085823</LongitudeDegrees>
            </Position>
            <AltitudeMeters>313.29</AltitudeMeters>
            <DistanceMeters>1177.93994140625</DistanceMeters>
            <Extensions>
              <ns3:TPX>
                <ns3:Speed>2.434999942779541</ns3:Speed>
                <ns3:RunCadence>77</ns3:RunCadence>
              </ns3:TPX>
            </Extensions>
          </Trackpoint>
          <Trackpoint>
            <Time>2021-01-03T22:30:45.000Z</Time>
            <Position>
              <LatitudeDegrees>22.33516897851262</LatitudeDegrees>
              <LongitudeDegrees>114.2032233303264</LongitudeDegrees>
            </Position>
            <AltitudeMeters>312.6</AltitudeMeters>
            <DistanceMeters>1200.050048828125</DistanceMeters>
            <Extensions>
              <ns3:TPX>
                <ns3:Speed>2.193000078201294</ns3:Speed>
                <ns3:RunCadence>86</ns3:RunCadence>
              </ns3:TPX>
            </Extensions>
          </Trackpoint>
          <Trackpoint>
            <Time>2021-01-03T22:30:54.000Z</Time>
            <Position>
              <LatitudeDegrees>22.335054389132566</LatitudeDegrees>
              <LongitudeDegrees>114.2030788421714</LongitudeDegrees>
            </Position>
            <AltitudeMeters>312.6</AltitudeMeters>
            <DistanceMeters>1221.699951171875</DistanceMeters>
            <Extensions>
              <ns3:TPX>
                <ns3:Speed>2.509999990463257</ns3:Speed>
                <ns3:RunCadence>85</ns3:RunCadence>
              </ns3:TPX>
            </Extensions>
          </Trackpoint>
          <Trackpoint>
            <Time>2021-01-03T22:31:02.000Z</Time>
            <Position>
              <LatitudeDegrees>22.33489375494063</LatitudeDegrees>
              <LongitudeDegrees>114.2029522724829</LongitudeDegrees>
            </Position>
            <AltitudeMeters>312.73</AltitudeMeters>
            <DistanceMeters>1242.31005859375</DistanceMeters>
            <Extensions>
              <ns3:TPX>
                <ns3:Speed>2.61299991607666</ns3:Speed>
                <ns3:RunCadence>85</ns3:RunCadence>
              </ns3:TPX>
            </Extensions>
          </Trackpoint>
          <Trackpoint>
            <Time>2021-01-03T22:31:10.000Z</Time>
            <Position>
              <LatitudeDegrees>22.334856192941693</LatitudeDegrees>
              <LongitudeDegrees>114.20280023249744</LongitudeDegrees>
            </Position>
            <AltitudeMeters>313.2</AltitudeMeters>
            <DistanceMeters>1263.3699951171875</DistanceMeters>
            <Extensions>
              <ns3:TPX>
                <ns3:Speed>2.6410000324249268</ns3:Speed>
                <ns3:RunCadence>84</ns3:RunCadence>
              </ns3:TPX>
            </Extensions>
          </Trackpoint>
          <Trackpoint>
            <Time>2021-01-03T22:31:18.000Z</Time>
            <Position>
              <LatitudeDegrees>22.334678499987874</LatitudeDegrees>
              <LongitudeDegrees>114.20269176628595</LongitudeDegrees>
            </Position>
            <AltitudeMeters>313.16</AltitudeMeters>
            <DistanceMeters>1284.6400146484375</DistanceMeters>
            <Extensions>
              <ns3:TPX>
                <ns3:Speed>2.6689999103546143</ns3:Speed>
                <ns3:RunCadence>86</ns3:RunCadence>
              </ns3:TPX>
            </Extensions>
          </Trackpoint>
          <Trackpoint>
            <Time>2021-01-03T22:31:26.000Z</Time>
            <Position>
              <LatitudeDegrees>22.33474972213564</LatitudeDegrees>
              <LongitudeDegrees>114.20247154889125</LongitudeDegrees>
            </Position>
            <AltitudeMeters>312.6</AltitudeMeters>
            <DistanceMeters>1305.93994140625</DistanceMeters>
            <Extensions>
              <ns3:TPX>
                <ns3:Speed>2.6589999198913574</ns3:Speed>
                <ns3:RunCadence>84</ns3:RunCadence>
              </ns3:TPX>
            </Extensions>
          </Trackpoint>
          <Trackpoint>
            <Time>2021-01-03T22:31:34.000Z</Time>
            <Position>
              <LatitudeDegrees>22.334797759369277</LatitudeDegrees>
              <LongitudeDegrees>114.20224600245544</LongitudeDegrees>
            </Position>
            <AltitudeMeters>312.62</AltitudeMeters>
            <DistanceMeters>1327.0699462890625</DistanceMeters>
            <Extensions>
              <ns3:TPX>
                <ns3:Speed>2.6410000324249268</ns3:Speed>
                <ns3:RunCadence>83</ns3:RunCadence>
              </ns3:TPX>
            </Extensions>
          </Trackpoint>
          <Trackpoint>
            <Time>2021-01-03T22:31:42.000Z</Time>
            <Position>
              <LatitudeDegrees>22.33480399980474</LatitudeDegrees>
              <LongitudeDegrees>114.20202038516689</LongitudeDegrees>
            </Position>
            <AltitudeMeters>312.76</AltitudeMeters>
            <DistanceMeters>1348.1800537109375</DistanceMeters>
            <Extensions>
              <ns3:TPX>
                <ns3:Speed>2.63100004196167</ns3:Speed>
                <ns3:RunCadence>83</ns3:RunCadence>
              </ns3:TPX>
            </Extensions>
          </Trackpoint>
          <Trackpoint>
            <Time>2021-01-03T22:31:50.000Z</Time>
            <Position>
              <LatitudeDegrees>22.334727562835486</LatitudeDegrees>
              <LongitudeDegrees>114.20180855013005</LongitudeDegrees>
            </Position>
            <AltitudeMeters>312.22</AltitudeMeters>
            <DistanceMeters>1369.0799560546875</DistanceMeters>
            <Extensions>
              <ns3:TPX>
                <ns3:Speed>2.5940001010894775</ns3:Speed>
                <ns3:RunCadence>83</ns3:RunCadence>
              </ns3:TPX>
            </Extensions>
          </Trackpoint>
          <Trackpoint>
            <Time>2021-01-03T22:31:58.000Z</Time>
            <Position>
              <LatitudeDegrees>22.33492342607235</LatitudeDegrees>
              <LongitudeDegrees>114.2018258942795</LongitudeDegrees>
            </Position>
            <AltitudeMeters>312.79</AltitudeMeters>
            <DistanceMeters>1389.43994140625</DistanceMeters>
            <Extensions>
              <ns3:TPX>
                <ns3:Speed>2.546999931335449</ns3:Speed>
                <ns3:RunCadence>84</ns3:RunCadence>
              </ns3:TPX>
            </Extensions>
          </Trackpoint>
          <Trackpoint>
            <Time>2021-01-03T22:32:06.000Z</Time>
            <Position>
              <LatitudeDegrees>22.334890830977603</LatitudeDegrees>
              <LongitudeDegrees>114.20162430850077</LongitudeDegrees>
            </Position>
            <AltitudeMeters>312.23</AltitudeMeters>
            <DistanceMeters>1409.9100341796875</DistanceMeters>
            <Extensions>
              <ns3:TPX>
                <ns3:Speed>2.575000047683716</ns3:Speed>
                <ns3:RunCadence>85</ns3:RunCadence>
              </ns3:TPX>
            </Extensions>
          </Trackpoint>
          <Trackpoint>
            <Time>2021-01-03T22:32:14.000Z</Time>
            <Position>
              <LatitudeDegrees>22.33486424255351</LatitudeDegrees>
              <LongitudeDegrees>114.20139899642982</LongitudeDegrees>
            </Position>
            <AltitudeMeters>312.3</AltitudeMeters>
            <DistanceMeters>1430.6400146484375</DistanceMeters>
            <Extensions>
              <ns3:TPX>
                <ns3:Speed>2.6029999256134033</ns3:Speed>
                <ns3:RunCadence>84</ns3:RunCadence>
              </ns3:TPX>
            </Extensions>
          </Trackpoint>
          <Trackpoint>
            <Time>2021-01-03T22:32:22.000Z</Time>
            <Position>
              <LatitudeDegrees>22.33483741035262</LatitudeDegrees>
              <LongitudeDegrees>114.20117161857807</LongitudeDegrees>
            </Position>
            <AltitudeMeters>312.36</AltitudeMeters>
            <DistanceMeters>1451.56005859375</DistanceMeters>
            <Extensions>
              <ns3:TPX>
                <ns3:Speed>2.63100004196167</ns3:Speed>
                <ns3:RunCadence>85</ns3:RunCadence>
              </ns3:TPX>
            </Extensions>
          </Trackpoint>
          <Trackpoint>
            <Time>2021-01-03T22:32:30.000Z</Time>
            <Position>
              <LatitudeDegrees>22.334795400141388</LatitudeDegrees>
              <LongitudeDegrees>114.20109041443779</LongitudeDegrees>
            </Position>
            <AltitudeMeters>312.33</AltitudeMeters>
            <DistanceMeters>1472.72998046875</DistanceMeters>
            <Extensions>
              <ns3:TPX>
                <ns3:Speed>2.6410000324249268</ns3:Speed>
                <ns3:RunCadence>83</ns3:RunCadence>
              </ns3:TPX>
            </Extensions>
          </Trackpoint>
          <Trackpoint>
            <Time>2021-01-03T22:32:38.000Z</Time>
            <Position>
              <LatitudeDegrees>22.334627321165456</LatitudeDegrees>
              <LongitudeDegrees>114.20095095716675</LongitudeDegrees>
            </Position>
            <AltitudeMeters>312.17</AltitudeMeters>
            <DistanceMeters>1493.6800537109375</DistanceMeters>
            <Extensions>
              <ns3:TPX>
                <ns3:Speed>2.6029999256134033</ns3:Speed>
                <ns3:RunCadence>83</ns3:RunCadence>
              </ns3:TPX>
            </Extensions>
          </Trackpoint>
          <Trackpoint>
            <Time>2021-01-03T22:32:46.000Z</Time>
            <Position>
              <LatitudeDegrees>22.33455191296593</LatitudeDegrees>
              <LongitudeDegrees>114.2007432201506</LongitudeDegrees>
            </Position>
            <AltitudeMeters>312.32</AltitudeMeters>
            <DistanceMeters>1514.2099609375</DistanceMeters>
            <Extensions>
              <ns3:TPX>
                <ns3:Speed>2.5850000381469727</ns3:Speed>
                <ns3:RunCadence>84</ns3:RunCadence>
              </ns3:TPX>
            </Extensions>
          </Trackpoint>
          <Trackpoint>
            <Time>2021-01-03T22:32:54.000Z</Time>
            <Position>
              <LatitudeDegrees>22.334471197537948</LatitudeDegrees>
              <LongitudeDegrees>114.20053423065723</LongitudeDegrees>
            </Position>
            <AltitudeMeters>312.2</AltitudeMeters>
            <DistanceMeters>1535.1199951171875</DistanceMeters>
            <Extensions>
              <ns3:TPX>
                <ns3:Speed>2.621999979019165</ns3:Speed>
                <ns3:RunCadence>85</ns3:RunCadence>
              </ns3:TPX>
            </Extensions>
          </Trackpoint>
          <Trackpoint>
            <Time>2021-01-03T22:33:02.000Z</Time>
            <Position>
              <LatitudeDegrees>22.33441533007503</LatitudeDegrees>
              <LongitudeDegrees>114.20035049031414</LongitudeDegrees>
            </Position>
            <AltitudeMeters>312.39</AltitudeMeters>
            <DistanceMeters>1556.1400146484375</DistanceMeters>
            <Extensions>
              <ns3:TPX>
                <ns3:Speed>2.621999979019165</ns3:Speed>
                <ns3:RunCadence>84</ns3:RunCadence>
              </ns3:TPX>
            </Extensions>
          </Trackpoint>
          <Trackpoint>
            <Time>2021-01-03T22:33:10.000Z</Time>
            <Position>
              <LatitudeDegrees>22.3342487051858</LatitudeDegrees>
              <LongitudeDegrees>114.20021405573753</LongitudeDegrees>
            </Position>
            <AltitudeMeters>312.4</AltitudeMeters>
            <DistanceMeters>1577.1500244140625</DistanceMeters>
            <Extensions>
              <ns3:TPX>
                <ns3:Speed>2.63100004196167</ns3:Speed>
                <ns3:RunCadence>85</ns3:RunCadence>
              </ns3:TPX>
            </Extensions>
          </Trackpoint>
          <Trackpoint>
            <Time>2021-01-03T22:33:18.000Z</Time>
            <Position>
              <LatitudeDegrees>22.3340844794524</LatitudeDegrees>
              <LongitudeDegrees>114.20029294696181</LongitudeDegrees>
            </Position>
            <AltitudeMeters>312.23</AltitudeMeters>
            <DistanceMeters>1598.030029296875</DistanceMeters>
            <Extensions>
              <ns3:TPX>
                <ns3:Speed>2.5940001010894775</ns3:Speed>
                <ns3:RunCadence>84</ns3:RunCadence>
              </ns3:TPX>
            </Extensions>
          </Trackpoint>
          <Trackpoint>
            <Time>2021-01-03T22:33:26.000Z</Time>
            <Position>
              <LatitudeDegrees>22.33391855675181</LatitudeDegrees>
              <LongitudeDegrees>114.20043555365119</LongitudeDegrees>
            </Position>
            <AltitudeMeters>311.6</AltitudeMeters>
            <DistanceMeters>1618.949951171875</DistanceMeters>
            <Extensions>
              <ns3:TPX>
                <ns3:Speed>2.621999979019165</ns3:Speed>
                <ns3:RunCadence>84</ns3:RunCadence>
              </ns3:TPX>
            </Extensions>
          </Trackpoint>
          <Trackpoint>
            <Time>2021-01-03T22:33:34.000Z</Time>
            <Position>
              <LatitudeDegrees>22.333743849498266</LatitudeDegrees>
              <LongitudeDegrees>114.2005661948961</LongitudeDegrees>
            </Position>
            <AltitudeMeters>311.62</AltitudeMeters>
            <DistanceMeters>1639.9100341796875</DistanceMeters>
            <Extensions>
              <ns3:TPX>
                <ns3:Speed>2.61299991607666</ns3:Speed>
                <ns3:RunCadence>83</ns3:RunCadence>
              </ns3:TPX>
            </Extensions>
          </Trackpoint>
          <Trackpoint>
            <Time>2021-01-03T22:33:42.000Z</Time>
            <Position>
              <LatitudeDegrees>22.333570824239487</LatitudeDegrees>
              <LongitudeDegrees>114.2007000734032</LongitudeDegrees>
            </Position>
            <AltitudeMeters>312.0</AltitudeMeters>
            <DistanceMeters>1660.9100341796875</DistanceMeters>
            <Extensions>
              <ns3:TPX>
                <ns3:Speed>2.63100004196167</ns3:Speed>
                <ns3:RunCadence>84</ns3:RunCadence>
              </ns3:TPX>
            </Extensions>
          </Trackpoint>
          <Trackpoint>
            <Time>2021-01-03T22:33:50.000Z</Time>
            <Position>
              <LatitudeDegrees>22.333391104905118</LatitudeDegrees>
              <LongitudeDegrees>114.20082394584594</LongitudeDegrees>
            </Position>
            <AltitudeMeters>312.0</AltitudeMeters>
            <DistanceMeters>1681.93994140625</DistanceMeters>
            <Extensions>
              <ns3:TPX>
                <ns3:Speed>2.63100004196167</ns3:Speed>
                <ns3:RunCadence>84</ns3:RunCadence>
              </ns3:TPX>
            </Extensions>
          </Trackpoint>
          <Trackpoint>
            <Time>2021-01-03T22:33:58.000Z</Time>
            <Position>
              <LatitudeDegrees>22.33323380643069</LatitudeDegrees>
              <LongitudeDegrees>114.20098107683602</LongitudeDegrees>
            </Position>
            <AltitudeMeters>311.96</AltitudeMeters>
            <DistanceMeters>1703.1500244140625</DistanceMeters>
            <Extensions>
              <ns3:TPX>
                <ns3:Speed>2.6589999198913574</ns3:Speed>
                <ns3:RunCadence>86</ns3:RunCadence>
              </ns3:TPX>
            </Extensions>
          </Trackpoint>
          <Trackpoint>
            <Time>2021-01-03T22:34:06.000Z</Time>
            <Position>
              <LatitudeDegrees>22.333101160575286</LatitudeDegrees>
              <LongitudeDegrees>114.20096301200778</LongitudeDegrees>
            </Position>
            <AltitudeMeters>311.44</AltitudeMeters>
            <DistanceMeters>1724.3399658203125</DistanceMeters>
            <Extensions>
              <ns3:TPX>
                <ns3:Speed>2.6410000324249268</ns3:Speed>
                <ns3:RunCadence>84</ns3:RunCadence>
              </ns3:TPX>
            </Extensions>
          </Trackpoint>
          <Trackpoint>
            <Time>2021-01-03T22:34:14.000Z</Time>
            <Position>
              <LatitudeDegrees>22.33307636781223</LatitudeDegrees>
              <LongitudeDegrees>114.20073305048177</LongitudeDegrees>
            </Position>
            <AltitudeMeters>311.55</AltitudeMeters>
            <DistanceMeters>1745.469970703125</DistanceMeters>
            <Extensions>
              <ns3:TPX>
                <ns3:Speed>2.63100004196167</ns3:Speed>
                <ns3:RunCadence>84</ns3:RunCadence>
              </ns3:TPX>
            </Extensions>
          </Trackpoint>
          <Trackpoint>
            <Time>2021-01-03T22:34:22.000Z</Time>
            <Position>
              <LatitudeDegrees>22.33305166886512</LatitudeDegrees>
              <LongitudeDegrees>114.20050395913144</LongitudeDegrees>
            </Position>
            <AltitudeMeters>311.66</AltitudeMeters>
            <DistanceMeters>1766.52001953125</DistanceMeters>
            <Extensions>
              <ns3:TPX>
                <ns3:Speed>2.63100004196167</ns3:Speed>
                <ns3:RunCadence>83</ns3:RunCadence>
              </ns3:TPX>
            </Extensions>
          </Trackpoint>
          <Trackpoint>
            <Time>2021-01-03T22:34:30.000Z</Time>
            <Position>
              <LatitudeDegrees>22.333027134203352</LatitudeDegrees>
              <LongitudeDegrees>114.20027639158492</LongitudeDegrees>
            </Position>
            <AltitudeMeters>311.77</AltitudeMeters>
            <DistanceMeters>1787.4300537109375</DistanceMeters>
            <Extensions>
              <ns3:TPX>
                <ns3:Speed>2.61299991607666</ns3:Speed>
                <ns3:RunCadence>85</ns3:RunCadence>
              </ns3:TPX>
            </Extensions>
          </Trackpoint>
          <Trackpoint>
            <Time>2021-01-03T22:34:38.000Z</Time>
            <Position>
              <LatitudeDegrees>22.333002470634167</LatitudeDegrees>
              <LongitudeDegrees>114.20004762837718</LongitudeDegrees>
            </Position>
            <AltitudeMeters>311.88</AltitudeMeters>
            <DistanceMeters>1808.449951171875</DistanceMeters>
            <Extensions>
              <ns3:TPX>
                <ns3:Speed>2.6410000324249268</ns3:Speed>
                <ns3:RunCadence>85</ns3:RunCadence>
              </ns3:TPX>
            </Extensions>
          </Trackpoint>
          <Trackpoint>
            <Time>2021-01-03T22:34:46.000Z</Time>
            <Position>
              <LatitudeDegrees>22.332977501840872</LatitudeDegrees>
              <LongitudeDegrees>114.19981603410932</LongitudeDegrees>
            </Position>
            <AltitudeMeters>311.99</AltitudeMeters>
            <DistanceMeters>1829.72998046875</DistanceMeters>
            <Extensions>
              <ns3:TPX>
                <ns3:Speed>2.6689999103546143</ns3:Speed>
                <ns3:RunCadence>85</ns3:RunCadence>
              </ns3:TPX>
            </Extensions>
          </Trackpoint>
          <Trackpoint>
            <Time>2021-01-03T22:34:54.000Z</Time>
            <Position>
              <LatitudeDegrees>22.33295245097652</LatitudeDegrees>
              <LongitudeDegrees>114.1995836786038</LongitudeDegrees>
            </Position>
            <AltitudeMeters>312.1</AltitudeMeters>
            <DistanceMeters>1851.0799560546875</DistanceMeters>
            <Extensions>
              <ns3:TPX>
                <ns3:Speed>2.6689999103546143</ns3:Speed>
                <ns3:RunCadence>84</ns3:RunCadence>
              </ns3:TPX>
            </Extensions>
          </Trackpoint>
          <Trackpoint>
            <Time>2021-01-03T22:35:02.000Z</Time>
            <Position>
              <LatitudeDegrees>22.332934540803546</LatitudeDegrees>
              <LongitudeDegrees>114.19935160230807</LongitudeDegrees>
            </Position>
            <AltitudeMeters>312.19</AltitudeMeters>
            <DistanceMeters>1872.43994140625</DistanceMeters>
            <Extensions>
              <ns3:TPX>
                <ns3:Speed>2.677999973297119</ns3:Speed>
                <ns3:RunCadence>85</ns3:RunCadence>
              </ns3:TPX>
            </Extensions>
          </Trackpoint>
          <Trackpoint>
            <Time>2021-01-03T22:35:10.000Z</Time>
            <Position>
              <LatitudeDegrees>22.33298116356108</LatitudeDegrees>
              <LongitudeDegrees>114.19912226997533</LongitudeDegrees>
            </Position>
            <AltitudeMeters>312.12</AltitudeMeters>
            <DistanceMeters>1893.8699951171875</DistanceMeters>
            <Extensions>
              <ns3:TPX>
                <ns3:Speed>2.6500000953674316</ns3:Speed>
                <ns3:RunCadence>85</ns3:RunCadence>
              </ns3:TPX>
            </Extensions>
          </Trackpoint>
          <Trackpoint>
            <Time>2021-01-03T22:35:18.000Z</Time>
            <Position>
              <LatitudeDegrees>22.333027002876758</LatitudeDegrees>
              <LongitudeDegrees>114.19889679130885</LongitudeDegrees>
            </Position>
            <AltitudeMeters>312.05</AltitudeMeters>
            <DistanceMeters>1914.93994140625</DistanceMeters>
            <Extensions>
              <ns3:TPX>
                <ns3:Speed>2.6589999198913574</ns3:Speed>
                <ns3:RunCadence>86</ns3:RunCadence>
              </ns3:TPX>
            </Extensions>
          </Trackpoint>
          <Trackpoint>
            <Time>2021-01-03T22:35:26.000Z</Time>
            <Position>
              <LatitudeDegrees>22.33307327746742</LatitudeDegrees>
              <LongitudeDegrees>114.19866917157154</LongitudeDegrees>
            </Position>
            <AltitudeMeters>311.98</AltitudeMeters>
            <DistanceMeters>1936.2099609375</DistanceMeters>
            <Extensions>
              <ns3:TPX>
                <ns3:Speed>2.6500000953674316</ns3:Speed>
                <ns3:RunCadence>83</ns3:RunCadence>
              </ns3:TPX>
            </Extensions>
          </Trackpoint>
          <Trackpoint>
            <Time>2021-01-03T22:35:34.000Z</Time>
            <Position>
              <LatitudeDegrees>22.33311896460948</LatitudeDegrees>
              <LongitudeDegrees>114.19844444143075</LongitudeDegrees>
            </Position>
            <AltitudeMeters>311.91</AltitudeMeters>
            <DistanceMeters>1957.2099609375</DistanceMeters>
            <Extensions>
              <ns3:TPX>
                <ns3:Speed>2.61299991607666</ns3:Speed>
                <ns3:RunCadence>84</ns3:RunCadence>
              </ns3:TPX>
            </Extensions>
          </Trackpoint>
          <Trackpoint>
            <Time>2021-01-03T22:35:42.000Z</Time>
            <Position>
              <LatitudeDegrees>22.333164107856987</LatitudeDegrees>
              <LongitudeDegrees>114.1982223866488</LongitudeDegrees>
            </Position>
            <AltitudeMeters>311.84</AltitudeMeters>
            <DistanceMeters>1977.9599609375</DistanceMeters>
            <Extensions>
              <ns3:TPX>
                <ns3:Speed>2.5850000381469727</ns3:Speed>
                <ns3:RunCadence>83</ns3:RunCadence>
              </ns3:TPX>
            </Extensions>
          </Trackpoint>
          <Trackpoint>
            <Time>2021-01-03T22:35:50.000Z</Time>
            <Position>
              <LatitudeDegrees>22.33324890513696</LatitudeDegrees>
              <LongitudeDegrees>114.19801974705703</LongitudeDegrees>
            </Position>
            <AltitudeMeters>312.0</AltitudeMeters>
            <DistanceMeters>1998.72998046875</DistanceMeters>
            <Extensions>
              <ns3:TPX>
                <ns3:Speed>2.621999979019165</ns3:Speed>
                <ns3:RunCadence>84</ns3:RunCadence>
              </ns3:TPX>
            </Extensions>
          </Trackpoint>
          <Trackpoint>
            <Time>2021-01-03T22:35:51.000Z</Time>
            <Position>
              <LatitudeDegrees>22.333264893428858</LatitudeDegrees>
              <LongitudeDegrees>114.19799668991736</LongitudeDegrees>
            </Position>
            <AltitudeMeters>312.05</AltitudeMeters>
            <DistanceMeters>2001.3599853515625</DistanceMeters>
            <Extensions>
              <ns3:TPX>
                <ns3:Speed>2.621999979019165</ns3:Speed>
                <ns3:RunCadence>85</ns3:RunCadence>
              </ns3:TPX>
            </Extensions>
          </Trackpoint>
        </Track>
        <Extensions>
          <ns3:LX>
            <ns3:AvgSpeed>2.638000011444092</ns3:AvgSpeed>
            <ns3:AvgRunCadence>84</ns3:AvgRunCadence>
            <ns3:MaxRunCadence>87</ns3:MaxRunCadence>
          </ns3:LX>
        </Extensions>
      </Lap>
      <Lap StartTime="2021-01-03T22:35:52.000Z">
        <TotalTimeSeconds>377.839</TotalTimeSeconds>
        <DistanceMeters>1000.0</DistanceMeters>
        <MaximumSpeed>2.7149999141693115</MaximumSpeed>
        <Calories>70</Calories>
        <Intensity>Active</Intensity>
        <TriggerMethod>Manual</TriggerMethod>
        <Track>
          <Trackpoint>
            <Time>2021-01-03T22:35:59.000Z</Time>
            <Position>
              <LatitudeDegrees>22.33343185718936</LatitudeDegrees>
              <LongitudeDegrees>114.19786243841858</LongitudeDegrees>
            </Position>
            <AltitudeMeters>312.12</AltitudeMeters>
            <DistanceMeters>2022.3900146484375</DistanceMeters>
            <Extensions>
              <ns3:TPX>
                <ns3:Speed>2.63100004196167</ns3:Speed>
                <ns3:RunCadence>85</ns3:RunCadence>
              </ns3:TPX>
            </Extensions>
          </Trackpoint>
          <Trackpoint>
            <Time>2021-01-03T22:36:07.000Z</Time>
            <Position>
              <LatitudeDegrees>22.33362201162732</LatitudeDegrees>
              <LongitudeDegrees>114.19775690625418</LongitudeDegrees>
            </Position>
            <AltitudeMeters>311.99</AltitudeMeters>
            <DistanceMeters>2043.47998046875</DistanceMeters>
            <Extensions>
              <ns3:TPX>
                <ns3:Speed>2.6410000324249268</ns3:Speed>
                <ns3:RunCadence>84</ns3:RunCadence>
              </ns3:TPX>
            </Extensions>
          </Trackpoint>
          <Trackpoint>
            <Time>2021-01-03T22:36:15.000Z</Time>
            <Position>
              <LatitudeDegrees>22.333810993896215</LatitudeDegrees>
              <LongitudeDegrees>114.19765202462175</LongitudeDegrees>
            </Position>
            <AltitudeMeters>311.86</AltitudeMeters>
            <DistanceMeters>2064.43994140625</DistanceMeters>
            <Extensions>
              <ns3:TPX>
                <ns3:Speed>2.565999984741211</ns3:Speed>
                <ns3:RunCadence>83</ns3:RunCadence>
              </ns3:TPX>
            </Extensions>
          </Trackpoint>
          <Trackpoint>
            <Time>2021-01-03T22:36:23.000Z</Time>
            <Position>
              <LatitudeDegrees>22.334003971912413</LatitudeDegrees>
              <LongitudeDegrees>114.19757941353889</LongitudeDegrees>
            </Position>
            <AltitudeMeters>312.18</AltitudeMeters>
            <DistanceMeters>2084.77001953125</DistanceMeters>
            <Extensions>
              <ns3:TPX>
                <ns3:Speed>2.556999921798706</ns3:Speed>
                <ns3:RunCadence>85</ns3:RunCadence>
              </ns3:TPX>
            </Extensions>
          </Trackpoint>
          <Trackpoint>
            <Time>2021-01-03T22:36:31.000Z</Time>
            <Position>
              <LatitudeDegrees>22.333854716618</LatitudeDegrees>
              <LongitudeDegrees>114.19744622525083</LongitudeDegrees>
            </Position>
            <AltitudeMeters>312.2</AltitudeMeters>
            <DistanceMeters>2105.409912109375</DistanceMeters>
            <Extensions>
              <ns3:TPX>
                <ns3:Speed>2.5940001010894775</ns3:Speed>
                <ns3:RunCadence>83</ns3:RunCadence>
              </ns3:TPX>
            </Extensions>
          </Trackpoint>
          <Trackpoint>
            <Time>2021-01-03T22:36:39.000Z</Time>
            <Position>
              <LatitudeDegrees>22.333661637478976</LatitudeDegrees>
              <LongitudeDegrees>114.1973572238582</LongitudeDegrees>
            </Position>
            <AltitudeMeters>312.2</AltitudeMeters>
            <DistanceMeters>2126.18994140625</DistanceMeters>
            <Extensions>
              <ns3:TPX>
                <ns3:Speed>2.61299991607666</ns3:Speed>
                <ns3:RunCadence>83</ns3:RunCadence>
              </ns3:TPX>
            </Extensions>
          </Trackpoint>
          <Trackpoint>
            <Time>2021-01-03T22:36:47.000Z</Time>
            <Position>
              <LatitudeDegrees>22.333509081233107</LatitudeDegrees>
              <LongitudeDegrees>114.1972041743231</LongitudeDegrees>
            </Position>
            <AltitudeMeters>312.2</AltitudeMeters>
            <DistanceMeters>2147.139892578125</DistanceMeters>
            <Extensions>
              <ns3:TPX>
                <ns3:Speed>2.63100004196167</ns3:Speed>
                <ns3:RunCadence>84</ns3:RunCadence>
              </ns3:TPX>
            </Extensions>
          </Trackpoint>
          <Trackpoint>
            <Time>2021-01-03T22:36:55.000Z</Time>
            <Position>
              <LatitudeDegrees>22.333336178314834</LatitudeDegrees>
              <LongitudeDegrees>114.19706971314744</LongitudeDegrees>
            </Position>
            <AltitudeMeters>312.2</AltitudeMeters>
            <DistanceMeters>2168.159912109375</DistanceMeters>
            <Extensions>
              <ns3:TPX>
                <ns3:Speed>2.61299991607666</ns3:Speed>
                <ns3:RunCadence>83</ns3:RunCadence>
              </ns3:TPX>
            </Extensions>
          </Trackpoint>
          <Trackpoint>
            <Time>2021-01-03T22:37:03.000Z</Time>
            <Position>
              <LatitudeDegrees>22.3331856599323</LatitudeDegrees>
              <LongitudeDegrees>114.19720496003134</LongitudeDegrees>
            </Position>
            <AltitudeMeters>312.0</AltitudeMeters>
            <DistanceMeters>2188.989990234375</DistanceMeters>
            <Extensions>
              <ns3:TPX>
                <ns3:Speed>2.6029999256134033</ns3:Speed>
                <ns3:RunCadence>84</ns3:RunCadence>
              </ns3:TPX>
            </Extensions>
          </Trackpoint>
          <Trackpoint>
            <Time>2021-01-03T22:37:10.000Z</Time>
            <Position>
              <LatitudeDegrees>22.333007094349547</LatitudeDegrees>
              <LongitudeDegrees>114.1972562155681</LongitudeDegrees>
            </Position>
            <AltitudeMeters>312.29</AltitudeMeters>
            <DistanceMeters>2207.239990234375</DistanceMeters>
            <Extensions>
              <ns3:TPX>
                <ns3:Speed>2.6029999256134033</ns3:Speed>
                <ns3:RunCadence>84</ns3:RunCadence>
              </ns3:TPX>
            </Extensions>
          </Trackpoint>
          <Trackpoint>
            <Time>2021-01-03T22:37:18.000Z</Time>
            <Position>
              <LatitudeDegrees>22.33282144019675</LatitudeDegrees>
              <LongitudeDegrees>114.19735328256834</LongitudeDegrees>
            </Position>
            <AltitudeMeters>312.11</AltitudeMeters>
            <DistanceMeters>2228.10009765625</DistanceMeters>
            <Extensions>
              <ns3:TPX>
                <ns3:Speed>2.565999984741211</ns3:Speed>
                <ns3:RunCadence>84</ns3:RunCadence>
              </ns3:TPX>
            </Extensions>
          </Trackpoint>
          <Trackpoint>
            <Time>2021-01-03T22:37:26.000Z</Time>
            <Position>
              <LatitudeDegrees>22.332667752048913</LatitudeDegrees>
              <LongitudeDegrees>114.19750686117366</LongitudeDegrees>
            </Position>
            <AltitudeMeters>311.84</AltitudeMeters>
            <DistanceMeters>2248.75</DistanceMeters>
            <Extensions>
              <ns3:TPX>
                <ns3:Speed>2.6029999256134033</ns3:Speed>
                <ns3:RunCadence>84</ns3:RunCadence>
              </ns3:TPX>
            </Extensions>
          </Trackpoint>
          <Trackpoint>
            <Time>2021-01-03T22:37:34.000Z</Time>
            <Position>
              <LatitudeDegrees>22.332480739361326</LatitudeDegrees>
              <LongitudeDegrees>114.19746128339709</LongitudeDegrees>
            </Position>
            <AltitudeMeters>311.91</AltitudeMeters>
            <DistanceMeters>2269.72998046875</DistanceMeters>
            <Extensions>
              <ns3:TPX>
                <ns3:Speed>2.63100004196167</ns3:Speed>
                <ns3:RunCadence>83</ns3:RunCadence>
              </ns3:TPX>
            </Extensions>
          </Trackpoint>
          <Trackpoint>
            <Time>2021-01-03T22:37:42.000Z</Time>
            <Position>
              <LatitudeDegrees>22.332364203243916</LatitudeDegrees>
              <LongitudeDegrees>114.19735727568556</LongitudeDegrees>
            </Position>
            <AltitudeMeters>311.46</AltitudeMeters>
            <DistanceMeters>2290.840087890625</DistanceMeters>
            <Extensions>
              <ns3:TPX>
                <ns3:Speed>2.6500000953674316</ns3:Speed>
                <ns3:RunCadence>84</ns3:RunCadence>
              </ns3:TPX>
            </Extensions>
          </Trackpoint>
          <Trackpoint>
            <Time>2021-01-03T22:37:50.000Z</Time>
            <Position>
              <LatitudeDegrees>22.332372084943643</LatitudeDegrees>
              <LongitudeDegrees>114.19712476281066</LongitudeDegrees>
            </Position>
            <AltitudeMeters>311.62</AltitudeMeters>
            <DistanceMeters>2312.110107421875</DistanceMeters>
            <Extensions>
              <ns3:TPX>
                <ns3:Speed>2.6500000953674316</ns3:Speed>
                <ns3:RunCadence>84</ns3:RunCadence>
              </ns3:TPX>
            </Extensions>
          </Trackpoint>
          <Trackpoint>
            <Time>2021-01-03T22:37:56.000Z</Time>
            <Position>
              <LatitudeDegrees>22.33234099015898</LatitudeDegrees>
              <LongitudeDegrees>114.19695393665056</LongitudeDegrees>
            </Position>
            <AltitudeMeters>311.93</AltitudeMeters>
            <DistanceMeters>2328.0</DistanceMeters>
            <Extensions>
              <ns3:TPX>
                <ns3:Speed>2.6410000324249268</ns3:Speed>
                <ns3:RunCadence>84</ns3:RunCadence>
              </ns3:TPX>
            </Extensions>
          </Trackpoint>
          <Trackpoint>
            <Time>2021-01-03T22:38:04.000Z</Time>
            <Position>
              <LatitudeDegrees>22.33223721693854</LatitudeDegrees>
              <LongitudeDegrees>114.19675493015463</LongitudeDegrees>
            </Position>
            <AltitudeMeters>312.17</AltitudeMeters>
            <DistanceMeters>2349.050048828125</DistanceMeters>
            <Extensions>
              <ns3:TPX>
                <ns3:Speed>2.6410000324249268</ns3:Speed>
                <ns3:RunCadence>84</ns3:RunCadence>
              </ns3:TPX>
            </Extensions>
          </Trackpoint>
          <Trackpoint>
            <Time>2021-01-03T22:38:12.000Z</Time>
            <Position>
              <LatitudeDegrees>22.33203787869247</LatitudeDegrees>
              <LongitudeDegrees>114.19676941476371</LongitudeDegrees>
            </Position>
            <AltitudeMeters>311.88</AltitudeMeters>
            <DistanceMeters>2370.25</DistanceMeters>
            <Extensions>
              <ns3:TPX>
                <ns3:Speed>2.63100004196167</ns3:Speed>
                <ns3:RunCadence>83</ns3:RunCadence>
              </ns3:TPX>
            </Extensions>
          </Trackpoint>
          <Trackpoint>
            <Time>2021-01-03T22:38:20.000Z</Time>
            <Position>
              <LatitudeDegrees>22.331872973480284</LatitudeDegrees>
              <LongitudeDegrees>114.19690539209883</LongitudeDegrees>
            </Position>
            <AltitudeMeters>311.8</AltitudeMeters>
            <DistanceMeters>2391.340087890625</DistanceMeters>
            <Extensions>
              <ns3:TPX>
                <ns3:Speed>2.6500000953674316</ns3:Speed>
                <ns3:RunCadence>84</ns3:RunCadence>
              </ns3:TPX>
            </Extensions>
          </Trackpoint>
          <Trackpoint>
            <Time>2021-01-03T22:38:28.000Z</Time>
            <Position>
              <LatitudeDegrees>22.331728109694748</LatitudeDegrees>
              <LongitudeDegrees>114.19707826387491</LongitudeDegrees>
            </Position>
            <AltitudeMeters>311.8</AltitudeMeters>
            <DistanceMeters>2412.669921875</DistanceMeters>
            <Extensions>
              <ns3:TPX>
                <ns3:Speed>2.687000036239624</ns3:Speed>
                <ns3:RunCadence>86</ns3:RunCadence>
              </ns3:TPX>
            </Extensions>
          </Trackpoint>
          <Trackpoint>
            <Time>2021-01-03T22:38:36.000Z</Time>
            <Position>
              <LatitudeDegrees>22.331634564515955</LatitudeDegrees>
              <LongitudeDegrees>114.1972718640775</LongitudeDegrees>
            </Position>
            <AltitudeMeters>312.3</AltitudeMeters>
            <DistanceMeters>2434.22998046875</DistanceMeters>
            <Extensions>
              <ns3:TPX>
                <ns3:Speed>2.687000036239624</ns3:Speed>
                <ns3:RunCadence>82</ns3:RunCadence>
              </ns3:TPX>
            </Extensions>
          </Trackpoint>
          <Trackpoint>
            <Time>2021-01-03T22:38:44.000Z</Time>
            <Position>
              <LatitudeDegrees>22.331745722739154</LatitudeDegrees>
              <LongitudeDegrees>114.19747057305278</LongitudeDegrees>
            </Position>
            <AltitudeMeters>312.38</AltitudeMeters>
            <DistanceMeters>2455.43994140625</DistanceMeters>
            <Extensions>
              <ns3:TPX>
                <ns3:Speed>2.6410000324249268</ns3:Speed>
                <ns3:RunCadence>85</ns3:RunCadence>
              </ns3:TPX>
            </Extensions>
          </Trackpoint>
          <Trackpoint>
            <Time>2021-01-03T22:38:49.000Z</Time>
            <Position>
              <LatitudeDegrees>22.331825696851272</LatitudeDegrees>
              <LongitudeDegrees>114.19758778368701</LongitudeDegrees>
            </Position>
            <AltitudeMeters>312.2</AltitudeMeters>
            <DistanceMeters>2468.77001953125</DistanceMeters>
            <Extensions>
              <ns3:TPX>
                <ns3:Speed>2.677999973297119</ns3:Speed>
                <ns3:RunCadence>84</ns3:RunCadence>
              </ns3:TPX>
            </Extensions>
          </Trackpoint>
          <Trackpoint>
            <Time>2021-01-03T22:38:57.000Z</Time>
            <Position>
              <LatitudeDegrees>22.33177057670933</LatitudeDegrees>
              <LongitudeDegrees>114.19778998995467</LongitudeDegrees>
            </Position>
            <AltitudeMeters>312.36</AltitudeMeters>
            <DistanceMeters>2489.669921875</DistanceMeters>
            <Extensions>
              <ns3:TPX>
                <ns3:Speed>2.63100004196167</ns3:Speed>
                <ns3:RunCadence>84</ns3:RunCadence>
              </ns3:TPX>
            </Extensions>
          </Trackpoint>
          <Trackpoint>
            <Time>2021-01-03T22:39:05.000Z</Time>
            <Position>
              <LatitudeDegrees>22.33171288911436</LatitudeDegrees>
              <LongitudeDegrees>114.19800868687544</LongitudeDegrees>
            </Position>
            <AltitudeMeters>312.6</AltitudeMeters>
            <DistanceMeters>2510.969970703125</DistanceMeters>
            <Extensions>
              <ns3:TPX>
                <ns3:Speed>2.6689999103546143</ns3:Speed>
                <ns3:RunCadence>84</ns3:RunCadence>
              </ns3:TPX>
            </Extensions>
          </Trackpoint>
          <Trackpoint>
            <Time>2021-01-03T22:39:13.000Z</Time>
            <Position>
              <LatitudeDegrees>22.331633758060303</LatitudeDegrees>
              <LongitudeDegrees>114.19821771393423</LongitudeDegrees>
            </Position>
            <AltitudeMeters>312.14</AltitudeMeters>
            <DistanceMeters>2531.860107421875</DistanceMeters>
            <Extensions>
              <ns3:TPX>
                <ns3:Speed>2.5850000381469727</ns3:Speed>
                <ns3:RunCadence>85</ns3:RunCadence>
              </ns3:TPX>
            </Extensions>
          </Trackpoint>
          <Trackpoint>
            <Time>2021-01-03T22:39:18.000Z</Time>
            <Position>
              <LatitudeDegrees>22.331689268935648</LatitudeDegrees>
              <LongitudeDegrees>114.1982770248964</LongitudeDegrees>
            </Position>
            <AltitudeMeters>312.15</AltitudeMeters>
            <DistanceMeters>2544.8701171875</DistanceMeters>
            <Extensions>
              <ns3:TPX>
                <ns3:Speed>2.61299991607666</ns3:Speed>
                <ns3:RunCadence>83</ns3:RunCadence>
              </ns3:TPX>
            </Extensions>
          </Trackpoint>
          <Trackpoint>
            <Time>2021-01-03T22:39:26.000Z</Time>
            <Position>
              <LatitudeDegrees>22.3319007323726</LatitudeDegrees>
              <LongitudeDegrees>114.1982966817244</LongitudeDegrees>
            </Position>
            <AltitudeMeters>312.25</AltitudeMeters>
            <DistanceMeters>2565.820068359375</DistanceMeters>
            <Extensions>
              <ns3:TPX>
                <ns3:Speed>2.621999979019165</ns3:Speed>
                <ns3:RunCadence>83</ns3:RunCadence>
              </ns3:TPX>
            </Extensions>
          </Trackpoint>
          <Trackpoint>
            <Time>2021-01-03T22:39:34.000Z</Time>
            <Position>
              <LatitudeDegrees>22.33210885863111</LatitudeDegrees>
              <LongitudeDegrees>114.19832681566638</LongitudeDegrees>
            </Position>
            <AltitudeMeters>311.88</AltitudeMeters>
            <DistanceMeters>2586.679931640625</DistanceMeters>
            <Extensions>
              <ns3:TPX>
                <ns3:Speed>2.621999979019165</ns3:Speed>
                <ns3:RunCadence>84</ns3:RunCadence>
              </ns3:TPX>
            </Extensions>
          </Trackpoint>
          <Trackpoint>
            <Time>2021-01-03T22:39:42.000Z</Time>
            <Position>
              <LatitudeDegrees>22.33227814301552</LatitudeDegrees>
              <LongitudeDegrees>114.19846223368069</LongitudeDegrees>
            </Position>
            <AltitudeMeters>311.61</AltitudeMeters>
            <DistanceMeters>2607.760009765625</DistanceMeters>
            <Extensions>
              <ns3:TPX>
                <ns3:Speed>2.6500000953674316</ns3:Speed>
                <ns3:RunCadence>85</ns3:RunCadence>
              </ns3:TPX>
            </Extensions>
          </Trackpoint>
          <Trackpoint>
            <Time>2021-01-03T22:39:50.000Z</Time>
            <Position>
              <LatitudeDegrees>22.332408738020725</LatitudeDegrees>
              <LongitudeDegrees>114.19864671825567</LongitudeDegrees>
            </Position>
            <AltitudeMeters>311.98</AltitudeMeters>
            <DistanceMeters>2629.030029296875</DistanceMeters>
            <Extensions>
              <ns3:TPX>
                <ns3:Speed>2.6589999198913574</ns3:Speed>
                <ns3:RunCadence>84</ns3:RunCadence>
              </ns3:TPX>
            </Extensions>
          </Trackpoint>
          <Trackpoint>
            <Time>2021-01-03T22:39:58.000Z</Time>
            <Position>
              <LatitudeDegrees>22.332475142139707</LatitudeDegrees>
              <LongitudeDegrees>114.19886733529296</LongitudeDegrees>
            </Position>
            <AltitudeMeters>311.62</AltitudeMeters>
            <DistanceMeters>2650.22998046875</DistanceMeters>
            <Extensions>
              <ns3:TPX>
                <ns3:Speed>2.6689999103546143</ns3:Speed>
                <ns3:RunCadence>85</ns3:RunCadence>
              </ns3:TPX>
            </Extensions>
          </Trackpoint>
          <Trackpoint>
            <Time>2021-01-03T22:40:06.000Z</Time>
            <Position>
              <LatitudeDegrees>22.332499573502194</LatitudeDegrees>
              <LongitudeDegrees>114.19910126248426</LongitudeDegrees>
            </Position>
            <AltitudeMeters>312.06</AltitudeMeters>
            <DistanceMeters>2671.75</DistanceMeters>
            <Extensions>
              <ns3:TPX>
                <ns3:Speed>2.697000026702881</ns3:Speed>
                <ns3:RunCadence>83</ns3:RunCadence>
              </ns3:TPX>
            </Extensions>
          </Trackpoint>
          <Trackpoint>
            <Time>2021-01-03T22:40:14.000Z</Time>
            <Position>
              <LatitudeDegrees>22.332552655966502</LatitudeDegrees>
              <LongitudeDegrees>114.19932993446248</LongitudeDegrees>
            </Position>
            <AltitudeMeters>312.24</AltitudeMeters>
            <DistanceMeters>2693.27001953125</DistanceMeters>
            <Extensions>
              <ns3:TPX>
                <ns3:Speed>2.687000036239624</ns3:Speed>
                <ns3:RunCadence>84</ns3:RunCadence>
              </ns3:TPX>
            </Extensions>
          </Trackpoint>
          <Trackpoint>
            <Time>2021-01-03T22:40:19.000Z</Time>
            <Position>
              <LatitudeDegrees>22.332582413380404</LatitudeDegrees>
              <LongitudeDegrees>114.19947296203253</LongitudeDegrees>
            </Position>
            <AltitudeMeters>311.87</AltitudeMeters>
            <DistanceMeters>2706.64990234375</DistanceMeters>
            <Extensions>
              <ns3:TPX>
                <ns3:Speed>2.687000036239624</ns3:Speed>
                <ns3:RunCadence>85</ns3:RunCadence>
              </ns3:TPX>
            </Extensions>
          </Trackpoint>
          <Trackpoint>
            <Time>2021-01-03T22:40:27.000Z</Time>
            <Position>
              <LatitudeDegrees>22.33261798086347</LatitudeDegrees>
              <LongitudeDegrees>114.19970720335958</LongitudeDegrees>
            </Position>
            <AltitudeMeters>311.64</AltitudeMeters>
            <DistanceMeters>2728.320068359375</DistanceMeters>
            <Extensions>
              <ns3:TPX>
                <ns3:Speed>2.7149999141693115</ns3:Speed>
                <ns3:RunCadence>83</ns3:RunCadence>
              </ns3:TPX>
            </Extensions>
          </Trackpoint>
          <Trackpoint>
            <Time>2021-01-03T22:40:35.000Z</Time>
            <Position>
              <LatitudeDegrees>22.332781308471592</LatitudeDegrees>
              <LongitudeDegrees>114.19983452380606</LongitudeDegrees>
            </Position>
            <AltitudeMeters>311.6</AltitudeMeters>
            <DistanceMeters>2750.02001953125</DistanceMeters>
            <Extensions>
              <ns3:TPX>
                <ns3:Speed>2.7060000896453857</ns3:Speed>
                <ns3:RunCadence>81</ns3:RunCadence>
              </ns3:TPX>
            </Extensions>
          </Trackpoint>
          <Trackpoint>
            <Time>2021-01-03T22:40:43.000Z</Time>
            <Position>
              <LatitudeDegrees>22.332981488897374</LatitudeDegrees>
              <LongitudeDegrees>114.19992978009184</LongitudeDegrees>
            </Position>
            <AltitudeMeters>311.6</AltitudeMeters>
            <DistanceMeters>2771.60009765625</DistanceMeters>
            <Extensions>
              <ns3:TPX>
                <ns3:Speed>2.697000026702881</ns3:Speed>
                <ns3:RunCadence>84</ns3:RunCadence>
              </ns3:TPX>
            </Extensions>
          </Trackpoint>
          <Trackpoint>
            <Time>2021-01-03T22:40:51.000Z</Time>
            <Position>
              <LatitudeDegrees>22.333181112209566</LatitudeDegrees>
              <LongitudeDegrees>114.20002477127392</LongitudeDegrees>
            </Position>
            <AltitudeMeters>311.6</AltitudeMeters>
            <DistanceMeters>2793.1201171875</DistanceMeters>
            <Extensions>
              <ns3:TPX>
                <ns3:Speed>2.687000036239624</ns3:Speed>
                <ns3:RunCadence>84</ns3:RunCadence>
              </ns3:TPX>
            </Extensions>
          </Trackpoint>
          <Trackpoint>
            <Time>2021-01-03T22:40:59.000Z</Time>
            <Position>
              <LatitudeDegrees>22.33338017840816</LatitudeDegrees>
              <LongitudeDegrees>114.20011949735229</LongitudeDegrees>
            </Position>
            <AltitudeMeters>311.6</AltitudeMeters>
            <DistanceMeters>2814.580078125</DistanceMeters>
            <Extensions>
              <ns3:TPX>
                <ns3:Speed>2.6689999103546143</ns3:Speed>
                <ns3:RunCadence>84</ns3:RunCadence>
              </ns3:TPX>
            </Extensions>
          </Trackpoint>
          <Trackpoint>
            <Time>2021-01-03T22:41:07.000Z</Time>
            <Position>
              <LatitudeDegrees>22.333578687493162</LatitudeDegrees>
              <LongitudeDegrees>114.20021395832697</LongitudeDegrees>
            </Position>
            <AltitudeMeters>311.6</AltitudeMeters>
            <DistanceMeters>2835.97998046875</DistanceMeters>
            <Extensions>
              <ns3:TPX>
                <ns3:Speed>2.687000036239624</ns3:Speed>
                <ns3:RunCadence>85</ns3:RunCadence>
              </ns3:TPX>
            </Extensions>
          </Trackpoint>
          <Trackpoint>
            <Time>2021-01-03T22:41:15.000Z</Time>
            <Position>
              <LatitudeDegrees>22.33377868221441</LatitudeDegrees>
              <LongitudeDegrees>114.20030912624483</LongitudeDegrees>
            </Position>
            <AltitudeMeters>311.6</AltitudeMeters>
            <DistanceMeters>2857.5400390625</DistanceMeters>
            <Extensions>
              <ns3:TPX>
                <ns3:Speed>2.687000036239624</ns3:Speed>
                <ns3:RunCadence>86</ns3:RunCadence>
              </ns3:TPX>
            </Extensions>
          </Trackpoint>
          <Trackpoint>
            <Time>2021-01-03T22:41:23.000Z</Time>
            <Position>
              <LatitudeDegrees>22.333977841265273</LatitudeDegrees>
              <LongitudeDegrees>114.20040389650717</LongitudeDegrees>
            </Position>
            <AltitudeMeters>311.6</AltitudeMeters>
            <DistanceMeters>2879.010009765625</DistanceMeters>
            <Extensions>
              <ns3:TPX>
                <ns3:Speed>2.6500000953674316</ns3:Speed>
                <ns3:RunCadence>84</ns3:RunCadence>
              </ns3:TPX>
            </Extensions>
          </Trackpoint>
          <Trackpoint>
            <Time>2021-01-03T22:41:31.000Z</Time>
            <Position>
              <LatitudeDegrees>22.334174959830982</LatitudeDegrees>
              <LongitudeDegrees>114.20049769580024</LongitudeDegrees>
            </Position>
            <AltitudeMeters>311.6</AltitudeMeters>
            <DistanceMeters>2900.260009765625</DistanceMeters>
            <Extensions>
              <ns3:TPX>
                <ns3:Speed>2.6500000953674316</ns3:Speed>
                <ns3:RunCadence>86</ns3:RunCadence>
              </ns3:TPX>
            </Extensions>
          </Trackpoint>
          <Trackpoint>
            <Time>2021-01-03T22:41:39.000Z</Time>
            <Position>
              <LatitudeDegrees>22.334372821214817</LatitudeDegrees>
              <LongitudeDegrees>114.20059184856493</LongitudeDegrees>
            </Position>
            <AltitudeMeters>311.6</AltitudeMeters>
            <DistanceMeters>2921.590087890625</DistanceMeters>
            <Extensions>
              <ns3:TPX>
                <ns3:Speed>2.677999973297119</ns3:Speed>
                <ns3:RunCadence>86</ns3:RunCadence>
              </ns3:TPX>
            </Extensions>
          </Trackpoint>
          <Trackpoint>
            <Time>2021-01-03T22:41:47.000Z</Time>
            <Position>
              <LatitudeDegrees>22.33452249292736</LatitudeDegrees>
              <LongitudeDegrees>114.20067687020223</LongitudeDegrees>
            </Position>
            <AltitudeMeters>311.65</AltitudeMeters>
            <DistanceMeters>2943.1201171875</DistanceMeters>
            <Extensions>
              <ns3:TPX>
                <ns3:Speed>2.687000036239624</ns3:Speed>
                <ns3:RunCadence>85</ns3:RunCadence>
              </ns3:TPX>
            </Extensions>
          </Trackpoint>
          <Trackpoint>
            <Time>2021-01-03T22:41:55.000Z</Time>
            <Position>
              <LatitudeDegrees>22.334306958787877</LatitudeDegrees>
              <LongitudeDegrees>114.20069415262635</LongitudeDegrees>
            </Position>
            <AltitudeMeters>311.88</AltitudeMeters>
            <DistanceMeters>2964.489990234375</DistanceMeters>
            <Extensions>
              <ns3:TPX>
                <ns3:Speed>2.6689999103546143</ns3:Speed>
                <ns3:RunCadence>85</ns3:RunCadence>
              </ns3:TPX>
            </Extensions>
          </Trackpoint>
          <Trackpoint>
            <Time>2021-01-03T22:42:03.000Z</Time>
            <Position>
              <LatitudeDegrees>22.334101778292904</LatitudeDegrees>
              <LongitudeDegrees>114.20070713182362</LongitudeDegrees>
            </Position>
            <AltitudeMeters>311.25</AltitudeMeters>
            <DistanceMeters>2985.81005859375</DistanceMeters>
            <Extensions>
              <ns3:TPX>
                <ns3:Speed>2.6589999198913574</ns3:Speed>
                <ns3:RunCadence>84</ns3:RunCadence>
              </ns3:TPX>
            </Extensions>
          </Trackpoint>
          <Trackpoint>
            <Time>2021-01-03T22:42:09.000Z</Time>
            <Position>
              <LatitudeDegrees>22.333957819035312</LatitudeDegrees>
              <LongitudeDegrees>114.20062643572213</LongitudeDegrees>
            </Position>
            <AltitudeMeters>311.41</AltitudeMeters>
            <DistanceMeters>3001.81005859375</DistanceMeters>
            <Extensions>
              <ns3:TPX>
                <ns3:Speed>2.6689999103546143</ns3:Speed>
                <ns3:RunCadence>84</ns3:RunCadence>
              </ns3:TPX>
            </Extensions>
          </Trackpoint>
        </Track>
        <Extensions>
          <ns3:LX>
            <ns3:AvgSpeed>2.6470000743865967</ns3:AvgSpeed>
            <ns3:AvgRunCadence>84</ns3:AvgRunCadence>
            <ns3:MaxRunCadence>87</ns3:MaxRunCadence>
          </ns3:LX>
        </Extensions>
      </Lap>
      <Lap StartTime="2021-01-03T22:42:10.000Z">
        <TotalTimeSeconds>381.777</TotalTimeSeconds>
        <DistanceMeters>1000.0</DistanceMeters>
        <MaximumSpeed>2.7249999046325684</MaximumSpeed>
        <Calories>71</Calories>
        <Intensity>Active</Intensity>
        <TriggerMethod>Manual</TriggerMethod>
        <Track>
          <Trackpoint>
            <Time>2021-01-03T22:42:17.000Z</Time>
            <Position>
              <LatitudeDegrees>22.333766969602372</LatitudeDegrees>
              <LongitudeDegrees>114.20051836871541</LongitudeDegrees>
            </Position>
            <AltitudeMeters>311.6</AltitudeMeters>
            <DistanceMeters>3023.070068359375</DistanceMeters>
            <Extensions>
              <ns3:TPX>
                <ns3:Speed>2.6589999198913574</ns3:Speed>
                <ns3:RunCadence>85</ns3:RunCadence>
              </ns3:TPX>
            </Extensions>
          </Trackpoint>
          <Trackpoint>
            <Time>2021-01-03T22:42:23.000Z</Time>
            <Position>
              <LatitudeDegrees>22.33365764485743</LatitudeDegrees>
              <LongitudeDegrees>114.20040411886932</LongitudeDegrees>
            </Position>
            <AltitudeMeters>311.62</AltitudeMeters>
            <DistanceMeters>3039.169921875</DistanceMeters>
            <Extensions>
              <ns3:TPX>
                <ns3:Speed>2.7060000896453857</ns3:Speed>
                <ns3:RunCadence>85</ns3:RunCadence>
              </ns3:TPX>
            </Extensions>
          </Trackpoint>
          <Trackpoint>
            <Time>2021-01-03T22:42:31.000Z</Time>
            <Position>
              <LatitudeDegrees>22.333614615569026</LatitudeDegrees>
              <LongitudeDegrees>114.20017150635161</LongitudeDegrees>
            </Position>
            <AltitudeMeters>311.72</AltitudeMeters>
            <DistanceMeters>3060.820068359375</DistanceMeters>
            <Extensions>
              <ns3:TPX>
                <ns3:Speed>2.7149999141693115</ns3:Speed>
                <ns3:RunCadence>85</ns3:RunCadence>
              </ns3:TPX>
            </Extensions>
          </Trackpoint>
          <Trackpoint>
            <Time>2021-01-03T22:42:39.000Z</Time>
            <Position>
              <LatitudeDegrees>22.333566457710894</LatitudeDegrees>
              <LongitudeDegrees>114.20004549386265</LongitudeDegrees>
            </Position>
            <AltitudeMeters>312.07</AltitudeMeters>
            <DistanceMeters>3082.4599609375</DistanceMeters>
            <Extensions>
              <ns3:TPX>
                <ns3:Speed>2.697000026702881</ns3:Speed>
                <ns3:RunCadence>85</ns3:RunCadence>
              </ns3:TPX>
            </Extensions>
          </Trackpoint>
          <Trackpoint>
            <Time>2021-01-03T22:42:47.000Z</Time>
            <Position>
              <LatitudeDegrees>22.333702155995116</LatitudeDegrees>
              <LongitudeDegrees>114.20013072641319</LongitudeDegrees>
            </Position>
            <AltitudeMeters>312.4</AltitudeMeters>
            <DistanceMeters>3103.830078125</DistanceMeters>
            <Extensions>
              <ns3:TPX>
                <ns3:Speed>2.6589999198913574</ns3:Speed>
                <ns3:RunCadence>86</ns3:RunCadence>
              </ns3:TPX>
            </Extensions>
          </Trackpoint>
          <Trackpoint>
            <Time>2021-01-03T22:42:55.000Z</Time>
            <Position>
              <LatitudeDegrees>22.333834996147488</LatitudeDegrees>
              <LongitudeDegrees>114.20027844573144</LongitudeDegrees>
            </Position>
            <AltitudeMeters>312.55</AltitudeMeters>
            <DistanceMeters>3125.010009765625</DistanceMeters>
            <Extensions>
              <ns3:TPX>
                <ns3:Speed>2.63100004196167</ns3:Speed>
                <ns3:RunCadence>84</ns3:RunCadence>
              </ns3:TPX>
            </Extensions>
          </Trackpoint>
          <Trackpoint>
            <Time>2021-01-03T22:43:03.000Z</Time>
            <Position>
              <LatitudeDegrees>22.33376359201593</LatitudeDegrees>
              <LongitudeDegrees>114.20047781091829</LongitudeDegrees>
            </Position>
            <AltitudeMeters>312.6</AltitudeMeters>
            <DistanceMeters>3146.070068359375</DistanceMeters>
            <Extensions>
              <ns3:TPX>
                <ns3:Speed>2.63100004196167</ns3:Speed>
                <ns3:RunCadence>85</ns3:RunCadence>
              </ns3:TPX>
            </Extensions>
          </Trackpoint>
          <Trackpoint>
            <Time>2021-01-03T22:43:06.000Z</Time>
            <Position>
              <LatitudeDegrees>22.33373313874189</LatitudeDegrees>
              <LongitudeDegrees>114.20055134654312</LongitudeDegrees>
            </Position>
            <AltitudeMeters>312.64</AltitudeMeters>
            <DistanceMeters>3153.760009765625</DistanceMeters>
            <Extensions>
              <ns3:TPX>
                <ns3:Speed>2.5190000534057617</ns3:Speed>
                <ns3:RunCadence>83</ns3:RunCadence>
              </ns3:TPX>
            </Extensions>
          </Trackpoint>
          <Trackpoint>
            <Time>2021-01-03T22:43:15.000Z</Time>
            <Position>
              <LatitudeDegrees>22.33358379228646</LatitudeDegrees>
              <LongitudeDegrees>114.20071990755332</LongitudeDegrees>
            </Position>
            <AltitudeMeters>312.9</AltitudeMeters>
            <DistanceMeters>3175.080078125</DistanceMeters>
            <Extensions>
              <ns3:TPX>
                <ns3:Speed>2.2669999599456787</ns3:Speed>
                <ns3:RunCadence>86</ns3:RunCadence>
              </ns3:TPX>
            </Extensions>
          </Trackpoint>
          <Trackpoint>
            <Time>2021-01-03T22:43:24.000Z</Time>
            <Position>
              <LatitudeDegrees>22.333469623609055</LatitudeDegrees>
              <LongitudeDegrees>114.20090360919752</LongitudeDegrees>
            </Position>
            <AltitudeMeters>312.54</AltitudeMeters>
            <DistanceMeters>3195.419921875</DistanceMeters>
            <Extensions>
              <ns3:TPX>
                <ns3:Speed>2.2769999504089355</ns3:Speed>
                <ns3:RunCadence>84</ns3:RunCadence>
              </ns3:TPX>
            </Extensions>
          </Trackpoint>
          <Trackpoint>
            <Time>2021-01-03T22:43:29.000Z</Time>
            <Position>
              <LatitudeDegrees>22.333441242048536</LatitudeDegrees>
              <LongitudeDegrees>114.20102215113846</LongitudeDegrees>
            </Position>
            <AltitudeMeters>312.1</AltitudeMeters>
            <DistanceMeters>3207.22998046875</DistanceMeters>
            <Extensions>
              <ns3:TPX>
                <ns3:Speed>2.4070000648498535</ns3:Speed>
                <ns3:RunCadence>83</ns3:RunCadence>
              </ns3:TPX>
            </Extensions>
          </Trackpoint>
          <Trackpoint>
            <Time>2021-01-03T22:43:37.000Z</Time>
            <Position>
              <LatitudeDegrees>22.33357370200995</LatitudeDegrees>
              <LongitudeDegrees>114.20110900843935</LongitudeDegrees>
            </Position>
            <AltitudeMeters>312.6</AltitudeMeters>
            <DistanceMeters>3227.280029296875</DistanceMeters>
            <Extensions>
              <ns3:TPX>
                <ns3:Speed>2.565999984741211</ns3:Speed>
                <ns3:RunCadence>85</ns3:RunCadence>
              </ns3:TPX>
            </Extensions>
          </Trackpoint>
          <Trackpoint>
            <Time>2021-01-03T22:43:45.000Z</Time>
            <Position>
              <LatitudeDegrees>22.33362693229008</LatitudeDegrees>
              <LongitudeDegrees>114.20128982562791</LongitudeDegrees>
            </Position>
            <AltitudeMeters>312.86</AltitudeMeters>
            <DistanceMeters>3247.72998046875</DistanceMeters>
            <Extensions>
              <ns3:TPX>
                <ns3:Speed>2.556999921798706</ns3:Speed>
                <ns3:RunCadence>85</ns3:RunCadence>
              </ns3:TPX>
            </Extensions>
          </Trackpoint>
          <Trackpoint>
            <Time>2021-01-03T22:43:53.000Z</Time>
            <Position>
              <LatitudeDegrees>22.33365185563589</LatitudeDegrees>
              <LongitudeDegrees>114.20150546260055</LongitudeDegrees>
            </Position>
            <AltitudeMeters>313.4</AltitudeMeters>
            <DistanceMeters>3268.659912109375</DistanceMeters>
            <Extensions>
              <ns3:TPX>
                <ns3:Speed>2.6410000324249268</ns3:Speed>
                <ns3:RunCadence>84</ns3:RunCadence>
              </ns3:TPX>
            </Extensions>
          </Trackpoint>
          <Trackpoint>
            <Time>2021-01-03T22:44:01.000Z</Time>
            <Position>
              <LatitudeDegrees>22.333773106940384</LatitudeDegrees>
              <LongitudeDegrees>114.20169272835895</LongitudeDegrees>
            </Position>
            <AltitudeMeters>312.94</AltitudeMeters>
            <DistanceMeters>3289.7900390625</DistanceMeters>
            <Extensions>
              <ns3:TPX>
                <ns3:Speed>2.6410000324249268</ns3:Speed>
                <ns3:RunCadence>85</ns3:RunCadence>
              </ns3:TPX>
            </Extensions>
          </Trackpoint>
          <Trackpoint>
            <Time>2021-01-03T22:44:09.000Z</Time>
            <Position>
              <LatitudeDegrees>22.33394761541226</LatitudeDegrees>
              <LongitudeDegrees>114.20182434991199</LongitudeDegrees>
            </Position>
            <AltitudeMeters>312.46</AltitudeMeters>
            <DistanceMeters>3310.949951171875</DistanceMeters>
            <Extensions>
              <ns3:TPX>
                <ns3:Speed>2.63100004196167</ns3:Speed>
                <ns3:RunCadence>85</ns3:RunCadence>
              </ns3:TPX>
            </Extensions>
          </Trackpoint>
          <Trackpoint>
            <Time>2021-01-03T22:44:17.000Z</Time>
            <Position>
              <LatitudeDegrees>22.33413387189132</LatitudeDegrees>
              <LongitudeDegrees>114.20193332686526</LongitudeDegrees>
            </Position>
            <AltitudeMeters>312.01</AltitudeMeters>
            <DistanceMeters>3331.85009765625</DistanceMeters>
            <Extensions>
              <ns3:TPX>
                <ns3:Speed>2.6029999256134033</ns3:Speed>
                <ns3:RunCadence>87</ns3:RunCadence>
              </ns3:TPX>
            </Extensions>
          </Trackpoint>
          <Trackpoint>
            <Time>2021-01-03T22:44:25.000Z</Time>
            <Position>
              <LatitudeDegrees>22.334312760827316</LatitudeDegrees>
              <LongitudeDegrees>114.20205953432347</LongitudeDegrees>
            </Position>
            <AltitudeMeters>311.57</AltitudeMeters>
            <DistanceMeters>3352.929931640625</DistanceMeters>
            <Extensions>
              <ns3:TPX>
                <ns3:Speed>2.6500000953674316</ns3:Speed>
                <ns3:RunCadence>82</ns3:RunCadence>
              </ns3:TPX>
            </Extensions>
          </Trackpoint>
          <Trackpoint>
            <Time>2021-01-03T22:44:33.000Z</Time>
            <Position>
              <LatitudeDegrees>22.334494600085097</LatitudeDegrees>
              <LongitudeDegrees>114.20217860891192</LongitudeDegrees>
            </Position>
            <AltitudeMeters>311.24</AltitudeMeters>
            <DistanceMeters>3373.919921875</DistanceMeters>
            <Extensions>
              <ns3:TPX>
                <ns3:Speed>2.621999979019165</ns3:Speed>
                <ns3:RunCadence>85</ns3:RunCadence>
              </ns3:TPX>
            </Extensions>
          </Trackpoint>
          <Trackpoint>
            <Time>2021-01-03T22:44:41.000Z</Time>
            <Position>
              <LatitudeDegrees>22.334690285605745</LatitudeDegrees>
              <LongitudeDegrees>114.20227215401079</LongitudeDegrees>
            </Position>
            <AltitudeMeters>311.98</AltitudeMeters>
            <DistanceMeters>3395.1201171875</DistanceMeters>
            <Extensions>
              <ns3:TPX>
                <ns3:Speed>2.6589999198913574</ns3:Speed>
                <ns3:RunCadence>84</ns3:RunCadence>
              </ns3:TPX>
            </Extensions>
          </Trackpoint>
          <Trackpoint>
            <Time>2021-01-03T22:44:49.000Z</Time>
            <Position>
              <LatitudeDegrees>22.334858262809643</LatitudeDegrees>
              <LongitudeDegrees>114.2024189635017</LongitudeDegrees>
            </Position>
            <AltitudeMeters>311.88</AltitudeMeters>
            <DistanceMeters>3416.43994140625</DistanceMeters>
            <Extensions>
              <ns3:TPX>
                <ns3:Speed>2.6589999198913574</ns3:Speed>
                <ns3:RunCadence>84</ns3:RunCadence>
              </ns3:TPX>
            </Extensions>
          </Trackpoint>
          <Trackpoint>
            <Time>2021-01-03T22:44:57.000Z</Time>
            <Position>
              <LatitudeDegrees>22.335005433472574</LatitudeDegrees>
              <LongitudeDegrees>114.2025760754371</LongitudeDegrees>
            </Position>
            <AltitudeMeters>312.02</AltitudeMeters>
            <DistanceMeters>3437.610107421875</DistanceMeters>
            <Extensions>
              <ns3:TPX>
                <ns3:Speed>2.6500000953674316</ns3:Speed>
                <ns3:RunCadence>85</ns3:RunCadence>
              </ns3:TPX>
            </Extensions>
          </Trackpoint>
          <Trackpoint>
            <Time>2021-01-03T22:45:05.000Z</Time>
            <Position>
              <LatitudeDegrees>22.334985771647734</LatitudeDegrees>
              <LongitudeDegrees>114.20277638065596</LongitudeDegrees>
            </Position>
            <AltitudeMeters>311.75</AltitudeMeters>
            <DistanceMeters>3458.8701171875</DistanceMeters>
            <Extensions>
              <ns3:TPX>
                <ns3:Speed>2.6589999198913574</ns3:Speed>
                <ns3:RunCadence>84</ns3:RunCadence>
              </ns3:TPX>
            </Extensions>
          </Trackpoint>
          <Trackpoint>
            <Time>2021-01-03T22:45:13.000Z</Time>
            <Position>
              <LatitudeDegrees>22.334933981029575</LatitudeDegrees>
              <LongitudeDegrees>114.20297289095149</LongitudeDegrees>
            </Position>
            <AltitudeMeters>311.8</AltitudeMeters>
            <DistanceMeters>3480.179931640625</DistanceMeters>
            <Extensions>
              <ns3:TPX>
                <ns3:Speed>2.6589999198913574</ns3:Speed>
                <ns3:RunCadence>83</ns3:RunCadence>
              </ns3:TPX>
            </Extensions>
          </Trackpoint>
          <Trackpoint>
            <Time>2021-01-03T22:45:20.000Z</Time>
            <Position>
              <LatitudeDegrees>22.33497372425685</LatitudeDegrees>
              <LongitudeDegrees>114.20315774615932</LongitudeDegrees>
            </Position>
            <AltitudeMeters>311.71</AltitudeMeters>
            <DistanceMeters>3498.669921875</DistanceMeters>
            <Extensions>
              <ns3:TPX>
                <ns3:Speed>2.63100004196167</ns3:Speed>
                <ns3:RunCadence>84</ns3:RunCadence>
              </ns3:TPX>
            </Extensions>
          </Trackpoint>
          <Trackpoint>
            <Time>2021-01-03T22:45:28.000Z</Time>
            <Position>
              <LatitudeDegrees>22.33485504904151</LatitudeDegrees>
              <LongitudeDegrees>114.20334620517956</LongitudeDegrees>
            </Position>
            <AltitudeMeters>312.0</AltitudeMeters>
            <DistanceMeters>3519.530029296875</DistanceMeters>
            <Extensions>
              <ns3:TPX>
                <ns3:Speed>2.61299991607666</ns3:Speed>
                <ns3:RunCadence>85</ns3:RunCadence>
              </ns3:TPX>
            </Extensions>
          </Trackpoint>
          <Trackpoint>
            <Time>2021-01-03T22:45:36.000Z</Time>
            <Position>
              <LatitudeDegrees>22.334680561445374</LatitudeDegrees>
              <LongitudeDegrees>114.20348027565812</LongitudeDegrees>
            </Position>
            <AltitudeMeters>312.45</AltitudeMeters>
            <DistanceMeters>3540.679931640625</DistanceMeters>
            <Extensions>
              <ns3:TPX>
                <ns3:Speed>2.6689999103546143</ns3:Speed>
                <ns3:RunCadence>85</ns3:RunCadence>
              </ns3:TPX>
            </Extensions>
          </Trackpoint>
          <Trackpoint>
            <Time>2021-01-03T22:45:44.000Z</Time>
            <Position>
              <LatitudeDegrees>22.334487051085485</LatitudeDegrees>
              <LongitudeDegrees>114.20357806533023</LongitudeDegrees>
            </Position>
            <AltitudeMeters>312.59</AltitudeMeters>
            <DistanceMeters>3562.02001953125</DistanceMeters>
            <Extensions>
              <ns3:TPX>
                <ns3:Speed>2.621999979019165</ns3:Speed>
                <ns3:RunCadence>84</ns3:RunCadence>
              </ns3:TPX>
            </Extensions>
          </Trackpoint>
          <Trackpoint>
            <Time>2021-01-03T22:45:52.000Z</Time>
            <Position>
              <LatitudeDegrees>22.334407201490908</LatitudeDegrees>
              <LongitudeDegrees>114.20374516556876</LongitudeDegrees>
            </Position>
            <AltitudeMeters>312.29</AltitudeMeters>
            <DistanceMeters>3582.68994140625</DistanceMeters>
            <Extensions>
              <ns3:TPX>
                <ns3:Speed>2.546999931335449</ns3:Speed>
                <ns3:RunCadence>0</ns3:RunCadence>
              </ns3:TPX>
            </Extensions>
          </Trackpoint>
          <Trackpoint>
            <Time>2021-01-03T22:46:00.000Z</Time>
            <Position>
              <LatitudeDegrees>22.33446556036519</LatitudeDegrees>
              <LongitudeDegrees>114.20395753646811</LongitudeDegrees>
            </Position>
            <AltitudeMeters>312.51</AltitudeMeters>
            <DistanceMeters>3602.919921875</DistanceMeters>
            <Extensions>
              <ns3:TPX>
                <ns3:Speed>2.5290000438690186</ns3:Speed>
                <ns3:RunCadence>0</ns3:RunCadence>
              </ns3:TPX>
            </Extensions>
          </Trackpoint>
          <Trackpoint>
            <Time>2021-01-03T22:46:08.000Z</Time>
            <Position>
              <LatitudeDegrees>22.334481545852945</LatitudeDegrees>
              <LongitudeDegrees>114.20417365631108</LongitudeDegrees>
            </Position>
            <AltitudeMeters>312.22</AltitudeMeters>
            <DistanceMeters>3623.14990234375</DistanceMeters>
            <Extensions>
              <ns3:TPX>
                <ns3:Speed>2.556999921798706</ns3:Speed>
                <ns3:RunCadence>85</ns3:RunCadence>
              </ns3:TPX>
            </Extensions>
          </Trackpoint>
          <Trackpoint>
            <Time>2021-01-03T22:46:16.000Z</Time>
            <Position>
              <LatitudeDegrees>22.334359185553936</LatitudeDegrees>
              <LongitudeDegrees>114.2043508720821</LongitudeDegrees>
            </Position>
            <AltitudeMeters>311.85</AltitudeMeters>
            <DistanceMeters>3644.6298828125</DistanceMeters>
            <Extensions>
              <ns3:TPX>
                <ns3:Speed>2.6689999103546143</ns3:Speed>
                <ns3:RunCadence>85</ns3:RunCadence>
              </ns3:TPX>
            </Extensions>
          </Trackpoint>
          <Trackpoint>
            <Time>2021-01-03T22:46:24.000Z</Time>
            <Position>
              <LatitudeDegrees>22.33415555277533</LatitudeDegrees>
              <LongitudeDegrees>114.2043951916949</LongitudeDegrees>
            </Position>
            <AltitudeMeters>311.9</AltitudeMeters>
            <DistanceMeters>3666.159912109375</DistanceMeters>
            <Extensions>
              <ns3:TPX>
                <ns3:Speed>2.697000026702881</ns3:Speed>
                <ns3:RunCadence>85</ns3:RunCadence>
              </ns3:TPX>
            </Extensions>
          </Trackpoint>
          <Trackpoint>
            <Time>2021-01-03T22:46:32.000Z</Time>
            <Position>
              <LatitudeDegrees>22.333982599663823</LatitudeDegrees>
              <LongitudeDegrees>114.20437775840456</LongitudeDegrees>
            </Position>
            <AltitudeMeters>311.91</AltitudeMeters>
            <DistanceMeters>3687.679931640625</DistanceMeters>
            <Extensions>
              <ns3:TPX>
                <ns3:Speed>2.6689999103546143</ns3:Speed>
                <ns3:RunCadence>85</ns3:RunCadence>
              </ns3:TPX>
            </Extensions>
          </Trackpoint>
          <Trackpoint>
            <Time>2021-01-03T22:46:40.000Z</Time>
            <Position>
              <LatitudeDegrees>22.33386562636843</LatitudeDegrees>
              <LongitudeDegrees>114.20443269218154</LongitudeDegrees>
            </Position>
            <AltitudeMeters>312.23</AltitudeMeters>
            <DistanceMeters>3709.159912109375</DistanceMeters>
            <Extensions>
              <ns3:TPX>
                <ns3:Speed>2.687000036239624</ns3:Speed>
                <ns3:RunCadence>84</ns3:RunCadence>
              </ns3:TPX>
            </Extensions>
          </Trackpoint>
          <Trackpoint>
            <Time>2021-01-03T22:46:48.000Z</Time>
            <Position>
              <LatitudeDegrees>22.333909078129373</LatitudeDegrees>
              <LongitudeDegrees>114.20462712199556</LongitudeDegrees>
            </Position>
            <AltitudeMeters>312.56</AltitudeMeters>
            <DistanceMeters>3730.409912109375</DistanceMeters>
            <Extensions>
              <ns3:TPX>
                <ns3:Speed>2.63100004196167</ns3:Speed>
                <ns3:RunCadence>84</ns3:RunCadence>
              </ns3:TPX>
            </Extensions>
          </Trackpoint>
          <Trackpoint>
            <Time>2021-01-03T22:46:56.000Z</Time>
            <Position>
              <LatitudeDegrees>22.333743520696043</LatitudeDegrees>
              <LongitudeDegrees>114.20448041474529</LongitudeDegrees>
            </Position>
            <AltitudeMeters>311.74</AltitudeMeters>
            <DistanceMeters>3751.5400390625</DistanceMeters>
            <Extensions>
              <ns3:TPX>
                <ns3:Speed>2.6500000953674316</ns3:Speed>
                <ns3:RunCadence>84</ns3:RunCadence>
              </ns3:TPX>
            </Extensions>
          </Trackpoint>
          <Trackpoint>
            <Time>2021-01-03T22:47:04.000Z</Time>
            <Position>
              <LatitudeDegrees>22.33356463232978</LatitudeDegrees>
              <LongitudeDegrees>114.20453918124743</LongitudeDegrees>
            </Position>
            <AltitudeMeters>311.7</AltitudeMeters>
            <DistanceMeters>3772.669921875</DistanceMeters>
            <Extensions>
              <ns3:TPX>
                <ns3:Speed>2.6410000324249268</ns3:Speed>
                <ns3:RunCadence>84</ns3:RunCadence>
              </ns3:TPX>
            </Extensions>
          </Trackpoint>
          <Trackpoint>
            <Time>2021-01-03T22:47:12.000Z</Time>
            <Position>
              <LatitudeDegrees>22.333384558220775</LatitudeDegrees>
              <LongitudeDegrees>114.204663243199</LongitudeDegrees>
            </Position>
            <AltitudeMeters>311.8</AltitudeMeters>
            <DistanceMeters>3793.739990234375</DistanceMeters>
            <Extensions>
              <ns3:TPX>
                <ns3:Speed>2.621999979019165</ns3:Speed>
                <ns3:RunCadence>85</ns3:RunCadence>
              </ns3:TPX>
            </Extensions>
          </Trackpoint>
          <Trackpoint>
            <Time>2021-01-03T22:47:20.000Z</Time>
            <Position>
              <LatitudeDegrees>22.3331924582757</LatitudeDegrees>
              <LongitudeDegrees>114.2047510960627</LongitudeDegrees>
            </Position>
            <AltitudeMeters>311.87</AltitudeMeters>
            <DistanceMeters>3814.840087890625</DistanceMeters>
            <Extensions>
              <ns3:TPX>
                <ns3:Speed>2.63100004196167</ns3:Speed>
                <ns3:RunCadence>84</ns3:RunCadence>
              </ns3:TPX>
            </Extensions>
          </Trackpoint>
          <Trackpoint>
            <Time>2021-01-03T22:47:28.000Z</Time>
            <Position>
              <LatitudeDegrees>22.332982032319464</LatitudeDegrees>
              <LongitudeDegrees>114.20473987356058</LongitudeDegrees>
            </Position>
            <AltitudeMeters>311.63</AltitudeMeters>
            <DistanceMeters>3835.820068359375</DistanceMeters>
            <Extensions>
              <ns3:TPX>
                <ns3:Speed>2.6410000324249268</ns3:Speed>
                <ns3:RunCadence>85</ns3:RunCadence>
              </ns3:TPX>
            </Extensions>
          </Trackpoint>
          <Trackpoint>
            <Time>2021-01-03T22:47:36.000Z</Time>
            <Position>
              <LatitudeDegrees>22.33278126672814</LatitudeDegrees>
              <LongitudeDegrees>114.20465879454807</LongitudeDegrees>
            </Position>
            <AltitudeMeters>311.54</AltitudeMeters>
            <DistanceMeters>3857.050048828125</DistanceMeters>
            <Extensions>
              <ns3:TPX>
                <ns3:Speed>2.6589999198913574</ns3:Speed>
                <ns3:RunCadence>84</ns3:RunCadence>
              </ns3:TPX>
            </Extensions>
          </Trackpoint>
          <Trackpoint>
            <Time>2021-01-03T22:47:44.000Z</Time>
            <Position>
              <LatitudeDegrees>22.332592249207924</LatitudeDegrees>
              <LongitudeDegrees>114.20454370544192</LongitudeDegrees>
            </Position>
            <AltitudeMeters>310.8</AltitudeMeters>
            <DistanceMeters>3878.510009765625</DistanceMeters>
            <Extensions>
              <ns3:TPX>
                <ns3:Speed>2.697000026702881</ns3:Speed>
                <ns3:RunCadence>85</ns3:RunCadence>
              </ns3:TPX>
            </Extensions>
          </Trackpoint>
          <Trackpoint>
            <Time>2021-01-03T22:47:52.000Z</Time>
            <Position>
              <LatitudeDegrees>22.33239500351302</LatitudeDegrees>
              <LongitudeDegrees>114.20457940207976</LongitudeDegrees>
            </Position>
            <AltitudeMeters>310.4</AltitudeMeters>
            <DistanceMeters>3899.389892578125</DistanceMeters>
            <Extensions>
              <ns3:TPX>
                <ns3:Speed>2.575000047683716</ns3:Speed>
                <ns3:RunCadence>84</ns3:RunCadence>
              </ns3:TPX>
            </Extensions>
          </Trackpoint>
          <Trackpoint>
            <Time>2021-01-03T22:48:00.000Z</Time>
            <Position>
              <LatitudeDegrees>22.332225970358202</LatitudeDegrees>
              <LongitudeDegrees>114.2047087425989</LongitudeDegrees>
            </Position>
            <AltitudeMeters>311.27</AltitudeMeters>
            <DistanceMeters>3920.27001953125</DistanceMeters>
            <Extensions>
              <ns3:TPX>
                <ns3:Speed>2.63100004196167</ns3:Speed>
                <ns3:RunCadence>84</ns3:RunCadence>
              </ns3:TPX>
            </Extensions>
          </Trackpoint>
          <Trackpoint>
            <Time>2021-01-03T22:48:08.000Z</Time>
            <Position>
              <LatitudeDegrees>22.332018063794493</LatitudeDegrees>
              <LongitudeDegrees>114.20473737700843</LongitudeDegrees>
            </Position>
            <AltitudeMeters>311.0</AltitudeMeters>
            <DistanceMeters>3941.419921875</DistanceMeters>
            <Extensions>
              <ns3:TPX>
                <ns3:Speed>2.6410000324249268</ns3:Speed>
                <ns3:RunCadence>83</ns3:RunCadence>
              </ns3:TPX>
            </Extensions>
          </Trackpoint>
          <Trackpoint>
            <Time>2021-01-03T22:48:16.000Z</Time>
            <Position>
              <LatitudeDegrees>22.33191591195601</LatitudeDegrees>
              <LongitudeDegrees>114.20494060887434</LongitudeDegrees>
            </Position>
            <AltitudeMeters>311.2</AltitudeMeters>
            <DistanceMeters>3962.530029296875</DistanceMeters>
            <Extensions>
              <ns3:TPX>
                <ns3:Speed>2.6410000324249268</ns3:Speed>
                <ns3:RunCadence>84</ns3:RunCadence>
              </ns3:TPX>
            </Extensions>
          </Trackpoint>
          <Trackpoint>
            <Time>2021-01-03T22:48:24.000Z</Time>
            <Position>
              <LatitudeDegrees>22.331800957191877</LatitudeDegrees>
              <LongitudeDegrees>114.20513021703658</LongitudeDegrees>
            </Position>
            <AltitudeMeters>310.32</AltitudeMeters>
            <DistanceMeters>3983.77001953125</DistanceMeters>
            <Extensions>
              <ns3:TPX>
                <ns3:Speed>2.6500000953674316</ns3:Speed>
                <ns3:RunCadence>84</ns3:RunCadence>
              </ns3:TPX>
            </Extensions>
          </Trackpoint>
          <Trackpoint>
            <Time>2021-01-03T22:48:31.000Z</Time>
            <Position>
              <LatitudeDegrees>22.331624043326283</LatitudeDegrees>
              <LongitudeDegrees>114.20520014188676</LongitudeDegrees>
            </Position>
            <AltitudeMeters>310.98</AltitudeMeters>
            <DistanceMeters>4002.39990234375</DistanceMeters>
            <Extensions>
              <ns3:TPX>
                <ns3:Speed>2.6589999198913574</ns3:Speed>
                <ns3:RunCadence>83</ns3:RunCadence>
              </ns3:TPX>
            </Extensions>
          </Trackpoint>
        </Track>
        <Extensions>
          <ns3:LX>
            <ns3:AvgSpeed>2.6189999580383296</ns3:AvgSpeed>
            <ns3:AvgRunCadence>82</ns3:AvgRunCadence>
            <ns3:MaxRunCadence>87</ns3:MaxRunCadence>
          </ns3:LX>
        </Extensions>
      </Lap>
      <Lap StartTime="2021-01-03T22:48:32.000Z">
        <TotalTimeSeconds>379.017</TotalTimeSeconds>
        <DistanceMeters>1000.0</DistanceMeters>
        <MaximumSpeed>2.733999967575073</MaximumSpeed>
        <Calories>70</Calories>
        <Intensity>Active</Intensity>
        <TriggerMethod>Manual</TriggerMethod>
        <Track>
          <Trackpoint>
            <Time>2021-01-03T22:48:39.000Z</Time>
            <Position>
              <LatitudeDegrees>22.33143517917926</LatitudeDegrees>
              <LongitudeDegrees>114.20527302220906</LongitudeDegrees>
            </Position>
            <AltitudeMeters>311.2</AltitudeMeters>
            <DistanceMeters>4023.6201171875</DistanceMeters>
            <Extensions>
              <ns3:TPX>
                <ns3:Speed>2.6589999198913574</ns3:Speed>
                <ns3:RunCadence>84</ns3:RunCadence>
              </ns3:TPX>
            </Extensions>
          </Trackpoint>
          <Trackpoint>
            <Time>2021-01-03T22:48:47.000Z</Time>
            <Position>
              <LatitudeDegrees>22.331278464373028</LatitudeDegrees>
              <LongitudeDegrees>114.20511384459274</LongitudeDegrees>
            </Position>
            <AltitudeMeters>311.09</AltitudeMeters>
            <DistanceMeters>4044.8701171875</DistanceMeters>
            <Extensions>
              <ns3:TPX>
                <ns3:Speed>2.6589999198913574</ns3:Speed>
                <ns3:RunCadence>83</ns3:RunCadence>
              </ns3:TPX>
            </Extensions>
          </Trackpoint>
          <Trackpoint>
            <Time>2021-01-03T22:48:55.000Z</Time>
            <Position>
              <LatitudeDegrees>22.33112106775216</LatitudeDegrees>
              <LongitudeDegrees>114.20495435775479</LongitudeDegrees>
            </Position>
            <AltitudeMeters>311.21</AltitudeMeters>
            <DistanceMeters>4066.360107421875</DistanceMeters>
            <Extensions>
              <ns3:TPX>
                <ns3:Speed>2.7060000896453857</ns3:Speed>
                <ns3:RunCadence>84</ns3:RunCadence>
              </ns3:TPX>
            </Extensions>
          </Trackpoint>
          <Trackpoint>
            <Time>2021-01-03T22:49:03.000Z</Time>
            <Position>
              <LatitudeDegrees>22.33094311509919</LatitudeDegrees>
              <LongitudeDegrees>114.20482182265476</LongitudeDegrees>
            </Position>
            <AltitudeMeters>311.39</AltitudeMeters>
            <DistanceMeters>4088.0400390625</DistanceMeters>
            <Extensions>
              <ns3:TPX>
                <ns3:Speed>2.7149999141693115</ns3:Speed>
                <ns3:RunCadence>85</ns3:RunCadence>
              </ns3:TPX>
            </Extensions>
          </Trackpoint>
          <Trackpoint>
            <Time>2021-01-03T22:49:11.000Z</Time>
            <Position>
              <LatitudeDegrees>22.330751096211994</LatitudeDegrees>
              <LongitudeDegrees>114.20470499257817</LongitudeDegrees>
            </Position>
            <AltitudeMeters>310.64</AltitudeMeters>
            <DistanceMeters>4109.8701171875</DistanceMeters>
            <Extensions>
              <ns3:TPX>
                <ns3:Speed>2.7249999046325684</ns3:Speed>
                <ns3:RunCadence>82</ns3:RunCadence>
              </ns3:TPX>
            </Extensions>
          </Trackpoint>
          <Trackpoint>
            <Time>2021-01-03T22:49:19.000Z</Time>
            <Position>
              <LatitudeDegrees>22.330567370203042</LatitudeDegrees>
              <LongitudeDegrees>114.20457591645786</LongitudeDegrees>
            </Position>
            <AltitudeMeters>310.95</AltitudeMeters>
            <DistanceMeters>4131.490234375</DistanceMeters>
            <Extensions>
              <ns3:TPX>
                <ns3:Speed>2.7060000896453857</ns3:Speed>
                <ns3:RunCadence>82</ns3:RunCadence>
              </ns3:TPX>
            </Extensions>
          </Trackpoint>
          <Trackpoint>
            <Time>2021-01-03T22:49:27.000Z</Time>
            <Position>
              <LatitudeDegrees>22.330385396541356</LatitudeDegrees>
              <LongitudeDegrees>114.20445324999066</LongitudeDegrees>
            </Position>
            <AltitudeMeters>311.2</AltitudeMeters>
            <DistanceMeters>4152.64990234375</DistanceMeters>
            <Extensions>
              <ns3:TPX>
                <ns3:Speed>2.621999979019165</ns3:Speed>
                <ns3:RunCadence>83</ns3:RunCadence>
              </ns3:TPX>
            </Extensions>
          </Trackpoint>
          <Trackpoint>
            <Time>2021-01-03T22:49:35.000Z</Time>
            <Position>
              <LatitudeDegrees>22.33018633135593</LatitudeDegrees>
              <LongitudeDegrees>114.20437250749794</LongitudeDegrees>
            </Position>
            <AltitudeMeters>311.05</AltitudeMeters>
            <DistanceMeters>4173.6298828125</DistanceMeters>
            <Extensions>
              <ns3:TPX>
                <ns3:Speed>2.6410000324249268</ns3:Speed>
                <ns3:RunCadence>83</ns3:RunCadence>
              </ns3:TPX>
            </Extensions>
          </Trackpoint>
          <Trackpoint>
            <Time>2021-01-03T22:49:43.000Z</Time>
            <Position>
              <LatitudeDegrees>22.33001876197133</LatitudeDegrees>
              <LongitudeDegrees>114.20439736062411</LongitudeDegrees>
            </Position>
            <AltitudeMeters>311.1</AltitudeMeters>
            <DistanceMeters>4194.740234375</DistanceMeters>
            <Extensions>
              <ns3:TPX>
                <ns3:Speed>2.63100004196167</ns3:Speed>
                <ns3:RunCadence>84</ns3:RunCadence>
              </ns3:TPX>
            </Extensions>
          </Trackpoint>
          <Trackpoint>
            <Time>2021-01-03T22:49:51.000Z</Time>
            <Position>
              <LatitudeDegrees>22.329927389910303</LatitudeDegrees>
              <LongitudeDegrees>114.20460646218088</LongitudeDegrees>
            </Position>
            <AltitudeMeters>311.4</AltitudeMeters>
            <DistanceMeters>4215.85986328125</DistanceMeters>
            <Extensions>
              <ns3:TPX>
                <ns3:Speed>2.6500000953674316</ns3:Speed>
                <ns3:RunCadence>84</ns3:RunCadence>
              </ns3:TPX>
            </Extensions>
          </Trackpoint>
          <Trackpoint>
            <Time>2021-01-03T22:49:59.000Z</Time>
            <Position>
              <LatitudeDegrees>22.32976575070768</LatitudeDegrees>
              <LongitudeDegrees>114.20475530189515</LongitudeDegrees>
            </Position>
            <AltitudeMeters>311.38</AltitudeMeters>
            <DistanceMeters>4236.81005859375</DistanceMeters>
            <Extensions>
              <ns3:TPX>
                <ns3:Speed>2.6029999256134033</ns3:Speed>
                <ns3:RunCadence>84</ns3:RunCadence>
              </ns3:TPX>
            </Extensions>
          </Trackpoint>
          <Trackpoint>
            <Time>2021-01-03T22:50:07.000Z</Time>
            <Position>
              <LatitudeDegrees>22.329589061882608</LatitudeDegrees>
              <LongitudeDegrees>114.20484477416126</LongitudeDegrees>
            </Position>
            <AltitudeMeters>310.8</AltitudeMeters>
            <DistanceMeters>4257.7998046875</DistanceMeters>
            <Extensions>
              <ns3:TPX>
                <ns3:Speed>2.621999979019165</ns3:Speed>
                <ns3:RunCadence>84</ns3:RunCadence>
              </ns3:TPX>
            </Extensions>
          </Trackpoint>
          <Trackpoint>
            <Time>2021-01-03T22:50:15.000Z</Time>
            <Position>
              <LatitudeDegrees>22.329384552244253</LatitudeDegrees>
              <LongitudeDegrees>114.20479610836512</LongitudeDegrees>
            </Position>
            <AltitudeMeters>311.5</AltitudeMeters>
            <DistanceMeters>4278.740234375</DistanceMeters>
            <Extensions>
              <ns3:TPX>
                <ns3:Speed>2.61299991607666</ns3:Speed>
                <ns3:RunCadence>83</ns3:RunCadence>
              </ns3:TPX>
            </Extensions>
          </Trackpoint>
          <Trackpoint>
            <Time>2021-01-03T22:50:23.000Z</Time>
            <Position>
              <LatitudeDegrees>22.329186896217525</LatitudeDegrees>
              <LongitudeDegrees>114.2047270512134</LongitudeDegrees>
            </Position>
            <AltitudeMeters>311.46</AltitudeMeters>
            <DistanceMeters>4299.27978515625</DistanceMeters>
            <Extensions>
              <ns3:TPX>
                <ns3:Speed>2.5850000381469727</ns3:Speed>
                <ns3:RunCadence>84</ns3:RunCadence>
              </ns3:TPX>
            </Extensions>
          </Trackpoint>
          <Trackpoint>
            <Time>2021-01-03T22:50:31.000Z</Time>
            <Position>
              <LatitudeDegrees>22.32898225358843</LatitudeDegrees>
              <LongitudeDegrees>114.20468174926988</LongitudeDegrees>
            </Position>
            <AltitudeMeters>311.7</AltitudeMeters>
            <DistanceMeters>4319.91015625</DistanceMeters>
            <Extensions>
              <ns3:TPX>
                <ns3:Speed>2.575000047683716</ns3:Speed>
                <ns3:RunCadence>84</ns3:RunCadence>
              </ns3:TPX>
            </Extensions>
          </Trackpoint>
          <Trackpoint>
            <Time>2021-01-03T22:50:39.000Z</Time>
            <Position>
              <LatitudeDegrees>22.32878138039344</LatitudeDegrees>
              <LongitudeDegrees>114.20461679469739</LongitudeDegrees>
            </Position>
            <AltitudeMeters>310.7</AltitudeMeters>
            <DistanceMeters>4340.6201171875</DistanceMeters>
            <Extensions>
              <ns3:TPX>
                <ns3:Speed>2.5940001010894775</ns3:Speed>
                <ns3:RunCadence>84</ns3:RunCadence>
              </ns3:TPX>
            </Extensions>
          </Trackpoint>
          <Trackpoint>
            <Time>2021-01-03T22:50:47.000Z</Time>
            <Position>
              <LatitudeDegrees>22.328587238987623</LatitudeDegrees>
              <LongitudeDegrees>114.20453749847515</LongitudeDegrees>
            </Position>
            <AltitudeMeters>311.02</AltitudeMeters>
            <DistanceMeters>4361.3798828125</DistanceMeters>
            <Extensions>
              <ns3:TPX>
                <ns3:Speed>2.6029999256134033</ns3:Speed>
                <ns3:RunCadence>84</ns3:RunCadence>
              </ns3:TPX>
            </Extensions>
          </Trackpoint>
          <Trackpoint>
            <Time>2021-01-03T22:50:55.000Z</Time>
            <Position>
              <LatitudeDegrees>22.328406408101543</LatitudeDegrees>
              <LongitudeDegrees>114.20441988368452</LongitudeDegrees>
            </Position>
            <AltitudeMeters>311.32</AltitudeMeters>
            <DistanceMeters>4382.25</DistanceMeters>
            <Extensions>
              <ns3:TPX>
                <ns3:Speed>2.61299991607666</ns3:Speed>
                <ns3:RunCadence>83</ns3:RunCadence>
              </ns3:TPX>
            </Extensions>
          </Trackpoint>
          <Trackpoint>
            <Time>2021-01-03T22:51:03.000Z</Time>
            <Position>
              <LatitudeDegrees>22.32823096835705</LatitudeDegrees>
              <LongitudeDegrees>114.20429209469668</LongitudeDegrees>
            </Position>
            <AltitudeMeters>310.77</AltitudeMeters>
            <DistanceMeters>4403.14990234375</DistanceMeters>
            <Extensions>
              <ns3:TPX>
                <ns3:Speed>2.61299991607666</ns3:Speed>
                <ns3:RunCadence>85</ns3:RunCadence>
              </ns3:TPX>
            </Extensions>
          </Trackpoint>
          <Trackpoint>
            <Time>2021-01-03T22:51:11.000Z</Time>
            <Position>
              <LatitudeDegrees>22.328058208202627</LatitudeDegrees>
              <LongitudeDegrees>114.20415852517239</LongitudeDegrees>
            </Position>
            <AltitudeMeters>310.86</AltitudeMeters>
            <DistanceMeters>4424.10986328125</DistanceMeters>
            <Extensions>
              <ns3:TPX>
                <ns3:Speed>2.621999979019165</ns3:Speed>
                <ns3:RunCadence>84</ns3:RunCadence>
              </ns3:TPX>
            </Extensions>
          </Trackpoint>
          <Trackpoint>
            <Time>2021-01-03T22:51:19.000Z</Time>
            <Position>
              <LatitudeDegrees>22.327872218210345</LatitudeDegrees>
              <LongitudeDegrees>114.20404685966662</LongitudeDegrees>
            </Position>
            <AltitudeMeters>310.34</AltitudeMeters>
            <DistanceMeters>4445.14990234375</DistanceMeters>
            <Extensions>
              <ns3:TPX>
                <ns3:Speed>2.63100004196167</ns3:Speed>
                <ns3:RunCadence>85</ns3:RunCadence>
              </ns3:TPX>
            </Extensions>
          </Trackpoint>
          <Trackpoint>
            <Time>2021-01-03T22:51:27.000Z</Time>
            <Position>
              <LatitudeDegrees>22.327716775173954</LatitudeDegrees>
              <LongitudeDegrees>114.20389112314218</LongitudeDegrees>
            </Position>
            <AltitudeMeters>310.56</AltitudeMeters>
            <DistanceMeters>4466.2001953125</DistanceMeters>
            <Extensions>
              <ns3:TPX>
                <ns3:Speed>2.63100004196167</ns3:Speed>
                <ns3:RunCadence>84</ns3:RunCadence>
              </ns3:TPX>
            </Extensions>
          </Trackpoint>
          <Trackpoint>
            <Time>2021-01-03T22:51:35.000Z</Time>
            <Position>
              <LatitudeDegrees>22.327599708070466</LatitudeDegrees>
              <LongitudeDegrees>114.20372912996993</LongitudeDegrees>
            </Position>
            <AltitudeMeters>310.63</AltitudeMeters>
            <DistanceMeters>4487.259765625</DistanceMeters>
            <Extensions>
              <ns3:TPX>
                <ns3:Speed>2.6410000324249268</ns3:Speed>
                <ns3:RunCadence>85</ns3:RunCadence>
              </ns3:TPX>
            </Extensions>
          </Trackpoint>
          <Trackpoint>
            <Time>2021-01-03T22:51:43.000Z</Time>
            <Position>
              <LatitudeDegrees>22.327700434903807</LatitudeDegrees>
              <LongitudeDegrees>114.20352719693872</LongitudeDegrees>
            </Position>
            <AltitudeMeters>310.69</AltitudeMeters>
            <DistanceMeters>4508.39990234375</DistanceMeters>
            <Extensions>
              <ns3:TPX>
                <ns3:Speed>2.6410000324249268</ns3:Speed>
                <ns3:RunCadence>83</ns3:RunCadence>
              </ns3:TPX>
            </Extensions>
          </Trackpoint>
          <Trackpoint>
            <Time>2021-01-03T22:51:51.000Z</Time>
            <Position>
              <LatitudeDegrees>22.32785138116988</LatitudeDegrees>
              <LongitudeDegrees>114.20336396945986</LongitudeDegrees>
            </Position>
            <AltitudeMeters>310.25</AltitudeMeters>
            <DistanceMeters>4529.47021484375</DistanceMeters>
            <Extensions>
              <ns3:TPX>
                <ns3:Speed>2.63100004196167</ns3:Speed>
                <ns3:RunCadence>84</ns3:RunCadence>
              </ns3:TPX>
            </Extensions>
          </Trackpoint>
          <Trackpoint>
            <Time>2021-01-03T22:51:59.000Z</Time>
            <Position>
              <LatitudeDegrees>22.327986211531158</LatitudeDegrees>
              <LongitudeDegrees>114.20318757677504</LongitudeDegrees>
            </Position>
            <AltitudeMeters>310.4</AltitudeMeters>
            <DistanceMeters>4550.43994140625</DistanceMeters>
            <Extensions>
              <ns3:TPX>
                <ns3:Speed>2.61299991607666</ns3:Speed>
                <ns3:RunCadence>84</ns3:RunCadence>
              </ns3:TPX>
            </Extensions>
          </Trackpoint>
          <Trackpoint>
            <Time>2021-01-03T22:52:07.000Z</Time>
            <Position>
              <LatitudeDegrees>22.32808872777737</LatitudeDegrees>
              <LongitudeDegrees>114.20298682129686</LongitudeDegrees>
            </Position>
            <AltitudeMeters>310.31</AltitudeMeters>
            <DistanceMeters>4571.39990234375</DistanceMeters>
            <Extensions>
              <ns3:TPX>
                <ns3:Speed>2.63100004196167</ns3:Speed>
                <ns3:RunCadence>85</ns3:RunCadence>
              </ns3:TPX>
            </Extensions>
          </Trackpoint>
          <Trackpoint>
            <Time>2021-01-03T22:52:15.000Z</Time>
            <Position>
              <LatitudeDegrees>22.32822252903308</LatitudeDegrees>
              <LongitudeDegrees>114.20282019745034</LongitudeDegrees>
            </Position>
            <AltitudeMeters>310.68</AltitudeMeters>
            <DistanceMeters>4592.25</DistanceMeters>
            <Extensions>
              <ns3:TPX>
                <ns3:Speed>2.61299991607666</ns3:Speed>
                <ns3:RunCadence>84</ns3:RunCadence>
              </ns3:TPX>
            </Extensions>
          </Trackpoint>
          <Trackpoint>
            <Time>2021-01-03T22:52:23.000Z</Time>
            <Position>
              <LatitudeDegrees>22.32838907698339</LatitudeDegrees>
              <LongitudeDegrees>114.20269111353583</LongitudeDegrees>
            </Position>
            <AltitudeMeters>310.27</AltitudeMeters>
            <DistanceMeters>4612.759765625</DistanceMeters>
            <Extensions>
              <ns3:TPX>
                <ns3:Speed>2.490999937057495</ns3:Speed>
                <ns3:RunCadence>84</ns3:RunCadence>
              </ns3:TPX>
            </Extensions>
          </Trackpoint>
          <Trackpoint>
            <Time>2021-01-03T22:52:31.000Z</Time>
            <Position>
              <LatitudeDegrees>22.328447870684425</LatitudeDegrees>
              <LongitudeDegrees>114.20248307210964</LongitudeDegrees>
            </Position>
            <AltitudeMeters>311.08</AltitudeMeters>
            <DistanceMeters>4633.06005859375</DistanceMeters>
            <Extensions>
              <ns3:TPX>
                <ns3:Speed>2.556999921798706</ns3:Speed>
                <ns3:RunCadence>86</ns3:RunCadence>
              </ns3:TPX>
            </Extensions>
          </Trackpoint>
          <Trackpoint>
            <Time>2021-01-03T22:52:39.000Z</Time>
            <Position>
              <LatitudeDegrees>22.32861372818565</LatitudeDegrees>
              <LongitudeDegrees>114.20234520867294</LongitudeDegrees>
            </Position>
            <AltitudeMeters>311.2</AltitudeMeters>
            <DistanceMeters>4653.89990234375</DistanceMeters>
            <Extensions>
              <ns3:TPX>
                <ns3:Speed>2.6410000324249268</ns3:Speed>
                <ns3:RunCadence>84</ns3:RunCadence>
              </ns3:TPX>
            </Extensions>
          </Trackpoint>
          <Trackpoint>
            <Time>2021-01-03T22:52:47.000Z</Time>
            <Position>
              <LatitudeDegrees>22.328789836501283</LatitudeDegrees>
              <LongitudeDegrees>114.20221975139287</LongitudeDegrees>
            </Position>
            <AltitudeMeters>311.2</AltitudeMeters>
            <DistanceMeters>4674.7099609375</DistanceMeters>
            <Extensions>
              <ns3:TPX>
                <ns3:Speed>2.5380001068115234</ns3:Speed>
                <ns3:RunCadence>86</ns3:RunCadence>
              </ns3:TPX>
            </Extensions>
          </Trackpoint>
          <Trackpoint>
            <Time>2021-01-03T22:52:55.000Z</Time>
            <Position>
              <LatitudeDegrees>22.32895877804707</LatitudeDegrees>
              <LongitudeDegrees>114.20208534305297</LongitudeDegrees>
            </Position>
            <AltitudeMeters>311.07</AltitudeMeters>
            <DistanceMeters>4695.43017578125</DistanceMeters>
            <Extensions>
              <ns3:TPX>
                <ns3:Speed>2.61299991607666</ns3:Speed>
                <ns3:RunCadence>84</ns3:RunCadence>
              </ns3:TPX>
            </Extensions>
          </Trackpoint>
          <Trackpoint>
            <Time>2021-01-03T22:53:03.000Z</Time>
            <Position>
              <LatitudeDegrees>22.329089315188117</LatitudeDegrees>
              <LongitudeDegrees>114.20190715285996</LongitudeDegrees>
            </Position>
            <AltitudeMeters>310.84</AltitudeMeters>
            <DistanceMeters>4716.39990234375</DistanceMeters>
            <Extensions>
              <ns3:TPX>
                <ns3:Speed>2.5850000381469727</ns3:Speed>
                <ns3:RunCadence>84</ns3:RunCadence>
              </ns3:TPX>
            </Extensions>
          </Trackpoint>
          <Trackpoint>
            <Time>2021-01-03T22:53:05.000Z</Time>
            <Position>
              <LatitudeDegrees>22.329119894391578</LatitudeDegrees>
              <LongitudeDegrees>114.20186285312974</LongitudeDegrees>
            </Position>
            <AltitudeMeters>310.8</AltitudeMeters>
            <DistanceMeters>4721.490234375</DistanceMeters>
            <Extensions>
              <ns3:TPX>
                <ns3:Speed>2.5290000438690186</ns3:Speed>
                <ns3:RunCadence>84</ns3:RunCadence>
              </ns3:TPX>
            </Extensions>
          </Trackpoint>
          <Trackpoint>
            <Time>2021-01-03T22:53:13.000Z</Time>
            <Position>
              <LatitudeDegrees>22.329288935742703</LatitudeDegrees>
              <LongitudeDegrees>114.20174122923123</LongitudeDegrees>
            </Position>
            <AltitudeMeters>310.41</AltitudeMeters>
            <DistanceMeters>4741.7900390625</DistanceMeters>
            <Extensions>
              <ns3:TPX>
                <ns3:Speed>2.5850000381469727</ns3:Speed>
                <ns3:RunCadence>84</ns3:RunCadence>
              </ns3:TPX>
            </Extensions>
          </Trackpoint>
          <Trackpoint>
            <Time>2021-01-03T22:53:21.000Z</Time>
            <Position>
              <LatitudeDegrees>22.32941486736168</LatitudeDegrees>
              <LongitudeDegrees>114.20157047137995</LongitudeDegrees>
            </Position>
            <AltitudeMeters>310.17</AltitudeMeters>
            <DistanceMeters>4762.64013671875</DistanceMeters>
            <Extensions>
              <ns3:TPX>
                <ns3:Speed>2.621999979019165</ns3:Speed>
                <ns3:RunCadence>85</ns3:RunCadence>
              </ns3:TPX>
            </Extensions>
          </Trackpoint>
          <Trackpoint>
            <Time>2021-01-03T22:53:29.000Z</Time>
            <Position>
              <LatitudeDegrees>22.329564948755657</LatitudeDegrees>
              <LongitudeDegrees>114.20140450816574</LongitudeDegrees>
            </Position>
            <AltitudeMeters>310.8</AltitudeMeters>
            <DistanceMeters>4783.91015625</DistanceMeters>
            <Extensions>
              <ns3:TPX>
                <ns3:Speed>2.677999973297119</ns3:Speed>
                <ns3:RunCadence>85</ns3:RunCadence>
              </ns3:TPX>
            </Extensions>
          </Trackpoint>
          <Trackpoint>
            <Time>2021-01-03T22:53:37.000Z</Time>
            <Position>
              <LatitudeDegrees>22.329759821274244</LatitudeDegrees>
              <LongitudeDegrees>114.20130175932394</LongitudeDegrees>
            </Position>
            <AltitudeMeters>310.6</AltitudeMeters>
            <DistanceMeters>4805.3701171875</DistanceMeters>
            <Extensions>
              <ns3:TPX>
                <ns3:Speed>2.677999973297119</ns3:Speed>
                <ns3:RunCadence>84</ns3:RunCadence>
              </ns3:TPX>
            </Extensions>
          </Trackpoint>
          <Trackpoint>
            <Time>2021-01-03T22:53:45.000Z</Time>
            <Position>
              <LatitudeDegrees>22.329972032447273</LatitudeDegrees>
              <LongitudeDegrees>114.20124926869758</LongitudeDegrees>
            </Position>
            <AltitudeMeters>310.6</AltitudeMeters>
            <DistanceMeters>4826.8798828125</DistanceMeters>
            <Extensions>
              <ns3:TPX>
                <ns3:Speed>2.697000026702881</ns3:Speed>
                <ns3:RunCadence>85</ns3:RunCadence>
              </ns3:TPX>
            </Extensions>
          </Trackpoint>
          <Trackpoint>
            <Time>2021-01-03T22:53:53.000Z</Time>
            <Position>
              <LatitudeDegrees>22.3301197011117</LatitudeDegrees>
              <LongitudeDegrees>114.20110129180968</LongitudeDegrees>
            </Position>
            <AltitudeMeters>310.6</AltitudeMeters>
            <DistanceMeters>4848.43994140625</DistanceMeters>
            <Extensions>
              <ns3:TPX>
                <ns3:Speed>2.687000036239624</ns3:Speed>
                <ns3:RunCadence>85</ns3:RunCadence>
              </ns3:TPX>
            </Extensions>
          </Trackpoint>
          <Trackpoint>
            <Time>2021-01-03T22:54:01.000Z</Time>
            <Position>
              <LatitudeDegrees>22.330282043643596</LatitudeDegrees>
              <LongitudeDegrees>114.20096078312135</LongitudeDegrees>
            </Position>
            <AltitudeMeters>310.6</AltitudeMeters>
            <DistanceMeters>4869.9599609375</DistanceMeters>
            <Extensions>
              <ns3:TPX>
                <ns3:Speed>2.687000036239624</ns3:Speed>
                <ns3:RunCadence>84</ns3:RunCadence>
              </ns3:TPX>
            </Extensions>
          </Trackpoint>
          <Trackpoint>
            <Time>2021-01-03T22:54:09.000Z</Time>
            <Position>
              <LatitudeDegrees>22.33037085672745</LatitudeDegrees>
              <LongitudeDegrees>114.20075527359178</LongitudeDegrees>
            </Position>
            <AltitudeMeters>310.4</AltitudeMeters>
            <DistanceMeters>4891.490234375</DistanceMeters>
            <Extensions>
              <ns3:TPX>
                <ns3:Speed>2.697000026702881</ns3:Speed>
                <ns3:RunCadence>85</ns3:RunCadence>
              </ns3:TPX>
            </Extensions>
          </Trackpoint>
          <Trackpoint>
            <Time>2021-01-03T22:54:17.000Z</Time>
            <Position>
              <LatitudeDegrees>22.33039105699429</LatitudeDegrees>
              <LongitudeDegrees>114.20052003576615</LongitudeDegrees>
            </Position>
            <AltitudeMeters>310.44</AltitudeMeters>
            <DistanceMeters>4913.18017578125</DistanceMeters>
            <Extensions>
              <ns3:TPX>
                <ns3:Speed>2.7149999141693115</ns3:Speed>
                <ns3:RunCadence>84</ns3:RunCadence>
              </ns3:TPX>
            </Extensions>
          </Trackpoint>
          <Trackpoint>
            <Time>2021-01-03T22:54:25.000Z</Time>
            <Position>
              <LatitudeDegrees>22.330477058424133</LatitudeDegrees>
              <LongitudeDegrees>114.20030261891834</LongitudeDegrees>
            </Position>
            <AltitudeMeters>310.82</AltitudeMeters>
            <DistanceMeters>4934.77978515625</DistanceMeters>
            <Extensions>
              <ns3:TPX>
                <ns3:Speed>2.7060000896453857</ns3:Speed>
                <ns3:RunCadence>84</ns3:RunCadence>
              </ns3:TPX>
            </Extensions>
          </Trackpoint>
          <Trackpoint>
            <Time>2021-01-03T22:54:33.000Z</Time>
            <Position>
              <LatitudeDegrees>22.330580760908052</LatitudeDegrees>
              <LongitudeDegrees>114.20025409286802</LongitudeDegrees>
            </Position>
            <AltitudeMeters>311.17</AltitudeMeters>
            <DistanceMeters>4956.52978515625</DistanceMeters>
            <Extensions>
              <ns3:TPX>
                <ns3:Speed>2.7149999141693115</ns3:Speed>
                <ns3:RunCadence>82</ns3:RunCadence>
              </ns3:TPX>
            </Extensions>
          </Trackpoint>
          <Trackpoint>
            <Time>2021-01-03T22:54:41.000Z</Time>
            <Position>
              <LatitudeDegrees>22.330641330166188</LatitudeDegrees>
              <LongitudeDegrees>114.20042457064774</LongitudeDegrees>
            </Position>
            <AltitudeMeters>310.6</AltitudeMeters>
            <DistanceMeters>4978.18017578125</DistanceMeters>
            <Extensions>
              <ns3:TPX>
                <ns3:Speed>2.697000026702881</ns3:Speed>
                <ns3:RunCadence>84</ns3:RunCadence>
              </ns3:TPX>
            </Extensions>
          </Trackpoint>
          <Trackpoint>
            <Time>2021-01-03T22:54:49.000Z</Time>
            <Position>
              <LatitudeDegrees>22.330550064772105</LatitudeDegrees>
              <LongitudeDegrees>114.20032710072795</LongitudeDegrees>
            </Position>
            <AltitudeMeters>310.79</AltitudeMeters>
            <DistanceMeters>4999.68994140625</DistanceMeters>
            <Extensions>
              <ns3:TPX>
                <ns3:Speed>2.687000036239624</ns3:Speed>
                <ns3:RunCadence>84</ns3:RunCadence>
              </ns3:TPX>
            </Extensions>
          </Trackpoint>
          <Trackpoint>
            <Time>2021-01-03T22:54:50.000Z</Time>
            <Position>
              <LatitudeDegrees>22.330556254307663</LatitudeDegrees>
              <LongitudeDegrees>114.20032975686951</LongitudeDegrees>
            </Position>
            <AltitudeMeters>310.8</AltitudeMeters>
            <DistanceMeters>5002.3798828125</DistanceMeters>
            <Extensions>
              <ns3:TPX>
                <ns3:Speed>2.687000036239624</ns3:Speed>
                <ns3:RunCadence>84</ns3:RunCadence>
              </ns3:TPX>
            </Extensions>
          </Trackpoint>
        </Track>
        <Extensions>
          <ns3:LX>
            <ns3:AvgSpeed>2.638000011444092</ns3:AvgSpeed>
            <ns3:AvgRunCadence>84</ns3:AvgRunCadence>
            <ns3:MaxRunCadence>86</ns3:MaxRunCadence>
          </ns3:LX>
        </Extensions>
      </Lap>
      <Lap StartTime="2021-01-03T22:54:51.000Z">
        <TotalTimeSeconds>203.918</TotalTimeSeconds>
        <DistanceMeters>554.64</DistanceMeters>
        <MaximumSpeed>2.799000024795532</MaximumSpeed>
        <Calories>38</Calories>
        <Intensity>Active</Intensity>
        <TriggerMethod>Manual</TriggerMethod>
        <Track>
          <Trackpoint>
            <Time>2021-01-03T22:54:58.000Z</Time>
            <Position>
              <LatitudeDegrees>22.330714945242562</LatitudeDegrees>
              <LongitudeDegrees>114.20032026284896</LongitudeDegrees>
            </Position>
            <AltitudeMeters>310.62</AltitudeMeters>
            <DistanceMeters>5023.7998046875</DistanceMeters>
            <Extensions>
              <ns3:TPX>
                <ns3:Speed>2.6589999198913574</ns3:Speed>
                <ns3:RunCadence>84</ns3:RunCadence>
              </ns3:TPX>
            </Extensions>
          </Trackpoint>
          <Trackpoint>
            <Time>2021-01-03T22:55:06.000Z</Time>
            <Position>
              <LatitudeDegrees>22.330549001357586</LatitudeDegrees>
              <LongitudeDegrees>114.20041038709267</LongitudeDegrees>
            </Position>
            <AltitudeMeters>310.99</AltitudeMeters>
            <DistanceMeters>5045.02001953125</DistanceMeters>
            <Extensions>
              <ns3:TPX>
                <ns3:Speed>2.6589999198913574</ns3:Speed>
                <ns3:RunCadence>84</ns3:RunCadence>
              </ns3:TPX>
            </Extensions>
          </Trackpoint>
          <Trackpoint>
            <Time>2021-01-03T22:55:14.000Z</Time>
            <Position>
              <LatitudeDegrees>22.330336648271793</LatitudeDegrees>
              <LongitudeDegrees>114.20039470041357</LongitudeDegrees>
            </Position>
            <AltitudeMeters>311.07</AltitudeMeters>
            <DistanceMeters>5066.35009765625</DistanceMeters>
            <Extensions>
              <ns3:TPX>
                <ns3:Speed>2.6410000324249268</ns3:Speed>
                <ns3:RunCadence>84</ns3:RunCadence>
              </ns3:TPX>
            </Extensions>
          </Trackpoint>
          <Trackpoint>
            <Time>2021-01-03T22:55:22.000Z</Time>
            <Position>
              <LatitudeDegrees>22.330126326019997</LatitudeDegrees>
              <LongitudeDegrees>114.20037257754507</LongitudeDegrees>
            </Position>
            <AltitudeMeters>311.13</AltitudeMeters>
            <DistanceMeters>5087.2001953125</DistanceMeters>
            <Extensions>
              <ns3:TPX>
                <ns3:Speed>2.621999979019165</ns3:Speed>
                <ns3:RunCadence>84</ns3:RunCadence>
              </ns3:TPX>
            </Extensions>
          </Trackpoint>
          <Trackpoint>
            <Time>2021-01-03T22:55:30.000Z</Time>
            <Position>
              <LatitudeDegrees>22.329916347550125</LatitudeDegrees>
              <LongitudeDegrees>114.20035547699993</LongitudeDegrees>
            </Position>
            <AltitudeMeters>311.2</AltitudeMeters>
            <DistanceMeters>5108.25</DistanceMeters>
            <Extensions>
              <ns3:TPX>
                <ns3:Speed>2.6410000324249268</ns3:Speed>
                <ns3:RunCadence>84</ns3:RunCadence>
              </ns3:TPX>
            </Extensions>
          </Trackpoint>
          <Trackpoint>
            <Time>2021-01-03T22:55:38.000Z</Time>
            <Position>
              <LatitudeDegrees>22.32979432798212</LatitudeDegrees>
              <LongitudeDegrees>114.20054595732964</LongitudeDegrees>
            </Position>
            <AltitudeMeters>311.17</AltitudeMeters>
            <DistanceMeters>5129.4501953125</DistanceMeters>
            <Extensions>
              <ns3:TPX>
                <ns3:Speed>2.6589999198913574</ns3:Speed>
                <ns3:RunCadence>84</ns3:RunCadence>
              </ns3:TPX>
            </Extensions>
          </Trackpoint>
          <Trackpoint>
            <Time>2021-01-03T22:55:46.000Z</Time>
            <Position>
              <LatitudeDegrees>22.329648649048206</LatitudeDegrees>
              <LongitudeDegrees>114.20071951091394</LongitudeDegrees>
            </Position>
            <AltitudeMeters>311.03</AltitudeMeters>
            <DistanceMeters>5150.83984375</DistanceMeters>
            <Extensions>
              <ns3:TPX>
                <ns3:Speed>2.677999973297119</ns3:Speed>
                <ns3:RunCadence>85</ns3:RunCadence>
              </ns3:TPX>
            </Extensions>
          </Trackpoint>
          <Trackpoint>
            <Time>2021-01-03T22:55:54.000Z</Time>
            <Position>
              <LatitudeDegrees>22.329445380826577</LatitudeDegrees>
              <LongitudeDegrees>114.20076250995533</LongitudeDegrees>
            </Position>
            <AltitudeMeters>310.89</AltitudeMeters>
            <DistanceMeters>5172.2998046875</DistanceMeters>
            <Extensions>
              <ns3:TPX>
                <ns3:Speed>2.687000036239624</ns3:Speed>
                <ns3:RunCadence>84</ns3:RunCadence>
              </ns3:TPX>
            </Extensions>
          </Trackpoint>
          <Trackpoint>
            <Time>2021-01-03T22:56:02.000Z</Time>
            <Position>
              <LatitudeDegrees>22.329227508694036</LatitudeDegrees>
              <LongitudeDegrees>114.20077340499928</LongitudeDegrees>
            </Position>
            <AltitudeMeters>310.75</AltitudeMeters>
            <DistanceMeters>5193.81982421875</DistanceMeters>
            <Extensions>
              <ns3:TPX>
                <ns3:Speed>2.697000026702881</ns3:Speed>
                <ns3:RunCadence>84</ns3:RunCadence>
              </ns3:TPX>
            </Extensions>
          </Trackpoint>
          <Trackpoint>
            <Time>2021-01-03T22:56:10.000Z</Time>
            <Position>
              <LatitudeDegrees>22.329009028518648</LatitudeDegrees>
              <LongitudeDegrees>114.20078433044941</LongitudeDegrees>
            </Position>
            <AltitudeMeters>310.62</AltitudeMeters>
            <DistanceMeters>5215.39990234375</DistanceMeters>
            <Extensions>
              <ns3:TPX>
                <ns3:Speed>2.697000026702881</ns3:Speed>
                <ns3:RunCadence>84</ns3:RunCadence>
              </ns3:TPX>
            </Extensions>
          </Trackpoint>
          <Trackpoint>
            <Time>2021-01-03T22:56:18.000Z</Time>
            <Position>
              <LatitudeDegrees>22.3290713674578</LatitudeDegrees>
              <LongitudeDegrees>114.20095786724536</LongitudeDegrees>
            </Position>
            <AltitudeMeters>310.29</AltitudeMeters>
            <DistanceMeters>5236.8798828125</DistanceMeters>
            <Extensions>
              <ns3:TPX>
                <ns3:Speed>2.677999973297119</ns3:Speed>
                <ns3:RunCadence>83</ns3:RunCadence>
              </ns3:TPX>
            </Extensions>
          </Trackpoint>
          <Trackpoint>
            <Time>2021-01-03T22:56:26.000Z</Time>
            <Position>
              <LatitudeDegrees>22.32899246406069</LatitudeDegrees>
              <LongitudeDegrees>114.20117457226938</LongitudeDegrees>
            </Position>
            <AltitudeMeters>310.62</AltitudeMeters>
            <DistanceMeters>5258.35986328125</DistanceMeters>
            <Extensions>
              <ns3:TPX>
                <ns3:Speed>2.687000036239624</ns3:Speed>
                <ns3:RunCadence>85</ns3:RunCadence>
              </ns3:TPX>
            </Extensions>
          </Trackpoint>
          <Trackpoint>
            <Time>2021-01-03T22:56:34.000Z</Time>
            <Position>
              <LatitudeDegrees>22.328849655172004</LatitudeDegrees>
              <LongitudeDegrees>114.20133506404403</LongitudeDegrees>
            </Position>
            <AltitudeMeters>310.77</AltitudeMeters>
            <DistanceMeters>5279.85986328125</DistanceMeters>
            <Extensions>
              <ns3:TPX>
                <ns3:Speed>2.687000036239624</ns3:Speed>
                <ns3:RunCadence>83</ns3:RunCadence>
              </ns3:TPX>
            </Extensions>
          </Trackpoint>
          <Trackpoint>
            <Time>2021-01-03T22:56:42.000Z</Time>
            <Position>
              <LatitudeDegrees>22.32866551961305</LatitudeDegrees>
              <LongitudeDegrees>114.20125259394274</LongitudeDegrees>
            </Position>
            <AltitudeMeters>309.71</AltitudeMeters>
            <DistanceMeters>5301.27001953125</DistanceMeters>
            <Extensions>
              <ns3:TPX>
                <ns3:Speed>2.6689999103546143</ns3:Speed>
                <ns3:RunCadence>84</ns3:RunCadence>
              </ns3:TPX>
            </Extensions>
          </Trackpoint>
          <Trackpoint>
            <Time>2021-01-03T22:56:50.000Z</Time>
            <Position>
              <LatitudeDegrees>22.32850094594917</LatitudeDegrees>
              <LongitudeDegrees>114.20119667305742</LongitudeDegrees>
            </Position>
            <AltitudeMeters>309.92</AltitudeMeters>
            <DistanceMeters>5322.7099609375</DistanceMeters>
            <Extensions>
              <ns3:TPX>
                <ns3:Speed>2.687000036239624</ns3:Speed>
                <ns3:RunCadence>85</ns3:RunCadence>
              </ns3:TPX>
            </Extensions>
          </Trackpoint>
          <Trackpoint>
            <Time>2021-01-03T22:56:58.000Z</Time>
            <Position>
              <LatitudeDegrees>22.32852311585308</LatitudeDegrees>
              <LongitudeDegrees>114.20105928769966</LongitudeDegrees>
            </Position>
            <AltitudeMeters>310.05</AltitudeMeters>
            <DistanceMeters>5344.35986328125</DistanceMeters>
            <Extensions>
              <ns3:TPX>
                <ns3:Speed>2.7149999141693115</ns3:Speed>
                <ns3:RunCadence>85</ns3:RunCadence>
              </ns3:TPX>
            </Extensions>
          </Trackpoint>
          <Trackpoint>
            <Time>2021-01-03T22:57:06.000Z</Time>
            <Position>
              <LatitudeDegrees>22.328733467511714</LatitudeDegrees>
              <LongitudeDegrees>114.20105218408278</LongitudeDegrees>
            </Position>
            <AltitudeMeters>310.22</AltitudeMeters>
            <DistanceMeters>5366.27001953125</DistanceMeters>
            <Extensions>
              <ns3:TPX>
                <ns3:Speed>2.743000030517578</ns3:Speed>
                <ns3:RunCadence>84</ns3:RunCadence>
              </ns3:TPX>
            </Extensions>
          </Trackpoint>
          <Trackpoint>
            <Time>2021-01-03T22:57:14.000Z</Time>
            <Position>
              <LatitudeDegrees>22.328906474288356</LatitudeDegrees>
              <LongitudeDegrees>114.20118733376582</LongitudeDegrees>
            </Position>
            <AltitudeMeters>310.51</AltitudeMeters>
            <DistanceMeters>5388.18017578125</DistanceMeters>
            <Extensions>
              <ns3:TPX>
                <ns3:Speed>2.743000030517578</ns3:Speed>
                <ns3:RunCadence>84</ns3:RunCadence>
              </ns3:TPX>
            </Extensions>
          </Trackpoint>
          <Trackpoint>
            <Time>2021-01-03T22:57:22.000Z</Time>
            <Position>
              <LatitudeDegrees>22.328973287702162</LatitudeDegrees>
              <LongitudeDegrees>114.20140223420003</LongitudeDegrees>
            </Position>
            <AltitudeMeters>310.4</AltitudeMeters>
            <DistanceMeters>5410.240234375</DistanceMeters>
            <Extensions>
              <ns3:TPX>
                <ns3:Speed>2.76200008392334</ns3:Speed>
                <ns3:RunCadence>84</ns3:RunCadence>
              </ns3:TPX>
            </Extensions>
          </Trackpoint>
          <Trackpoint>
            <Time>2021-01-03T22:57:30.000Z</Time>
            <Position>
              <LatitudeDegrees>22.328788835328346</LatitudeDegrees>
              <LongitudeDegrees>114.20153671449883</LongitudeDegrees>
            </Position>
            <AltitudeMeters>309.78</AltitudeMeters>
            <DistanceMeters>5432.35986328125</DistanceMeters>
            <Extensions>
              <ns3:TPX>
                <ns3:Speed>2.7709999084472656</ns3:Speed>
                <ns3:RunCadence>84</ns3:RunCadence>
              </ns3:TPX>
            </Extensions>
          </Trackpoint>
          <Trackpoint>
            <Time>2021-01-03T22:57:38.000Z</Time>
            <Position>
              <LatitudeDegrees>22.328589902465627</LatitudeDegrees>
              <LongitudeDegrees>114.20164432079653</LongitudeDegrees>
            </Position>
            <AltitudeMeters>309.46</AltitudeMeters>
            <DistanceMeters>5454.64990234375</DistanceMeters>
            <Extensions>
              <ns3:TPX>
                <ns3:Speed>2.7899999618530273</ns3:Speed>
                <ns3:RunCadence>84</ns3:RunCadence>
              </ns3:TPX>
            </Extensions>
          </Trackpoint>
          <Trackpoint>
            <Time>2021-01-03T22:57:46.000Z</Time>
            <Position>
              <LatitudeDegrees>22.328405789048674</LatitudeDegrees>
              <LongitudeDegrees>114.20177758512891</LongitudeDegrees>
            </Position>
            <AltitudeMeters>309.6</AltitudeMeters>
            <DistanceMeters>5477.02001953125</DistanceMeters>
            <Extensions>
              <ns3:TPX>
                <ns3:Speed>2.7990000247955322</ns3:Speed>
                <ns3:RunCadence>83</ns3:RunCadence>
              </ns3:TPX>
            </Extensions>
          </Trackpoint>
          <Trackpoint>
            <Time>2021-01-03T22:57:54.000Z</Time>
            <Position>
              <LatitudeDegrees>22.328334669807063</LatitudeDegrees>
              <LongitudeDegrees>114.20194366665329</LongitudeDegrees>
            </Position>
            <AltitudeMeters>309.58</AltitudeMeters>
            <DistanceMeters>5499.2998046875</DistanceMeters>
            <Extensions>
              <ns3:TPX>
                <ns3:Speed>2.7709999084472656</ns3:Speed>
                <ns3:RunCadence>83</ns3:RunCadence>
              </ns3:TPX>
            </Extensions>
          </Trackpoint>
          <Trackpoint>
            <Time>2021-01-03T22:58:02.000Z</Time>
            <Position>
              <LatitudeDegrees>22.328263712495552</LatitudeDegrees>
              <LongitudeDegrees>114.20211855993864</LongitudeDegrees>
            </Position>
            <AltitudeMeters>310.07</AltitudeMeters>
            <DistanceMeters>5521.39013671875</DistanceMeters>
            <Extensions>
              <ns3:TPX>
                <ns3:Speed>2.753000020980835</ns3:Speed>
                <ns3:RunCadence>83</ns3:RunCadence>
              </ns3:TPX>
            </Extensions>
          </Trackpoint>
          <Trackpoint>
            <Time>2021-01-03T22:58:10.000Z</Time>
            <Position>
              <LatitudeDegrees>22.328231991216494</LatitudeDegrees>
              <LongitudeDegrees>114.20234754218237</LongitudeDegrees>
            </Position>
            <AltitudeMeters>310.11</AltitudeMeters>
            <DistanceMeters>5543.580078125</DistanceMeters>
            <Extensions>
              <ns3:TPX>
                <ns3:Speed>2.7809998989105225</ns3:Speed>
                <ns3:RunCadence>84</ns3:RunCadence>
              </ns3:TPX>
            </Extensions>
          </Trackpoint>
          <Trackpoint>
            <Time>2021-01-03T22:58:14.000Z</Time>
            <Position>
              <LatitudeDegrees>22.328176852315664</LatitudeDegrees>
              <LongitudeDegrees>114.20245304703712</LongitudeDegrees>
            </Position>
            <AltitudeMeters>310.0</AltitudeMeters>
            <DistanceMeters>5554.64013671875</DistanceMeters>
            <Extensions>
              <ns3:TPX>
                <ns3:Speed>2.753000020980835</ns3:Speed>
                <ns3:RunCadence>84</ns3:RunCadence>
              </ns3:TPX>
            </Extensions>
          </Trackpoint>
        </Track>
        <Extensions>
          <ns3:LX>
            <ns3:AvgSpeed>2.720000028610229</ns3:AvgSpeed>
            <ns3:AvgRunCadence>84</ns3:AvgRunCadence>
            <ns3:MaxRunCadence>85</ns3:MaxRunCadence>
          </ns3:LX>
        </Extensions>
      </Lap>
      <Notes>ROUTE RECONSTRUCTED: no GPS was recorded for this activity. Coordinates were projected from the accelerometer distance onto the GPS track of activity 6188052022 (2021-01-27) using mode "scale". Generated by 06_RepairMissingRoutes.py.</Notes>
      <Creator xsi:type="Device_t">
        <Name>fēnix 3</Name>
        <UnitId>3913938328</UnitId>
        <ProductID>2050</ProductID>
        <Version>
          <VersionMajor>9</VersionMajor>
          <VersionMinor>40</VersionMinor>
          <BuildMajor>0</BuildMajor>
          <BuildMinor>0</BuildMinor>
        </Version>
      </Creator>
    </Activity>
  </Activities>
  <Author xsi:type="Application_t">
    <Name>Connect Api</Name>
    <Build>
      <Version>
        <VersionMajor>0</VersionMajor>
        <VersionMinor>0</VersionMinor>
        <BuildMajor>0</BuildMajor>
        <BuildMinor>0</BuildMinor>
      </Version>
    </Build>
    <LangID>en</LangID>
    <PartNumber>006-D2449-00</PartNumber>
  </Author>
</TrainingCenterDatabase>
