<?xml version="1.0" encoding="UTF-8"?>
<kml
  xsi:schemaLocation="http://earth.google.com/kml/2.1 http://earth.google.com/kml2.1.xsd"
  xmlns:xsi="http://www.w3.org/2001/XMLSchema-instance" xmlns="http://earth.google.com/kml/2.1">
  <Folder>
    <name>Running</name>
    <description>ROUTE RECONSTRUCTED: no GPS was recorded for this activity. Coordinates were projected from the accelerometer distance onto the GPS track of activity 6188052022 (2021-01-27) using mode "scale". Generated by 06_RepairMissingRoutes.py.</description>
    <Placemark>
      <name>Track</name>
      <Style>
        <LineStyle>
          <color>FF0000FF</color>
          <width>3.0</width>
        </LineStyle>
      </Style>
      <LineString>
        <extrude>false</extrude>
        <tessellate>true</tessellate>
        <altitudeMode>clampToGround</altitudeMode>
        <coordinates>114.20833887718364,22.328444882878088 114.20822059414417,22.328282473578195 114.20818629108068,22.328491017692862 114.20811606211412,22.32870517567572 114.20808920480161,22.328930593801598 114.20806298679327,22.329157411210417 114.20806836312089,22.32938967729985 114.20810706484592,22.329614491119774 114.20810871410312,22.329851361830737 114.20808108874894,22.33008715204388 114.20805216103786,22.33032023045984 114.20799617085737,22.330389309145804 114.20780039874936,22.330523582386995 114.20760347194717,22.330657954762316 114.20738452375109,22.33068584377521 114.2071861882745,22.330809177039384 114.2070046774511,22.33095850720847 114.20687082300508,22.331143131282364 114.20670015205394,22.331299473398126 114.20647965107693,22.33138970171104 114.20631629525167,22.331313447478927 114.20611496836354,22.33129272810105 114.20591438283284,22.33141325702432 114.20571020126441,22.331452062383068 114.20554837971845,22.33128741339214 114.20539002648583,22.33111469268241 114.20517870428058,22.331160945571664 114.20499378258353,22.331304234655565 114.2047579032642,22.331280422718415 114.20456743374277,22.33113779810066 114.20446387859037,22.331228025707663 114.20452415431089,22.331446233262795 114.20454312334908,22.3316745965073 114.20454342158074,22.331759515557465 114.20451719087261,22.331980456596146 114.20448926212768,22.33219699746514 114.20446070195368,22.332418434014205 114.20441972745101,22.332643866574845 114.20437159415495,22.33286420313968 114.20452138812607,22.333040458559992 114.20456673556147,22.333272054963288 114.20459620423281,22.333480437317377 114.20459596366817,22.333693806792233 114.20457732026783,22.333905393901773 114.20458945123282,22.334142482837038 114.20459249926637,22.33438179878656 114.2045993881846,22.33462094344998 114.20455915200814,22.33485111280557 114.20451740454754,22.33490854598797 114.20431538606458,22.334815664775217 114.20426738663402,22.33478443561663 114.20414139177619,22.33458327782931 114.20394935643368,22.334595936458243 114.20375980013122,22.334748225229003 114.20356378186678,22.334889558738727 114.20339718786249,22.335059814225964 114.20319383190309,22.33517520310745 114.20306996644887,22.33501774740229 114.20290429412304,22.334856136946392 114.20276509986525,22.334788737152724 114.20260116287423,22.33470852695477 114.20236412282901,22.334773340631596 114.2021217407903,22.334813590533795 114.20189260592096,22.33475137180003 114.20181293379162,22.334863554546185 114.20166794762073,22.334895980703596 114.20142271703487,22.334867041753323 114.20129942751095,22.334852492714145 114.20105116082581,22.334823195482603 114.20101054640374,22.334691227146866 114.2008093880629,22.33456805278895 114.20057803648947,22.334496764360996 114.20038703349233,22.334406227261688 114.20022768891057,22.334266343981838 114.20028876451521,22.33408905894975 114.2004415155708,22.333910564853444 114.2005851726403,22.333719860025838 114.20071588534917,22.333547883605227 114.20085995610545,22.333352094130372 114.20101475077804,22.333169623085762 114.20086673442837,22.33309078063367 114.20061994290292,22.333064173383658 114.20037179976944,22.333037420413195 114.20012365801095,22.333010667590973 114.19987664098834,22.33298403602951 114.19963199031099,22.332957659590026 114.19938666314215,22.332931210216188 114.19914423245412,22.332976698637573 114.1989015621206,22.33302603298125 114.19866166207972,22.33307480413055 114.19842220414994,22.333123485399632 114.19820999216311,22.333166627628593 114.19799315216677,22.333267346577422 114.19790899353707,22.333347971272296 114.1977952124575,22.333552989120246 114.19773839967765,22.333655357931566 114.19762508452534,22.333859536242716 114.19761104981018,22.33388482486813 114.19750161609878,22.333947848201056 114.19741279134655,22.333798502413885 114.19730381498118,22.3335989129924 114.19714112671194,22.333429615754103 114.19714777384154,22.33326961649392 114.19717951375411,22.33322075824571 114.19725595909829,22.333008028989095 114.19736231081535,22.3328124055102 114.19752526427123,22.33264933582503 114.19749946336839,22.332574443663983 114.19745225776177,22.332359737314935 114.19720332489977,22.33237144180201 114.19695728182721,22.332341599067753 114.19674081834698,22.332228801698417 114.19677558633202,22.332008242307126 114.19693601203045,22.331844332828588 114.1971161407049,22.331700528709813 114.1973197294699,22.33165896832822 114.19752619447354,22.331779482747667 114.19773671792377,22.331800511729487 114.19796093253522,22.331716717160443 114.19819502713852,22.33164457834029 114.19828546825619,22.331761210987572 114.19829368083346,22.33184580572046 114.19831444706222,22.332071465176668 114.19844452604195,22.332259502797225 114.198637595907,22.332405721299377 114.19887230297097,22.33247555724972 114.1991124210881,22.332502269605097 114.19934613493372,22.33255602653434 114.1995843754059,22.332600331333065 114.19978784493871,22.33268321315468 114.19988743702642,22.33289250523823 114.1999880351624,22.333103911525285 114.20008927351093,22.33331666321457 114.20019055647357,22.33352950866011 114.20029092596222,22.33374043444637 114.20039083927155,22.333950401574942 114.20049075146552,22.334160366359608 114.20052825855156,22.334239187241497 114.20062812613142,22.334449058269907 114.20068181718888,22.334428426345514 114.20072168868188,22.33420281723528 114.20064798360706,22.33399625977111 114.20053392775941,22.333792787795996 114.20047117032284,22.33369468523714 114.20024260367407,22.333627767342726 114.19999885467128,22.333582677997395 114.2001246370045,22.3336594139875 114.2001327859037,22.333716611710532 114.20030470029883,22.33384909103514 114.2005303473844,22.333753059484472 114.20071236361622,22.333589868772776 114.20073622434002,22.333570649450053 114.2009487187814,22.333447881790207 114.2010689845718,22.333562834893947 114.20125367914056,22.333624268669734 114.2014877353469,22.333645425722935 114.20168046838116,22.333763205661427 114.2018171172202,22.333936585557293 114.2019292613362,22.33412679864649 114.20205744400857,22.33430962676546 114.20218299956439,22.334504592145688 114.20229404760778,22.334714707455955 114.20245083462423,22.334899149269624 114.20264784649278,22.335027878121306 114.20285975952547,22.334956643728 114.20308117777715,22.334965880792243 114.20329009365854,22.33488928541741 114.203361705648,22.334835654990446 114.20349955272448,22.334645920162256 114.20361060374819,22.334445056677662 114.20381834096864,22.334425084071977 114.20404645552138,22.334493062320163 114.2042775296937,22.334438810613523 114.20440475089413,22.334257649345318 114.2043885307761,22.334045901158976 114.20436095415866,22.333881555202087 114.20454015963666,22.333895243670472 114.20455671869829,22.333831219368612 114.20447615897245,22.333654789588753 114.20461679471377,22.333453601469817 114.20474677425807,22.333252536695568 114.20474919567455,22.333022891456544 114.20466803836793,22.332800923485042 114.2045460554455,22.332595691282954 114.2045848643872,22.332376946638274 114.20472679308844,22.33219104718562 114.20479385279884,22.33198967697732 114.20501369739218,22.33187860389699 114.20516221123158,22.33171319817875 114.20526859535423,22.331506393135612 114.20516654274161,22.331323775805796 114.20498760320184,22.331168321390148 114.20484269940039,22.330988096734217 114.20473164178514,22.33078797644988 114.20459880216146,22.330600255924626 114.20451938052629,22.330483762050036 114.20441102048245,22.330280673551915 114.20432905560824,22.330066067412513 114.20454150171759,22.329956236021832 114.20472204820004,22.329802083556576 114.20485340025674,22.329617535010776 114.20480160306643,22.32939711496701 114.20472463092882,22.329178234341512 114.20467538739135,22.328951818381704 114.20461000535265,22.328729357821132 114.20449925621735,22.328520850981313 114.20436583357947,22.32832329177686 114.20421684019148,22.328135921482357 114.20408329458073,22.327940126226196 114.20393554502584,22.32775721720001 114.20376993197324,22.32758993531445 114.2035700697713,22.327667541581214 114.20339153701931,22.327827694130303 114.20320186768689,22.327978092656757 114.20298200710582,22.328090834658475 114.20280495961565,22.328242933983137 114.20264008897928,22.32839178557278 114.2024260789633,22.328501447891252 114.20228517657809,22.328697076733693 114.20214328751199,22.328891790681862 114.20196404632502,22.329055184614017 114.2017812032087,22.329217452362872 114.20162030275702,22.329386953706113 114.20144806363852,22.32952222656442 114.20132646270142,22.329698006209163 114.20127683724529,22.32984057400397 114.20123325323898,22.330046737775408 114.20103760772659,22.33015491293985 114.20091512331683,22.330319518788894 114.20069732726623,22.330373738285207 114.20047626610999,22.330407900001216 114.20024476998964,22.330511576016953 114.20033546360719,22.330561961461417 114.20038215875998,22.330665928652696 114.20036412931951,22.330631476546948 114.20031277866963,22.330617489442943 114.20040445491927,22.33042938441948 114.20038020803447,22.33019886913132 114.20035620190801,22.32997064273421 114.20051135762154,22.329823370589402 114.20067981233588,22.32968197158979 114.2007598314103,22.329498944659672 114.20076444262197,22.329406732592833 114.2007752469752,22.329190674035956 114.20079237091682,22.32899199039629 114.20099151356236,22.32906695434172 114.20120158088281,22.32897573306122 114.20135143106513,22.328827490187543 114.20123719984188,22.32864366568323 114.20122020032233,22.32848955800159 114.20104662183175,22.32853809714493 114.20105777366393,22.32874702922486 114.20119442800495,22.328911427734713 114.20140279332614,22.328973254352224 114.20153409034964,22.328795012217036 114.20163345054128,22.32859955922904 114.20176906401865,22.32842560944138 114.2019267187514,22.328359385497325 114.2020790817828,22.328259533922974 114.20230643287302,22.328253475745676 114.20245304703712,22.328176852315664</coordinates>
      </LineString>
    </Placemark>
    <Folder>
      <name>Laps</name>
      <description>Laps, start and end splits recorded in the activity.</description>
      <Placemark>
        <name>Start</name>
        <description>ROUTE RECONSTRUCTED: no GPS was recorded for this activity. Coordinates were projected from the accelerometer distance onto the GPS track of activity 6188052022 (2021-01-27) using mode "scale". Generated by 06_RepairMissingRoutes.py.</description>
        <Style>
          <IconStyle>
            <scale>1.3</scale>
            <Icon>
              <href>explore\image\main\icons\kml\grn-play.png</href>
            </Icon>
            <hotSpot x="0.5" xunits="fraction" y="0.0" yunits="fraction"/>
          </IconStyle>
        </Style>
        <Point>
          <coordinates>114.20833887718364, 22.328444882878088</coordinates>
        </Point>
      </Placemark>
      <Placemark>
        <name>Lap 1</name>
        <description>&lt;table width = "320"&gt;&lt;tr&gt;&lt;td&gt;Time:&lt;/td&gt;&lt;td&gt;00:06:10&lt;/td&gt;&lt;/tr&gt;&lt;tr&gt;&lt;td&gt;Distance:&lt;/td&gt;&lt;td&gt;1 Kilometers &lt;/td&gt;&lt;/tr&gt;&lt;tr&gt;&lt;td&gt;Elevation Gain:&lt;/td&gt;&lt;td&gt;0 Meters &lt;/td&gt;&lt;/tr&gt;&lt;tr&gt;&lt;td&gt;Elevation Loss:&lt;/td&gt;&lt;td&gt;1 Meters &lt;/td&gt;&lt;/tr&gt;&lt;tr&gt;&lt;td&gt;Max Speed:&lt;/td&gt;&lt;td&gt;10.52 Kilometers per Hour&lt;/td&gt;&lt;/tr&gt;&lt;/table&gt;</description>
        <Style>
          <IconStyle>
            <scale>1.0</scale>
            <Icon>
              <href>http://maps.google.com/mapfiles/kml/shapes/flag.png</href>
            </Icon>
            <hotSpot x="0.45" xunits="fraction" y="0.0" yunits="fraction"/>
          </IconStyle>
        </Style>
        <Point>
          <coordinates>114.20451607273188,22.334915252210255</coordinates>
        </Point>
      </Placemark>
      <Placemark>
        <name>Lap 2</name>
        <description>&lt;table width = "320"&gt;&lt;tr&gt;&lt;td&gt;Time:&lt;/td&gt;&lt;td&gt;00:06:04&lt;/td&gt;&lt;/tr&gt;&lt;tr&gt;&lt;td&gt;Distance:&lt;/td&gt;&lt;td&gt;1 Kilometers &lt;/td&gt;&lt;/tr&gt;&lt;tr&gt;&lt;td&gt;Elevation Gain:&lt;/td&gt;&lt;td&gt;2 Meters &lt;/td&gt;&lt;/tr&gt;&lt;tr&gt;&lt;td&gt;Elevation Loss:&lt;/td&gt;&lt;td&gt;0 Meters &lt;/td&gt;&lt;/tr&gt;&lt;tr&gt;&lt;td&gt;Max Speed:&lt;/td&gt;&lt;td&gt;10.35 Kilometers per Hour&lt;/td&gt;&lt;/tr&gt;&lt;/table&gt;</description>
        <Style>
          <IconStyle>
            <scale>1.0</scale>
            <Icon>
              <href>http://maps.google.com/mapfiles/kml/shapes/flag.png</href>
            </Icon>
            <hotSpot x="0.45" xunits="fraction" y="0.0" yunits="fraction"/>
          </IconStyle>
        </Style>
        <Point>
          <coordinates>114.19762441123834,22.333860749413258</coordinates>
        </Point>
      </Placemark>
      <Placemark>
        <name>Lap 3</name>
        <description>&lt;table width = "320"&gt;&lt;tr&gt;&lt;td&gt;Time:&lt;/td&gt;&lt;td&gt;00:06:07&lt;/td&gt;&lt;/tr&gt;&lt;tr&gt;&lt;td&gt;Distance:&lt;/td&gt;&lt;td&gt;1 Kilometers &lt;/td&gt;&lt;/tr&gt;&lt;tr&gt;&lt;td&gt;Elevation Gain:&lt;/td&gt;&lt;td&gt;2 Meters &lt;/td&gt;&lt;/tr&gt;&lt;tr&gt;&lt;td&gt;Elevation Loss:&lt;/td&gt;&lt;td&gt;3 Meters &lt;/td&gt;&lt;/tr&gt;&lt;tr&gt;&lt;td&gt;Max Speed:&lt;/td&gt;&lt;td&gt;10.01 Kilometers per Hour&lt;/td&gt;&lt;/tr&gt;&lt;/table&gt;</description>
        <Style>
          <IconStyle>
            <scale>1.0</scale>
            <Icon>
              <href>http://maps.google.com/mapfiles/kml/shapes/flag.png</href>
            </Icon>
            <hotSpot x="0.45" xunits="fraction" y="0.0" yunits="fraction"/>
          </IconStyle>
        </Style>
        <Point>
          <coordinates>114.20013231168465,22.3337132831321</coordinates>
        </Point>
      </Placemark>
      <Placemark>
        <name>Lap 4</name>
        <description>&lt;table width = "320"&gt;&lt;tr&gt;&lt;td&gt;Time:&lt;/td&gt;&lt;td&gt;00:06:34&lt;/td&gt;&lt;/tr&gt;&lt;tr&gt;&lt;td&gt;Distance:&lt;/td&gt;&lt;td&gt;1 Kilometers &lt;/td&gt;&lt;/tr&gt;&lt;tr&gt;&lt;td&gt;Elevation Gain:&lt;/td&gt;&lt;td&gt;0 Meters &lt;/td&gt;&lt;/tr&gt;&lt;tr&gt;&lt;td&gt;Elevation Loss:&lt;/td&gt;&lt;td&gt;2 Meters &lt;/td&gt;&lt;/tr&gt;&lt;tr&gt;&lt;td&gt;Max Speed:&lt;/td&gt;&lt;td&gt;10.28 Kilometers per Hour&lt;/td&gt;&lt;/tr&gt;&lt;/table&gt;</description>
        <Style>
          <IconStyle>
            <scale>1.0</scale>
            <Icon>
              <href>http://maps.google.com/mapfiles/kml/shapes/flag.png</href>
            </Icon>
            <hotSpot x="0.45" xunits="fraction" y="0.0" yunits="fraction"/>
          </IconStyle>
        </Style>
        <Point>
          <coordinates>114.20452692609067,22.33049498565909</coordinates>
        </Point>
      </Placemark>
      <Placemark>
        <name>Lap 5</name>
        <description>&lt;table width = "320"&gt;&lt;tr&gt;&lt;td&gt;Time:&lt;/td&gt;&lt;td&gt;00:05:58&lt;/td&gt;&lt;/tr&gt;&lt;tr&gt;&lt;td&gt;Distance:&lt;/td&gt;&lt;td&gt;1 Kilometers &lt;/td&gt;&lt;/tr&gt;&lt;tr&gt;&lt;td&gt;Elevation Gain:&lt;/td&gt;&lt;td&gt;2 Meters &lt;/td&gt;&lt;/tr&gt;&lt;tr&gt;&lt;td&gt;Elevation Loss:&lt;/td&gt;&lt;td&gt;0 Meters &lt;/td&gt;&lt;/tr&gt;&lt;tr&gt;&lt;td&gt;Max Speed:&lt;/td&gt;&lt;td&gt;10.58 Kilometers per Hour&lt;/td&gt;&lt;/tr&gt;&lt;/table&gt;</description>
        <Style>
          <IconStyle>
            <scale>1.0</scale>
            <Icon>
              <href>http://maps.google.com/mapfiles/kml/shapes/flag.png</href>
            </Icon>
            <hotSpot x="0.45" xunits="fraction" y="0.0" yunits="fraction"/>
          </IconStyle>
        </Style>
        <Point>
          <coordinates>114.20076382422889,22.329419098822957</coordinates>
        </Point>
      </Placemark>
      <Placemark>
        <name>Lap 6</name>
        <description>&lt;table width = "320"&gt;&lt;tr&gt;&lt;td&gt;Time:&lt;/td&gt;&lt;td&gt;00:02:03&lt;/td&gt;&lt;/tr&gt;&lt;tr&gt;&lt;td&gt;Distance:&lt;/td&gt;&lt;td&gt;0.37 Kilometers &lt;/td&gt;&lt;/tr&gt;&lt;tr&gt;&lt;td&gt;Elevation Gain:&lt;/td&gt;&lt;td&gt;0 Meters &lt;/td&gt;&lt;/tr&gt;&lt;tr&gt;&lt;td&gt;Elevation Loss:&lt;/td&gt;&lt;td&gt;0 Meters &lt;/td&gt;&lt;/tr&gt;&lt;tr&gt;&lt;td&gt;Max Speed:&lt;/td&gt;&lt;td&gt;10.78 Kilometers per Hour&lt;/td&gt;&lt;/tr&gt;&lt;/table&gt;</description>
        <Style>
          <IconStyle>
            <scale>1.0</scale>
            <Icon>
              <href>http://maps.google.com/mapfiles/kml/shapes/flag.png</href>
            </Icon>
            <hotSpot x="0.45" xunits="fraction" y="0.0" yunits="fraction"/>
          </IconStyle>
        </Style>
        <Point>
          <coordinates>114.20245304549448,22.32817685312188</coordinates>
        </Point>
      </Placemark>
      <Placemark>
        <name>End</name>
        <description>ROUTE RECONSTRUCTED: no GPS was recorded for this activity. Coordinates were projected from the accelerometer distance onto the GPS track of activity 6188052022 (2021-01-27) using mode "scale". Generated by 06_RepairMissingRoutes.py.</description>
        <Style>
          <IconStyle>
            <scale>1.0</scale>
            <Icon>
              <href>http://maps.google.com/mapfiles/kml/paddle/red-square.png</href>
            </Icon>
            <hotSpot x="0.5" xunits="fraction" y="0.0" yunits="fraction"/>
          </IconStyle>
        </Style>
        <Point>
          <coordinates>114.20245304703712, 22.328176852315664</coordinates>
        </Point>
      </Placemark>
    </Folder>
    <Folder>
      <name>Track Points</name>
      <description>Toggle to enable or disable animation of the activity.</description>
      <Style>
        <ListStyle>
          <listItemType>checkHideChildren</listItemType>
        </ListStyle>
      </Style>
      <Placemark>
        <TimeSpan>
          <begin>2021-01-03T07:04:37+08:00</begin>
          <end>2021-01-03T07:04:49+08:00</end>
        </TimeSpan>
        <Style>
          <IconStyle>
            <color>FF00FFFF</color>
            <scale>0.9</scale>
            <Icon>
              <href>http://maps.google.com/mapfiles/kml/shapes/placemark_circle.png</href>
            </Icon>
          </IconStyle>
        </Style>
        <Point>
          <altitudeMode>clampToGround</altitudeMode>
          <coordinates>114.20833887718364,22.328444882878088, 311.23</coordinates>
        </Point>
      </Placemark>
      <Placemark>
        <TimeSpan>
          <begin>2021-01-03T07:04:49+08:00</begin>
          <end>2021-01-03T07:04:57+08:00</end>
        </TimeSpan>
        <Style>
          <IconStyle>
            <color>FF00FFFF</color>
            <scale>0.9</scale>
            <Icon>
              <href>http://maps.google.com/mapfiles/kml/shapes/placemark_circle.png</href>
            </Icon>
          </IconStyle>
        </Style>
        <Point>
          <altitudeMode>clampToGround</altitudeMode>
          <coordinates>114.20822059414417,22.328282473578195, 311.21</coordinates>
        </Point>
      </Placemark>
      <Placemark>
        <TimeSpan>
          <begin>2021-01-03T07:04:57+08:00</begin>
          <end>2021-01-03T07:05:05+08:00</end>
        </TimeSpan>
        <Style>
          <IconStyle>
            <color>FF00FFFF</color>
            <scale>0.9</scale>
            <Icon>
              <href>http://maps.google.com/mapfiles/kml/shapes/placemark_circle.png</href>
            </Icon>
          </IconStyle>
        </Style>
        <Point>
          <altitudeMode>clampToGround</altitudeMode>
          <coordinates>114.20818629108068,22.328491017692862, 311.81</coordinates>
        </Point>
      </Placemark>
      <Placemark>
        <TimeSpan>
          <begin>2021-01-03T07:05:05+08:00</begin>
          <end>2021-01-03T07:05:13+08:00</end>
        </TimeSpan>
        <Style>
          <IconStyle>
            <color>FF00FFFF</color>
            <scale>0.9</scale>
            <Icon>
              <href>http://maps.google.com/mapfiles/kml/shapes/placemark_circle.png</href>
            </Icon>
          </IconStyle>
        </Style>
        <Point>
          <altitudeMode>clampToGround</altitudeMode>
          <coordinates>114.20811606211412,22.32870517567572, 311.2</coordinates>
        </Point>
      </Placemark>
      <Placemark>
        <TimeSpan>
          <begin>2021-01-03T07:05:13+08:00</begin>
          <end>2021-01-03T07:05:21+08:00</end>
        </TimeSpan>
        <Style>
          <IconStyle>
            <color>FF00FFFF</color>
            <scale>0.9</scale>
            <Icon>
              <href>http://maps.google.com/mapfiles/kml/shapes/placemark_circle.png</href>
            </Icon>
          </IconStyle>
        </Style>
        <Point>
          <altitudeMode>clampToGround</altitudeMode>
          <coordinates>114.20808920480161,22.328930593801598, 311.2</coordinates>
        </Point>
      </Placemark>
      <Placemark>
        <TimeSpan>
          <begin>2021-01-03T07:05:21+08:00</begin>
          <end>2021-01-03T07:05:29+08:00</end>
        </TimeSpan>
        <Style>
          <IconStyle>
            <color>FF00FFFF</color>
            <scale>0.9</scale>
            <Icon>
              <href>http://maps.google.com/mapfiles/kml/shapes/placemark_circle.png</href>
            </Icon>
          </IconStyle>
        </Style>
        <Point>
          <altitudeMode>clampToGround</altitudeMode>
          <coordinates>114.20806298679327,22.329157411210417, 311.21</coordinates>
        </Point>
      </Placemark>
      <Placemark>
        <TimeSpan>
          <begin>2021-01-03T07:05:29+08:00</begin>
          <end>2021-01-03T07:05:37+08:00</end>
        </TimeSpan>
        <Style>
          <IconStyle>
            <color>FF00FFFF</color>
            <scale>0.9</scale>
            <Icon>
              <href>http://maps.google.com/mapfiles/kml/shapes/placemark_circle.png</href>
            </Icon>
          </IconStyle>
        </Style>
        <Point>
          <altitudeMode>clampToGround</altitudeMode>
          <coordinates>114.20806836312089,22.32938967729985, 311.37</coordinates>
        </Point>
      </Placemark>
      <Placemark>
        <TimeSpan>
          <begin>2021-01-03T07:05:37+08:00</begin>
          <end>2021-01-03T07:05:45+08:00</end>
        </TimeSpan>
        <Style>
          <IconStyle>
            <color>FF00FFFF</color>
            <scale>0.9</scale>
            <Icon>
              <href>http://maps.google.com/mapfiles/kml/shapes/placemark_circle.png</href>
            </Icon>
          </IconStyle>
        </Style>
        <Point>
          <altitudeMode>clampToGround</altitudeMode>
          <coordinates>114.20810706484592,22.329614491119774, 311.2</coordinates>
        </Point>
      </Placemark>
      <Placemark>
        <TimeSpan>
          <begin>2021-01-03T07:05:45+08:00</begin>
          <end>2021-01-03T07:05:53+08:00</end>
        </TimeSpan>
        <Style>
          <IconStyle>
            <color>FF00FFFF</color>
            <scale>0.9</scale>
            <Icon>
              <href>http://maps.google.com/mapfiles/kml/shapes/placemark_circle.png</href>
            </Icon>
          </IconStyle>
        </Style>
        <Point>
          <altitudeMode>clampToGround</altitudeMode>
          <coordinates>114.20810871410312,22.329851361830737, 311.12</coordinates>
        </Point>
      </Placemark>
      <Placemark>
        <TimeSpan>
          <begin>2021-01-03T07:05:53+08:00</begin>
          <end>2021-01-03T07:06:01+08:00</end>
        </TimeSpan>
        <Style>
          <IconStyle>
            <color>FF00FFFF</color>
            <scale>0.9</scale>
            <Icon>
              <href>http://maps.google.com/mapfiles/kml/shapes/placemark_circle.png</href>
            </Icon>
          </IconStyle>
        </Style>
        <Point>
          <altitudeMode>clampToGround</altitudeMode>
          <coordinates>114.20808108874894,22.33008715204388, 311.0</coordinates>
        </Point>
      </Placemark>
      <Placemark>
        <TimeSpan>
          <begin>2021-01-03T07:06:01+08:00</begin>
          <end>2021-01-03T07:06:04+08:00</end>
        </TimeSpan>
        <Style>
          <IconStyle>
            <color>FF00FFFF</color>
            <scale>0.9</scale>
            <Icon>
              <href>http://maps.google.com/mapfiles/kml/shapes/placemark_circle.png</href>
            </Icon>
          </IconStyle>
        </Style>
        <Point>
          <altitudeMode>clampToGround</altitudeMode>
          <coordinates>114.20805216103786,22.33032023045984, 310.81</coordinates>
        </Point>
      </Placemark>
      <Placemark>
        <TimeSpan>
          <begin>2021-01-03T07:06:04+08:00</begin>
          <end>2021-01-03T07:06:12+08:00</end>
        </TimeSpan>
        <Style>
          <IconStyle>
            <color>FF00FFFF</color>
            <scale>0.9</scale>
            <Icon>
              <href>http://maps.google.com/mapfiles/kml/shapes/placemark_circle.png</href>
            </Icon>
          </IconStyle>
        </Style>
        <Point>
          <altitudeMode>clampToGround</altitudeMode>
          <coordinates>114.20799617085737,22.330389309145804, 310.96</coordinates>
        </Point>
      </Placemark>
      <Placemark>
        <TimeSpan>
          <begin>2021-01-03T07:06:12+08:00</begin>
          <end>2021-01-03T07:06:20+08:00</end>
        </TimeSpan>
        <Style>
          <IconStyle>
            <color>FF00FFFF</color>
            <scale>0.9</scale>
            <Icon>
              <href>http://maps.google.com/mapfiles/kml/shapes/placemark_circle.png</href>
            </Icon>
          </IconStyle>
        </Style>
        <Point>
          <altitudeMode>clampToGround</altitudeMode>
          <coordinates>114.20780039874936,22.330523582386995, 311.06</coordinates>
        </Point>
      </Placemark>
      <Placemark>
        <TimeSpan>
          <begin>2021-01-03T07:06:20+08:00</begin>
          <end>2021-01-03T07:06:28+08:00</end>
        </TimeSpan>
        <Style>
          <IconStyle>
            <color>FF00FFFF</color>
            <scale>0.9</scale>
            <Icon>
              <href>http://maps.google.com/mapfiles/kml/shapes/placemark_circle.png</href>
            </Icon>
          </IconStyle>
        </Style>
        <Point>
          <altitudeMode>clampToGround</altitudeMode>
          <coordinates>114.20760347194717,22.330657954762316, 311.2</coordinates>
        </Point>
      </Placemark>
      <Placemark>
        <TimeSpan>
          <begin>2021-01-03T07:06:28+08:00</begin>
          <end>2021-01-03T07:06:36+08:00</end>
        </TimeSpan>
        <Style>
          <IconStyle>
            <color>FF00FFFF</color>
            <scale>0.9</scale>
            <Icon>
              <href>http://maps.google.com/mapfiles/kml/shapes/placemark_circle.png</href>
            </Icon>
          </IconStyle>
        </Style>
        <Point>
          <altitudeMode>clampToGround</altitudeMode>
          <coordinates>114.20738452375109,22.33068584377521, 311.3</coordinates>
        </Point>
      </Placemark>
      <Placemark>
        <TimeSpan>
          <begin>2021-01-03T07:06:36+08:00</begin>
          <end>2021-01-03T07:06:44+08:00</end>
        </TimeSpan>
        <Style>
          <IconStyle>
            <color>FF00FFFF</color>
            <scale>0.9</scale>
            <Icon>
              <href>http://maps.google.com/mapfiles/kml/shapes/placemark_circle.png</href>
            </Icon>
          </IconStyle>
        </Style>
        <Point>
          <altitudeMode>clampToGround</altitudeMode>
          <coordinates>114.2071861882745,22.330809177039384, 311.11</coordinates>
        </Point>
      </Placemark>
      <Placemark>
        <TimeSpan>
          <begin>2021-01-03T07:06:44+08:00</begin>
          <end>2021-01-03T07:06:52+08:00</end>
        </TimeSpan>
        <Style>
          <IconStyle>
            <color>FF00FFFF</color>
            <scale>0.9</scale>
            <Icon>
              <href>http://maps.google.com/mapfiles/kml/shapes/placemark_circle.png</href>
            </Icon>
          </IconStyle>
        </Style>
        <Point>
          <altitudeMode>clampToGround</altitudeMode>
          <coordinates>114.2070046774511,22.33095850720847, 311.19</coordinates>
        </Point>
      </Placemark>
      <Placemark>
        <TimeSpan>
          <begin>2021-01-03T07:06:52+08:00</begin>
          <end>2021-01-03T07:07:00+08:00</end>
        </TimeSpan>
        <Style>
          <IconStyle>
            <color>FF00FFFF</color>
            <scale>0.9</scale>
            <Icon>
              <href>http://maps.google.com/mapfiles/kml/shapes/placemark_circle.png</href>
            </Icon>
          </IconStyle>
        </Style>
        <Point>
          <altitudeMode>clampToGround</altitudeMode>
          <coordinates>114.20687082300508,22.331143131282364, 311.35</coordinates>
        </Point>
      </Placemark>
      <Placemark>
        <TimeSpan>
          <begin>2021-01-03T07:07:00+08:00</begin>
          <end>2021-01-03T07:07:08+08:00</end>
        </TimeSpan>
        <Style>
          <IconStyle>
            <color>FF00FFFF</color>
            <scale>0.9</scale>
            <Icon>
              <href>http://maps.google.com/mapfiles/kml/shapes/placemark_circle.png</href>
            </Icon>
          </IconStyle>
        </Style>
        <Point>
          <altitudeMode>clampToGround</altitudeMode>
          <coordinates>114.20670015205394,22.331299473398126, 311.59</coordinates>
        </Point>
      </Placemark>
      <Placemark>
        <TimeSpan>
          <begin>2021-01-03T07:07:08+08:00</begin>
          <end>2021-01-03T07:07:16+08:00</end>
        </TimeSpan>
        <Style>
          <IconStyle>
            <color>FF00FFFF</color>
            <scale>0.9</scale>
            <Icon>
              <href>http://maps.google.com/mapfiles/kml/shapes/placemark_circle.png</href>
            </Icon>
          </IconStyle>
        </Style>
        <Point>
          <altitudeMode>clampToGround</altitudeMode>
          <coordinates>114.20647965107693,22.33138970171104, 312.25</coordinates>
        </Point>
      </Placemark>
      <Placemark>
        <TimeSpan>
          <begin>2021-01-03T07:07:16+08:00</begin>
          <end>2021-01-03T07:07:24+08:00</end>
        </TimeSpan>
        <Style>
          <IconStyle>
            <color>FF00FFFF</color>
            <scale>0.9</scale>
            <Icon>
              <href>http://maps.google.com/mapfiles/kml/shapes/placemark_circle.png</href>
            </Icon>
          </IconStyle>
        </Style>
        <Point>
          <altitudeMode>clampToGround</altitudeMode>
          <coordinates>114.20631629525167,22.331313447478927, 312.65</coordinates>
        </Point>
      </Placemark>
      <Placemark>
        <TimeSpan>
          <begin>2021-01-03T07:07:24+08:00</begin>
          <end>2021-01-03T07:07:32+08:00</end>
        </TimeSpan>
        <Style>
          <IconStyle>
            <color>FF00FFFF</color>
            <scale>0.9</scale>
            <Icon>
              <href>http://maps.google.com/mapfiles/kml/shapes/placemark_circle.png</href>
            </Icon>
          </IconStyle>
        </Style>
        <Point>
          <altitudeMode>clampToGround</altitudeMode>
          <coordinates>114.20611496836354,22.33129272810105, 312.6</coordinates>
        </Point>
      </Placemark>
      <Placemark>
        <TimeSpan>
          <begin>2021-01-03T07:07:32+08:00</begin>
          <end>2021-01-03T07:07:39+08:00</end>
        </TimeSpan>
        <Style>
          <IconStyle>
            <color>FF00FFFF</color>
            <scale>0.9</scale>
            <Icon>
              <href>http://maps.google.com/mapfiles/kml/shapes/placemark_circle.png</href>
            </Icon>
          </IconStyle>
        </Style>
        <Point>
          <altitudeMode>clampToGround</altitudeMode>
          <coordinates>114.20591438283284,22.33141325702432, 313.18</coordinates>
        </Point>
      </Placemark>
      <Placemark>
        <TimeSpan>
          <begin>2021-01-03T07:07:39+08:00</begin>
          <end>2021-01-03T07:07:47+08:00</end>
        </TimeSpan>
        <Style>
          <IconStyle>
            <color>FF00FFFF</color>
            <scale>0.9</scale>
            <Icon>
              <href>http://maps.google.com/mapfiles/kml/shapes/placemark_circle.png</href>
            </Icon>
          </IconStyle>
        </Style>
        <Point>
          <altitudeMode>clampToGround</altitudeMode>
          <coordinates>114.20571020126441,22.331452062383068, 312.22</coordinates>
        </Point>
      </Placemark>
      <Placemark>
        <TimeSpan>
          <begin>2021-01-03T07:07:47+08:00</begin>
          <end>2021-01-03T07:07:55+08:00</end>
        </TimeSpan>
        <Style>
          <IconStyle>
            <color>FF00FFFF</color>
            <scale>0.9</scale>
            <Icon>
              <href>http://maps.google.com/mapfiles/kml/shapes/placemark_circle.png</href>
            </Icon>
          </IconStyle>
        </Style>
        <Point>
          <altitudeMode>clampToGround</altitudeMode>
          <coordinates>114.20554837971845,22.33128741339214, 312.12</coordinates>
        </Point>
      </Placemark>
      <Placemark>
        <TimeSpan>
          <begin>2021-01-03T07:07:55+08:00</begin>
          <end>2021-01-03T07:08:03+08:00</end>
        </TimeSpan>
        <Style>
          <IconStyle>
            <color>FF00FFFF</color>
            <scale>0.9</scale>
            <Icon>
              <href>http://maps.google.com/mapfiles/kml/shapes/placemark_circle.png</href>
            </Icon>
          </IconStyle>
        </Style>
        <Point>
          <altitudeMode>clampToGround</altitudeMode>
          <coordinates>114.20539002648583,22.33111469268241, 312.71</coordinates>
        </Point>
      </Placemark>
      <Placemark>
        <TimeSpan>
          <begin>2021-01-03T07:08:03+08:00</begin>
          <end>2021-01-03T07:08:11+08:00</end>
        </TimeSpan>
        <Style>
          <IconStyle>
            <color>FF00FFFF</color>
            <scale>0.9</scale>
            <Icon>
              <href>http://maps.google.com/mapfiles/kml/shapes/placemark_circle.png</href>
            </Icon>
          </IconStyle>
        </Style>
        <Point>
          <altitudeMode>clampToGround</altitudeMode>
          <coordinates>114.20517870428058,22.331160945571664, 312.67</coordinates>
        </Point>
      </Placemark>
      <Placemark>
        <TimeSpan>
          <begin>2021-01-03T07:08:11+08:00</begin>
          <end>2021-01-03T07:08:19+08:00</end>
        </TimeSpan>
        <Style>
          <IconStyle>
            <color>FF00FFFF</color>
            <scale>0.9</scale>
            <Icon>
              <href>http://maps.google.com/mapfiles/kml/shapes/placemark_circle.png</href>
            </Icon>
          </IconStyle>
        </Style>
        <Point>
          <altitudeMode>clampToGround</altitudeMode>
          <coordinates>114.20499378258353,22.331304234655565, 312.2</coordinates>
        </Point>
      </Placemark>
      <Placemark>
        <TimeSpan>
          <begin>2021-01-03T07:08:19+08:00</begin>
          <end>2021-01-03T07:08:27+08:00</end>
        </TimeSpan>
        <Style>
          <IconStyle>
            <color>FF00FFFF</color>
            <scale>0.9</scale>
            <Icon>
              <href>http://maps.google.com/mapfiles/kml/shapes/placemark_circle.png</href>
            </Icon>
          </IconStyle>
        </Style>
        <Point>
          <altitudeMode>clampToGround</altitudeMode>
          <coordinates>114.2047579032642,22.331280422718415, 312.17</coordinates>
        </Point>
      </Placemark>
      <Placemark>
        <TimeSpan>
          <begin>2021-01-03T07:08:27+08:00</begin>
          <end>2021-01-03T07:08:35+08:00</end>
        </TimeSpan>
        <Style>
          <IconStyle>
            <color>FF00FFFF</color>
            <scale>0.9</scale>
            <Icon>
              <href>http://maps.google.com/mapfiles/kml/shapes/placemark_circle.png</href>
            </Icon>
          </IconStyle>
        </Style>
        <Point>
          <altitudeMode>clampToGround</altitudeMode>
          <coordinates>114.20456743374277,22.33113779810066, 312.01</coordinates>
        </Point>
      </Placemark>
      <Placemark>
        <TimeSpan>
          <begin>2021-01-03T07:08:35+08:00</begin>
          <end>2021-01-03T07:08:43+08:00</end>
        </TimeSpan>
        <Style>
          <IconStyle>
            <color>FF00FFFF</color>
            <scale>0.9</scale>
            <Icon>
              <href>http://maps.google.com/mapfiles/kml/shapes/placemark_circle.png</href>
            </Icon>
          </IconStyle>
        </Style>
        <Point>
          <altitudeMode>clampToGround</altitudeMode>
          <coordinates>114.20446387859037,22.331228025707663, 312.09</coordinates>
        </Point>
      </Placemark>
      <Placemark>
        <TimeSpan>
          <begin>2021-01-03T07:08:43+08:00</begin>
          <end>2021-01-03T07:08:51+08:00</end>
        </TimeSpan>
        <Style>
          <IconStyle>
            <color>FF00FFFF</color>
            <scale>0.9</scale>
            <Icon>
              <href>http://maps.google.com/mapfiles/kml/shapes/placemark_circle.png</href>
            </Icon>
          </IconStyle>
        </Style>
        <Point>
          <altitudeMode>clampToGround</altitudeMode>
          <coordinates>114.20452415431089,22.331446233262795, 312.31</coordinates>
        </Point>
      </Placemark>
      <Placemark>
        <TimeSpan>
          <begin>2021-01-03T07:08:51+08:00</begin>
          <end>2021-01-03T07:08:54+08:00</end>
        </TimeSpan>
        <Style>
          <IconStyle>
            <color>FF00FFFF</color>
            <scale>0.9</scale>
            <Icon>
              <href>http://maps.google.com/mapfiles/kml/shapes/placemark_circle.png</href>
            </Icon>
          </IconStyle>
        </Style>
        <Point>
          <altitudeMode>clampToGround</altitudeMode>
          <coordinates>114.20454312334908,22.3316745965073, 312.26</coordinates>
        </Point>
      </Placemark>
      <Placemark>
        <TimeSpan>
          <begin>2021-01-03T07:08:54+08:00</begin>
          <end>2021-01-03T07:09:02+08:00</end>
        </TimeSpan>
        <Style>
          <IconStyle>
            <color>FF00FFFF</color>
            <scale>0.9</scale>
            <Icon>
              <href>http://maps.google.com/mapfiles/kml/shapes/placemark_circle.png</href>
            </Icon>
          </IconStyle>
        </Style>
        <Point>
          <altitudeMode>clampToGround</altitudeMode>
          <coordinates>114.20454342158074,22.331759515557465, 312.26</coordinates>
        </Point>
      </Placemark>
      <Placemark>
        <TimeSpan>
          <begin>2021-01-03T07:09:02+08:00</begin>
          <end>2021-01-03T07:09:10+08:00</end>
        </TimeSpan>
        <Style>
          <IconStyle>
            <color>FF00FFFF</color>
            <scale>0.9</scale>
            <Icon>
              <href>http://maps.google.com/mapfiles/kml/shapes/placemark_circle.png</href>
            </Icon>
          </IconStyle>
        </Style>
        <Point>
          <altitudeMode>clampToGround</altitudeMode>
          <coordinates>114.20451719087261,22.331980456596146, 312.56</coordinates>
        </Point>
      </Placemark>
      <Placemark>
        <TimeSpan>
          <begin>2021-01-03T07:09:10+08:00</begin>
          <end>2021-01-03T07:09:18+08:00</end>
        </TimeSpan>
        <Style>
          <IconStyle>
            <color>FF00FFFF</color>
            <scale>0.9</scale>
            <Icon>
              <href>http://maps.google.com/mapfiles/kml/shapes/placemark_circle.png</href>
            </Icon>
          </IconStyle>
        </Style>
        <Point>
          <altitudeMode>clampToGround</altitudeMode>
          <coordinates>114.20448926212768,22.33219699746514, 312.41</coordinates>
        </Point>
      </Placemark>
      <Placemark>
        <TimeSpan>
          <begin>2021-01-03T07:09:18+08:00</begin>
          <end>2021-01-03T07:09:26+08:00</end>
        </TimeSpan>
        <Style>
          <IconStyle>
            <color>FF00FFFF</color>
            <scale>0.9</scale>
            <Icon>
              <href>http://maps.google.com/mapfiles/kml/shapes/placemark_circle.png</href>
            </Icon>
          </IconStyle>
        </Style>
        <Point>
          <altitudeMode>clampToGround</altitudeMode>
          <coordinates>114.20446070195368,22.332418434014205, 312.26</coordinates>
        </Point>
      </Placemark>
      <Placemark>
        <TimeSpan>
          <begin>2021-01-03T07:09:26+08:00</begin>
          <end>2021-01-03T07:09:34+08:00</end>
        </TimeSpan>
        <Style>
          <IconStyle>
            <color>FF00FFFF</color>
            <scale>0.9</scale>
            <Icon>
              <href>http://maps.google.com/mapfiles/kml/shapes/placemark_circle.png</href>
            </Icon>
          </IconStyle>
        </Style>
        <Point>
          <altitudeMode>clampToGround</altitudeMode>
          <coordinates>114.20441972745101,22.332643866574845, 312.35</coordinates>
        </Point>
      </Placemark>
      <Placemark>
        <TimeSpan>
          <begin>2021-01-03T07:09:34+08:00</begin>
          <end>2021-01-03T07:09:42+08:00</end>
        </TimeSpan>
        <Style>
          <IconStyle>
            <color>FF00FFFF</color>
            <scale>0.9</scale>
            <Icon>
              <href>http://maps.google.com/mapfiles/kml/shapes/placemark_circle.png</href>
            </Icon>
          </IconStyle>
        </Style>
        <Point>
          <altitudeMode>clampToGround</altitudeMode>
          <coordinates>114.20437159415495,22.33286420313968, 312.6</coordinates>
        </Point>
      </Placemark>
      <Placemark>
        <TimeSpan>
          <begin>2021-01-03T07:09:42+08:00</begin>
          <end>2021-01-03T07:09:50+08:00</end>
        </TimeSpan>
        <Style>
          <IconStyle>
            <color>FF00FFFF</color>
            <scale>0.9</scale>
            <Icon>
              <href>http://maps.google.com/mapfiles/kml/shapes/placemark_circle.png</href>
            </Icon>
          </IconStyle>
        </Style>
        <Point>
          <altitudeMode>clampToGround</altitudeMode>
          <coordinates>114.20452138812607,22.333040458559992, 312.01</coordinates>
        </Point>
      </Placemark>
      <Placemark>
        <TimeSpan>
          <begin>2021-01-03T07:09:50+08:00</begin>
          <end>2021-01-03T07:09:57+08:00</end>
        </TimeSpan>
        <Style>
          <IconStyle>
            <color>FF00FFFF</color>
            <scale>0.9</scale>
            <Icon>
              <href>http://maps.google.com/mapfiles/kml/shapes/placemark_circle.png</href>
            </Icon>
          </IconStyle>
        </Style>
        <Point>
          <altitudeMode>clampToGround</altitudeMode>
          <coordinates>114.20456673556147,22.333272054963288, 312.2</coordinates>
        </Point>
      </Placemark>
      <Placemark>
        <TimeSpan>
          <begin>2021-01-03T07:09:57+08:00</begin>
          <end>2021-01-03T07:10:04+08:00</end>
        </TimeSpan>
        <Style>
          <IconStyle>
            <color>FF00FFFF</color>
            <scale>0.9</scale>
            <Icon>
              <href>http://maps.google.com/mapfiles/kml/shapes/placemark_circle.png</href>
            </Icon>
          </IconStyle>
        </Style>
        <Point>
          <altitudeMode>clampToGround</altitudeMode>
          <coordinates>114.20459620423281,22.333480437317377, 312.12</coordinates>
        </Point>
      </Placemark>
      <Placemark>
        <TimeSpan>
          <begin>2021-01-03T07:10:04+08:00</begin>
          <end>2021-01-03T07:10:11+08:00</end>
        </TimeSpan>
        <Style>
          <IconStyle>
            <color>FF00FFFF</color>
            <scale>0.9</scale>
            <Icon>
              <href>http://maps.google.com/mapfiles/kml/shapes/placemark_circle.png</href>
            </Icon>
          </IconStyle>
        </Style>
        <Point>
          <altitudeMode>clampToGround</altitudeMode>
          <coordinates>114.20459596366817,22.333693806792233, 311.71</coordinates>
        </Point>
      </Placemark>
      <Placemark>
        <TimeSpan>
          <begin>2021-01-03T07:10:11+08:00</begin>
          <end>2021-01-03T07:10:19+08:00</end>
        </TimeSpan>
        <Style>
          <IconStyle>
            <color>FF00FFFF</color>
            <scale>0.9</scale>
            <Icon>
              <href>http://maps.google.com/mapfiles/kml/shapes/placemark_circle.png</href>
            </Icon>
          </IconStyle>
        </Style>
        <Point>
          <altitudeMode>clampToGround</altitudeMode>
          <coordinates>114.20457732026783,22.333905393901773, 312.07</coordinates>
        </Point>
      </Placemark>
      <Placemark>
        <TimeSpan>
          <begin>2021-01-03T07:10:19+08:00</begin>
          <end>2021-01-03T07:10:27+08:00</end>
        </TimeSpan>
        <Style>
          <IconStyle>
            <color>FF00FFFF</color>
            <scale>0.9</scale>
            <Icon>
              <href>http://maps.google.com/mapfiles/kml/shapes/placemark_circle.png</href>
            </Icon>
          </IconStyle>
        </Style>
        <Point>
          <altitudeMode>clampToGround</altitudeMode>
          <coordinates>114.20458945123282,22.334142482837038, 311.8</coordinates>
        </Point>
      </Placemark>
      <Placemark>
        <TimeSpan>
          <begin>2021-01-03T07:10:27+08:00</begin>
          <end>2021-01-03T07:10:35+08:00</end>
        </TimeSpan>
        <Style>
          <IconStyle>
            <color>FF00FFFF</color>
            <scale>0.9</scale>
            <Icon>
              <href>http://maps.google.com/mapfiles/kml/shapes/placemark_circle.png</href>
            </Icon>
          </IconStyle>
        </Style>
        <Point>
          <altitudeMode>clampToGround</altitudeMode>
          <coordinates>114.20459249926637,22.33438179878656, 312.22</coordinates>
        </Point>
      </Placemark>
      <Placemark>
        <TimeSpan>
          <begin>2021-01-03T07:10:35+08:00</begin>
          <end>2021-01-03T07:10:43+08:00</end>
        </TimeSpan>
        <Style>
          <IconStyle>
            <color>FF00FFFF</color>
            <scale>0.9</scale>
            <Icon>
              <href>http://maps.google.com/mapfiles/kml/shapes/placemark_circle.png</href>
            </Icon>
          </IconStyle>
        </Style>
        <Point>
          <altitudeMode>clampToGround</altitudeMode>
          <coordinates>114.2045993881846,22.33462094344998, 312.35</coordinates>
        </Point>
      </Placemark>
      <Placemark>
        <TimeSpan>
          <begin>2021-01-03T07:10:43+08:00</begin>
          <end>2021-01-03T07:10:47+08:00</end>
        </TimeSpan>
        <Style>
          <IconStyle>
            <color>FF00FFFF</color>
            <scale>0.9</scale>
            <Icon>
              <href>http://maps.google.com/mapfiles/kml/shapes/placemark_circle.png</href>
            </Icon>
          </IconStyle>
        </Style>
        <Point>
          <altitudeMode>clampToGround</altitudeMode>
          <coordinates>114.20455915200814,22.33485111280557, 312.2</coordinates>
        </Point>
      </Placemark>
      <Placemark>
        <TimeSpan>
          <begin>2021-01-03T07:10:47+08:00</begin>
          <end>2021-01-03T07:10:55+08:00</end>
        </TimeSpan>
        <Style>
          <IconStyle>
            <color>FF00FFFF</color>
            <scale>0.9</scale>
            <Icon>
              <href>http://maps.google.com/mapfiles/kml/shapes/placemark_circle.png</href>
            </Icon>
          </IconStyle>
        </Style>
        <Point>
          <altitudeMode>clampToGround</altitudeMode>
          <coordinates>114.20451740454754,22.33490854598797, 312.2</coordinates>
        </Point>
      </Placemark>
      <Placemark>
        <TimeSpan>
          <begin>2021-01-03T07:10:55+08:00</begin>
          <end>2021-01-03T07:10:57+08:00</end>
        </TimeSpan>
        <Style>
          <IconStyle>
            <color>FF00FFFF</color>
            <scale>0.9</scale>
            <Icon>
              <href>http://maps.google.com/mapfiles/kml/shapes/placemark_circle.png</href>
            </Icon>
          </IconStyle>
        </Style>
        <Point>
          <altitudeMode>clampToGround</altitudeMode>
          <coordinates>114.20431538606458,22.334815664775217, 312.81</coordinates>
        </Point>
      </Placemark>
      <Placemark>
        <TimeSpan>
          <begin>2021-01-03T07:10:57+08:00</begin>
          <end>2021-01-03T07:11:05+08:00</end>
        </TimeSpan>
        <Style>
          <IconStyle>
            <color>FF00FFFF</color>
            <scale>0.9</scale>
            <Icon>
              <href>http://maps.google.com/mapfiles/kml/shapes/placemark_circle.png</href>
            </Icon>
          </IconStyle>
        </Style>
        <Point>
          <altitudeMode>clampToGround</altitudeMode>
          <coordinates>114.20426738663402,22.33478443561663, 312.93</coordinates>
        </Point>
      </Placemark>
      <Placemark>
        <TimeSpan>
          <begin>2021-01-03T07:11:05+08:00</begin>
          <end>2021-01-03T07:11:13+08:00</end>
        </TimeSpan>
        <Style>
          <IconStyle>
            <color>FF00FFFF</color>
            <scale>0.9</scale>
            <Icon>
              <href>http://maps.google.com/mapfiles/kml/shapes/placemark_circle.png</href>
            </Icon>
          </IconStyle>
        </Style>
        <Point>
          <altitudeMode>clampToGround</altitudeMode>
          <coordinates>114.20414139177619,22.33458327782931, 312.66</coordinates>
        </Point>
      </Placemark>
      <Placemark>
        <TimeSpan>
          <begin>2021-01-03T07:11:13+08:00</begin>
          <end>2021-01-03T07:11:21+08:00</end>
        </TimeSpan>
        <Style>
          <IconStyle>
            <color>FF00FFFF</color>
            <scale>0.9</scale>
            <Icon>
              <href>http://maps.google.com/mapfiles/kml/shapes/placemark_circle.png</href>
            </Icon>
          </IconStyle>
        </Style>
        <Point>
          <altitudeMode>clampToGround</altitudeMode>
          <coordinates>114.20394935643368,22.334595936458243, 313.18</coordinates>
        </Point>
      </Placemark>
      <Placemark>
        <TimeSpan>
          <begin>2021-01-03T07:11:21+08:00</begin>
          <end>2021-01-03T07:11:29+08:00</end>
        </TimeSpan>
        <Style>
          <IconStyle>
            <color>FF00FFFF</color>
            <scale>0.9</scale>
            <Icon>
              <href>http://maps.google.com/mapfiles/kml/shapes/placemark_circle.png</href>
            </Icon>
          </IconStyle>
        </Style>
        <Point>
          <altitudeMode>clampToGround</altitudeMode>
          <coordinates>114.20375980013122,22.334748225229003, 313.59</coordinates>
        </Point>
      </Placemark>
      <Placemark>
        <TimeSpan>
          <begin>2021-01-03T07:11:29+08:00</begin>
          <end>2021-01-03T07:11:37+08:00</end>
        </TimeSpan>
        <Style>
          <IconStyle>
            <color>FF00FFFF</color>
            <scale>0.9</scale>
            <Icon>
              <href>http://maps.google.com/mapfiles/kml/shapes/placemark_circle.png</href>
            </Icon>
          </IconStyle>
        </Style>
        <Point>
          <altitudeMode>clampToGround</altitudeMode>
          <coordinates>114.20356378186678,22.334889558738727, 313.4</coordinates>
        </Point>
      </Placemark>
      <Placemark>
        <TimeSpan>
          <begin>2021-01-03T07:11:37+08:00</begin>
          <end>2021-01-03T07:11:45+08:00</end>
        </TimeSpan>
        <Style>
          <IconStyle>
            <color>FF00FFFF</color>
            <scale>0.9</scale>
            <Icon>
              <href>http://maps.google.com/mapfiles/kml/shapes/placemark_circle.png</href>
            </Icon>
          </IconStyle>
        </Style>
        <Point>
          <altitudeMode>clampToGround</altitudeMode>
          <coordinates>114.20339718786249,22.335059814225964, 313.25</coordinates>
        </Point>
      </Placemark>
      <Placemark>
        <TimeSpan>
          <begin>2021-01-03T07:11:45+08:00</begin>
          <end>2021-01-03T07:11:53+08:00</end>
        </TimeSpan>
        <Style>
          <IconStyle>
            <color>FF00FFFF</color>
            <scale>0.9</scale>
            <Icon>
              <href>http://maps.google.com/mapfiles/kml/shapes/placemark_circle.png</href>
            </Icon>
          </IconStyle>
        </Style>
        <Point>
          <altitudeMode>clampToGround</altitudeMode>
          <coordinates>114.20319383190309,22.33517520310745, 312.6</coordinates>
        </Point>
      </Placemark>
      <Placemark>
        <TimeSpan>
          <begin>2021-01-03T07:11:53+08:00</begin>
          <end>2021-01-03T07:12:01+08:00</end>
        </TimeSpan>
        <Style>
          <IconStyle>
            <color>FF00FFFF</color>
            <scale>0.9</scale>
            <Icon>
              <href>http://maps.google.com/mapfiles/kml/shapes/placemark_circle.png</href>
            </Icon>
          </IconStyle>
        </Style>
        <Point>
          <altitudeMode>clampToGround</altitudeMode>
          <coordinates>114.20306996644887,22.33501774740229, 312.6</coordinates>
        </Point>
      </Placemark>
      <Placemark>
        <TimeSpan>
          <begin>2021-01-03T07:12:01+08:00</begin>
          <end>2021-01-03T07:12:09+08:00</end>
        </TimeSpan>
        <Style>
          <IconStyle>
            <color>FF00FFFF</color>
            <scale>0.9</scale>
            <Icon>
              <href>http://maps.google.com/mapfiles/kml/shapes/placemark_circle.png</href>
            </Icon>
          </IconStyle>
        </Style>
        <Point>
          <altitudeMode>clampToGround</altitudeMode>
          <coordinates>114.20290429412304,22.334856136946392, 312.79</coordinates>
        </Point>
      </Placemark>
      <Placemark>
        <TimeSpan>
          <begin>2021-01-03T07:12:09+08:00</begin>
          <end>2021-01-03T07:12:17+08:00</end>
        </TimeSpan>
        <Style>
          <IconStyle>
            <color>FF00FFFF</color>
            <scale>0.9</scale>
            <Icon>
              <href>http://maps.google.com/mapfiles/kml/shapes/placemark_circle.png</href>
            </Icon>
          </IconStyle>
        </Style>
        <Point>
          <altitudeMode>clampToGround</altitudeMode>
          <coordinates>114.20276509986525,22.334788737152724, 313.2</coordinates>
        </Point>
      </Placemark>
      <Placemark>
        <TimeSpan>
          <begin>2021-01-03T07:12:17+08:00</begin>
          <end>2021-01-03T07:12:25+08:00</end>
        </TimeSpan>
        <Style>
          <IconStyle>
            <color>FF00FFFF</color>
            <scale>0.9</scale>
            <Icon>
              <href>http://maps.google.com/mapfiles/kml/shapes/placemark_circle.png</href>
            </Icon>
          </IconStyle>
        </Style>
        <Point>
          <altitudeMode>clampToGround</altitudeMode>
          <coordinates>114.20260116287423,22.33470852695477, 312.91</coordinates>
        </Point>
      </Placemark>
      <Placemark>
        <TimeSpan>
          <begin>2021-01-03T07:12:25+08:00</begin>
          <end>2021-01-03T07:12:33+08:00</end>
        </TimeSpan>
        <Style>
          <IconStyle>
            <color>FF00FFFF</color>
            <scale>0.9</scale>
            <Icon>
              <href>http://maps.google.com/mapfiles/kml/shapes/placemark_circle.png</href>
            </Icon>
          </IconStyle>
        </Style>
        <Point>
          <altitudeMode>clampToGround</altitudeMode>
          <coordinates>114.20236412282901,22.334773340631596, 312.6</coordinates>
        </Point>
      </Placemark>
      <Placemark>
        <TimeSpan>
          <begin>2021-01-03T07:12:33+08:00</begin>
          <end>2021-01-03T07:12:41+08:00</end>
        </TimeSpan>
        <Style>
          <IconStyle>
            <color>FF00FFFF</color>
            <scale>0.9</scale>
            <Icon>
              <href>http://maps.google.com/mapfiles/kml/shapes/placemark_circle.png</href>
            </Icon>
          </IconStyle>
        </Style>
        <Point>
          <altitudeMode>clampToGround</altitudeMode>
          <coordinates>114.2021217407903,22.334813590533795, 312.74</coordinates>
        </Point>
      </Placemark>
      <Placemark>
        <TimeSpan>
          <begin>2021-01-03T07:12:41+08:00</begin>
          <end>2021-01-03T07:12:49+08:00</end>
        </TimeSpan>
        <Style>
          <IconStyle>
            <color>FF00FFFF</color>
            <scale>0.9</scale>
            <Icon>
              <href>http://maps.google.com/mapfiles/kml/shapes/placemark_circle.png</href>
            </Icon>
          </IconStyle>
        </Style>
        <Point>
          <altitudeMode>clampToGround</altitudeMode>
          <coordinates>114.20189260592096,22.33475137180003, 312.62</coordinates>
        </Point>
      </Placemark>
      <Placemark>
        <TimeSpan>
          <begin>2021-01-03T07:12:49+08:00</begin>
          <end>2021-01-03T07:12:57+08:00</end>
        </TimeSpan>
        <Style>
          <IconStyle>
            <color>FF00FFFF</color>
            <scale>0.9</scale>
            <Icon>
              <href>http://maps.google.com/mapfiles/kml/shapes/placemark_circle.png</href>
            </Icon>
          </IconStyle>
        </Style>
        <Point>
          <altitudeMode>clampToGround</altitudeMode>
          <coordinates>114.20181293379162,22.334863554546185, 312.72</coordinates>
        </Point>
      </Placemark>
      <Placemark>
        <TimeSpan>
          <begin>2021-01-03T07:12:57+08:00</begin>
          <end>2021-01-03T07:13:05+08:00</end>
        </TimeSpan>
        <Style>
          <IconStyle>
            <color>FF00FFFF</color>
            <scale>0.9</scale>
            <Icon>
              <href>http://maps.google.com/mapfiles/kml/shapes/placemark_circle.png</href>
            </Icon>
          </IconStyle>
        </Style>
        <Point>
          <altitudeMode>clampToGround</altitudeMode>
          <coordinates>114.20166794762073,22.334895980703596, 312.22</coordinates>
        </Point>
      </Placemark>
      <Placemark>
        <TimeSpan>
          <begin>2021-01-03T07:13:05+08:00</begin>
          <end>2021-01-03T07:13:09+08:00</end>
        </TimeSpan>
        <Style>
          <IconStyle>
            <color>FF00FFFF</color>
            <scale>0.9</scale>
            <Icon>
              <href>http://maps.google.com/mapfiles/kml/shapes/placemark_circle.png</href>
            </Icon>
          </IconStyle>
        </Style>
        <Point>
          <altitudeMode>clampToGround</altitudeMode>
          <coordinates>114.20142271703487,22.334867041753323, 312.29</coordinates>
        </Point>
      </Placemark>
      <Placemark>
        <TimeSpan>
          <begin>2021-01-03T07:13:09+08:00</begin>
          <end>2021-01-03T07:13:17+08:00</end>
        </TimeSpan>
        <Style>
          <IconStyle>
            <color>FF00FFFF</color>
            <scale>0.9</scale>
            <Icon>
              <href>http://maps.google.com/mapfiles/kml/shapes/placemark_circle.png</href>
            </Icon>
          </IconStyle>
        </Style>
        <Point>
          <altitudeMode>clampToGround</altitudeMode>
          <coordinates>114.20129942751095,22.334852492714145, 312.32</coordinates>
        </Point>
      </Placemark>
      <Placemark>
        <TimeSpan>
          <begin>2021-01-03T07:13:17+08:00</begin>
          <end>2021-01-03T07:13:25+08:00</end>
        </TimeSpan>
        <Style>
          <IconStyle>
            <color>FF00FFFF</color>
            <scale>0.9</scale>
            <Icon>
              <href>http://maps.google.com/mapfiles/kml/shapes/placemark_circle.png</href>
            </Icon>
          </IconStyle>
        </Style>
        <Point>
          <altitudeMode>clampToGround</altitudeMode>
          <coordinates>114.20105116082581,22.334823195482603, 312.4</coordinates>
        </Point>
      </Placemark>
      <Placemark>
        <TimeSpan>
          <begin>2021-01-03T07:13:25+08:00</begin>
          <end>2021-01-03T07:13:33+08:00</end>
        </TimeSpan>
        <Style>
          <IconStyle>
            <color>FF00FFFF</color>
            <scale>0.9</scale>
            <Icon>
              <href>http://maps.google.com/mapfiles/kml/shapes/placemark_circle.png</href>
            </Icon>
          </IconStyle>
        </Style>
        <Point>
          <altitudeMode>clampToGround</altitudeMode>
          <coordinates>114.20101054640374,22.334691227146866, 312.06</coordinates>
        </Point>
      </Placemark>
      <Placemark>
        <TimeSpan>
          <begin>2021-01-03T07:13:33+08:00</begin>
          <end>2021-01-03T07:13:41+08:00</end>
        </TimeSpan>
        <Style>
          <IconStyle>
            <color>FF00FFFF</color>
            <scale>0.9</scale>
            <Icon>
              <href>http://maps.google.com/mapfiles/kml/shapes/placemark_circle.png</href>
            </Icon>
          </IconStyle>
        </Style>
        <Point>
          <altitudeMode>clampToGround</altitudeMode>
          <coordinates>114.2008093880629,22.33456805278895, 312.38</coordinates>
        </Point>
      </Placemark>
      <Placemark>
        <TimeSpan>
          <begin>2021-01-03T07:13:41+08:00</begin>
          <end>2021-01-03T07:13:49+08:00</end>
        </TimeSpan>
        <Style>
          <IconStyle>
            <color>FF00FFFF</color>
            <scale>0.9</scale>
            <Icon>
              <href>http://maps.google.com/mapfiles/kml/shapes/placemark_circle.png</href>
            </Icon>
          </IconStyle>
        </Style>
        <Point>
          <altitudeMode>clampToGround</altitudeMode>
          <coordinates>114.20057803648947,22.334496764360996, 312.2</coordinates>
        </Point>
      </Placemark>
      <Placemark>
        <TimeSpan>
          <begin>2021-01-03T07:13:49+08:00</begin>
          <end>2021-01-03T07:13:57+08:00</end>
        </TimeSpan>
        <Style>
          <IconStyle>
            <color>FF00FFFF</color>
            <scale>0.9</scale>
            <Icon>
              <href>http://maps.google.com/mapfiles/kml/shapes/placemark_circle.png</href>
            </Icon>
          </IconStyle>
        </Style>
        <Point>
          <altitudeMode>clampToGround</altitudeMode>
          <coordinates>114.20038703349233,22.334406227261688, 312.33</coordinates>
        </Point>
      </Placemark>
      <Placemark>
        <TimeSpan>
          <begin>2021-01-03T07:13:57+08:00</begin>
          <end>2021-01-03T07:14:05+08:00</end>
        </TimeSpan>
        <Style>
          <IconStyle>
            <color>FF00FFFF</color>
            <scale>0.9</scale>
            <Icon>
              <href>http://maps.google.com/mapfiles/kml/shapes/placemark_circle.png</href>
            </Icon>
          </IconStyle>
        </Style>
        <Point>
          <altitudeMode>clampToGround</altitudeMode>
          <coordinates>114.20022768891057,22.334266343981838, 312.4</coordinates>
        </Point>
      </Placemark>
      <Placemark>
        <TimeSpan>
          <begin>2021-01-03T07:14:05+08:00</begin>
          <end>2021-01-03T07:14:13+08:00</end>
        </TimeSpan>
        <Style>
          <IconStyle>
            <color>FF00FFFF</color>
            <scale>0.9</scale>
            <Icon>
              <href>http://maps.google.com/mapfiles/kml/shapes/placemark_circle.png</href>
            </Icon>
          </IconStyle>
        </Style>
        <Point>
          <altitudeMode>clampToGround</altitudeMode>
          <coordinates>114.20028876451521,22.33408905894975, 312.24</coordinates>
        </Point>
      </Placemark>
      <Placemark>
        <TimeSpan>
          <begin>2021-01-03T07:14:13+08:00</begin>
          <end>2021-01-03T07:14:21+08:00</end>
        </TimeSpan>
        <Style>
          <IconStyle>
            <color>FF00FFFF</color>
            <scale>0.9</scale>
            <Icon>
              <href>http://maps.google.com/mapfiles/kml/shapes/placemark_circle.png</href>
            </Icon>
          </IconStyle>
        </Style>
        <Point>
          <altitudeMode>clampToGround</altitudeMode>
          <coordinates>114.2004415155708,22.333910564853444, 311.6</coordinates>
        </Point>
      </Placemark>
      <Placemark>
        <TimeSpan>
          <begin>2021-01-03T07:14:21+08:00</begin>
          <end>2021-01-03T07:14:28+08:00</end>
        </TimeSpan>
        <Style>
          <IconStyle>
            <color>FF00FFFF</color>
            <scale>0.9</scale>
            <Icon>
              <href>http://maps.google.com/mapfiles/kml/shapes/placemark_circle.png</href>
            </Icon>
          </IconStyle>
        </Style>
        <Point>
          <altitudeMode>clampToGround</altitudeMode>
          <coordinates>114.2005851726403,22.333719860025838, 311.68</coordinates>
        </Point>
      </Placemark>
      <Placemark>
        <TimeSpan>
          <begin>2021-01-03T07:14:28+08:00</begin>
          <end>2021-01-03T07:14:36+08:00</end>
        </TimeSpan>
        <Style>
          <IconStyle>
            <color>FF00FFFF</color>
            <scale>0.9</scale>
            <Icon>
              <href>http://maps.google.com/mapfiles/kml/shapes/placemark_circle.png</href>
            </Icon>
          </IconStyle>
        </Style>
        <Point>
          <altitudeMode>clampToGround</altitudeMode>
          <coordinates>114.20071588534917,22.333547883605227, 312.0</coordinates>
        </Point>
      </Placemark>
      <Placemark>
        <TimeSpan>
          <begin>2021-01-03T07:14:36+08:00</begin>
          <end>2021-01-03T07:14:44+08:00</end>
        </TimeSpan>
        <Style>
          <IconStyle>
            <color>FF00FFFF</color>
            <scale>0.9</scale>
            <Icon>
              <href>http://maps.google.com/mapfiles/kml/shapes/placemark_circle.png</href>
            </Icon>
          </IconStyle>
        </Style>
        <Point>
          <altitudeMode>clampToGround</altitudeMode>
          <coordinates>114.20085995610545,22.333352094130372, 312.0</coordinates>
        </Point>
      </Placemark>
      <Placemark>
        <TimeSpan>
          <begin>2021-01-03T07:14:44+08:00</begin>
          <end>2021-01-03T07:14:52+08:00</end>
        </TimeSpan>
        <Style>
          <IconStyle>
            <color>FF00FFFF</color>
            <scale>0.9</scale>
            <Icon>
              <href>http://maps.google.com/mapfiles/kml/shapes/placemark_circle.png</href>
            </Icon>
          </IconStyle>
        </Style>
        <Point>
          <altitudeMode>clampToGround</altitudeMode>
          <coordinates>114.20101475077804,22.333169623085762, 311.67</coordinates>
        </Point>
      </Placemark>
      <Placemark>
        <TimeSpan>
          <begin>2021-01-03T07:14:52+08:00</begin>
          <end>2021-01-03T07:15:00+08:00</end>
        </TimeSpan>
        <Style>
          <IconStyle>
            <color>FF00FFFF</color>
            <scale>0.9</scale>
            <Icon>
              <href>http://maps.google.com/mapfiles/kml/shapes/placemark_circle.png</href>
            </Icon>
          </IconStyle>
        </Style>
        <Point>
          <altitudeMode>clampToGround</altitudeMode>
          <coordinates>114.20086673442837,22.33309078063367, 311.49</coordinates>
        </Point>
      </Placemark>
      <Placemark>
        <TimeSpan>
          <begin>2021-01-03T07:15:00+08:00</begin>
          <end>2021-01-03T07:15:08+08:00</end>
        </TimeSpan>
        <Style>
          <IconStyle>
            <color>FF00FFFF</color>
            <scale>0.9</scale>
            <Icon>
              <href>http://maps.google.com/mapfiles/kml/shapes/placemark_circle.png</href>
            </Icon>
          </IconStyle>
        </Style>
        <Point>
          <altitudeMode>clampToGround</altitudeMode>
          <coordinates>114.20061994290292,22.333064173383658, 311.6</coordinates>
        </Point>
      </Placemark>
      <Placemark>
        <TimeSpan>
          <begin>2021-01-03T07:15:08+08:00</begin>
          <end>2021-01-03T07:15:16+08:00</end>
        </TimeSpan>
        <Style>
          <IconStyle>
            <color>FF00FFFF</color>
            <scale>0.9</scale>
            <Icon>
              <href>http://maps.google.com/mapfiles/kml/shapes/placemark_circle.png</href>
            </Icon>
          </IconStyle>
        </Style>
        <Point>
          <altitudeMode>clampToGround</altitudeMode>
          <coordinates>114.20037179976944,22.333037420413195, 311.72</coordinates>
        </Point>
      </Placemark>
      <Placemark>
        <TimeSpan>
          <begin>2021-01-03T07:15:16+08:00</begin>
          <end>2021-01-03T07:15:24+08:00</end>
        </TimeSpan>
        <Style>
          <IconStyle>
            <color>FF00FFFF</color>
            <scale>0.9</scale>
            <Icon>
              <href>http://maps.google.com/mapfiles/kml/shapes/placemark_circle.png</href>
            </Icon>
          </IconStyle>
        </Style>
        <Point>
          <altitudeMode>clampToGround</altitudeMode>
          <coordinates>114.20012365801095,22.333010667590973, 311.84</coordinates>
        </Point>
      </Placemark>
      <Placemark>
        <TimeSpan>
          <begin>2021-01-03T07:15:24+08:00</begin>
          <end>2021-01-03T07:15:32+08:00</end>
        </TimeSpan>
        <Style>
          <IconStyle>
            <color>FF00FFFF</color>
            <scale>0.9</scale>
            <Icon>
              <href>http://maps.google.com/mapfiles/kml/shapes/placemark_circle.png</href>
            </Icon>
          </IconStyle>
        </Style>
        <Point>
          <altitudeMode>clampToGround</altitudeMode>
          <coordinates>114.19987664098834,22.33298403602951, 311.96</coordinates>
        </Point>
      </Placemark>
      <Placemark>
        <TimeSpan>
          <begin>2021-01-03T07:15:32+08:00</begin>
          <end>2021-01-03T07:15:40+08:00</end>
        </TimeSpan>
        <Style>
          <IconStyle>
            <color>FF00FFFF</color>
            <scale>0.9</scale>
            <Icon>
              <href>http://maps.google.com/mapfiles/kml/shapes/placemark_circle.png</href>
            </Icon>
          </IconStyle>
        </Style>
        <Point>
          <altitudeMode>clampToGround</altitudeMode>
          <coordinates>114.19963199031099,22.332957659590026, 312.08</coordinates>
        </Point>
      </Placemark>
      <Placemark>
        <TimeSpan>
          <begin>2021-01-03T07:15:40+08:00</begin>
          <end>2021-01-03T07:15:48+08:00</end>
        </TimeSpan>
        <Style>
          <IconStyle>
            <color>FF00FFFF</color>
            <scale>0.9</scale>
            <Icon>
              <href>http://maps.google.com/mapfiles/kml/shapes/placemark_circle.png</href>
            </Icon>
          </IconStyle>
        </Style>
        <Point>
          <altitudeMode>clampToGround</altitudeMode>
          <coordinates>114.19938666314215,22.332931210216188, 312.19</coordinates>
        </Point>
      </Placemark>
      <Placemark>
        <TimeSpan>
          <begin>2021-01-03T07:15:48+08:00</begin>
          <end>2021-01-03T07:15:56+08:00</end>
        </TimeSpan>
        <Style>
          <IconStyle>
            <color>FF00FFFF</color>
            <scale>0.9</scale>
            <Icon>
              <href>http://maps.google.com/mapfiles/kml/shapes/placemark_circle.png</href>
            </Icon>
          </IconStyle>
        </Style>
        <Point>
          <altitudeMode>clampToGround</altitudeMode>
          <coordinates>114.19914423245412,22.332976698637573, 312.13</coordinates>
        </Point>
      </Placemark>
      <Placemark>
        <TimeSpan>
          <begin>2021-01-03T07:15:56+08:00</begin>
          <end>2021-01-03T07:16:04+08:00</end>
        </TimeSpan>
        <Style>
          <IconStyle>
            <color>FF00FFFF</color>
            <scale>0.9</scale>
            <Icon>
              <href>http://maps.google.com/mapfiles/kml/shapes/placemark_circle.png</href>
            </Icon>
          </IconStyle>
        </Style>
        <Point>
          <altitudeMode>clampToGround</altitudeMode>
          <coordinates>114.1989015621206,22.33302603298125, 312.05</coordinates>
        </Point>
      </Placemark>
      <Placemark>
        <TimeSpan>
          <begin>2021-01-03T07:16:04+08:00</begin>
          <end>2021-01-03T07:16:12+08:00</end>
        </TimeSpan>
        <Style>
          <IconStyle>
            <color>FF00FFFF</color>
            <scale>0.9</scale>
            <Icon>
              <href>http://maps.google.com/mapfiles/kml/shapes/placemark_circle.png</href>
            </Icon>
          </IconStyle>
        </Style>
        <Point>
          <altitudeMode>clampToGround</altitudeMode>
          <coordinates>114.19866166207972,22.33307480413055, 311.97</coordinates>
        </Point>
      </Placemark>
      <Placemark>
        <TimeSpan>
          <begin>2021-01-03T07:16:12+08:00</begin>
          <end>2021-01-03T07:16:19+08:00</end>
        </TimeSpan>
        <Style>
          <IconStyle>
            <color>FF00FFFF</color>
            <scale>0.9</scale>
            <Icon>
              <href>http://maps.google.com/mapfiles/kml/shapes/placemark_circle.png</href>
            </Icon>
          </IconStyle>
        </Style>
        <Point>
          <altitudeMode>clampToGround</altitudeMode>
          <coordinates>114.19842220414994,22.333123485399632, 311.9</coordinates>
        </Point>
      </Placemark>
      <Placemark>
        <TimeSpan>
          <begin>2021-01-03T07:16:19+08:00</begin>
          <end>2021-01-03T07:16:27+08:00</end>
        </TimeSpan>
        <Style>
          <IconStyle>
            <color>FF00FFFF</color>
            <scale>0.9</scale>
            <Icon>
              <href>http://maps.google.com/mapfiles/kml/shapes/placemark_circle.png</href>
            </Icon>
          </IconStyle>
        </Style>
        <Point>
          <altitudeMode>clampToGround</altitudeMode>
          <coordinates>114.19820999216311,22.333166627628593, 311.83</coordinates>
        </Point>
      </Placemark>
      <Placemark>
        <TimeSpan>
          <begin>2021-01-03T07:16:27+08:00</begin>
          <end>2021-01-03T07:16:31+08:00</end>
        </TimeSpan>
        <Style>
          <IconStyle>
            <color>FF00FFFF</color>
            <scale>0.9</scale>
            <Icon>
              <href>http://maps.google.com/mapfiles/kml/shapes/placemark_circle.png</href>
            </Icon>
          </IconStyle>
        </Style>
        <Point>
          <altitudeMode>clampToGround</altitudeMode>
          <coordinates>114.19799315216677,22.333267346577422, 312.06</coordinates>
        </Point>
      </Placemark>
      <Placemark>
        <TimeSpan>
          <begin>2021-01-03T07:16:31+08:00</begin>
          <end>2021-01-03T07:16:39+08:00</end>
        </TimeSpan>
        <Style>
          <IconStyle>
            <color>FF00FFFF</color>
            <scale>0.9</scale>
            <Icon>
              <href>http://maps.google.com/mapfiles/kml/shapes/placemark_circle.png</href>
            </Icon>
          </IconStyle>
        </Style>
        <Point>
          <altitudeMode>clampToGround</altitudeMode>
          <coordinates>114.19790899353707,22.333347971272296, 312.18</coordinates>
        </Point>
      </Placemark>
      <Placemark>
        <TimeSpan>
          <begin>2021-01-03T07:16:39+08:00</begin>
          <end>2021-01-03T07:16:43+08:00</end>
        </TimeSpan>
        <Style>
          <IconStyle>
            <color>FF00FFFF</color>
            <scale>0.9</scale>
            <Icon>
              <href>http://maps.google.com/mapfiles/kml/shapes/placemark_circle.png</href>
            </Icon>
          </IconStyle>
        </Style>
        <Point>
          <altitudeMode>clampToGround</altitudeMode>
          <coordinates>114.1977952124575,22.333552989120246, 312.03</coordinates>
        </Point>
      </Placemark>
      <Placemark>
        <TimeSpan>
          <begin>2021-01-03T07:16:43+08:00</begin>
          <end>2021-01-03T07:16:51+08:00</end>
        </TimeSpan>
        <Style>
          <IconStyle>
            <color>FF00FFFF</color>
            <scale>0.9</scale>
            <Icon>
              <href>http://maps.google.com/mapfiles/kml/shapes/placemark_circle.png</href>
            </Icon>
          </IconStyle>
        </Style>
        <Point>
          <altitudeMode>clampToGround</altitudeMode>
          <coordinates>114.19773839967765,22.333655357931566, 311.96</coordinates>
        </Point>
      </Placemark>
      <Placemark>
        <TimeSpan>
          <begin>2021-01-03T07:16:51+08:00</begin>
          <end>2021-01-03T07:16:52+08:00</end>
        </TimeSpan>
        <Style>
          <IconStyle>
            <color>FF00FFFF</color>
            <scale>0.9</scale>
            <Icon>
              <href>http://maps.google.com/mapfiles/kml/shapes/placemark_circle.png</href>
            </Icon>
          </IconStyle>
        </Style>
        <Point>
          <altitudeMode>clampToGround</altitudeMode>
          <coordinates>114.19762508452534,22.333859536242716, 311.82</coordinates>
        </Point>
      </Placemark>
      <Placemark>
        <TimeSpan>
          <begin>2021-01-03T07:16:52+08:00</begin>
          <end>2021-01-03T07:17:00+08:00</end>
        </TimeSpan>
        <Style>
          <IconStyle>
            <color>FF00FFFF</color>
            <scale>0.9</scale>
            <Icon>
              <href>http://maps.google.com/mapfiles/kml/shapes/placemark_circle.png</href>
            </Icon>
          </IconStyle>
        </Style>
        <Point>
          <altitudeMode>clampToGround</altitudeMode>
          <coordinates>114.19761104981018,22.33388482486813, 311.81</coordinates>
        </Point>
      </Placemark>
      <Placemark>
        <TimeSpan>
          <begin>2021-01-03T07:17:00+08:00</begin>
          <end>2021-01-03T07:17:06+08:00</end>
        </TimeSpan>
        <Style>
          <IconStyle>
            <color>FF00FFFF</color>
            <scale>0.9</scale>
            <Icon>
              <href>http://maps.google.com/mapfiles/kml/shapes/placemark_circle.png</href>
            </Icon>
          </IconStyle>
        </Style>
        <Point>
          <altitudeMode>clampToGround</altitudeMode>
          <coordinates>114.19750161609878,22.333947848201056, 312.2</coordinates>
        </Point>
      </Placemark>
      <Placemark>
        <TimeSpan>
          <begin>2021-01-03T07:17:06+08:00</begin>
          <end>2021-01-03T07:17:14+08:00</end>
        </TimeSpan>
        <Style>
          <IconStyle>
            <color>FF00FFFF</color>
            <scale>0.9</scale>
            <Icon>
              <href>http://maps.google.com/mapfiles/kml/shapes/placemark_circle.png</href>
            </Icon>
          </IconStyle>
        </Style>
        <Point>
          <altitudeMode>clampToGround</altitudeMode>
          <coordinates>114.19741279134655,22.333798502413885, 312.2</coordinates>
        </Point>
      </Placemark>
      <Placemark>
        <TimeSpan>
          <begin>2021-01-03T07:17:14+08:00</begin>
          <end>2021-01-03T07:17:22+08:00</end>
        </TimeSpan>
        <Style>
          <IconStyle>
            <color>FF00FFFF</color>
            <scale>0.9</scale>
            <Icon>
              <href>http://maps.google.com/mapfiles/kml/shapes/placemark_circle.png</href>
            </Icon>
          </IconStyle>
        </Style>
        <Point>
          <altitudeMode>clampToGround</altitudeMode>
          <coordinates>114.19730381498118,22.3335989129924, 312.2</coordinates>
        </Point>
      </Placemark>
      <Placemark>
        <TimeSpan>
          <begin>2021-01-03T07:17:22+08:00</begin>
          <end>2021-01-03T07:17:30+08:00</end>
        </TimeSpan>
        <Style>
          <IconStyle>
            <color>FF00FFFF</color>
            <scale>0.9</scale>
            <Icon>
              <href>http://maps.google.com/mapfiles/kml/shapes/placemark_circle.png</href>
            </Icon>
          </IconStyle>
        </Style>
        <Point>
          <altitudeMode>clampToGround</altitudeMode>
          <coordinates>114.19714112671194,22.333429615754103, 312.2</coordinates>
        </Point>
      </Placemark>
      <Placemark>
        <TimeSpan>
          <begin>2021-01-03T07:17:30+08:00</begin>
          <end>2021-01-03T07:17:32+08:00</end>
        </TimeSpan>
        <Style>
          <IconStyle>
            <color>FF00FFFF</color>
            <scale>0.9</scale>
            <Icon>
              <href>http://maps.google.com/mapfiles/kml/shapes/placemark_circle.png</href>
            </Icon>
          </IconStyle>
        </Style>
        <Point>
          <altitudeMode>clampToGround</altitudeMode>
          <coordinates>114.19714777384154,22.33326961649392, 312.13</coordinates>
        </Point>
      </Placemark>
      <Placemark>
        <TimeSpan>
          <begin>2021-01-03T07:17:32+08:00</begin>
          <end>2021-01-03T07:17:40+08:00</end>
        </TimeSpan>
        <Style>
          <IconStyle>
            <color>FF00FFFF</color>
            <scale>0.9</scale>
            <Icon>
              <href>http://maps.google.com/mapfiles/kml/shapes/placemark_circle.png</href>
            </Icon>
          </IconStyle>
        </Style>
        <Point>
          <altitudeMode>clampToGround</altitudeMode>
          <coordinates>114.19717951375411,22.33322075824571, 312.0</coordinates>
        </Point>
      </Placemark>
      <Placemark>
        <TimeSpan>
          <begin>2021-01-03T07:17:40+08:00</begin>
          <end>2021-01-03T07:17:48+08:00</end>
        </TimeSpan>
        <Style>
          <IconStyle>
            <color>FF00FFFF</color>
            <scale>0.9</scale>
            <Icon>
              <href>http://maps.google.com/mapfiles/kml/shapes/placemark_circle.png</href>
            </Icon>
          </IconStyle>
        </Style>
        <Point>
          <altitudeMode>clampToGround</altitudeMode>
          <coordinates>114.19725595909829,22.333008028989095, 312.29</coordinates>
        </Point>
      </Placemark>
      <Placemark>
        <TimeSpan>
          <begin>2021-01-03T07:17:48+08:00</begin>
          <end>2021-01-03T07:17:56+08:00</end>
        </TimeSpan>
        <Style>
          <IconStyle>
            <color>FF00FFFF</color>
            <scale>0.9</scale>
            <Icon>
              <href>http://maps.google.com/mapfiles/kml/shapes/placemark_circle.png</href>
            </Icon>
          </IconStyle>
        </Style>
        <Point>
          <altitudeMode>clampToGround</altitudeMode>
          <coordinates>114.19736231081535,22.3328124055102, 312.09</coordinates>
        </Point>
      </Placemark>
      <Placemark>
        <TimeSpan>
          <begin>2021-01-03T07:17:56+08:00</begin>
          <end>2021-01-03T07:17:59+08:00</end>
        </TimeSpan>
        <Style>
          <IconStyle>
            <color>FF00FFFF</color>
            <scale>0.9</scale>
            <Icon>
              <href>http://maps.google.com/mapfiles/kml/shapes/placemark_circle.png</href>
            </Icon>
          </IconStyle>
        </Style>
        <Point>
          <altitudeMode>clampToGround</altitudeMode>
          <coordinates>114.19752526427123,22.33264933582503, 311.81</coordinates>
        </Point>
      </Placemark>
      <Placemark>
        <TimeSpan>
          <begin>2021-01-03T07:17:59+08:00</begin>
          <end>2021-01-03T07:18:07+08:00</end>
        </TimeSpan>
        <Style>
          <IconStyle>
            <color>FF00FFFF</color>
            <scale>0.9</scale>
            <Icon>
              <href>http://maps.google.com/mapfiles/kml/shapes/placemark_circle.png</href>
            </Icon>
          </IconStyle>
        </Style>
        <Point>
          <altitudeMode>clampToGround</altitudeMode>
          <coordinates>114.19749946336839,22.332574443663983, 312.38</coordinates>
        </Point>
      </Placemark>
      <Placemark>
        <TimeSpan>
          <begin>2021-01-03T07:18:07+08:00</begin>
          <end>2021-01-03T07:18:15+08:00</end>
        </TimeSpan>
        <Style>
          <IconStyle>
            <color>FF00FFFF</color>
            <scale>0.9</scale>
            <Icon>
              <href>http://maps.google.com/mapfiles/kml/shapes/placemark_circle.png</href>
            </Icon>
          </IconStyle>
        </Style>
        <Point>
          <altitudeMode>clampToGround</altitudeMode>
          <coordinates>114.19745225776177,22.332359737314935, 311.4</coordinates>
        </Point>
      </Placemark>
      <Placemark>
        <TimeSpan>
          <begin>2021-01-03T07:18:15+08:00</begin>
          <end>2021-01-03T07:18:23+08:00</end>
        </TimeSpan>
        <Style>
          <IconStyle>
            <color>FF00FFFF</color>
            <scale>0.9</scale>
            <Icon>
              <href>http://maps.google.com/mapfiles/kml/shapes/placemark_circle.png</href>
            </Icon>
          </IconStyle>
        </Style>
        <Point>
          <altitudeMode>clampToGround</altitudeMode>
          <coordinates>114.19720332489977,22.33237144180201, 311.56</coordinates>
        </Point>
      </Placemark>
      <Placemark>
        <TimeSpan>
          <begin>2021-01-03T07:18:23+08:00</begin>
          <end>2021-01-03T07:18:31+08:00</end>
        </TimeSpan>
        <Style>
          <IconStyle>
            <color>FF00FFFF</color>
            <scale>0.9</scale>
            <Icon>
              <href>http://maps.google.com/mapfiles/kml/shapes/placemark_circle.png</href>
            </Icon>
          </IconStyle>
        </Style>
        <Point>
          <altitudeMode>clampToGround</altitudeMode>
          <coordinates>114.19695728182721,22.332341599067753, 311.93</coordinates>
        </Point>
      </Placemark>
      <Placemark>
        <TimeSpan>
          <begin>2021-01-03T07:18:31+08:00</begin>
          <end>2021-01-03T07:18:39+08:00</end>
        </TimeSpan>
        <Style>
          <IconStyle>
            <color>FF00FFFF</color>
            <scale>0.9</scale>
            <Icon>
              <href>http://maps.google.com/mapfiles/kml/shapes/placemark_circle.png</href>
            </Icon>
          </IconStyle>
        </Style>
        <Point>
          <altitudeMode>clampToGround</altitudeMode>
          <coordinates>114.19674081834698,22.332228801698417, 312.19</coordinates>
        </Point>
      </Placemark>
      <Placemark>
        <TimeSpan>
          <begin>2021-01-03T07:18:39+08:00</begin>
          <end>2021-01-03T07:18:47+08:00</end>
        </TimeSpan>
        <Style>
          <IconStyle>
            <color>FF00FFFF</color>
            <scale>0.9</scale>
            <Icon>
              <href>http://maps.google.com/mapfiles/kml/shapes/placemark_circle.png</href>
            </Icon>
          </IconStyle>
        </Style>
        <Point>
          <altitudeMode>clampToGround</altitudeMode>
          <coordinates>114.19677558633202,22.332008242307126, 311.83</coordinates>
        </Point>
      </Placemark>
      <Placemark>
        <TimeSpan>
          <begin>2021-01-03T07:18:47+08:00</begin>
          <end>2021-01-03T07:18:55+08:00</end>
        </TimeSpan>
        <Style>
          <IconStyle>
            <color>FF00FFFF</color>
            <scale>0.9</scale>
            <Icon>
              <href>http://maps.google.com/mapfiles/kml/shapes/placemark_circle.png</href>
            </Icon>
          </IconStyle>
        </Style>
        <Point>
          <altitudeMode>clampToGround</altitudeMode>
          <coordinates>114.19693601203045,22.331844332828588, 311.8</coordinates>
        </Point>
      </Placemark>
      <Placemark>
        <TimeSpan>
          <begin>2021-01-03T07:18:55+08:00</begin>
          <end>2021-01-03T07:19:03+08:00</end>
        </TimeSpan>
        <Style>
          <IconStyle>
            <color>FF00FFFF</color>
            <scale>0.9</scale>
            <Icon>
              <href>http://maps.google.com/mapfiles/kml/shapes/placemark_circle.png</href>
            </Icon>
          </IconStyle>
        </Style>
        <Point>
          <altitudeMode>clampToGround</altitudeMode>
          <coordinates>114.1971161407049,22.331700528709813, 311.8</coordinates>
        </Point>
      </Placemark>
      <Placemark>
        <TimeSpan>
          <begin>2021-01-03T07:19:03+08:00</begin>
          <end>2021-01-03T07:19:11+08:00</end>
        </TimeSpan>
        <Style>
          <IconStyle>
            <color>FF00FFFF</color>
            <scale>0.9</scale>
            <Icon>
              <href>http://maps.google.com/mapfiles/kml/shapes/placemark_circle.png</href>
            </Icon>
          </IconStyle>
        </Style>
        <Point>
          <altitudeMode>clampToGround</altitudeMode>
          <coordinates>114.1973197294699,22.33165896832822, 312.45</coordinates>
        </Point>
      </Placemark>
      <Placemark>
        <TimeSpan>
          <begin>2021-01-03T07:19:11+08:00</begin>
          <end>2021-01-03T07:19:19+08:00</end>
        </TimeSpan>
        <Style>
          <IconStyle>
            <color>FF00FFFF</color>
            <scale>0.9</scale>
            <Icon>
              <href>http://maps.google.com/mapfiles/kml/shapes/placemark_circle.png</href>
            </Icon>
          </IconStyle>
        </Style>
        <Point>
          <altitudeMode>clampToGround</altitudeMode>
          <coordinates>114.19752619447354,22.331779482747667, 312.25</coordinates>
        </Point>
      </Placemark>
      <Placemark>
        <TimeSpan>
          <begin>2021-01-03T07:19:19+08:00</begin>
          <end>2021-01-03T07:19:27+08:00</end>
        </TimeSpan>
        <Style>
          <IconStyle>
            <color>FF00FFFF</color>
            <scale>0.9</scale>
            <Icon>
              <href>http://maps.google.com/mapfiles/kml/shapes/placemark_circle.png</href>
            </Icon>
          </IconStyle>
        </Style>
        <Point>
          <altitudeMode>clampToGround</altitudeMode>
          <coordinates>114.19773671792377,22.331800511729487, 312.21</coordinates>
        </Point>
      </Placemark>
      <Placemark>
        <TimeSpan>
          <begin>2021-01-03T07:19:27+08:00</begin>
          <end>2021-01-03T07:19:35+08:00</end>
        </TimeSpan>
        <Style>
          <IconStyle>
            <color>FF00FFFF</color>
            <scale>0.9</scale>
            <Icon>
              <href>http://maps.google.com/mapfiles/kml/shapes/placemark_circle.png</href>
            </Icon>
          </IconStyle>
        </Style>
        <Point>
          <altitudeMode>clampToGround</altitudeMode>
          <coordinates>114.19796093253522,22.331716717160443, 312.6</coordinates>
        </Point>
      </Placemark>
      <Placemark>
        <TimeSpan>
          <begin>2021-01-03T07:19:35+08:00</begin>
          <end>2021-01-03T07:19:43+08:00</end>
        </TimeSpan>
        <Style>
          <IconStyle>
            <color>FF00FFFF</color>
            <scale>0.9</scale>
            <Icon>
              <href>http://maps.google.com/mapfiles/kml/shapes/placemark_circle.png</href>
            </Icon>
          </IconStyle>
        </Style>
        <Point>
          <altitudeMode>clampToGround</altitudeMode>
          <coordinates>114.19819502713852,22.33164457834029, 312.21</coordinates>
        </Point>
      </Placemark>
      <Placemark>
        <TimeSpan>
          <begin>2021-01-03T07:19:43+08:00</begin>
          <end>2021-01-03T07:19:46+08:00</end>
        </TimeSpan>
        <Style>
          <IconStyle>
            <color>FF00FFFF</color>
            <scale>0.9</scale>
            <Icon>
              <href>http://maps.google.com/mapfiles/kml/shapes/placemark_circle.png</href>
            </Icon>
          </IconStyle>
        </Style>
        <Point>
          <altitudeMode>clampToGround</altitudeMode>
          <coordinates>114.19828546825619,22.331761210987572, 312.29</coordinates>
        </Point>
      </Placemark>
      <Placemark>
        <TimeSpan>
          <begin>2021-01-03T07:19:46+08:00</begin>
          <end>2021-01-03T07:19:54+08:00</end>
        </TimeSpan>
        <Style>
          <IconStyle>
            <color>FF00FFFF</color>
            <scale>0.9</scale>
            <Icon>
              <href>http://maps.google.com/mapfiles/kml/shapes/placemark_circle.png</href>
            </Icon>
          </IconStyle>
        </Style>
        <Point>
          <altitudeMode>clampToGround</altitudeMode>
          <coordinates>114.19829368083346,22.33184580572046, 312.35</coordinates>
        </Point>
      </Placemark>
      <Placemark>
        <TimeSpan>
          <begin>2021-01-03T07:19:54+08:00</begin>
          <end>2021-01-03T07:20:02+08:00</end>
        </TimeSpan>
        <Style>
          <IconStyle>
            <color>FF00FFFF</color>
            <scale>0.9</scale>
            <Icon>
              <href>http://maps.google.com/mapfiles/kml/shapes/placemark_circle.png</href>
            </Icon>
          </IconStyle>
        </Style>
        <Point>
          <altitudeMode>clampToGround</altitudeMode>
          <coordinates>114.19831444706222,22.332071465176668, 311.94</coordinates>
        </Point>
      </Placemark>
      <Placemark>
        <TimeSpan>
          <begin>2021-01-03T07:20:02+08:00</begin>
          <end>2021-01-03T07:20:10+08:00</end>
        </TimeSpan>
        <Style>
          <IconStyle>
            <color>FF00FFFF</color>
            <scale>0.9</scale>
            <Icon>
              <href>http://maps.google.com/mapfiles/kml/shapes/placemark_circle.png</href>
            </Icon>
          </IconStyle>
        </Style>
        <Point>
          <altitudeMode>clampToGround</altitudeMode>
          <coordinates>114.19844452604195,22.332259502797225, 311.64</coordinates>
        </Point>
      </Placemark>
      <Placemark>
        <TimeSpan>
          <begin>2021-01-03T07:20:10+08:00</begin>
          <end>2021-01-03T07:20:18+08:00</end>
        </TimeSpan>
        <Style>
          <IconStyle>
            <color>FF00FFFF</color>
            <scale>0.9</scale>
            <Icon>
              <href>http://maps.google.com/mapfiles/kml/shapes/placemark_circle.png</href>
            </Icon>
          </IconStyle>
        </Style>
        <Point>
          <altitudeMode>clampToGround</altitudeMode>
          <coordinates>114.198637595907,22.332405721299377, 312.0</coordinates>
        </Point>
      </Placemark>
      <Placemark>
        <TimeSpan>
          <begin>2021-01-03T07:20:18+08:00</begin>
          <end>2021-01-03T07:20:26+08:00</end>
        </TimeSpan>
        <Style>
          <IconStyle>
            <color>FF00FFFF</color>
            <scale>0.9</scale>
            <Icon>
              <href>http://maps.google.com/mapfiles/kml/shapes/placemark_circle.png</href>
            </Icon>
          </IconStyle>
        </Style>
        <Point>
          <altitudeMode>clampToGround</altitudeMode>
          <coordinates>114.19887230297097,22.33247555724972, 311.63</coordinates>
        </Point>
      </Placemark>
      <Placemark>
        <TimeSpan>
          <begin>2021-01-03T07:20:26+08:00</begin>
          <end>2021-01-03T07:20:34+08:00</end>
        </TimeSpan>
        <Style>
          <IconStyle>
            <color>FF00FFFF</color>
            <scale>0.9</scale>
            <Icon>
              <href>http://maps.google.com/mapfiles/kml/shapes/placemark_circle.png</href>
            </Icon>
          </IconStyle>
        </Style>
        <Point>
          <altitudeMode>clampToGround</altitudeMode>
          <coordinates>114.1991124210881,22.332502269605097, 312.09</coordinates>
        </Point>
      </Placemark>
      <Placemark>
        <TimeSpan>
          <begin>2021-01-03T07:20:34+08:00</begin>
          <end>2021-01-03T07:20:42+08:00</end>
        </TimeSpan>
        <Style>
          <IconStyle>
            <color>FF00FFFF</color>
            <scale>0.9</scale>
            <Icon>
              <href>http://maps.google.com/mapfiles/kml/shapes/placemark_circle.png</href>
            </Icon>
          </IconStyle>
        </Style>
        <Point>
          <altitudeMode>clampToGround</altitudeMode>
          <coordinates>114.19934613493372,22.33255602653434, 312.2</coordinates>
        </Point>
      </Placemark>
      <Placemark>
        <TimeSpan>
          <begin>2021-01-03T07:20:42+08:00</begin>
          <end>2021-01-03T07:20:50+08:00</end>
        </TimeSpan>
        <Style>
          <IconStyle>
            <color>FF00FFFF</color>
            <scale>0.9</scale>
            <Icon>
              <href>http://maps.google.com/mapfiles/kml/shapes/placemark_circle.png</href>
            </Icon>
          </IconStyle>
        </Style>
        <Point>
          <altitudeMode>clampToGround</altitudeMode>
          <coordinates>114.1995843754059,22.332600331333065, 311.74</coordinates>
        </Point>
      </Placemark>
      <Placemark>
        <TimeSpan>
          <begin>2021-01-03T07:20:50+08:00</begin>
          <end>2021-01-03T07:20:58+08:00</end>
        </TimeSpan>
        <Style>
          <IconStyle>
            <color>FF00FFFF</color>
            <scale>0.9</scale>
            <Icon>
              <href>http://maps.google.com/mapfiles/kml/shapes/placemark_circle.png</href>
            </Icon>
          </IconStyle>
        </Style>
        <Point>
          <altitudeMode>clampToGround</altitudeMode>
          <coordinates>114.19978784493871,22.33268321315468, 311.6</coordinates>
        </Point>
      </Placemark>
      <Placemark>
        <TimeSpan>
          <begin>2021-01-03T07:20:58+08:00</begin>
          <end>2021-01-03T07:21:06+08:00</end>
        </TimeSpan>
        <Style>
          <IconStyle>
            <color>FF00FFFF</color>
            <scale>0.9</scale>
            <Icon>
              <href>http://maps.google.com/mapfiles/kml/shapes/placemark_circle.png</href>
            </Icon>
          </IconStyle>
        </Style>
        <Point>
          <altitudeMode>clampToGround</altitudeMode>
          <coordinates>114.19988743702642,22.33289250523823, 311.6</coordinates>
        </Point>
      </Placemark>
      <Placemark>
        <TimeSpan>
          <begin>2021-01-03T07:21:06+08:00</begin>
          <end>2021-01-03T07:21:14+08:00</end>
        </TimeSpan>
        <Style>
          <IconStyle>
            <color>FF00FFFF</color>
            <scale>0.9</scale>
            <Icon>
              <href>http://maps.google.com/mapfiles/kml/shapes/placemark_circle.png</href>
            </Icon>
          </IconStyle>
        </Style>
        <Point>
          <altitudeMode>clampToGround</altitudeMode>
          <coordinates>114.1999880351624,22.333103911525285, 311.6</coordinates>
        </Point>
      </Placemark>
      <Placemark>
        <TimeSpan>
          <begin>2021-01-03T07:21:14+08:00</begin>
          <end>2021-01-03T07:21:22+08:00</end>
        </TimeSpan>
        <Style>
          <IconStyle>
            <color>FF00FFFF</color>
            <scale>0.9</scale>
            <Icon>
              <href>http://maps.google.com/mapfiles/kml/shapes/placemark_circle.png</href>
            </Icon>
          </IconStyle>
        </Style>
        <Point>
          <altitudeMode>clampToGround</altitudeMode>
          <coordinates>114.20008927351093,22.33331666321457, 311.6</coordinates>
        </Point>
      </Placemark>
      <Placemark>
        <TimeSpan>
          <begin>2021-01-03T07:21:22+08:00</begin>
          <end>2021-01-03T07:21:30+08:00</end>
        </TimeSpan>
        <Style>
          <IconStyle>
            <color>FF00FFFF</color>
            <scale>0.9</scale>
            <Icon>
              <href>http://maps.google.com/mapfiles/kml/shapes/placemark_circle.png</href>
            </Icon>
          </IconStyle>
        </Style>
        <Point>
          <altitudeMode>clampToGround</altitudeMode>
          <coordinates>114.20019055647357,22.33352950866011, 311.6</coordinates>
        </Point>
      </Placemark>
      <Placemark>
        <TimeSpan>
          <begin>2021-01-03T07:21:30+08:00</begin>
          <end>2021-01-03T07:21:38+08:00</end>
        </TimeSpan>
        <Style>
          <IconStyle>
            <color>FF00FFFF</color>
            <scale>0.9</scale>
            <Icon>
              <href>http://maps.google.com/mapfiles/kml/shapes/placemark_circle.png</href>
            </Icon>
          </IconStyle>
        </Style>
        <Point>
          <altitudeMode>clampToGround</altitudeMode>
          <coordinates>114.20029092596222,22.33374043444637, 311.6</coordinates>
        </Point>
      </Placemark>
      <Placemark>
        <TimeSpan>
          <begin>2021-01-03T07:21:38+08:00</begin>
          <end>2021-01-03T07:21:46+08:00</end>
        </TimeSpan>
        <Style>
          <IconStyle>
            <color>FF00FFFF</color>
            <scale>0.9</scale>
            <Icon>
              <href>http://maps.google.com/mapfiles/kml/shapes/placemark_circle.png</href>
            </Icon>
          </IconStyle>
        </Style>
        <Point>
          <altitudeMode>clampToGround</altitudeMode>
          <coordinates>114.20039083927155,22.333950401574942, 311.6</coordinates>
        </Point>
      </Placemark>
      <Placemark>
        <TimeSpan>
          <begin>2021-01-03T07:21:46+08:00</begin>
          <end>2021-01-03T07:21:49+08:00</end>
        </TimeSpan>
        <Style>
          <IconStyle>
            <color>FF00FFFF</color>
            <scale>0.9</scale>
            <Icon>
              <href>http://maps.google.com/mapfiles/kml/shapes/placemark_circle.png</href>
            </Icon>
          </IconStyle>
        </Style>
        <Point>
          <altitudeMode>clampToGround</altitudeMode>
          <coordinates>114.20049075146552,22.334160366359608, 311.6</coordinates>
        </Point>
      </Placemark>
      <Placemark>
        <TimeSpan>
          <begin>2021-01-03T07:21:49+08:00</begin>
          <end>2021-01-03T07:21:57+08:00</end>
        </TimeSpan>
        <Style>
          <IconStyle>
            <color>FF00FFFF</color>
            <scale>0.9</scale>
            <Icon>
              <href>http://maps.google.com/mapfiles/kml/shapes/placemark_circle.png</href>
            </Icon>
          </IconStyle>
        </Style>
        <Point>
          <altitudeMode>clampToGround</altitudeMode>
          <coordinates>114.20052825855156,22.334239187241497, 311.6</coordinates>
        </Point>
      </Placemark>
      <Placemark>
        <TimeSpan>
          <begin>2021-01-03T07:21:57+08:00</begin>
          <end>2021-01-03T07:22:05+08:00</end>
        </TimeSpan>
        <Style>
          <IconStyle>
            <color>FF00FFFF</color>
            <scale>0.9</scale>
            <Icon>
              <href>http://maps.google.com/mapfiles/kml/shapes/placemark_circle.png</href>
            </Icon>
          </IconStyle>
        </Style>
        <Point>
          <altitudeMode>clampToGround</altitudeMode>
          <coordinates>114.20062812613142,22.334449058269907, 311.6</coordinates>
        </Point>
      </Placemark>
      <Placemark>
        <TimeSpan>
          <begin>2021-01-03T07:22:05+08:00</begin>
          <end>2021-01-03T07:22:13+08:00</end>
        </TimeSpan>
        <Style>
          <IconStyle>
            <color>FF00FFFF</color>
            <scale>0.9</scale>
            <Icon>
              <href>http://maps.google.com/mapfiles/kml/shapes/placemark_circle.png</href>
            </Icon>
          </IconStyle>
        </Style>
        <Point>
          <altitudeMode>clampToGround</altitudeMode>
          <coordinates>114.20068181718888,22.334428426345514, 311.83</coordinates>
        </Point>
      </Placemark>
      <Placemark>
        <TimeSpan>
          <begin>2021-01-03T07:22:13+08:00</begin>
          <end>2021-01-03T07:22:21+08:00</end>
        </TimeSpan>
        <Style>
          <IconStyle>
            <color>FF00FFFF</color>
            <scale>0.9</scale>
            <Icon>
              <href>http://maps.google.com/mapfiles/kml/shapes/placemark_circle.png</href>
            </Icon>
          </IconStyle>
        </Style>
        <Point>
          <altitudeMode>clampToGround</altitudeMode>
          <coordinates>114.20072168868188,22.33420281723528, 311.42</coordinates>
        </Point>
      </Placemark>
      <Placemark>
        <TimeSpan>
          <begin>2021-01-03T07:22:21+08:00</begin>
          <end>2021-01-03T07:22:29+08:00</end>
        </TimeSpan>
        <Style>
          <IconStyle>
            <color>FF00FFFF</color>
            <scale>0.9</scale>
            <Icon>
              <href>http://maps.google.com/mapfiles/kml/shapes/placemark_circle.png</href>
            </Icon>
          </IconStyle>
        </Style>
        <Point>
          <altitudeMode>clampToGround</altitudeMode>
          <coordinates>114.20064798360706,22.33399625977111, 311.37</coordinates>
        </Point>
      </Placemark>
      <Placemark>
        <TimeSpan>
          <begin>2021-01-03T07:22:29+08:00</begin>
          <end>2021-01-03T07:22:33+08:00</end>
        </TimeSpan>
        <Style>
          <IconStyle>
            <color>FF00FFFF</color>
            <scale>0.9</scale>
            <Icon>
              <href>http://maps.google.com/mapfiles/kml/shapes/placemark_circle.png</href>
            </Icon>
          </IconStyle>
        </Style>
        <Point>
          <altitudeMode>clampToGround</altitudeMode>
          <coordinates>114.20053392775941,22.333792787795996, 311.58</coordinates>
        </Point>
      </Placemark>
      <Placemark>
        <TimeSpan>
          <begin>2021-01-03T07:22:33+08:00</begin>
          <end>2021-01-03T07:22:41+08:00</end>
        </TimeSpan>
        <Style>
          <IconStyle>
            <color>FF00FFFF</color>
            <scale>0.9</scale>
            <Icon>
              <href>http://maps.google.com/mapfiles/kml/shapes/placemark_circle.png</href>
            </Icon>
          </IconStyle>
        </Style>
        <Point>
          <altitudeMode>clampToGround</altitudeMode>
          <coordinates>114.20047117032284,22.33369468523714, 311.6</coordinates>
        </Point>
      </Placemark>
      <Placemark>
        <TimeSpan>
          <begin>2021-01-03T07:22:41+08:00</begin>
          <end>2021-01-03T07:22:49+08:00</end>
        </TimeSpan>
        <Style>
          <IconStyle>
            <color>FF00FFFF</color>
            <scale>0.9</scale>
            <Icon>
              <href>http://maps.google.com/mapfiles/kml/shapes/placemark_circle.png</href>
            </Icon>
          </IconStyle>
        </Style>
        <Point>
          <altitudeMode>clampToGround</altitudeMode>
          <coordinates>114.20024260367407,22.333627767342726, 311.69</coordinates>
        </Point>
      </Placemark>
      <Placemark>
        <TimeSpan>
          <begin>2021-01-03T07:22:49+08:00</begin>
          <end>2021-01-03T07:22:57+08:00</end>
        </TimeSpan>
        <Style>
          <IconStyle>
            <color>FF00FFFF</color>
            <scale>0.9</scale>
            <Icon>
              <href>http://maps.google.com/mapfiles/kml/shapes/placemark_circle.png</href>
            </Icon>
          </IconStyle>
        </Style>
        <Point>
          <altitudeMode>clampToGround</altitudeMode>
          <coordinates>114.19999885467128,22.333582677997395, 311.8</coordinates>
        </Point>
      </Placemark>
      <Placemark>
        <TimeSpan>
          <begin>2021-01-03T07:22:57+08:00</begin>
          <end>2021-01-03T07:22:59+08:00</end>
        </TimeSpan>
        <Style>
          <IconStyle>
            <color>FF00FFFF</color>
            <scale>0.9</scale>
            <Icon>
              <href>http://maps.google.com/mapfiles/kml/shapes/placemark_circle.png</href>
            </Icon>
          </IconStyle>
        </Style>
        <Point>
          <altitudeMode>clampToGround</altitudeMode>
          <coordinates>114.2001246370045,22.3336594139875, 312.4</coordinates>
        </Point>
      </Placemark>
      <Placemark>
        <TimeSpan>
          <begin>2021-01-03T07:22:59+08:00</begin>
          <end>2021-01-03T07:23:07+08:00</end>
        </TimeSpan>
        <Style>
          <IconStyle>
            <color>FF00FFFF</color>
            <scale>0.9</scale>
            <Icon>
              <href>http://maps.google.com/mapfiles/kml/shapes/placemark_circle.png</href>
            </Icon>
          </IconStyle>
        </Style>
        <Point>
          <altitudeMode>clampToGround</altitudeMode>
          <coordinates>114.2001327859037,22.333716611710532, 312.4</coordinates>
        </Point>
      </Placemark>
      <Placemark>
        <TimeSpan>
          <begin>2021-01-03T07:23:07+08:00</begin>
          <end>2021-01-03T07:23:15+08:00</end>
        </TimeSpan>
        <Style>
          <IconStyle>
            <color>FF00FFFF</color>
            <scale>0.9</scale>
            <Icon>
              <href>http://maps.google.com/mapfiles/kml/shapes/placemark_circle.png</href>
            </Icon>
          </IconStyle>
        </Style>
        <Point>
          <altitudeMode>clampToGround</altitudeMode>
          <coordinates>114.20030470029883,22.33384909103514, 312.6</coordinates>
        </Point>
      </Placemark>
      <Placemark>
        <TimeSpan>
          <begin>2021-01-03T07:23:15+08:00</begin>
          <end>2021-01-03T07:23:23+08:00</end>
        </TimeSpan>
        <Style>
          <IconStyle>
            <color>FF00FFFF</color>
            <scale>0.9</scale>
            <Icon>
              <href>http://maps.google.com/mapfiles/kml/shapes/placemark_circle.png</href>
            </Icon>
          </IconStyle>
        </Style>
        <Point>
          <altitudeMode>clampToGround</altitudeMode>
          <coordinates>114.2005303473844,22.333753059484472, 312.6</coordinates>
        </Point>
      </Placemark>
      <Placemark>
        <TimeSpan>
          <begin>2021-01-03T07:23:23+08:00</begin>
          <end>2021-01-03T07:23:24+08:00</end>
        </TimeSpan>
        <Style>
          <IconStyle>
            <color>FF00FFFF</color>
            <scale>0.9</scale>
            <Icon>
              <href>http://maps.google.com/mapfiles/kml/shapes/placemark_circle.png</href>
            </Icon>
          </IconStyle>
        </Style>
        <Point>
          <altitudeMode>clampToGround</altitudeMode>
          <coordinates>114.20071236361622,22.333589868772776, 312.89</coordinates>
        </Point>
      </Placemark>
      <Placemark>
        <TimeSpan>
          <begin>2021-01-03T07:23:24+08:00</begin>
          <end>2021-01-03T07:23:32+08:00</end>
        </TimeSpan>
        <Style>
          <IconStyle>
            <color>FF00FFFF</color>
            <scale>0.9</scale>
            <Icon>
              <href>http://maps.google.com/mapfiles/kml/shapes/placemark_circle.png</href>
            </Icon>
          </IconStyle>
        </Style>
        <Point>
          <altitudeMode>clampToGround</altitudeMode>
          <coordinates>114.20073622434002,22.333570649450053, 312.92</coordinates>
        </Point>
      </Placemark>
      <Placemark>
        <TimeSpan>
          <begin>2021-01-03T07:23:32+08:00</begin>
          <end>2021-01-03T07:23:40+08:00</end>
        </TimeSpan>
        <Style>
          <IconStyle>
            <color>FF00FFFF</color>
            <scale>0.9</scale>
            <Icon>
              <href>http://maps.google.com/mapfiles/kml/shapes/placemark_circle.png</href>
            </Icon>
          </IconStyle>
        </Style>
        <Point>
          <altitudeMode>clampToGround</altitudeMode>
          <coordinates>114.2009487187814,22.333447881790207, 312.34</coordinates>
        </Point>
      </Placemark>
      <Placemark>
        <TimeSpan>
          <begin>2021-01-03T07:23:40+08:00</begin>
          <end>2021-01-03T07:23:48+08:00</end>
        </TimeSpan>
        <Style>
          <IconStyle>
            <color>FF00FFFF</color>
            <scale>0.9</scale>
            <Icon>
              <href>http://maps.google.com/mapfiles/kml/shapes/placemark_circle.png</href>
            </Icon>
          </IconStyle>
        </Style>
        <Point>
          <altitudeMode>clampToGround</altitudeMode>
          <coordinates>114.2010689845718,22.333562834893947, 312.6</coordinates>
        </Point>
      </Placemark>
      <Placemark>
        <TimeSpan>
          <begin>2021-01-03T07:23:48+08:00</begin>
          <end>2021-01-03T07:23:57+08:00</end>
        </TimeSpan>
        <Style>
          <IconStyle>
            <color>FF00FFFF</color>
            <scale>0.9</scale>
            <Icon>
              <href>http://maps.google.com/mapfiles/kml/shapes/placemark_circle.png</href>
            </Icon>
          </IconStyle>
        </Style>
        <Point>
          <altitudeMode>clampToGround</altitudeMode>
          <coordinates>114.20125367914056,22.333624268669734, 312.76</coordinates>
        </Point>
      </Placemark>
      <Placemark>
        <TimeSpan>
          <begin>2021-01-03T07:23:57+08:00</begin>
          <end>2021-01-03T07:24:06+08:00</end>
        </TimeSpan>
        <Style>
          <IconStyle>
            <color>FF00FFFF</color>
            <scale>0.9</scale>
            <Icon>
              <href>http://maps.google.com/mapfiles/kml/shapes/placemark_circle.png</href>
            </Icon>
          </IconStyle>
        </Style>
        <Point>
          <altitudeMode>clampToGround</altitudeMode>
          <coordinates>114.2014877353469,22.333645425722935, 313.4</coordinates>
        </Point>
      </Placemark>
      <Placemark>
        <TimeSpan>
          <begin>2021-01-03T07:24:06+08:00</begin>
          <end>2021-01-03T07:24:15+08:00</end>
        </TimeSpan>
        <Style>
          <IconStyle>
            <color>FF00FFFF</color>
            <scale>0.9</scale>
            <Icon>
              <href>http://maps.google.com/mapfiles/kml/shapes/placemark_circle.png</href>
            </Icon>
          </IconStyle>
        </Style>
        <Point>
          <altitudeMode>clampToGround</altitudeMode>
          <coordinates>114.20168046838116,22.333763205661427, 312.99</coordinates>
        </Point>
      </Placemark>
      <Placemark>
        <TimeSpan>
          <begin>2021-01-03T07:24:15+08:00</begin>
          <end>2021-01-03T07:24:24+08:00</end>
        </TimeSpan>
        <Style>
          <IconStyle>
            <color>FF00FFFF</color>
            <scale>0.9</scale>
            <Icon>
              <href>http://maps.google.com/mapfiles/kml/shapes/placemark_circle.png</href>
            </Icon>
          </IconStyle>
        </Style>
        <Point>
          <altitudeMode>clampToGround</altitudeMode>
          <coordinates>114.2018171172202,22.333936585557293, 312.48</coordinates>
        </Point>
      </Placemark>
      <Placemark>
        <TimeSpan>
          <begin>2021-01-03T07:24:24+08:00</begin>
          <end>2021-01-03T07:24:38+08:00</end>
        </TimeSpan>
        <Style>
          <IconStyle>
            <color>FF00FFFF</color>
            <scale>0.9</scale>
            <Icon>
              <href>http://maps.google.com/mapfiles/kml/shapes/placemark_circle.png</href>
            </Icon>
          </IconStyle>
        </Style>
        <Point>
          <altitudeMode>clampToGround</altitudeMode>
          <coordinates>114.2019292613362,22.33412679864649, 312.03</coordinates>
        </Point>
      </Placemark>
      <Placemark>
        <TimeSpan>
          <begin>2021-01-03T07:24:38+08:00</begin>
          <end>2021-01-03T07:24:47+08:00</end>
        </TimeSpan>
        <Style>
          <IconStyle>
            <color>FF00FFFF</color>
            <scale>0.9</scale>
            <Icon>
              <href>http://maps.google.com/mapfiles/kml/shapes/placemark_circle.png</href>
            </Icon>
          </IconStyle>
        </Style>
        <Point>
          <altitudeMode>clampToGround</altitudeMode>
          <coordinates>114.20205744400857,22.33430962676546, 311.58</coordinates>
        </Point>
      </Placemark>
      <Placemark>
        <TimeSpan>
          <begin>2021-01-03T07:24:47+08:00</begin>
          <end>2021-01-03T07:24:55+08:00</end>
        </TimeSpan>
        <Style>
          <IconStyle>
            <color>FF00FFFF</color>
            <scale>0.9</scale>
            <Icon>
              <href>http://maps.google.com/mapfiles/kml/shapes/placemark_circle.png</href>
            </Icon>
          </IconStyle>
        </Style>
        <Point>
          <altitudeMode>clampToGround</altitudeMode>
          <coordinates>114.20218299956439,22.334504592145688, 311.28</coordinates>
        </Point>
      </Placemark>
      <Placemark>
        <TimeSpan>
          <begin>2021-01-03T07:24:55+08:00</begin>
          <end>2021-01-03T07:25:03+08:00</end>
        </TimeSpan>
        <Style>
          <IconStyle>
            <color>FF00FFFF</color>
            <scale>0.9</scale>
            <Icon>
              <href>http://maps.google.com/mapfiles/kml/shapes/placemark_circle.png</href>
            </Icon>
          </IconStyle>
        </Style>
        <Point>
          <altitudeMode>clampToGround</altitudeMode>
          <coordinates>114.20229404760778,22.334714707455955, 311.95</coordinates>
        </Point>
      </Placemark>
      <Placemark>
        <TimeSpan>
          <begin>2021-01-03T07:25:03+08:00</begin>
          <end>2021-01-03T07:25:11+08:00</end>
        </TimeSpan>
        <Style>
          <IconStyle>
            <color>FF00FFFF</color>
            <scale>0.9</scale>
            <Icon>
              <href>http://maps.google.com/mapfiles/kml/shapes/placemark_circle.png</href>
            </Icon>
          </IconStyle>
        </Style>
        <Point>
          <altitudeMode>clampToGround</altitudeMode>
          <coordinates>114.20245083462423,22.334899149269624, 311.98</coordinates>
        </Point>
      </Placemark>
      <Placemark>
        <TimeSpan>
          <begin>2021-01-03T07:25:11+08:00</begin>
          <end>2021-01-03T07:25:19+08:00</end>
        </TimeSpan>
        <Style>
          <IconStyle>
            <color>FF00FFFF</color>
            <scale>0.9</scale>
            <Icon>
              <href>http://maps.google.com/mapfiles/kml/shapes/placemark_circle.png</href>
            </Icon>
          </IconStyle>
        </Style>
        <Point>
          <altitudeMode>clampToGround</altitudeMode>
          <coordinates>114.20264784649278,22.335027878121306, 311.79</coordinates>
        </Point>
      </Placemark>
      <Placemark>
        <TimeSpan>
          <begin>2021-01-03T07:25:19+08:00</begin>
          <end>2021-01-03T07:25:27+08:00</end>
        </TimeSpan>
        <Style>
          <IconStyle>
            <color>FF00FFFF</color>
            <scale>0.9</scale>
            <Icon>
              <href>http://maps.google.com/mapfiles/kml/shapes/placemark_circle.png</href>
            </Icon>
          </IconStyle>
        </Style>
        <Point>
          <altitudeMode>clampToGround</altitudeMode>
          <coordinates>114.20285975952547,22.334956643728, 311.98</coordinates>
        </Point>
      </Placemark>
      <Placemark>
        <TimeSpan>
          <begin>2021-01-03T07:25:27+08:00</begin>
          <end>2021-01-03T07:25:35+08:00</end>
        </TimeSpan>
        <Style>
          <IconStyle>
            <color>FF00FFFF</color>
            <scale>0.9</scale>
            <Icon>
              <href>http://maps.google.com/mapfiles/kml/shapes/placemark_circle.png</href>
            </Icon>
          </IconStyle>
        </Style>
        <Point>
          <altitudeMode>clampToGround</altitudeMode>
          <coordinates>114.20308117777715,22.334965880792243, 311.8</coordinates>
        </Point>
      </Placemark>
      <Placemark>
        <TimeSpan>
          <begin>2021-01-03T07:25:35+08:00</begin>
          <end>2021-01-03T07:25:38+08:00</end>
        </TimeSpan>
        <Style>
          <IconStyle>
            <color>FF00FFFF</color>
            <scale>0.9</scale>
            <Icon>
              <href>http://maps.google.com/mapfiles/kml/shapes/placemark_circle.png</href>
            </Icon>
          </IconStyle>
        </Style>
        <Point>
          <altitudeMode>clampToGround</altitudeMode>
          <coordinates>114.20329009365854,22.33488928541741, 311.87</coordinates>
        </Point>
      </Placemark>
      <Placemark>
        <TimeSpan>
          <begin>2021-01-03T07:25:38+08:00</begin>
          <end>2021-01-03T07:25:46+08:00</end>
        </TimeSpan>
        <Style>
          <IconStyle>
            <color>FF00FFFF</color>
            <scale>0.9</scale>
            <Icon>
              <href>http://maps.google.com/mapfiles/kml/shapes/placemark_circle.png</href>
            </Icon>
          </IconStyle>
        </Style>
        <Point>
          <altitudeMode>clampToGround</altitudeMode>
          <coordinates>114.203361705648,22.334835654990446, 312.05</coordinates>
        </Point>
      </Placemark>
      <Placemark>
        <TimeSpan>
          <begin>2021-01-03T07:25:46+08:00</begin>
          <end>2021-01-03T07:25:54+08:00</end>
        </TimeSpan>
        <Style>
          <IconStyle>
            <color>FF00FFFF</color>
            <scale>0.9</scale>
            <Icon>
              <href>http://maps.google.com/mapfiles/kml/shapes/placemark_circle.png</href>
            </Icon>
          </IconStyle>
        </Style>
        <Point>
          <altitudeMode>clampToGround</altitudeMode>
          <coordinates>114.20349955272448,22.334645920162256, 312.54</coordinates>
        </Point>
      </Placemark>
      <Placemark>
        <TimeSpan>
          <begin>2021-01-03T07:25:54+08:00</begin>
          <end>2021-01-03T07:26:02+08:00</end>
        </TimeSpan>
        <Style>
          <IconStyle>
            <color>FF00FFFF</color>
            <scale>0.9</scale>
            <Icon>
              <href>http://maps.google.com/mapfiles/kml/shapes/placemark_circle.png</href>
            </Icon>
          </IconStyle>
        </Style>
        <Point>
          <altitudeMode>clampToGround</altitudeMode>
          <coordinates>114.20361060374819,22.334445056677662, 312.43</coordinates>
        </Point>
      </Placemark>
      <Placemark>
        <TimeSpan>
          <begin>2021-01-03T07:26:02+08:00</begin>
          <end>2021-01-03T07:26:10+08:00</end>
        </TimeSpan>
        <Style>
          <IconStyle>
            <color>FF00FFFF</color>
            <scale>0.9</scale>
            <Icon>
              <href>http://maps.google.com/mapfiles/kml/shapes/placemark_circle.png</href>
            </Icon>
          </IconStyle>
        </Style>
        <Point>
          <altitudeMode>clampToGround</altitudeMode>
          <coordinates>114.20381834096864,22.334425084071977, 312.36</coordinates>
        </Point>
      </Placemark>
      <Placemark>
        <TimeSpan>
          <begin>2021-01-03T07:26:10+08:00</begin>
          <end>2021-01-03T07:26:19+08:00</end>
        </TimeSpan>
        <Style>
          <IconStyle>
            <color>FF00FFFF</color>
            <scale>0.9</scale>
            <Icon>
              <href>http://maps.google.com/mapfiles/kml/shapes/placemark_circle.png</href>
            </Icon>
          </IconStyle>
        </Style>
        <Point>
          <altitudeMode>clampToGround</altitudeMode>
          <coordinates>114.20404645552138,22.334493062320163, 312.6</coordinates>
        </Point>
      </Placemark>
      <Placemark>
        <TimeSpan>
          <begin>2021-01-03T07:26:19+08:00</begin>
          <end>2021-01-03T07:26:30+08:00</end>
        </TimeSpan>
        <Style>
          <IconStyle>
            <color>FF00FFFF</color>
            <scale>0.9</scale>
            <Icon>
              <href>http://maps.google.com/mapfiles/kml/shapes/placemark_circle.png</href>
            </Icon>
          </IconStyle>
        </Style>
        <Point>
          <altitudeMode>clampToGround</altitudeMode>
          <coordinates>114.2042775296937,22.334438810613523, 311.95</coordinates>
        </Point>
      </Placemark>
      <Placemark>
        <TimeSpan>
          <begin>2021-01-03T07:26:30+08:00</begin>
          <end>2021-01-03T07:26:38+08:00</end>
        </TimeSpan>
        <Style>
          <IconStyle>
            <color>FF00FFFF</color>
            <scale>0.9</scale>
            <Icon>
              <href>http://maps.google.com/mapfiles/kml/shapes/placemark_circle.png</href>
            </Icon>
          </IconStyle>
        </Style>
        <Point>
          <altitudeMode>clampToGround</altitudeMode>
          <coordinates>114.20440475089413,22.334257649345318, 311.99</coordinates>
        </Point>
      </Placemark>
      <Placemark>
        <TimeSpan>
          <begin>2021-01-03T07:26:38+08:00</begin>
          <end>2021-01-03T07:26:46+08:00</end>
        </TimeSpan>
        <Style>
          <IconStyle>
            <color>FF00FFFF</color>
            <scale>0.9</scale>
            <Icon>
              <href>http://maps.google.com/mapfiles/kml/shapes/placemark_circle.png</href>
            </Icon>
          </IconStyle>
        </Style>
        <Point>
          <altitudeMode>clampToGround</altitudeMode>
          <coordinates>114.2043885307761,22.334045901158976, 311.8</coordinates>
        </Point>
      </Placemark>
      <Placemark>
        <TimeSpan>
          <begin>2021-01-03T07:26:46+08:00</begin>
          <end>2021-01-03T07:26:55+08:00</end>
        </TimeSpan>
        <Style>
          <IconStyle>
            <color>FF00FFFF</color>
            <scale>0.9</scale>
            <Icon>
              <href>http://maps.google.com/mapfiles/kml/shapes/placemark_circle.png</href>
            </Icon>
          </IconStyle>
        </Style>
        <Point>
          <altitudeMode>clampToGround</altitudeMode>
          <coordinates>114.20436095415866,22.333881555202087, 312.29</coordinates>
        </Point>
      </Placemark>
      <Placemark>
        <TimeSpan>
          <begin>2021-01-03T07:26:55+08:00</begin>
          <end>2021-01-03T07:27:04+08:00</end>
        </TimeSpan>
        <Style>
          <IconStyle>
            <color>FF00FFFF</color>
            <scale>0.9</scale>
            <Icon>
              <href>http://maps.google.com/mapfiles/kml/shapes/placemark_circle.png</href>
            </Icon>
          </IconStyle>
        </Style>
        <Point>
          <altitudeMode>clampToGround</altitudeMode>
          <coordinates>114.20454015963666,22.333895243670472, 312.32</coordinates>
        </Point>
      </Placemark>
      <Placemark>
        <TimeSpan>
          <begin>2021-01-03T07:27:04+08:00</begin>
          <end>2021-01-03T07:27:14+08:00</end>
        </TimeSpan>
        <Style>
          <IconStyle>
            <color>FF00FFFF</color>
            <scale>0.9</scale>
            <Icon>
              <href>http://maps.google.com/mapfiles/kml/shapes/placemark_circle.png</href>
            </Icon>
          </IconStyle>
        </Style>
        <Point>
          <altitudeMode>clampToGround</altitudeMode>
          <coordinates>114.20455671869829,22.333831219368612, 312.16</coordinates>
        </Point>
      </Placemark>
      <Placemark>
        <TimeSpan>
          <begin>2021-01-03T07:27:14+08:00</begin>
          <end>2021-01-03T07:27:29+08:00</end>
        </TimeSpan>
        <Style>
          <IconStyle>
            <color>FF00FFFF</color>
            <scale>0.9</scale>
            <Icon>
              <href>http://maps.google.com/mapfiles/kml/shapes/placemark_circle.png</href>
            </Icon>
          </IconStyle>
        </Style>
        <Point>
          <altitudeMode>clampToGround</altitudeMode>
          <coordinates>114.20447615897245,22.333654789588753, 311.63</coordinates>
        </Point>
      </Placemark>
      <Placemark>
        <TimeSpan>
          <begin>2021-01-03T07:27:29+08:00</begin>
          <end>2021-01-03T07:27:37+08:00</end>
        </TimeSpan>
        <Style>
          <IconStyle>
            <color>FF00FFFF</color>
            <scale>0.9</scale>
            <Icon>
              <href>http://maps.google.com/mapfiles/kml/shapes/placemark_circle.png</href>
            </Icon>
          </IconStyle>
        </Style>
        <Point>
          <altitudeMode>clampToGround</altitudeMode>
          <coordinates>114.20461679471377,22.333453601469817, 311.78</coordinates>
        </Point>
      </Placemark>
      <Placemark>
        <TimeSpan>
          <begin>2021-01-03T07:27:37+08:00</begin>
          <end>2021-01-03T07:27:45+08:00</end>
        </TimeSpan>
        <Style>
          <IconStyle>
            <color>FF00FFFF</color>
            <scale>0.9</scale>
            <Icon>
              <href>http://maps.google.com/mapfiles/kml/shapes/placemark_circle.png</href>
            </Icon>
          </IconStyle>
        </Style>
        <Point>
          <altitudeMode>clampToGround</altitudeMode>
          <coordinates>114.20474677425807,22.333252536695568, 311.81</coordinates>
        </Point>
      </Placemark>
      <Placemark>
        <TimeSpan>
          <begin>2021-01-03T07:27:45+08:00</begin>
          <end>2021-01-03T07:27:53+08:00</end>
        </TimeSpan>
        <Style>
          <IconStyle>
            <color>FF00FFFF</color>
            <scale>0.9</scale>
            <Icon>
              <href>http://maps.google.com/mapfiles/kml/shapes/placemark_circle.png</href>
            </Icon>
          </IconStyle>
        </Style>
        <Point>
          <altitudeMode>clampToGround</altitudeMode>
          <coordinates>114.20474919567455,22.333022891456544, 311.8</coordinates>
        </Point>
      </Placemark>
      <Placemark>
        <TimeSpan>
          <begin>2021-01-03T07:27:53+08:00</begin>
          <end>2021-01-03T07:28:01+08:00</end>
        </TimeSpan>
        <Style>
          <IconStyle>
            <color>FF00FFFF</color>
            <scale>0.9</scale>
            <Icon>
              <href>http://maps.google.com/mapfiles/kml/shapes/placemark_circle.png</href>
            </Icon>
          </IconStyle>
        </Style>
        <Point>
          <altitudeMode>clampToGround</altitudeMode>
          <coordinates>114.20466803836793,22.332800923485042, 311.52</coordinates>
        </Point>
      </Placemark>
      <Placemark>
        <TimeSpan>
          <begin>2021-01-03T07:28:01+08:00</begin>
          <end>2021-01-03T07:28:09+08:00</end>
        </TimeSpan>
        <Style>
          <IconStyle>
            <color>FF00FFFF</color>
            <scale>0.9</scale>
            <Icon>
              <href>http://maps.google.com/mapfiles/kml/shapes/placemark_circle.png</href>
            </Icon>
          </IconStyle>
        </Style>
        <Point>
          <altitudeMode>clampToGround</altitudeMode>
          <coordinates>114.2045460554455,22.332595691282954, 310.83</coordinates>
        </Point>
      </Placemark>
      <Placemark>
        <TimeSpan>
          <begin>2021-01-03T07:28:09+08:00</begin>
          <end>2021-01-03T07:28:17+08:00</end>
        </TimeSpan>
        <Style>
          <IconStyle>
            <color>FF00FFFF</color>
            <scale>0.9</scale>
            <Icon>
              <href>http://maps.google.com/mapfiles/kml/shapes/placemark_circle.png</href>
            </Icon>
          </IconStyle>
        </Style>
        <Point>
          <altitudeMode>clampToGround</altitudeMode>
          <coordinates>114.2045848643872,22.332376946638274, 310.4</coordinates>
        </Point>
      </Placemark>
      <Placemark>
        <TimeSpan>
          <begin>2021-01-03T07:28:17+08:00</begin>
          <end>2021-01-03T07:28:25+08:00</end>
        </TimeSpan>
        <Style>
          <IconStyle>
            <color>FF00FFFF</color>
            <scale>0.9</scale>
            <Icon>
              <href>http://maps.google.com/mapfiles/kml/shapes/placemark_circle.png</href>
            </Icon>
          </IconStyle>
        </Style>
        <Point>
          <altitudeMode>clampToGround</altitudeMode>
          <coordinates>114.20472679308844,22.33219104718562, 311.36</coordinates>
        </Point>
      </Placemark>
      <Placemark>
        <TimeSpan>
          <begin>2021-01-03T07:28:25+08:00</begin>
          <end>2021-01-03T07:28:33+08:00</end>
        </TimeSpan>
        <Style>
          <IconStyle>
            <color>FF00FFFF</color>
            <scale>0.9</scale>
            <Icon>
              <href>http://maps.google.com/mapfiles/kml/shapes/placemark_circle.png</href>
            </Icon>
          </IconStyle>
        </Style>
        <Point>
          <altitudeMode>clampToGround</altitudeMode>
          <coordinates>114.20479385279884,22.33198967697732, 311.05</coordinates>
        </Point>
      </Placemark>
      <Placemark>
        <TimeSpan>
          <begin>2021-01-03T07:28:33+08:00</begin>
          <end>2021-01-03T07:28:41+08:00</end>
        </TimeSpan>
        <Style>
          <IconStyle>
            <color>FF00FFFF</color>
            <scale>0.9</scale>
            <Icon>
              <href>http://maps.google.com/mapfiles/kml/shapes/placemark_circle.png</href>
            </Icon>
          </IconStyle>
        </Style>
        <Point>
          <altitudeMode>clampToGround</altitudeMode>
          <coordinates>114.20501369739218,22.33187860389699, 310.81</coordinates>
        </Point>
      </Placemark>
      <Placemark>
        <TimeSpan>
          <begin>2021-01-03T07:28:41+08:00</begin>
          <end>2021-01-03T07:28:49+08:00</end>
        </TimeSpan>
        <Style>
          <IconStyle>
            <color>FF00FFFF</color>
            <scale>0.9</scale>
            <Icon>
              <href>http://maps.google.com/mapfiles/kml/shapes/placemark_circle.png</href>
            </Icon>
          </IconStyle>
        </Style>
        <Point>
          <altitudeMode>clampToGround</altitudeMode>
          <coordinates>114.20516221123158,22.33171319817875, 310.81</coordinates>
        </Point>
      </Placemark>
      <Placemark>
        <TimeSpan>
          <begin>2021-01-03T07:28:49+08:00</begin>
          <end>2021-01-03T07:28:57+08:00</end>
        </TimeSpan>
        <Style>
          <IconStyle>
            <color>FF00FFFF</color>
            <scale>0.9</scale>
            <Icon>
              <href>http://maps.google.com/mapfiles/kml/shapes/placemark_circle.png</href>
            </Icon>
          </IconStyle>
        </Style>
        <Point>
          <altitudeMode>clampToGround</altitudeMode>
          <coordinates>114.20526859535423,22.331506393135612, 310.94</coordinates>
        </Point>
      </Placemark>
      <Placemark>
        <TimeSpan>
          <begin>2021-01-03T07:28:57+08:00</begin>
          <end>2021-01-03T07:29:05+08:00</end>
        </TimeSpan>
        <Style>
          <IconStyle>
            <color>FF00FFFF</color>
            <scale>0.9</scale>
            <Icon>
              <href>http://maps.google.com/mapfiles/kml/shapes/placemark_circle.png</href>
            </Icon>
          </IconStyle>
        </Style>
        <Point>
          <altitudeMode>clampToGround</altitudeMode>
          <coordinates>114.20516654274161,22.331323775805796, 311.2</coordinates>
        </Point>
      </Placemark>
      <Placemark>
        <TimeSpan>
          <begin>2021-01-03T07:29:05+08:00</begin>
          <end>2021-01-03T07:29:13+08:00</end>
        </TimeSpan>
        <Style>
          <IconStyle>
            <color>FF00FFFF</color>
            <scale>0.9</scale>
            <Icon>
              <href>http://maps.google.com/mapfiles/kml/shapes/placemark_circle.png</href>
            </Icon>
          </IconStyle>
        </Style>
        <Point>
          <altitudeMode>clampToGround</altitudeMode>
          <coordinates>114.20498760320184,22.331168321390148, 310.92</coordinates>
        </Point>
      </Placemark>
      <Placemark>
        <TimeSpan>
          <begin>2021-01-03T07:29:13+08:00</begin>
          <end>2021-01-03T07:29:21+08:00</end>
        </TimeSpan>
        <Style>
          <IconStyle>
            <color>FF00FFFF</color>
            <scale>0.9</scale>
            <Icon>
              <href>http://maps.google.com/mapfiles/kml/shapes/placemark_circle.png</href>
            </Icon>
          </IconStyle>
        </Style>
        <Point>
          <altitudeMode>clampToGround</altitudeMode>
          <coordinates>114.20484269940039,22.330988096734217, 311.49</coordinates>
        </Point>
      </Placemark>
      <Placemark>
        <TimeSpan>
          <begin>2021-01-03T07:29:21+08:00</begin>
          <end>2021-01-03T07:29:29+08:00</end>
        </TimeSpan>
        <Style>
          <IconStyle>
            <color>FF00FFFF</color>
            <scale>0.9</scale>
            <Icon>
              <href>http://maps.google.com/mapfiles/kml/shapes/placemark_circle.png</href>
            </Icon>
          </IconStyle>
        </Style>
        <Point>
          <altitudeMode>clampToGround</altitudeMode>
          <coordinates>114.20473164178514,22.33078797644988, 310.83</coordinates>
        </Point>
      </Placemark>
      <Placemark>
        <TimeSpan>
          <begin>2021-01-03T07:29:29+08:00</begin>
          <end>2021-01-03T07:29:34+08:00</end>
        </TimeSpan>
        <Style>
          <IconStyle>
            <color>FF00FFFF</color>
            <scale>0.9</scale>
            <Icon>
              <href>http://maps.google.com/mapfiles/kml/shapes/placemark_circle.png</href>
            </Icon>
          </IconStyle>
        </Style>
        <Point>
          <altitudeMode>clampToGround</altitudeMode>
          <coordinates>114.20459880216146,22.330600255924626, 310.82</coordinates>
        </Point>
      </Placemark>
      <Placemark>
        <TimeSpan>
          <begin>2021-01-03T07:29:34+08:00</begin>
          <end>2021-01-03T07:29:42+08:00</end>
        </TimeSpan>
        <Style>
          <IconStyle>
            <color>FF00FFFF</color>
            <scale>0.9</scale>
            <Icon>
              <href>http://maps.google.com/mapfiles/kml/shapes/placemark_circle.png</href>
            </Icon>
          </IconStyle>
        </Style>
        <Point>
          <altitudeMode>clampToGround</altitudeMode>
          <coordinates>114.20451938052629,22.330483762050036, 311.08</coordinates>
        </Point>
      </Placemark>
      <Placemark>
        <TimeSpan>
          <begin>2021-01-03T07:29:42+08:00</begin>
          <end>2021-01-03T07:29:50+08:00</end>
        </TimeSpan>
        <Style>
          <IconStyle>
            <color>FF00FFFF</color>
            <scale>0.9</scale>
            <Icon>
              <href>http://maps.google.com/mapfiles/kml/shapes/placemark_circle.png</href>
            </Icon>
          </IconStyle>
        </Style>
        <Point>
          <altitudeMode>clampToGround</altitudeMode>
          <coordinates>114.20441102048245,22.330280673551915, 311.2</coordinates>
        </Point>
      </Placemark>
      <Placemark>
        <TimeSpan>
          <begin>2021-01-03T07:29:50+08:00</begin>
          <end>2021-01-03T07:29:58+08:00</end>
        </TimeSpan>
        <Style>
          <IconStyle>
            <color>FF00FFFF</color>
            <scale>0.9</scale>
            <Icon>
              <href>http://maps.google.com/mapfiles/kml/shapes/placemark_circle.png</href>
            </Icon>
          </IconStyle>
        </Style>
        <Point>
          <altitudeMode>clampToGround</altitudeMode>
          <coordinates>114.20432905560824,22.330066067412513, 310.87</coordinates>
        </Point>
      </Placemark>
      <Placemark>
        <TimeSpan>
          <begin>2021-01-03T07:29:58+08:00</begin>
          <end>2021-01-03T07:30:06+08:00</end>
        </TimeSpan>
        <Style>
          <IconStyle>
            <color>FF00FFFF</color>
            <scale>0.9</scale>
            <Icon>
              <href>http://maps.google.com/mapfiles/kml/shapes/placemark_circle.png</href>
            </Icon>
          </IconStyle>
        </Style>
        <Point>
          <altitudeMode>clampToGround</altitudeMode>
          <coordinates>114.20454150171759,22.329956236021832, 311.31</coordinates>
        </Point>
      </Placemark>
      <Placemark>
        <TimeSpan>
          <begin>2021-01-03T07:30:06+08:00</begin>
          <end>2021-01-03T07:30:14+08:00</end>
        </TimeSpan>
        <Style>
          <IconStyle>
            <color>FF00FFFF</color>
            <scale>0.9</scale>
            <Icon>
              <href>http://maps.google.com/mapfiles/kml/shapes/placemark_circle.png</href>
            </Icon>
          </IconStyle>
        </Style>
        <Point>
          <altitudeMode>clampToGround</altitudeMode>
          <coordinates>114.20472204820004,22.329802083556576, 311.4</coordinates>
        </Point>
      </Placemark>
      <Placemark>
        <TimeSpan>
          <begin>2021-01-03T07:30:14+08:00</begin>
          <end>2021-01-03T07:30:22+08:00</end>
        </TimeSpan>
        <Style>
          <IconStyle>
            <color>FF00FFFF</color>
            <scale>0.9</scale>
            <Icon>
              <href>http://maps.google.com/mapfiles/kml/shapes/placemark_circle.png</href>
            </Icon>
          </IconStyle>
        </Style>
        <Point>
          <altitudeMode>clampToGround</altitudeMode>
          <coordinates>114.20485340025674,22.329617535010776, 310.8</coordinates>
        </Point>
      </Placemark>
      <Placemark>
        <TimeSpan>
          <begin>2021-01-03T07:30:22+08:00</begin>
          <end>2021-01-03T07:30:30+08:00</end>
        </TimeSpan>
        <Style>
          <IconStyle>
            <color>FF00FFFF</color>
            <scale>0.9</scale>
            <Icon>
              <href>http://maps.google.com/mapfiles/kml/shapes/placemark_circle.png</href>
            </Icon>
          </IconStyle>
        </Style>
        <Point>
          <altitudeMode>clampToGround</altitudeMode>
          <coordinates>114.20480160306643,22.32939711496701, 311.46</coordinates>
        </Point>
      </Placemark>
      <Placemark>
        <TimeSpan>
          <begin>2021-01-03T07:30:30+08:00</begin>
          <end>2021-01-03T07:30:38+08:00</end>
        </TimeSpan>
        <Style>
          <IconStyle>
            <color>FF00FFFF</color>
            <scale>0.9</scale>
            <Icon>
              <href>http://maps.google.com/mapfiles/kml/shapes/placemark_circle.png</href>
            </Icon>
          </IconStyle>
        </Style>
        <Point>
          <altitudeMode>clampToGround</altitudeMode>
          <coordinates>114.20472463092882,22.329178234341512, 311.44</coordinates>
        </Point>
      </Placemark>
      <Placemark>
        <TimeSpan>
          <begin>2021-01-03T07:30:38+08:00</begin>
          <end>2021-01-03T07:30:46+08:00</end>
        </TimeSpan>
        <Style>
          <IconStyle>
            <color>FF00FFFF</color>
            <scale>0.9</scale>
            <Icon>
              <href>http://maps.google.com/mapfiles/kml/shapes/placemark_circle.png</href>
            </Icon>
          </IconStyle>
        </Style>
        <Point>
          <altitudeMode>clampToGround</altitudeMode>
          <coordinates>114.20467538739135,22.328951818381704, 311.77</coordinates>
        </Point>
      </Placemark>
      <Placemark>
        <TimeSpan>
          <begin>2021-01-03T07:30:46+08:00</begin>
          <end>2021-01-03T07:30:54+08:00</end>
        </TimeSpan>
        <Style>
          <IconStyle>
            <color>FF00FFFF</color>
            <scale>0.9</scale>
            <Icon>
              <href>http://maps.google.com/mapfiles/kml/shapes/placemark_circle.png</href>
            </Icon>
          </IconStyle>
        </Style>
        <Point>
          <altitudeMode>clampToGround</altitudeMode>
          <coordinates>114.20461000535265,22.328729357821132, 310.59</coordinates>
        </Point>
      </Placemark>
      <Placemark>
        <TimeSpan>
          <begin>2021-01-03T07:30:54+08:00</begin>
          <end>2021-01-03T07:31:02+08:00</end>
        </TimeSpan>
        <Style>
          <IconStyle>
            <color>FF00FFFF</color>
            <scale>0.9</scale>
            <Icon>
              <href>http://maps.google.com/mapfiles/kml/shapes/placemark_circle.png</href>
            </Icon>
          </IconStyle>
        </Style>
        <Point>
          <altitudeMode>clampToGround</altitudeMode>
          <coordinates>114.20449925621735,22.328520850981313, 311.52</coordinates>
        </Point>
      </Placemark>
      <Placemark>
        <TimeSpan>
          <begin>2021-01-03T07:31:02+08:00</begin>
          <end>2021-01-03T07:31:10+08:00</end>
        </TimeSpan>
        <Style>
          <IconStyle>
            <color>FF00FFFF</color>
            <scale>0.9</scale>
            <Icon>
              <href>http://maps.google.com/mapfiles/kml/shapes/placemark_circle.png</href>
            </Icon>
          </IconStyle>
        </Style>
        <Point>
          <altitudeMode>clampToGround</altitudeMode>
          <coordinates>114.20436583357947,22.32832329177686, 311.02</coordinates>
        </Point>
      </Placemark>
      <Placemark>
        <TimeSpan>
          <begin>2021-01-03T07:31:10+08:00</begin>
          <end>2021-01-03T07:31:18+08:00</end>
        </TimeSpan>
        <Style>
          <IconStyle>
            <color>FF00FFFF</color>
            <scale>0.9</scale>
            <Icon>
              <href>http://maps.google.com/mapfiles/kml/shapes/placemark_circle.png</href>
            </Icon>
          </IconStyle>
        </Style>
        <Point>
          <altitudeMode>clampToGround</altitudeMode>
          <coordinates>114.20421684019148,22.328135921482357, 310.67</coordinates>
        </Point>
      </Placemark>
      <Placemark>
        <TimeSpan>
          <begin>2021-01-03T07:31:18+08:00</begin>
          <end>2021-01-03T07:31:26+08:00</end>
        </TimeSpan>
        <Style>
          <IconStyle>
            <color>FF00FFFF</color>
            <scale>0.9</scale>
            <Icon>
              <href>http://maps.google.com/mapfiles/kml/shapes/placemark_circle.png</href>
            </Icon>
          </IconStyle>
        </Style>
        <Point>
          <altitudeMode>clampToGround</altitudeMode>
          <coordinates>114.20408329458073,22.327940126226196, 310.68</coordinates>
        </Point>
      </Placemark>
      <Placemark>
        <TimeSpan>
          <begin>2021-01-03T07:31:26+08:00</begin>
          <end>2021-01-03T07:31:34+08:00</end>
        </TimeSpan>
        <Style>
          <IconStyle>
            <color>FF00FFFF</color>
            <scale>0.9</scale>
            <Icon>
              <href>http://maps.google.com/mapfiles/kml/shapes/placemark_circle.png</href>
            </Icon>
          </IconStyle>
        </Style>
        <Point>
          <altitudeMode>clampToGround</altitudeMode>
          <coordinates>114.20393554502584,22.32775721720001, 310.45</coordinates>
        </Point>
      </Placemark>
      <Placemark>
        <TimeSpan>
          <begin>2021-01-03T07:31:34+08:00</begin>
          <end>2021-01-03T07:31:41+08:00</end>
        </TimeSpan>
        <Style>
          <IconStyle>
            <color>FF00FFFF</color>
            <scale>0.9</scale>
            <Icon>
              <href>http://maps.google.com/mapfiles/kml/shapes/placemark_circle.png</href>
            </Icon>
          </IconStyle>
        </Style>
        <Point>
          <altitudeMode>clampToGround</altitudeMode>
          <coordinates>114.20376993197324,22.32758993531445, 310.71</coordinates>
        </Point>
      </Placemark>
      <Placemark>
        <TimeSpan>
          <begin>2021-01-03T07:31:41+08:00</begin>
          <end>2021-01-03T07:31:49+08:00</end>
        </TimeSpan>
        <Style>
          <IconStyle>
            <color>FF00FFFF</color>
            <scale>0.9</scale>
            <Icon>
              <href>http://maps.google.com/mapfiles/kml/shapes/placemark_circle.png</href>
            </Icon>
          </IconStyle>
        </Style>
        <Point>
          <altitudeMode>clampToGround</altitudeMode>
          <coordinates>114.2035700697713,22.327667541581214, 310.79</coordinates>
        </Point>
      </Placemark>
      <Placemark>
        <TimeSpan>
          <begin>2021-01-03T07:31:49+08:00</begin>
          <end>2021-01-03T07:31:57+08:00</end>
        </TimeSpan>
        <Style>
          <IconStyle>
            <color>FF00FFFF</color>
            <scale>0.9</scale>
            <Icon>
              <href>http://maps.google.com/mapfiles/kml/shapes/placemark_circle.png</href>
            </Icon>
          </IconStyle>
        </Style>
        <Point>
          <altitudeMode>clampToGround</altitudeMode>
          <coordinates>114.20339153701931,22.327827694130303, 310.22</coordinates>
        </Point>
      </Placemark>
      <Placemark>
        <TimeSpan>
          <begin>2021-01-03T07:31:57+08:00</begin>
          <end>2021-01-03T07:32:05+08:00</end>
        </TimeSpan>
        <Style>
          <IconStyle>
            <color>FF00FFFF</color>
            <scale>0.9</scale>
            <Icon>
              <href>http://maps.google.com/mapfiles/kml/shapes/placemark_circle.png</href>
            </Icon>
          </IconStyle>
        </Style>
        <Point>
          <altitudeMode>clampToGround</altitudeMode>
          <coordinates>114.20320186768689,22.327978092656757, 310.4</coordinates>
        </Point>
      </Placemark>
      <Placemark>
        <TimeSpan>
          <begin>2021-01-03T07:32:05+08:00</begin>
          <end>2021-01-03T07:32:13+08:00</end>
        </TimeSpan>
        <Style>
          <IconStyle>
            <color>FF00FFFF</color>
            <scale>0.9</scale>
            <Icon>
              <href>http://maps.google.com/mapfiles/kml/shapes/placemark_circle.png</href>
            </Icon>
          </IconStyle>
        </Style>
        <Point>
          <altitudeMode>clampToGround</altitudeMode>
          <coordinates>114.20298200710582,22.328090834658475, 310.3</coordinates>
        </Point>
      </Placemark>
      <Placemark>
        <TimeSpan>
          <begin>2021-01-03T07:32:13+08:00</begin>
          <end>2021-01-03T07:32:21+08:00</end>
        </TimeSpan>
        <Style>
          <IconStyle>
            <color>FF00FFFF</color>
            <scale>0.9</scale>
            <Icon>
              <href>http://maps.google.com/mapfiles/kml/shapes/placemark_circle.png</href>
            </Icon>
          </IconStyle>
        </Style>
        <Point>
          <altitudeMode>clampToGround</altitudeMode>
          <coordinates>114.20280495961565,22.328242933983137, 310.79</coordinates>
        </Point>
      </Placemark>
      <Placemark>
        <TimeSpan>
          <begin>2021-01-03T07:32:21+08:00</begin>
          <end>2021-01-03T07:32:29+08:00</end>
        </TimeSpan>
        <Style>
          <IconStyle>
            <color>FF00FFFF</color>
            <scale>0.9</scale>
            <Icon>
              <href>http://maps.google.com/mapfiles/kml/shapes/placemark_circle.png</href>
            </Icon>
          </IconStyle>
        </Style>
        <Point>
          <altitudeMode>clampToGround</altitudeMode>
          <coordinates>114.20264008897928,22.32839178557278, 310.01</coordinates>
        </Point>
      </Placemark>
      <Placemark>
        <TimeSpan>
          <begin>2021-01-03T07:32:29+08:00</begin>
          <end>2021-01-03T07:32:37+08:00</end>
        </TimeSpan>
        <Style>
          <IconStyle>
            <color>FF00FFFF</color>
            <scale>0.9</scale>
            <Icon>
              <href>http://maps.google.com/mapfiles/kml/shapes/placemark_circle.png</href>
            </Icon>
          </IconStyle>
        </Style>
        <Point>
          <altitudeMode>clampToGround</altitudeMode>
          <coordinates>114.2024260789633,22.328501447891252, 311.2</coordinates>
        </Point>
      </Placemark>
      <Placemark>
        <TimeSpan>
          <begin>2021-01-03T07:32:37+08:00</begin>
          <end>2021-01-03T07:32:45+08:00</end>
        </TimeSpan>
        <Style>
          <IconStyle>
            <color>FF00FFFF</color>
            <scale>0.9</scale>
            <Icon>
              <href>http://maps.google.com/mapfiles/kml/shapes/placemark_circle.png</href>
            </Icon>
          </IconStyle>
        </Style>
        <Point>
          <altitudeMode>clampToGround</altitudeMode>
          <coordinates>114.20228517657809,22.328697076733693, 311.2</coordinates>
        </Point>
      </Placemark>
      <Placemark>
        <TimeSpan>
          <begin>2021-01-03T07:32:45+08:00</begin>
          <end>2021-01-03T07:32:53+08:00</end>
        </TimeSpan>
        <Style>
          <IconStyle>
            <color>FF00FFFF</color>
            <scale>0.9</scale>
            <Icon>
              <href>http://maps.google.com/mapfiles/kml/shapes/placemark_circle.png</href>
            </Icon>
          </IconStyle>
        </Style>
        <Point>
          <altitudeMode>clampToGround</altitudeMode>
          <coordinates>114.20214328751199,22.328891790681862, 311.16</coordinates>
        </Point>
      </Placemark>
      <Placemark>
        <TimeSpan>
          <begin>2021-01-03T07:32:53+08:00</begin>
          <end>2021-01-03T07:33:01+08:00</end>
        </TimeSpan>
        <Style>
          <IconStyle>
            <color>FF00FFFF</color>
            <scale>0.9</scale>
            <Icon>
              <href>http://maps.google.com/mapfiles/kml/shapes/placemark_circle.png</href>
            </Icon>
          </IconStyle>
        </Style>
        <Point>
          <altitudeMode>clampToGround</altitudeMode>
          <coordinates>114.20196404632502,22.329055184614017, 310.91</coordinates>
        </Point>
      </Placemark>
      <Placemark>
        <TimeSpan>
          <begin>2021-01-03T07:33:01+08:00</begin>
          <end>2021-01-03T07:33:09+08:00</end>
        </TimeSpan>
        <Style>
          <IconStyle>
            <color>FF00FFFF</color>
            <scale>0.9</scale>
            <Icon>
              <href>http://maps.google.com/mapfiles/kml/shapes/placemark_circle.png</href>
            </Icon>
          </IconStyle>
        </Style>
        <Point>
          <altitudeMode>clampToGround</altitudeMode>
          <coordinates>114.2017812032087,22.329217452362872, 310.8</coordinates>
        </Point>
      </Placemark>
      <Placemark>
        <TimeSpan>
          <begin>2021-01-03T07:33:09+08:00</begin>
          <end>2021-01-03T07:33:16+08:00</end>
        </TimeSpan>
        <Style>
          <IconStyle>
            <color>FF00FFFF</color>
            <scale>0.9</scale>
            <Icon>
              <href>http://maps.google.com/mapfiles/kml/shapes/placemark_circle.png</href>
            </Icon>
          </IconStyle>
        </Style>
        <Point>
          <altitudeMode>clampToGround</altitudeMode>
          <coordinates>114.20162030275702,22.329386953706113, 310.12</coordinates>
        </Point>
      </Placemark>
      <Placemark>
        <TimeSpan>
          <begin>2021-01-03T07:33:16+08:00</begin>
          <end>2021-01-03T07:33:23+08:00</end>
        </TimeSpan>
        <Style>
          <IconStyle>
            <color>FF00FFFF</color>
            <scale>0.9</scale>
            <Icon>
              <href>http://maps.google.com/mapfiles/kml/shapes/placemark_circle.png</href>
            </Icon>
          </IconStyle>
        </Style>
        <Point>
          <altitudeMode>clampToGround</altitudeMode>
          <coordinates>114.20144806363852,22.32952222656442, 310.62</coordinates>
        </Point>
      </Placemark>
      <Placemark>
        <TimeSpan>
          <begin>2021-01-03T07:33:23+08:00</begin>
          <end>2021-01-03T07:33:28+08:00</end>
        </TimeSpan>
        <Style>
          <IconStyle>
            <color>FF00FFFF</color>
            <scale>0.9</scale>
            <Icon>
              <href>http://maps.google.com/mapfiles/kml/shapes/placemark_circle.png</href>
            </Icon>
          </IconStyle>
        </Style>
        <Point>
          <altitudeMode>clampToGround</altitudeMode>
          <coordinates>114.20132646270142,22.329698006209163, 310.62</coordinates>
        </Point>
      </Placemark>
      <Placemark>
        <TimeSpan>
          <begin>2021-01-03T07:33:28+08:00</begin>
          <end>2021-01-03T07:33:35+08:00</end>
        </TimeSpan>
        <Style>
          <IconStyle>
            <color>FF00FFFF</color>
            <scale>0.9</scale>
            <Icon>
              <href>http://maps.google.com/mapfiles/kml/shapes/placemark_circle.png</href>
            </Icon>
          </IconStyle>
        </Style>
        <Point>
          <altitudeMode>clampToGround</altitudeMode>
          <coordinates>114.20127683724529,22.32984057400397, 310.6</coordinates>
        </Point>
      </Placemark>
      <Placemark>
        <TimeSpan>
          <begin>2021-01-03T07:33:35+08:00</begin>
          <end>2021-01-03T07:33:42+08:00</end>
        </TimeSpan>
        <Style>
          <IconStyle>
            <color>FF00FFFF</color>
            <scale>0.9</scale>
            <Icon>
              <href>http://maps.google.com/mapfiles/kml/shapes/placemark_circle.png</href>
            </Icon>
          </IconStyle>
        </Style>
        <Point>
          <altitudeMode>clampToGround</altitudeMode>
          <coordinates>114.20123325323898,22.330046737775408, 310.6</coordinates>
        </Point>
      </Placemark>
      <Placemark>
        <TimeSpan>
          <begin>2021-01-03T07:33:42+08:00</begin>
          <end>2021-01-03T07:33:49+08:00</end>
        </TimeSpan>
        <Style>
          <IconStyle>
            <color>FF00FFFF</color>
            <scale>0.9</scale>
            <Icon>
              <href>http://maps.google.com/mapfiles/kml/shapes/placemark_circle.png</href>
            </Icon>
          </IconStyle>
        </Style>
        <Point>
          <altitudeMode>clampToGround</altitudeMode>
          <coordinates>114.20103760772659,22.33015491293985, 310.6</coordinates>
        </Point>
      </Placemark>
      <Placemark>
        <TimeSpan>
          <begin>2021-01-03T07:33:49+08:00</begin>
          <end>2021-01-03T07:33:56+08:00</end>
        </TimeSpan>
        <Style>
          <IconStyle>
            <color>FF00FFFF</color>
            <scale>0.9</scale>
            <Icon>
              <href>http://maps.google.com/mapfiles/kml/shapes/placemark_circle.png</href>
            </Icon>
          </IconStyle>
        </Style>
        <Point>
          <altitudeMode>clampToGround</altitudeMode>
          <coordinates>114.20091512331683,22.330319518788894, 310.56</coordinates>
        </Point>
      </Placemark>
      <Placemark>
        <TimeSpan>
          <begin>2021-01-03T07:33:56+08:00</begin>
          <end>2021-01-03T07:34:03+08:00</end>
        </TimeSpan>
        <Style>
          <IconStyle>
            <color>FF00FFFF</color>
            <scale>0.9</scale>
            <Icon>
              <href>http://maps.google.com/mapfiles/kml/shapes/placemark_circle.png</href>
            </Icon>
          </IconStyle>
        </Style>
        <Point>
          <altitudeMode>clampToGround</altitudeMode>
          <coordinates>114.20069732726623,22.330373738285207, 310.4</coordinates>
        </Point>
      </Placemark>
      <Placemark>
        <TimeSpan>
          <begin>2021-01-03T07:34:03+08:00</begin>
          <end>2021-01-03T07:34:11+08:00</end>
        </TimeSpan>
        <Style>
          <IconStyle>
            <color>FF00FFFF</color>
            <scale>0.9</scale>
            <Icon>
              <href>http://maps.google.com/mapfiles/kml/shapes/placemark_circle.png</href>
            </Icon>
          </IconStyle>
        </Style>
        <Point>
          <altitudeMode>clampToGround</altitudeMode>
          <coordinates>114.20047626610999,22.330407900001216, 310.52</coordinates>
        </Point>
      </Placemark>
      <Placemark>
        <TimeSpan>
          <begin>2021-01-03T07:34:11+08:00</begin>
          <end>2021-01-03T07:34:19+08:00</end>
        </TimeSpan>
        <Style>
          <IconStyle>
            <color>FF00FFFF</color>
            <scale>0.9</scale>
            <Icon>
              <href>http://maps.google.com/mapfiles/kml/shapes/placemark_circle.png</href>
            </Icon>
          </IconStyle>
        </Style>
        <Point>
          <altitudeMode>clampToGround</altitudeMode>
          <coordinates>114.20024476998964,22.330511576016953, 310.9</coordinates>
        </Point>
      </Placemark>
      <Placemark>
        <TimeSpan>
          <begin>2021-01-03T07:34:19+08:00</begin>
          <end>2021-01-03T07:34:27+08:00</end>
        </TimeSpan>
        <Style>
          <IconStyle>
            <color>FF00FFFF</color>
            <scale>0.9</scale>
            <Icon>
              <href>http://maps.google.com/mapfiles/kml/shapes/placemark_circle.png</href>
            </Icon>
          </IconStyle>
        </Style>
        <Point>
          <altitudeMode>clampToGround</altitudeMode>
          <coordinates>114.20033546360719,22.330561961461417, 311.06</coordinates>
        </Point>
      </Placemark>
      <Placemark>
        <TimeSpan>
          <begin>2021-01-03T07:34:27+08:00</begin>
          <end>2021-01-03T07:34:35+08:00</end>
        </TimeSpan>
        <Style>
          <IconStyle>
            <color>FF00FFFF</color>
            <scale>0.9</scale>
            <Icon>
              <href>http://maps.google.com/mapfiles/kml/shapes/placemark_circle.png</href>
            </Icon>
          </IconStyle>
        </Style>
        <Point>
          <altitudeMode>clampToGround</altitudeMode>
          <coordinates>114.20038215875998,22.330665928652696, 310.6</coordinates>
        </Point>
      </Placemark>
      <Placemark>
        <TimeSpan>
          <begin>2021-01-03T07:34:35+08:00</begin>
          <end>2021-01-03T07:34:43+08:00</end>
        </TimeSpan>
        <Style>
          <IconStyle>
            <color>FF00FFFF</color>
            <scale>0.9</scale>
            <Icon>
              <href>http://maps.google.com/mapfiles/kml/shapes/placemark_circle.png</href>
            </Icon>
          </IconStyle>
        </Style>
        <Point>
          <altitudeMode>clampToGround</altitudeMode>
          <coordinates>114.20036412931951,22.330631476546948, 310.8</coordinates>
        </Point>
      </Placemark>
      <Placemark>
        <TimeSpan>
          <begin>2021-01-03T07:34:43+08:00</begin>
          <end>2021-01-03T07:34:51+08:00</end>
        </TimeSpan>
        <Style>
          <IconStyle>
            <color>FF00FFFF</color>
            <scale>0.9</scale>
            <Icon>
              <href>http://maps.google.com/mapfiles/kml/shapes/placemark_circle.png</href>
            </Icon>
          </IconStyle>
        </Style>
        <Point>
          <altitudeMode>clampToGround</altitudeMode>
          <coordinates>114.20031277866963,22.330617489442943, 310.81</coordinates>
        </Point>
      </Placemark>
      <Placemark>
        <TimeSpan>
          <begin>2021-01-03T07:34:51+08:00</begin>
          <end>2021-01-03T07:34:59+08:00</end>
        </TimeSpan>
        <Style>
          <IconStyle>
            <color>FF00FFFF</color>
            <scale>0.9</scale>
            <Icon>
              <href>http://maps.google.com/mapfiles/kml/shapes/placemark_circle.png</href>
            </Icon>
          </IconStyle>
        </Style>
        <Point>
          <altitudeMode>clampToGround</altitudeMode>
          <coordinates>114.20040445491927,22.33042938441948, 311.04</coordinates>
        </Point>
      </Placemark>
      <Placemark>
        <TimeSpan>
          <begin>2021-01-03T07:34:59+08:00</begin>
          <end>2021-01-03T07:35:07+08:00</end>
        </TimeSpan>
        <Style>
          <IconStyle>
            <color>FF00FFFF</color>
            <scale>0.9</scale>
            <Icon>
              <href>http://maps.google.com/mapfiles/kml/shapes/placemark_circle.png</href>
            </Icon>
          </IconStyle>
        </Style>
        <Point>
          <altitudeMode>clampToGround</altitudeMode>
          <coordinates>114.20038020803447,22.33019886913132, 311.11</coordinates>
        </Point>
      </Placemark>
      <Placemark>
        <TimeSpan>
          <begin>2021-01-03T07:35:07+08:00</begin>
          <end>2021-01-03T07:35:15+08:00</end>
        </TimeSpan>
        <Style>
          <IconStyle>
            <color>FF00FFFF</color>
            <scale>0.9</scale>
            <Icon>
              <href>http://maps.google.com/mapfiles/kml/shapes/placemark_circle.png</href>
            </Icon>
          </IconStyle>
        </Style>
        <Point>
          <altitudeMode>clampToGround</altitudeMode>
          <coordinates>114.20035620190801,22.32997064273421, 311.18</coordinates>
        </Point>
      </Placemark>
      <Placemark>
        <TimeSpan>
          <begin>2021-01-03T07:35:15+08:00</begin>
          <end>2021-01-03T07:35:22+08:00</end>
        </TimeSpan>
        <Style>
          <IconStyle>
            <color>FF00FFFF</color>
            <scale>0.9</scale>
            <Icon>
              <href>http://maps.google.com/mapfiles/kml/shapes/placemark_circle.png</href>
            </Icon>
          </IconStyle>
        </Style>
        <Point>
          <altitudeMode>clampToGround</altitudeMode>
          <coordinates>114.20051135762154,22.329823370589402, 311.2</coordinates>
        </Point>
      </Placemark>
      <Placemark>
        <TimeSpan>
          <begin>2021-01-03T07:35:22+08:00</begin>
          <end>2021-01-03T07:35:29+08:00</end>
        </TimeSpan>
        <Style>
          <IconStyle>
            <color>FF00FFFF</color>
            <scale>0.9</scale>
            <Icon>
              <href>http://maps.google.com/mapfiles/kml/shapes/placemark_circle.png</href>
            </Icon>
          </IconStyle>
        </Style>
        <Point>
          <altitudeMode>clampToGround</altitudeMode>
          <coordinates>114.20067981233588,22.32968197158979, 311.06</coordinates>
        </Point>
      </Placemark>
      <Placemark>
        <TimeSpan>
          <begin>2021-01-03T07:35:29+08:00</begin>
          <end>2021-01-03T07:35:32+08:00</end>
        </TimeSpan>
        <Style>
          <IconStyle>
            <color>FF00FFFF</color>
            <scale>0.9</scale>
            <Icon>
              <href>http://maps.google.com/mapfiles/kml/shapes/placemark_circle.png</href>
            </Icon>
          </IconStyle>
        </Style>
        <Point>
          <altitudeMode>clampToGround</altitudeMode>
          <coordinates>114.2007598314103,22.329498944659672, 310.92</coordinates>
        </Point>
      </Placemark>
      <Placemark>
        <TimeSpan>
          <begin>2021-01-03T07:35:32+08:00</begin>
          <end>2021-01-03T07:35:39+08:00</end>
        </TimeSpan>
        <Style>
          <IconStyle>
            <color>FF00FFFF</color>
            <scale>0.9</scale>
            <Icon>
              <href>http://maps.google.com/mapfiles/kml/shapes/placemark_circle.png</href>
            </Icon>
          </IconStyle>
        </Style>
        <Point>
          <altitudeMode>clampToGround</altitudeMode>
          <coordinates>114.20076444262197,22.329406732592833, 310.87</coordinates>
        </Point>
      </Placemark>
      <Placemark>
        <TimeSpan>
          <begin>2021-01-03T07:35:39+08:00</begin>
          <end>2021-01-03T07:35:46+08:00</end>
        </TimeSpan>
        <Style>
          <IconStyle>
            <color>FF00FFFF</color>
            <scale>0.9</scale>
            <Icon>
              <href>http://maps.google.com/mapfiles/kml/shapes/placemark_circle.png</href>
            </Icon>
          </IconStyle>
        </Style>
        <Point>
          <altitudeMode>clampToGround</altitudeMode>
          <coordinates>114.2007752469752,22.329190674035956, 310.73</coordinates>
        </Point>
      </Placemark>
      <Placemark>
        <TimeSpan>
          <begin>2021-01-03T07:35:46+08:00</begin>
          <end>2021-01-03T07:35:53+08:00</end>
        </TimeSpan>
        <Style>
          <IconStyle>
            <color>FF00FFFF</color>
            <scale>0.9</scale>
            <Icon>
              <href>http://maps.google.com/mapfiles/kml/shapes/placemark_circle.png</href>
            </Icon>
          </IconStyle>
        </Style>
        <Point>
          <altitudeMode>clampToGround</altitudeMode>
          <coordinates>114.20079237091682,22.32899199039629, 310.64</coordinates>
        </Point>
      </Placemark>
      <Placemark>
        <TimeSpan>
          <begin>2021-01-03T07:35:53+08:00</begin>
          <end>2021-01-03T07:36:00+08:00</end>
        </TimeSpan>
        <Style>
          <IconStyle>
            <color>FF00FFFF</color>
            <scale>0.9</scale>
            <Icon>
              <href>http://maps.google.com/mapfiles/kml/shapes/placemark_circle.png</href>
            </Icon>
          </IconStyle>
        </Style>
        <Point>
          <altitudeMode>clampToGround</altitudeMode>
          <coordinates>114.20099151356236,22.32906695434172, 310.26</coordinates>
        </Point>
      </Placemark>
      <Placemark>
        <TimeSpan>
          <begin>2021-01-03T07:36:00+08:00</begin>
          <end>2021-01-03T07:36:07+08:00</end>
        </TimeSpan>
        <Style>
          <IconStyle>
            <color>FF00FFFF</color>
            <scale>0.9</scale>
            <Icon>
              <href>http://maps.google.com/mapfiles/kml/shapes/placemark_circle.png</href>
            </Icon>
          </IconStyle>
        </Style>
        <Point>
          <altitudeMode>clampToGround</altitudeMode>
          <coordinates>114.20120158088281,22.32897573306122, 310.66</coordinates>
        </Point>
      </Placemark>
      <Placemark>
        <TimeSpan>
          <begin>2021-01-03T07:36:07+08:00</begin>
          <end>2021-01-03T07:36:14+08:00</end>
        </TimeSpan>
        <Style>
          <IconStyle>
            <color>FF00FFFF</color>
            <scale>0.9</scale>
            <Icon>
              <href>http://maps.google.com/mapfiles/kml/shapes/placemark_circle.png</href>
            </Icon>
          </IconStyle>
        </Style>
        <Point>
          <altitudeMode>clampToGround</altitudeMode>
          <coordinates>114.20135143106513,22.328827490187543, 310.25</coordinates>
        </Point>
      </Placemark>
      <Placemark>
        <TimeSpan>
          <begin>2021-01-03T07:36:14+08:00</begin>
          <end>2021-01-03T07:36:21+08:00</end>
        </TimeSpan>
        <Style>
          <IconStyle>
            <color>FF00FFFF</color>
            <scale>0.9</scale>
            <Icon>
              <href>http://maps.google.com/mapfiles/kml/shapes/placemark_circle.png</href>
            </Icon>
          </IconStyle>
        </Style>
        <Point>
          <altitudeMode>clampToGround</altitudeMode>
          <coordinates>114.20123719984188,22.32864366568323, 309.7</coordinates>
        </Point>
      </Placemark>
      <Placemark>
        <TimeSpan>
          <begin>2021-01-03T07:36:21+08:00</begin>
          <end>2021-01-03T07:36:28+08:00</end>
        </TimeSpan>
        <Style>
          <IconStyle>
            <color>FF00FFFF</color>
            <scale>0.9</scale>
            <Icon>
              <href>http://maps.google.com/mapfiles/kml/shapes/placemark_circle.png</href>
            </Icon>
          </IconStyle>
        </Style>
        <Point>
          <altitudeMode>clampToGround</altitudeMode>
          <coordinates>114.20122020032233,22.32848955800159, 310.09</coordinates>
        </Point>
      </Placemark>
      <Placemark>
        <TimeSpan>
          <begin>2021-01-03T07:36:28+08:00</begin>
          <end>2021-01-03T07:36:35+08:00</end>
        </TimeSpan>
        <Style>
          <IconStyle>
            <color>FF00FFFF</color>
            <scale>0.9</scale>
            <Icon>
              <href>http://maps.google.com/mapfiles/kml/shapes/placemark_circle.png</href>
            </Icon>
          </IconStyle>
        </Style>
        <Point>
          <altitudeMode>clampToGround</altitudeMode>
          <coordinates>114.20104662183175,22.32853809714493, 310.0</coordinates>
        </Point>
      </Placemark>
      <Placemark>
        <TimeSpan>
          <begin>2021-01-03T07:36:35+08:00</begin>
          <end>2021-01-03T07:36:42+08:00</end>
        </TimeSpan>
        <Style>
          <IconStyle>
            <color>FF00FFFF</color>
            <scale>0.9</scale>
            <Icon>
              <href>http://maps.google.com/mapfiles/kml/shapes/placemark_circle.png</href>
            </Icon>
          </IconStyle>
        </Style>
        <Point>
          <altitudeMode>clampToGround</altitudeMode>
          <coordinates>114.20105777366393,22.32874702922486, 310.27</coordinates>
        </Point>
      </Placemark>
      <Placemark>
        <TimeSpan>
          <begin>2021-01-03T07:36:42+08:00</begin>
          <end>2021-01-03T07:36:49+08:00</end>
        </TimeSpan>
        <Style>
          <IconStyle>
            <color>FF00FFFF</color>
            <scale>0.9</scale>
            <Icon>
              <href>http://maps.google.com/mapfiles/kml/shapes/placemark_circle.png</href>
            </Icon>
          </IconStyle>
        </Style>
        <Point>
          <altitudeMode>clampToGround</altitudeMode>
          <coordinates>114.20119442800495,22.328911427734713, 310.5</coordinates>
        </Point>
      </Placemark>
      <Placemark>
        <TimeSpan>
          <begin>2021-01-03T07:36:49+08:00</begin>
          <end>2021-01-03T07:36:56+08:00</end>
        </TimeSpan>
        <Style>
          <IconStyle>
            <color>FF00FFFF</color>
            <scale>0.9</scale>
            <Icon>
              <href>http://maps.google.com/mapfiles/kml/shapes/placemark_circle.png</href>
            </Icon>
          </IconStyle>
        </Style>
        <Point>
          <altitudeMode>clampToGround</altitudeMode>
          <coordinates>114.20140279332614,22.328973254352224, 310.4</coordinates>
        </Point>
      </Placemark>
      <Placemark>
        <TimeSpan>
          <begin>2021-01-03T07:36:56+08:00</begin>
          <end>2021-01-03T07:37:03+08:00</end>
        </TimeSpan>
        <Style>
          <IconStyle>
            <color>FF00FFFF</color>
            <scale>0.9</scale>
            <Icon>
              <href>http://maps.google.com/mapfiles/kml/shapes/placemark_circle.png</href>
            </Icon>
          </IconStyle>
        </Style>
        <Point>
          <altitudeMode>clampToGround</altitudeMode>
          <coordinates>114.20153409034964,22.328795012217036, 309.79</coordinates>
        </Point>
      </Placemark>
      <Placemark>
        <TimeSpan>
          <begin>2021-01-03T07:37:03+08:00</begin>
          <end>2021-01-03T07:37:10+08:00</end>
        </TimeSpan>
        <Style>
          <IconStyle>
            <color>FF00FFFF</color>
            <scale>0.9</scale>
            <Icon>
              <href>http://maps.google.com/mapfiles/kml/shapes/placemark_circle.png</href>
            </Icon>
          </IconStyle>
        </Style>
        <Point>
          <altitudeMode>clampToGround</altitudeMode>
          <coordinates>114.20163345054128,22.32859955922904, 309.44</coordinates>
        </Point>
      </Placemark>
      <Placemark>
        <TimeSpan>
          <begin>2021-01-03T07:37:10+08:00</begin>
          <end>2021-01-03T07:37:17+08:00</end>
        </TimeSpan>
        <Style>
          <IconStyle>
            <color>FF00FFFF</color>
            <scale>0.9</scale>
            <Icon>
              <href>http://maps.google.com/mapfiles/kml/shapes/placemark_circle.png</href>
            </Icon>
          </IconStyle>
        </Style>
        <Point>
          <altitudeMode>clampToGround</altitudeMode>
          <coordinates>114.20176906401865,22.32842560944138, 309.6</coordinates>
        </Point>
      </Placemark>
      <Placemark>
        <TimeSpan>
          <begin>2021-01-03T07:37:17+08:00</begin>
          <end>2021-01-03T07:37:24+08:00</end>
        </TimeSpan>
        <Style>
          <IconStyle>
            <color>FF00FFFF</color>
            <scale>0.9</scale>
            <Icon>
              <href>http://maps.google.com/mapfiles/kml/shapes/placemark_circle.png</href>
            </Icon>
          </IconStyle>
        </Style>
        <Point>
          <altitudeMode>clampToGround</altitudeMode>
          <coordinates>114.2019267187514,22.328359385497325, 309.5</coordinates>
        </Point>
      </Placemark>
      <Placemark>
        <TimeSpan>
          <begin>2021-01-03T07:37:24+08:00</begin>
          <end>2021-01-03T07:37:31+08:00</end>
        </TimeSpan>
        <Style>
          <IconStyle>
            <color>FF00FFFF</color>
            <scale>0.9</scale>
            <Icon>
              <href>http://maps.google.com/mapfiles/kml/shapes/placemark_circle.png</href>
            </Icon>
          </IconStyle>
        </Style>
        <Point>
          <altitudeMode>clampToGround</altitudeMode>
          <coordinates>114.2020790817828,22.328259533922974, 310.03</coordinates>
        </Point>
      </Placemark>
      <Placemark>
        <TimeSpan>
          <begin>2021-01-03T07:37:31+08:00</begin>
          <end>2021-01-03T07:37:36+08:00</end>
        </TimeSpan>
        <Style>
          <IconStyle>
            <color>FF00FFFF</color>
            <scale>0.9</scale>
            <Icon>
              <href>http://maps.google.com/mapfiles/kml/shapes/placemark_circle.png</href>
            </Icon>
          </IconStyle>
        </Style>
        <Point>
          <altitudeMode>clampToGround</altitudeMode>
          <coordinates>114.20230643287302,22.328253475745676, 310.15</coordinates>
        </Point>
      </Placemark>
    </Folder>
  </Folder>
</kml>
