<?xml version="1.0" encoding="UTF-8"?>
<kml
  xsi:schemaLocation="http://earth.google.com/kml/2.1 http://earth.google.com/kml2.1.xsd"
  xmlns:xsi="http://www.w3.org/2001/XMLSchema-instance" xmlns="http://earth.google.com/kml/2.1">
  <Folder>
    <name>Running</name>
    <description>ROUTE RECONSTRUCTED: no GPS was recorded for this activity. Coordinates were projected from the accelerometer distance onto the GPS track of activity 6188052022 (2021-01-27) using mode "scale". Generated by 06_RepairMissingRoutes.py.</description>
    <Placemark>
      <name>Track</name>
      <Style>
        <LineStyle>
          <color>FF0000FF</color>
          <width>3.0</width>
        </LineStyle>
      </Style>
      <LineString>
        <extrude>false</extrude>
        <tessellate>true</tessellate>
        <altitudeMode>clampToGround</altitudeMode>
        <coordinates>114.20833694295749,22.328441587529827 114.20822092612178,22.3282824771491 114.20819444541189,22.32846842809656 114.20812289079812,22.32866665279402 114.20809470714619,22.32888441166021 114.208068193415,22.32910694604792 114.20806136499831,22.329332283014047 114.2081040402476,22.329556564332236 114.20811219730011,22.329781670464087 114.2080972533386,22.330004512432993 114.20806052741686,22.330225281786383 114.20796720326948,22.330415219404774 114.20778798504875,22.330543393143735 114.207594823689,22.33066229860028 114.20738547787221,22.3306852354731 114.20719128055518,22.33080393021301 114.20701559746252,22.330949653419573 114.20688065227843,22.331125645701114 114.20672234764014,22.33128268753223 114.20651257091103,22.331378520106178 114.20634918963843,22.331344109215 114.20616826343947,22.33128049268809 114.20601117860093,22.331348481572274 114.20583339719644,22.33143378501201 114.2056374339502,22.331388448094856 114.20549043659493,22.331224213056704 114.20533037620048,22.33109725490399 114.2051356243177,22.331197490184138 114.2049483349899,22.331305191820174 114.20473305140949,22.3312618135139 114.20455200011757,22.331126241317836 114.20446715494575,22.331235208486778 114.20452364026613,22.33144159391637 114.2045420164901,22.331656949564017 114.2045303163532,22.331873110496158 114.20450301616638,22.332090357818377 114.20447496698061,22.33230783250546 114.20444590637261,22.33252402907925 114.20439968196743,22.332735627442172 114.20443089741751,22.332928976089494 114.20453627604314,22.333114416976905 114.20457602375119,22.333331106325684 114.20459822823086,22.333550612221273 114.20458488269549,22.333767525119484 114.20458227195097,22.33398119535263 114.20459148822816,22.33420064019868 114.20459234201796,22.334422368876375 114.20459975553268,22.33462970524706 114.20456164223192,22.334842289530688 114.20447117312058,22.33486342478365 114.20426995800332,22.334789868048148 114.20424490946324,22.334736948975785 114.2041089971141,22.334551783018956 114.20392721512496,22.33461140929258 114.20375040122339,22.33475516966232 114.20356389323123,22.334889424068958 114.20341461085823,22.33504754575379 114.2032233303264,22.33516897851262 114.2030788421714,22.335054389132566 114.2029522724829,22.33489375494063 114.20280023249744,22.334856192941693 114.20269176628595,22.334678499987874 114.20247154889125,22.33474972213564 114.20224600245544,22.334797759369277 114.20202038516689,22.33480399980474 114.20180855013005,22.334727562835486 114.2018258942795,22.33492342607235 114.20162430850077,22.334890830977603 114.20139899642982,22.33486424255351 114.20117161857807,22.33483741035262 114.20109041443779,22.334795400141388 114.20095095716675,22.334627321165456 114.2007432201506,22.33455191296593 114.20053423065723,22.334471197537948 114.20035049031414,22.33441533007503 114.20021405573753,22.3342487051858 114.20029294696181,22.3340844794524 114.20043555365119,22.33391855675181 114.2005661948961,22.333743849498266 114.2007000734032,22.333570824239487 114.20082394584594,22.333391104905118 114.20098107683602,22.33323380643069 114.20096301200778,22.333101160575286 114.20073305048177,22.33307636781223 114.20050395913144,22.33305166886512 114.20027639158492,22.333027134203352 114.20004762837718,22.333002470634167 114.19981603410932,22.332977501840872 114.1995836786038,22.33295245097652 114.19935160230807,22.332934540803546 114.19912226997533,22.33298116356108 114.19889679130885,22.333027002876758 114.19866917157154,22.33307327746742 114.19844444143075,22.33311896460948 114.1982223866488,22.333164107856987 114.19801974705703,22.33324890513696 114.19799668991736,22.333264893428858 114.19786243841858,22.33343185718936 114.19775690625418,22.33362201162732 114.19765202462175,22.333810993896215 114.19757941353889,22.334003971912413 114.19744622525083,22.333854716618 114.1973572238582,22.333661637478976 114.1972041743231,22.333509081233107 114.19706971314744,22.333336178314834 114.19720496003134,22.3331856599323 114.1972562155681,22.333007094349547 114.19735328256834,22.33282144019675 114.19750686117366,22.332667752048913 114.19746128339709,22.332480739361326 114.19735727568556,22.332364203243916 114.19712476281066,22.332372084943643 114.19695393665056,22.33234099015898 114.19675493015463,22.33223721693854 114.19676941476371,22.33203787869247 114.19690539209883,22.331872973480284 114.19707826387491,22.331728109694748 114.1972718640775,22.331634564515955 114.19747057305278,22.331745722739154 114.19758778368701,22.331825696851272 114.19778998995467,22.33177057670933 114.19800868687544,22.33171288911436 114.19821771393423,22.331633758060303 114.1982770248964,22.331689268935648 114.1982966817244,22.3319007323726 114.19832681566638,22.33210885863111 114.19846223368069,22.33227814301552 114.19864671825567,22.332408738020725 114.19886733529296,22.332475142139707 114.19910126248426,22.332499573502194 114.19932993446248,22.332552655966502 114.19947296203253,22.332582413380404 114.19970720335958,22.33261798086347 114.19983452380606,22.332781308471592 114.19992978009184,22.332981488897374 114.20002477127392,22.333181112209566 114.20011949735229,22.33338017840816 114.20021395832697,22.333578687493162 114.20030912624483,22.33377868221441 114.20040389650717,22.333977841265273 114.20049769580024,22.334174959830982 114.20059184856493,22.334372821214817 114.20067687020223,22.33452249292736 114.20069415262635,22.334306958787877 114.20070713182362,22.334101778292904 114.20062643572213,22.333957819035312 114.20051836871541,22.333766969602372 114.20040411886932,22.33365764485743 114.20017150635161,22.333614615569026 114.20004549386265,22.333566457710894 114.20013072641319,22.333702155995116 114.20027844573144,22.333834996147488 114.20047781091829,22.33376359201593 114.20055134654312,22.33373313874189 114.20071990755332,22.33358379228646 114.20090360919752,22.333469623609055 114.20102215113846,22.333441242048536 114.20110900843935,22.33357370200995 114.20128982562791,22.33362693229008 114.20150546260055,22.33365185563589 114.20169272835895,22.333773106940384 114.20182434991199,22.33394761541226 114.20193332686526,22.33413387189132 114.20205953432347,22.334312760827316 114.20217860891192,22.334494600085097 114.20227215401079,22.334690285605745 114.2024189635017,22.334858262809643 114.2025760754371,22.335005433472574 114.20277638065596,22.334985771647734 114.20297289095149,22.334933981029575 114.20315774615932,22.33497372425685 114.20334620517956,22.33485504904151 114.20348027565812,22.334680561445374 114.20357806533023,22.334487051085485 114.20374516556876,22.334407201490908 114.20395753646811,22.33446556036519 114.20417365631108,22.334481545852945 114.2043508720821,22.334359185553936 114.2043951916949,22.33415555277533 114.20437775840456,22.333982599663823 114.20443269218154,22.33386562636843 114.20462712199556,22.333909078129373 114.20448041474529,22.333743520696043 114.20453918124743,22.33356463232978 114.204663243199,22.333384558220775 114.2047510960627,22.3331924582757 114.20473987356058,22.332982032319464 114.20465879454807,22.33278126672814 114.20454370544192,22.332592249207924 114.20457940207976,22.33239500351302 114.2047087425989,22.332225970358202 114.20473737700843,22.332018063794493 114.20494060887434,22.33191591195601 114.20513021703658,22.331800957191877 114.20520014188676,22.331624043326283 114.20527302220906,22.33143517917926 114.20511384459274,22.331278464373028 114.20495435775479,22.33112106775216 114.20482182265476,22.33094311509919 114.20470499257817,22.330751096211994 114.20457591645786,22.330567370203042 114.20445324999066,22.330385396541356 114.20437250749794,22.33018633135593 114.20439736062411,22.33001876197133 114.20460646218088,22.329927389910303 114.20475530189515,22.32976575070768 114.20484477416126,22.329589061882608 114.20479610836512,22.329384552244253 114.2047270512134,22.329186896217525 114.20468174926988,22.32898225358843 114.20461679469739,22.32878138039344 114.20453749847515,22.328587238987623 114.20441988368452,22.328406408101543 114.20429209469668,22.32823096835705 114.20415852517239,22.328058208202627 114.20404685966662,22.327872218210345 114.20389112314218,22.327716775173954 114.20372912996993,22.327599708070466 114.20352719693872,22.327700434903807 114.20336396945986,22.32785138116988 114.20318757677504,22.327986211531158 114.20298682129686,22.32808872777737 114.20282019745034,22.32822252903308 114.20269111353583,22.32838907698339 114.20248307210964,22.328447870684425 114.20234520867294,22.32861372818565 114.20221975139287,22.328789836501283 114.20208534305297,22.32895877804707 114.20190715285996,22.329089315188117 114.20186285312974,22.329119894391578 114.20174122923123,22.329288935742703 114.20157047137995,22.32941486736168 114.20140450816574,22.329564948755657 114.20130175932394,22.329759821274244 114.20124926869758,22.329972032447273 114.20110129180968,22.3301197011117 114.20096078312135,22.330282043643596 114.20075527359178,22.33037085672745 114.20052003576615,22.33039105699429 114.20030261891834,22.330477058424133 114.20025409286802,22.330580760908052 114.20042457064774,22.330641330166188 114.20032710072795,22.330550064772105 114.20032975686951,22.330556254307663 114.20032026284896,22.330714945242562 114.20041038709267,22.330549001357586 114.20039470041357,22.330336648271793 114.20037257754507,22.330126326019997 114.20035547699993,22.329916347550125 114.20054595732964,22.32979432798212 114.20071951091394,22.329648649048206 114.20076250995533,22.329445380826577 114.20077340499928,22.329227508694036 114.20078433044941,22.329009028518648 114.20095786724536,22.3290713674578 114.20117457226938,22.32899246406069 114.20133506404403,22.328849655172004 114.20125259394274,22.32866551961305 114.20119667305742,22.32850094594917 114.20105928769966,22.32852311585308 114.20105218408278,22.328733467511714 114.20118733376582,22.328906474288356 114.20140223420003,22.328973287702162 114.20153671449883,22.328788835328346 114.20164432079653,22.328589902465627 114.20177758512891,22.328405789048674 114.20194366665329,22.328334669807063 114.20211855993864,22.328263712495552 114.20234754218237,22.328231991216494 114.20245304703712,22.328176852315664</coordinates>
      </LineString>
    </Placemark>
    <Folder>
      <name>Laps</name>
      <description>Laps, start and end splits recorded in the activity.</description>
      <Placemark>
        <name>Start</name>
        <description>ROUTE RECONSTRUCTED: no GPS was recorded for this activity. Coordinates were projected from the accelerometer distance onto the GPS track of activity 6188052022 (2021-01-27) using mode "scale". Generated by 06_RepairMissingRoutes.py.</description>
        <Style>
          <IconStyle>
            <scale>1.3</scale>
            <Icon>
              <href>explore\image\main\icons\kml\grn-play.png</href>
            </Icon>
            <hotSpot x="0.5" xunits="fraction" y="0.0" yunits="fraction"/>
          </IconStyle>
        </Style>
        <Point>
          <coordinates>114.20833694295749, 22.328441587529827</coordinates>
        </Point>
      </Placemark>
      <Placemark>
        <name>Lap 1</name>
        <description>&lt;table width = "320"&gt;&lt;tr&gt;&lt;td&gt;Time:&lt;/td&gt;&lt;td&gt;00:06:14&lt;/td&gt;&lt;/tr&gt;&lt;tr&gt;&lt;td&gt;Distance:&lt;/td&gt;&lt;td&gt;1 Kilometers &lt;/td&gt;&lt;/tr&gt;&lt;tr&gt;&lt;td&gt;Elevation Gain:&lt;/td&gt;&lt;td&gt;0 Meters &lt;/td&gt;&lt;/tr&gt;&lt;tr&gt;&lt;td&gt;Elevation Loss:&lt;/td&gt;&lt;td&gt;2 Meters &lt;/td&gt;&lt;/tr&gt;&lt;tr&gt;&lt;td&gt;Max Speed:&lt;/td&gt;&lt;td&gt;10.85 Kilometers per Hour&lt;/td&gt;&lt;/tr&gt;&lt;/table&gt;</description>
        <Style>
          <IconStyle>
            <scale>1.0</scale>
            <Icon>
              <href>http://maps.google.com/mapfiles/kml/shapes/flag.png</href>
            </Icon>
            <hotSpot x="0.45" xunits="fraction" y="0.0" yunits="fraction"/>
          </IconStyle>
        </Style>
        <Point>
          <coordinates>114.20459903795532,22.3346125899613</coordinates>
        </Point>
      </Placemark>
      <Placemark>
        <name>Lap 2</name>
        <description>&lt;table width = "320"&gt;&lt;tr&gt;&lt;td&gt;Time:&lt;/td&gt;&lt;td&gt;00:06:19&lt;/td&gt;&lt;/tr&gt;&lt;tr&gt;&lt;td&gt;Distance:&lt;/td&gt;&lt;td&gt;1 Kilometers &lt;/td&gt;&lt;/tr&gt;&lt;tr&gt;&lt;td&gt;Elevation Gain:&lt;/td&gt;&lt;td&gt;1 Meters &lt;/td&gt;&lt;/tr&gt;&lt;tr&gt;&lt;td&gt;Elevation Loss:&lt;/td&gt;&lt;td&gt;1 Meters &lt;/td&gt;&lt;/tr&gt;&lt;tr&gt;&lt;td&gt;Max Speed:&lt;/td&gt;&lt;td&gt;11.08 Kilometers per Hour&lt;/td&gt;&lt;/tr&gt;&lt;/table&gt;</description>
        <Style>
          <IconStyle>
            <scale>1.0</scale>
            <Icon>
              <href>http://maps.google.com/mapfiles/kml/shapes/flag.png</href>
            </Icon>
            <hotSpot x="0.45" xunits="fraction" y="0.0" yunits="fraction"/>
          </IconStyle>
        </Style>
        <Point>
          <coordinates>114.19800861285044,22.333256625823378</coordinates>
        </Point>
      </Placemark>
      <Placemark>
        <name>Lap 3</name>
        <description>&lt;table width = "320"&gt;&lt;tr&gt;&lt;td&gt;Time:&lt;/td&gt;&lt;td&gt;00:06:17&lt;/td&gt;&lt;/tr&gt;&lt;tr&gt;&lt;td&gt;Distance:&lt;/td&gt;&lt;td&gt;1 Kilometers &lt;/td&gt;&lt;/tr&gt;&lt;tr&gt;&lt;td&gt;Elevation Gain:&lt;/td&gt;&lt;td&gt;3 Meters &lt;/td&gt;&lt;/tr&gt;&lt;tr&gt;&lt;td&gt;Elevation Loss:&lt;/td&gt;&lt;td&gt;3 Meters &lt;/td&gt;&lt;/tr&gt;&lt;tr&gt;&lt;td&gt;Max Speed:&lt;/td&gt;&lt;td&gt;9.77 Kilometers per Hour&lt;/td&gt;&lt;/tr&gt;&lt;/table&gt;</description>
        <Style>
          <IconStyle>
            <scale>1.0</scale>
            <Icon>
              <href>http://maps.google.com/mapfiles/kml/shapes/flag.png</href>
            </Icon>
            <hotSpot x="0.45" xunits="fraction" y="0.0" yunits="fraction"/>
          </IconStyle>
        </Style>
        <Point>
          <coordinates>114.20063556476413,22.333974104953523</coordinates>
        </Point>
      </Placemark>
      <Placemark>
        <name>Lap 4</name>
        <description>&lt;table width = "320"&gt;&lt;tr&gt;&lt;td&gt;Time:&lt;/td&gt;&lt;td&gt;00:06:21&lt;/td&gt;&lt;/tr&gt;&lt;tr&gt;&lt;td&gt;Distance:&lt;/td&gt;&lt;td&gt;1 Kilometers &lt;/td&gt;&lt;/tr&gt;&lt;tr&gt;&lt;td&gt;Elevation Gain:&lt;/td&gt;&lt;td&gt;1 Meters &lt;/td&gt;&lt;/tr&gt;&lt;tr&gt;&lt;td&gt;Elevation Loss:&lt;/td&gt;&lt;td&gt;3 Meters &lt;/td&gt;&lt;/tr&gt;&lt;tr&gt;&lt;td&gt;Max Speed:&lt;/td&gt;&lt;td&gt;9.81 Kilometers per Hour&lt;/td&gt;&lt;/tr&gt;&lt;/table&gt;</description>
        <Style>
          <IconStyle>
            <scale>1.0</scale>
            <Icon>
              <href>http://maps.google.com/mapfiles/kml/shapes/flag.png</href>
            </Icon>
            <hotSpot x="0.45" xunits="fraction" y="0.0" yunits="fraction"/>
          </IconStyle>
        </Style>
        <Point>
          <coordinates>114.2051870411079,22.331645090653534</coordinates>
        </Point>
      </Placemark>
      <Placemark>
        <name>Lap 5</name>
        <description>&lt;table width = "320"&gt;&lt;tr&gt;&lt;td&gt;Time:&lt;/td&gt;&lt;td&gt;00:06:19&lt;/td&gt;&lt;/tr&gt;&lt;tr&gt;&lt;td&gt;Distance:&lt;/td&gt;&lt;td&gt;1 Kilometers &lt;/td&gt;&lt;/tr&gt;&lt;tr&gt;&lt;td&gt;Elevation Gain:&lt;/td&gt;&lt;td&gt;1 Meters &lt;/td&gt;&lt;/tr&gt;&lt;tr&gt;&lt;td&gt;Elevation Loss:&lt;/td&gt;&lt;td&gt;0 Meters &lt;/td&gt;&lt;/tr&gt;&lt;tr&gt;&lt;td&gt;Max Speed:&lt;/td&gt;&lt;td&gt;9.84 Kilometers per Hour&lt;/td&gt;&lt;/tr&gt;&lt;/table&gt;</description>
        <Style>
          <IconStyle>
            <scale>1.0</scale>
            <Icon>
              <href>http://maps.google.com/mapfiles/kml/shapes/flag.png</href>
            </Icon>
            <hotSpot x="0.45" xunits="fraction" y="0.0" yunits="fraction"/>
          </IconStyle>
        </Style>
        <Point>
          <coordinates>114.20032573368974,22.330547187982926</coordinates>
        </Point>
      </Placemark>
      <Placemark>
        <name>Lap 6</name>
        <description>&lt;table width = "320"&gt;&lt;tr&gt;&lt;td&gt;Time:&lt;/td&gt;&lt;td&gt;00:03:23&lt;/td&gt;&lt;/tr&gt;&lt;tr&gt;&lt;td&gt;Distance:&lt;/td&gt;&lt;td&gt;0.55 Kilometers &lt;/td&gt;&lt;/tr&gt;&lt;tr&gt;&lt;td&gt;Elevation Gain:&lt;/td&gt;&lt;td&gt;0 Meters &lt;/td&gt;&lt;/tr&gt;&lt;tr&gt;&lt;td&gt;Elevation Loss:&lt;/td&gt;&lt;td&gt;0 Meters &lt;/td&gt;&lt;/tr&gt;&lt;tr&gt;&lt;td&gt;Max Speed:&lt;/td&gt;&lt;td&gt;10.08 Kilometers per Hour&lt;/td&gt;&lt;/tr&gt;&lt;/table&gt;</description>
        <Style>
          <IconStyle>
            <scale>1.0</scale>
            <Icon>
              <href>http://maps.google.com/mapfiles/kml/shapes/flag.png</href>
            </Icon>
            <hotSpot x="0.45" xunits="fraction" y="0.0" yunits="fraction"/>
          </IconStyle>
        </Style>
        <Point>
          <coordinates>114.20245304573292,22.328176852997263</coordinates>
        </Point>
      </Placemark>
      <Placemark>
        <name>End</name>
        <description>ROUTE RECONSTRUCTED: no GPS was recorded for this activity. Coordinates were projected from the accelerometer distance onto the GPS track of activity 6188052022 (2021-01-27) using mode "scale". Generated by 06_RepairMissingRoutes.py.</description>
        <Style>
          <IconStyle>
            <scale>1.0</scale>
            <Icon>
              <href>http://maps.google.com/mapfiles/kml/paddle/red-square.png</href>
            </Icon>
            <hotSpot x="0.5" xunits="fraction" y="0.0" yunits="fraction"/>
          </IconStyle>
        </Style>
        <Point>
          <coordinates>114.20245304703712, 22.328176852315664</coordinates>
        </Point>
      </Placemark>
    </Folder>
    <Folder>
      <name>Track Points</name>
      <description>Toggle to enable or disable animation of the activity.</description>
      <Style>
        <ListStyle>
          <listItemType>checkHideChildren</listItemType>
        </ListStyle>
      </Style>
      <Placemark>
        <TimeSpan>
          <begin>2021-01-04T06:23:18+08:00</begin>
          <end>2021-01-04T06:23:28+08:00</end>
        </TimeSpan>
        <Style>
          <IconStyle>
            <color>FF00FFFF</color>
            <scale>0.9</scale>
            <Icon>
              <href>http://maps.google.com/mapfiles/kml/shapes/placemark_circle.png</href>
            </Icon>
          </IconStyle>
        </Style>
        <Point>
          <altitudeMode>clampToGround</altitudeMode>
          <coordinates>114.20833694295749,22.328441587529827, 311.28</coordinates>
        </Point>
      </Placemark>
      <Placemark>
        <TimeSpan>
          <begin>2021-01-04T06:23:28+08:00</begin>
          <end>2021-01-04T06:23:36+08:00</end>
        </TimeSpan>
        <Style>
          <IconStyle>
            <color>FF00FFFF</color>
            <scale>0.9</scale>
            <Icon>
              <href>http://maps.google.com/mapfiles/kml/shapes/placemark_circle.png</href>
            </Icon>
          </IconStyle>
        </Style>
        <Point>
          <altitudeMode>clampToGround</altitudeMode>
          <coordinates>114.20822092612178,22.3282824771491, 311.19</coordinates>
        </Point>
      </Placemark>
      <Placemark>
        <TimeSpan>
          <begin>2021-01-04T06:23:36+08:00</begin>
          <end>2021-01-04T06:23:44+08:00</end>
        </TimeSpan>
        <Style>
          <IconStyle>
            <color>FF00FFFF</color>
            <scale>0.9</scale>
            <Icon>
              <href>http://maps.google.com/mapfiles/kml/shapes/placemark_circle.png</href>
            </Icon>
          </IconStyle>
        </Style>
        <Point>
          <altitudeMode>clampToGround</altitudeMode>
          <coordinates>114.20819444541189,22.32846842809656, 311.88</coordinates>
        </Point>
      </Placemark>
      <Placemark>
        <TimeSpan>
          <begin>2021-01-04T06:23:44+08:00</begin>
          <end>2021-01-04T06:23:52+08:00</end>
        </TimeSpan>
        <Style>
          <IconStyle>
            <color>FF00FFFF</color>
            <scale>0.9</scale>
            <Icon>
              <href>http://maps.google.com/mapfiles/kml/shapes/placemark_circle.png</href>
            </Icon>
          </IconStyle>
        </Style>
        <Point>
          <altitudeMode>clampToGround</altitudeMode>
          <coordinates>114.20812289079812,22.32866665279402, 311.23</coordinates>
        </Point>
      </Placemark>
      <Placemark>
        <TimeSpan>
          <begin>2021-01-04T06:23:52+08:00</begin>
          <end>2021-01-04T06:24:00+08:00</end>
        </TimeSpan>
        <Style>
          <IconStyle>
            <color>FF00FFFF</color>
            <scale>0.9</scale>
            <Icon>
              <href>http://maps.google.com/mapfiles/kml/shapes/placemark_circle.png</href>
            </Icon>
          </IconStyle>
        </Style>
        <Point>
          <altitudeMode>clampToGround</altitudeMode>
          <coordinates>114.20809470714619,22.32888441166021, 311.2</coordinates>
        </Point>
      </Placemark>
      <Placemark>
        <TimeSpan>
          <begin>2021-01-04T06:24:00+08:00</begin>
          <end>2021-01-04T06:24:08+08:00</end>
        </TimeSpan>
        <Style>
          <IconStyle>
            <color>FF00FFFF</color>
            <scale>0.9</scale>
            <Icon>
              <href>http://maps.google.com/mapfiles/kml/shapes/placemark_circle.png</href>
            </Icon>
          </IconStyle>
        </Style>
        <Point>
          <altitudeMode>clampToGround</altitudeMode>
          <coordinates>114.208068193415,22.32910694604792, 311.2</coordinates>
        </Point>
      </Placemark>
      <Placemark>
        <TimeSpan>
          <begin>2021-01-04T06:24:08+08:00</begin>
          <end>2021-01-04T06:24:16+08:00</end>
        </TimeSpan>
        <Style>
          <IconStyle>
            <color>FF00FFFF</color>
            <scale>0.9</scale>
            <Icon>
              <href>http://maps.google.com/mapfiles/kml/shapes/placemark_circle.png</href>
            </Icon>
          </IconStyle>
        </Style>
        <Point>
          <altitudeMode>clampToGround</altitudeMode>
          <coordinates>114.20806136499831,22.329332283014047, 311.38</coordinates>
        </Point>
      </Placemark>
      <Placemark>
        <TimeSpan>
          <begin>2021-01-04T06:24:16+08:00</begin>
          <end>2021-01-04T06:24:24+08:00</end>
        </TimeSpan>
        <Style>
          <IconStyle>
            <color>FF00FFFF</color>
            <scale>0.9</scale>
            <Icon>
              <href>http://maps.google.com/mapfiles/kml/shapes/placemark_circle.png</href>
            </Icon>
          </IconStyle>
        </Style>
        <Point>
          <altitudeMode>clampToGround</altitudeMode>
          <coordinates>114.2081040402476,22.329556564332236, 311.2</coordinates>
        </Point>
      </Placemark>
      <Placemark>
        <TimeSpan>
          <begin>2021-01-04T06:24:24+08:00</begin>
          <end>2021-01-04T06:24:32+08:00</end>
        </TimeSpan>
        <Style>
          <IconStyle>
            <color>FF00FFFF</color>
            <scale>0.9</scale>
            <Icon>
              <href>http://maps.google.com/mapfiles/kml/shapes/placemark_circle.png</href>
            </Icon>
          </IconStyle>
        </Style>
        <Point>
          <altitudeMode>clampToGround</altitudeMode>
          <coordinates>114.20811219730011,22.329781670464087, 311.18</coordinates>
        </Point>
      </Placemark>
      <Placemark>
        <TimeSpan>
          <begin>2021-01-04T06:24:32+08:00</begin>
          <end>2021-01-04T06:24:40+08:00</end>
        </TimeSpan>
        <Style>
          <IconStyle>
            <color>FF00FFFF</color>
            <scale>0.9</scale>
            <Icon>
              <href>http://maps.google.com/mapfiles/kml/shapes/placemark_circle.png</href>
            </Icon>
          </IconStyle>
        </Style>
        <Point>
          <altitudeMode>clampToGround</altitudeMode>
          <coordinates>114.2080972533386,22.330004512432993, 311.0</coordinates>
        </Point>
      </Placemark>
      <Placemark>
        <TimeSpan>
          <begin>2021-01-04T06:24:40+08:00</begin>
          <end>2021-01-04T06:24:48+08:00</end>
        </TimeSpan>
        <Style>
          <IconStyle>
            <color>FF00FFFF</color>
            <scale>0.9</scale>
            <Icon>
              <href>http://maps.google.com/mapfiles/kml/shapes/placemark_circle.png</href>
            </Icon>
          </IconStyle>
        </Style>
        <Point>
          <altitudeMode>clampToGround</altitudeMode>
          <coordinates>114.20806052741686,22.330225281786383, 310.93</coordinates>
        </Point>
      </Placemark>
      <Placemark>
        <TimeSpan>
          <begin>2021-01-04T06:24:48+08:00</begin>
          <end>2021-01-04T06:24:56+08:00</end>
        </TimeSpan>
        <Style>
          <IconStyle>
            <color>FF00FFFF</color>
            <scale>0.9</scale>
            <Icon>
              <href>http://maps.google.com/mapfiles/kml/shapes/placemark_circle.png</href>
            </Icon>
          </IconStyle>
        </Style>
        <Point>
          <altitudeMode>clampToGround</altitudeMode>
          <coordinates>114.20796720326948,22.330415219404774, 311.0</coordinates>
        </Point>
      </Placemark>
      <Placemark>
        <TimeSpan>
          <begin>2021-01-04T06:24:56+08:00</begin>
          <end>2021-01-04T06:25:04+08:00</end>
        </TimeSpan>
        <Style>
          <IconStyle>
            <color>FF00FFFF</color>
            <scale>0.9</scale>
            <Icon>
              <href>http://maps.google.com/mapfiles/kml/shapes/placemark_circle.png</href>
            </Icon>
          </IconStyle>
        </Style>
        <Point>
          <altitudeMode>clampToGround</altitudeMode>
          <coordinates>114.20778798504875,22.330543393143735, 311.01</coordinates>
        </Point>
      </Placemark>
      <Placemark>
        <TimeSpan>
          <begin>2021-01-04T06:25:04+08:00</begin>
          <end>2021-01-04T06:25:12+08:00</end>
        </TimeSpan>
        <Style>
          <IconStyle>
            <color>FF00FFFF</color>
            <scale>0.9</scale>
            <Icon>
              <href>http://maps.google.com/mapfiles/kml/shapes/placemark_circle.png</href>
            </Icon>
          </IconStyle>
        </Style>
        <Point>
          <altitudeMode>clampToGround</altitudeMode>
          <coordinates>114.207594823689,22.33066229860028, 311.2</coordinates>
        </Point>
      </Placemark>
      <Placemark>
        <TimeSpan>
          <begin>2021-01-04T06:25:12+08:00</begin>
          <end>2021-01-04T06:25:20+08:00</end>
        </TimeSpan>
        <Style>
          <IconStyle>
            <color>FF00FFFF</color>
            <scale>0.9</scale>
            <Icon>
              <href>http://maps.google.com/mapfiles/kml/shapes/placemark_circle.png</href>
            </Icon>
          </IconStyle>
        </Style>
        <Point>
          <altitudeMode>clampToGround</altitudeMode>
          <coordinates>114.20738547787221,22.3306852354731, 311.3</coordinates>
        </Point>
      </Placemark>
      <Placemark>
        <TimeSpan>
          <begin>2021-01-04T06:25:20+08:00</begin>
          <end>2021-01-04T06:25:28+08:00</end>
        </TimeSpan>
        <Style>
          <IconStyle>
            <color>FF00FFFF</color>
            <scale>0.9</scale>
            <Icon>
              <href>http://maps.google.com/mapfiles/kml/shapes/placemark_circle.png</href>
            </Icon>
          </IconStyle>
        </Style>
        <Point>
          <altitudeMode>clampToGround</altitudeMode>
          <coordinates>114.20719128055518,22.33080393021301, 311.16</coordinates>
        </Point>
      </Placemark>
      <Placemark>
        <TimeSpan>
          <begin>2021-01-04T06:25:28+08:00</begin>
          <end>2021-01-04T06:25:36+08:00</end>
        </TimeSpan>
        <Style>
          <IconStyle>
            <color>FF00FFFF</color>
            <scale>0.9</scale>
            <Icon>
              <href>http://maps.google.com/mapfiles/kml/shapes/placemark_circle.png</href>
            </Icon>
          </IconStyle>
        </Style>
        <Point>
          <altitudeMode>clampToGround</altitudeMode>
          <coordinates>114.20701559746252,22.330949653419573, 311.18</coordinates>
        </Point>
      </Placemark>
      <Placemark>
        <TimeSpan>
          <begin>2021-01-04T06:25:36+08:00</begin>
          <end>2021-01-04T06:25:44+08:00</end>
        </TimeSpan>
        <Style>
          <IconStyle>
            <color>FF00FFFF</color>
            <scale>0.9</scale>
            <Icon>
              <href>http://maps.google.com/mapfiles/kml/shapes/placemark_circle.png</href>
            </Icon>
          </IconStyle>
        </Style>
        <Point>
          <altitudeMode>clampToGround</altitudeMode>
          <coordinates>114.20688065227843,22.331125645701114, 311.32</coordinates>
        </Point>
      </Placemark>
      <Placemark>
        <TimeSpan>
          <begin>2021-01-04T06:25:44+08:00</begin>
          <end>2021-01-04T06:25:52+08:00</end>
        </TimeSpan>
        <Style>
          <IconStyle>
            <color>FF00FFFF</color>
            <scale>0.9</scale>
            <Icon>
              <href>http://maps.google.com/mapfiles/kml/shapes/placemark_circle.png</href>
            </Icon>
          </IconStyle>
        </Style>
        <Point>
          <altitudeMode>clampToGround</altitudeMode>
          <coordinates>114.20672234764014,22.33128268753223, 311.56</coordinates>
        </Point>
      </Placemark>
      <Placemark>
        <TimeSpan>
          <begin>2021-01-04T06:25:52+08:00</begin>
          <end>2021-01-04T06:26:00+08:00</end>
        </TimeSpan>
        <Style>
          <IconStyle>
            <color>FF00FFFF</color>
            <scale>0.9</scale>
            <Icon>
              <href>http://maps.google.com/mapfiles/kml/shapes/placemark_circle.png</href>
            </Icon>
          </IconStyle>
        </Style>
        <Point>
          <altitudeMode>clampToGround</altitudeMode>
          <coordinates>114.20651257091103,22.331378520106178, 311.98</coordinates>
        </Point>
      </Placemark>
      <Placemark>
        <TimeSpan>
          <begin>2021-01-04T06:26:00+08:00</begin>
          <end>2021-01-04T06:26:08+08:00</end>
        </TimeSpan>
        <Style>
          <IconStyle>
            <color>FF00FFFF</color>
            <scale>0.9</scale>
            <Icon>
              <href>http://maps.google.com/mapfiles/kml/shapes/placemark_circle.png</href>
            </Icon>
          </IconStyle>
        </Style>
        <Point>
          <altitudeMode>clampToGround</altitudeMode>
          <coordinates>114.20634918963843,22.331344109215, 312.77</coordinates>
        </Point>
      </Placemark>
      <Placemark>
        <TimeSpan>
          <begin>2021-01-04T06:26:08+08:00</begin>
          <end>2021-01-04T06:26:14+08:00</end>
        </TimeSpan>
        <Style>
          <IconStyle>
            <color>FF00FFFF</color>
            <scale>0.9</scale>
            <Icon>
              <href>http://maps.google.com/mapfiles/kml/shapes/placemark_circle.png</href>
            </Icon>
          </IconStyle>
        </Style>
        <Point>
          <altitudeMode>clampToGround</altitudeMode>
          <coordinates>114.20616826343947,22.33128049268809, 312.6</coordinates>
        </Point>
      </Placemark>
      <Placemark>
        <TimeSpan>
          <begin>2021-01-04T06:26:14+08:00</begin>
          <end>2021-01-04T06:26:21+08:00</end>
        </TimeSpan>
        <Style>
          <IconStyle>
            <color>FF00FFFF</color>
            <scale>0.9</scale>
            <Icon>
              <href>http://maps.google.com/mapfiles/kml/shapes/placemark_circle.png</href>
            </Icon>
          </IconStyle>
        </Style>
        <Point>
          <altitudeMode>clampToGround</altitudeMode>
          <coordinates>114.20601117860093,22.331348481572274, 312.81</coordinates>
        </Point>
      </Placemark>
      <Placemark>
        <TimeSpan>
          <begin>2021-01-04T06:26:21+08:00</begin>
          <end>2021-01-04T06:26:29+08:00</end>
        </TimeSpan>
        <Style>
          <IconStyle>
            <color>FF00FFFF</color>
            <scale>0.9</scale>
            <Icon>
              <href>http://maps.google.com/mapfiles/kml/shapes/placemark_circle.png</href>
            </Icon>
          </IconStyle>
        </Style>
        <Point>
          <altitudeMode>clampToGround</altitudeMode>
          <coordinates>114.20583339719644,22.33143378501201, 312.84</coordinates>
        </Point>
      </Placemark>
      <Placemark>
        <TimeSpan>
          <begin>2021-01-04T06:26:29+08:00</begin>
          <end>2021-01-04T06:26:37+08:00</end>
        </TimeSpan>
        <Style>
          <IconStyle>
            <color>FF00FFFF</color>
            <scale>0.9</scale>
            <Icon>
              <href>http://maps.google.com/mapfiles/kml/shapes/placemark_circle.png</href>
            </Icon>
          </IconStyle>
        </Style>
        <Point>
          <altitudeMode>clampToGround</altitudeMode>
          <coordinates>114.2056374339502,22.331388448094856, 312.0</coordinates>
        </Point>
      </Placemark>
      <Placemark>
        <TimeSpan>
          <begin>2021-01-04T06:26:37+08:00</begin>
          <end>2021-01-04T06:26:45+08:00</end>
        </TimeSpan>
        <Style>
          <IconStyle>
            <color>FF00FFFF</color>
            <scale>0.9</scale>
            <Icon>
              <href>http://maps.google.com/mapfiles/kml/shapes/placemark_circle.png</href>
            </Icon>
          </IconStyle>
        </Style>
        <Point>
          <altitudeMode>clampToGround</altitudeMode>
          <coordinates>114.20549043659493,22.331224213056704, 312.34</coordinates>
        </Point>
      </Placemark>
      <Placemark>
        <TimeSpan>
          <begin>2021-01-04T06:26:45+08:00</begin>
          <end>2021-01-04T06:26:53+08:00</end>
        </TimeSpan>
        <Style>
          <IconStyle>
            <color>FF00FFFF</color>
            <scale>0.9</scale>
            <Icon>
              <href>http://maps.google.com/mapfiles/kml/shapes/placemark_circle.png</href>
            </Icon>
          </IconStyle>
        </Style>
        <Point>
          <altitudeMode>clampToGround</altitudeMode>
          <coordinates>114.20533037620048,22.33109725490399, 312.8</coordinates>
        </Point>
      </Placemark>
      <Placemark>
        <TimeSpan>
          <begin>2021-01-04T06:26:53+08:00</begin>
          <end>2021-01-04T06:27:01+08:00</end>
        </TimeSpan>
        <Style>
          <IconStyle>
            <color>FF00FFFF</color>
            <scale>0.9</scale>
            <Icon>
              <href>http://maps.google.com/mapfiles/kml/shapes/placemark_circle.png</href>
            </Icon>
          </IconStyle>
        </Style>
        <Point>
          <altitudeMode>clampToGround</altitudeMode>
          <coordinates>114.2051356243177,22.331197490184138, 312.55</coordinates>
        </Point>
      </Placemark>
      <Placemark>
        <TimeSpan>
          <begin>2021-01-04T06:27:01+08:00</begin>
          <end>2021-01-04T06:27:09+08:00</end>
        </TimeSpan>
        <Style>
          <IconStyle>
            <color>FF00FFFF</color>
            <scale>0.9</scale>
            <Icon>
              <href>http://maps.google.com/mapfiles/kml/shapes/placemark_circle.png</href>
            </Icon>
          </IconStyle>
        </Style>
        <Point>
          <altitudeMode>clampToGround</altitudeMode>
          <coordinates>114.2049483349899,22.331305191820174, 312.2</coordinates>
        </Point>
      </Placemark>
      <Placemark>
        <TimeSpan>
          <begin>2021-01-04T06:27:09+08:00</begin>
          <end>2021-01-04T06:27:17+08:00</end>
        </TimeSpan>
        <Style>
          <IconStyle>
            <color>FF00FFFF</color>
            <scale>0.9</scale>
            <Icon>
              <href>http://maps.google.com/mapfiles/kml/shapes/placemark_circle.png</href>
            </Icon>
          </IconStyle>
        </Style>
        <Point>
          <altitudeMode>clampToGround</altitudeMode>
          <coordinates>114.20473305140949,22.3312618135139, 312.15</coordinates>
        </Point>
      </Placemark>
      <Placemark>
        <TimeSpan>
          <begin>2021-01-04T06:27:17+08:00</begin>
          <end>2021-01-04T06:27:25+08:00</end>
        </TimeSpan>
        <Style>
          <IconStyle>
            <color>FF00FFFF</color>
            <scale>0.9</scale>
            <Icon>
              <href>http://maps.google.com/mapfiles/kml/shapes/placemark_circle.png</href>
            </Icon>
          </IconStyle>
        </Style>
        <Point>
          <altitudeMode>clampToGround</altitudeMode>
          <coordinates>114.20455200011757,22.331126241317836, 312.0</coordinates>
        </Point>
      </Placemark>
      <Placemark>
        <TimeSpan>
          <begin>2021-01-04T06:27:25+08:00</begin>
          <end>2021-01-04T06:27:33+08:00</end>
        </TimeSpan>
        <Style>
          <IconStyle>
            <color>FF00FFFF</color>
            <scale>0.9</scale>
            <Icon>
              <href>http://maps.google.com/mapfiles/kml/shapes/placemark_circle.png</href>
            </Icon>
          </IconStyle>
        </Style>
        <Point>
          <altitudeMode>clampToGround</altitudeMode>
          <coordinates>114.20446715494575,22.331235208486778, 312.1</coordinates>
        </Point>
      </Placemark>
      <Placemark>
        <TimeSpan>
          <begin>2021-01-04T06:27:33+08:00</begin>
          <end>2021-01-04T06:27:41+08:00</end>
        </TimeSpan>
        <Style>
          <IconStyle>
            <color>FF00FFFF</color>
            <scale>0.9</scale>
            <Icon>
              <href>http://maps.google.com/mapfiles/kml/shapes/placemark_circle.png</href>
            </Icon>
          </IconStyle>
        </Style>
        <Point>
          <altitudeMode>clampToGround</altitudeMode>
          <coordinates>114.20452364026613,22.33144159391637, 312.3</coordinates>
        </Point>
      </Placemark>
      <Placemark>
        <TimeSpan>
          <begin>2021-01-04T06:27:41+08:00</begin>
          <end>2021-01-04T06:27:49+08:00</end>
        </TimeSpan>
        <Style>
          <IconStyle>
            <color>FF00FFFF</color>
            <scale>0.9</scale>
            <Icon>
              <href>http://maps.google.com/mapfiles/kml/shapes/placemark_circle.png</href>
            </Icon>
          </IconStyle>
        </Style>
        <Point>
          <altitudeMode>clampToGround</altitudeMode>
          <coordinates>114.2045420164901,22.331656949564017, 312.28</coordinates>
        </Point>
      </Placemark>
      <Placemark>
        <TimeSpan>
          <begin>2021-01-04T06:27:49+08:00</begin>
          <end>2021-01-04T06:27:57+08:00</end>
        </TimeSpan>
        <Style>
          <IconStyle>
            <color>FF00FFFF</color>
            <scale>0.9</scale>
            <Icon>
              <href>http://maps.google.com/mapfiles/kml/shapes/placemark_circle.png</href>
            </Icon>
          </IconStyle>
        </Style>
        <Point>
          <altitudeMode>clampToGround</altitudeMode>
          <coordinates>114.2045303163532,22.331873110496158, 312.49</coordinates>
        </Point>
      </Placemark>
      <Placemark>
        <TimeSpan>
          <begin>2021-01-04T06:27:57+08:00</begin>
          <end>2021-01-04T06:28:05+08:00</end>
        </TimeSpan>
        <Style>
          <IconStyle>
            <color>FF00FFFF</color>
            <scale>0.9</scale>
            <Icon>
              <href>http://maps.google.com/mapfiles/kml/shapes/placemark_circle.png</href>
            </Icon>
          </IconStyle>
        </Style>
        <Point>
          <altitudeMode>clampToGround</altitudeMode>
          <coordinates>114.20450301616638,22.332090357818377, 312.49</coordinates>
        </Point>
      </Placemark>
      <Placemark>
        <TimeSpan>
          <begin>2021-01-04T06:28:05+08:00</begin>
          <end>2021-01-04T06:28:13+08:00</end>
        </TimeSpan>
        <Style>
          <IconStyle>
            <color>FF00FFFF</color>
            <scale>0.9</scale>
            <Icon>
              <href>http://maps.google.com/mapfiles/kml/shapes/placemark_circle.png</href>
            </Icon>
          </IconStyle>
        </Style>
        <Point>
          <altitudeMode>clampToGround</altitudeMode>
          <coordinates>114.20447496698061,22.33230783250546, 312.34</coordinates>
        </Point>
      </Placemark>
      <Placemark>
        <TimeSpan>
          <begin>2021-01-04T06:28:13+08:00</begin>
          <end>2021-01-04T06:28:21+08:00</end>
        </TimeSpan>
        <Style>
          <IconStyle>
            <color>FF00FFFF</color>
            <scale>0.9</scale>
            <Icon>
              <href>http://maps.google.com/mapfiles/kml/shapes/placemark_circle.png</href>
            </Icon>
          </IconStyle>
        </Style>
        <Point>
          <altitudeMode>clampToGround</altitudeMode>
          <coordinates>114.20444590637261,22.33252402907925, 312.21</coordinates>
        </Point>
      </Placemark>
      <Placemark>
        <TimeSpan>
          <begin>2021-01-04T06:28:21+08:00</begin>
          <end>2021-01-04T06:28:29+08:00</end>
        </TimeSpan>
        <Style>
          <IconStyle>
            <color>FF00FFFF</color>
            <scale>0.9</scale>
            <Icon>
              <href>http://maps.google.com/mapfiles/kml/shapes/placemark_circle.png</href>
            </Icon>
          </IconStyle>
        </Style>
        <Point>
          <altitudeMode>clampToGround</altitudeMode>
          <coordinates>114.20439968196743,22.332735627442172, 312.45</coordinates>
        </Point>
      </Placemark>
      <Placemark>
        <TimeSpan>
          <begin>2021-01-04T06:28:29+08:00</begin>
          <end>2021-01-04T06:28:37+08:00</end>
        </TimeSpan>
        <Style>
          <IconStyle>
            <color>FF00FFFF</color>
            <scale>0.9</scale>
            <Icon>
              <href>http://maps.google.com/mapfiles/kml/shapes/placemark_circle.png</href>
            </Icon>
          </IconStyle>
        </Style>
        <Point>
          <altitudeMode>clampToGround</altitudeMode>
          <coordinates>114.20443089741751,22.332928976089494, 312.36</coordinates>
        </Point>
      </Placemark>
      <Placemark>
        <TimeSpan>
          <begin>2021-01-04T06:28:37+08:00</begin>
          <end>2021-01-04T06:28:45+08:00</end>
        </TimeSpan>
        <Style>
          <IconStyle>
            <color>FF00FFFF</color>
            <scale>0.9</scale>
            <Icon>
              <href>http://maps.google.com/mapfiles/kml/shapes/placemark_circle.png</href>
            </Icon>
          </IconStyle>
        </Style>
        <Point>
          <altitudeMode>clampToGround</altitudeMode>
          <coordinates>114.20453627604314,22.333114416976905, 312.08</coordinates>
        </Point>
      </Placemark>
      <Placemark>
        <TimeSpan>
          <begin>2021-01-04T06:28:45+08:00</begin>
          <end>2021-01-04T06:28:53+08:00</end>
        </TimeSpan>
        <Style>
          <IconStyle>
            <color>FF00FFFF</color>
            <scale>0.9</scale>
            <Icon>
              <href>http://maps.google.com/mapfiles/kml/shapes/placemark_circle.png</href>
            </Icon>
          </IconStyle>
        </Style>
        <Point>
          <altitudeMode>clampToGround</altitudeMode>
          <coordinates>114.20457602375119,22.333331106325684, 312.2</coordinates>
        </Point>
      </Placemark>
      <Placemark>
        <TimeSpan>
          <begin>2021-01-04T06:28:53+08:00</begin>
          <end>2021-01-04T06:29:01+08:00</end>
        </TimeSpan>
        <Style>
          <IconStyle>
            <color>FF00FFFF</color>
            <scale>0.9</scale>
            <Icon>
              <href>http://maps.google.com/mapfiles/kml/shapes/placemark_circle.png</href>
            </Icon>
          </IconStyle>
        </Style>
        <Point>
          <altitudeMode>clampToGround</altitudeMode>
          <coordinates>114.20459822823086,22.333550612221273, 311.92</coordinates>
        </Point>
      </Placemark>
      <Placemark>
        <TimeSpan>
          <begin>2021-01-04T06:29:01+08:00</begin>
          <end>2021-01-04T06:29:09+08:00</end>
        </TimeSpan>
        <Style>
          <IconStyle>
            <color>FF00FFFF</color>
            <scale>0.9</scale>
            <Icon>
              <href>http://maps.google.com/mapfiles/kml/shapes/placemark_circle.png</href>
            </Icon>
          </IconStyle>
        </Style>
        <Point>
          <altitudeMode>clampToGround</altitudeMode>
          <coordinates>114.20458488269549,22.333767525119484, 311.95</coordinates>
        </Point>
      </Placemark>
      <Placemark>
        <TimeSpan>
          <begin>2021-01-04T06:29:09+08:00</begin>
          <end>2021-01-04T06:29:17+08:00</end>
        </TimeSpan>
        <Style>
          <IconStyle>
            <color>FF00FFFF</color>
            <scale>0.9</scale>
            <Icon>
              <href>http://maps.google.com/mapfiles/kml/shapes/placemark_circle.png</href>
            </Icon>
          </IconStyle>
        </Style>
        <Point>
          <altitudeMode>clampToGround</altitudeMode>
          <coordinates>114.20458227195097,22.33398119535263, 311.91</coordinates>
        </Point>
      </Placemark>
      <Placemark>
        <TimeSpan>
          <begin>2021-01-04T06:29:17+08:00</begin>
          <end>2021-01-04T06:29:25+08:00</end>
        </TimeSpan>
        <Style>
          <IconStyle>
            <color>FF00FFFF</color>
            <scale>0.9</scale>
            <Icon>
              <href>http://maps.google.com/mapfiles/kml/shapes/placemark_circle.png</href>
            </Icon>
          </IconStyle>
        </Style>
        <Point>
          <altitudeMode>clampToGround</altitudeMode>
          <coordinates>114.20459148822816,22.33420064019868, 311.8</coordinates>
        </Point>
      </Placemark>
      <Placemark>
        <TimeSpan>
          <begin>2021-01-04T06:29:25+08:00</begin>
          <end>2021-01-04T06:29:32+08:00</end>
        </TimeSpan>
        <Style>
          <IconStyle>
            <color>FF00FFFF</color>
            <scale>0.9</scale>
            <Icon>
              <href>http://maps.google.com/mapfiles/kml/shapes/placemark_circle.png</href>
            </Icon>
          </IconStyle>
        </Style>
        <Point>
          <altitudeMode>clampToGround</altitudeMode>
          <coordinates>114.20459234201796,22.334422368876375, 312.35</coordinates>
        </Point>
      </Placemark>
      <Placemark>
        <TimeSpan>
          <begin>2021-01-04T06:29:32+08:00</begin>
          <end>2021-01-04T06:29:39+08:00</end>
        </TimeSpan>
        <Style>
          <IconStyle>
            <color>FF00FFFF</color>
            <scale>0.9</scale>
            <Icon>
              <href>http://maps.google.com/mapfiles/kml/shapes/placemark_circle.png</href>
            </Icon>
          </IconStyle>
        </Style>
        <Point>
          <altitudeMode>clampToGround</altitudeMode>
          <coordinates>114.20459975553268,22.33462970524706, 312.33</coordinates>
        </Point>
      </Placemark>
      <Placemark>
        <TimeSpan>
          <begin>2021-01-04T06:29:39+08:00</begin>
          <end>2021-01-04T06:29:46+08:00</end>
        </TimeSpan>
        <Style>
          <IconStyle>
            <color>FF00FFFF</color>
            <scale>0.9</scale>
            <Icon>
              <href>http://maps.google.com/mapfiles/kml/shapes/placemark_circle.png</href>
            </Icon>
          </IconStyle>
        </Style>
        <Point>
          <altitudeMode>clampToGround</altitudeMode>
          <coordinates>114.20456164223192,22.334842289530688, 312.2</coordinates>
        </Point>
      </Placemark>
      <Placemark>
        <TimeSpan>
          <begin>2021-01-04T06:29:46+08:00</begin>
          <end>2021-01-04T06:29:53+08:00</end>
        </TimeSpan>
        <Style>
          <IconStyle>
            <color>FF00FFFF</color>
            <scale>0.9</scale>
            <Icon>
              <href>http://maps.google.com/mapfiles/kml/shapes/placemark_circle.png</href>
            </Icon>
          </IconStyle>
        </Style>
        <Point>
          <altitudeMode>clampToGround</altitudeMode>
          <coordinates>114.20447117312058,22.33486342478365, 312.03</coordinates>
        </Point>
      </Placemark>
      <Placemark>
        <TimeSpan>
          <begin>2021-01-04T06:29:53+08:00</begin>
          <end>2021-01-04T06:29:55+08:00</end>
        </TimeSpan>
        <Style>
          <IconStyle>
            <color>FF00FFFF</color>
            <scale>0.9</scale>
            <Icon>
              <href>http://maps.google.com/mapfiles/kml/shapes/placemark_circle.png</href>
            </Icon>
          </IconStyle>
        </Style>
        <Point>
          <altitudeMode>clampToGround</altitudeMode>
          <coordinates>114.20426995800332,22.334789868048148, 312.95</coordinates>
        </Point>
      </Placemark>
      <Placemark>
        <TimeSpan>
          <begin>2021-01-04T06:29:55+08:00</begin>
          <end>2021-01-04T06:30:03+08:00</end>
        </TimeSpan>
        <Style>
          <IconStyle>
            <color>FF00FFFF</color>
            <scale>0.9</scale>
            <Icon>
              <href>http://maps.google.com/mapfiles/kml/shapes/placemark_circle.png</href>
            </Icon>
          </IconStyle>
        </Style>
        <Point>
          <altitudeMode>clampToGround</altitudeMode>
          <coordinates>114.20424490946324,22.334736948975785, 312.76</coordinates>
        </Point>
      </Placemark>
      <Placemark>
        <TimeSpan>
          <begin>2021-01-04T06:30:03+08:00</begin>
          <end>2021-01-04T06:30:11+08:00</end>
        </TimeSpan>
        <Style>
          <IconStyle>
            <color>FF00FFFF</color>
            <scale>0.9</scale>
            <Icon>
              <href>http://maps.google.com/mapfiles/kml/shapes/placemark_circle.png</href>
            </Icon>
          </IconStyle>
        </Style>
        <Point>
          <altitudeMode>clampToGround</altitudeMode>
          <coordinates>114.2041089971141,22.334551783018956, 312.81</coordinates>
        </Point>
      </Placemark>
      <Placemark>
        <TimeSpan>
          <begin>2021-01-04T06:30:11+08:00</begin>
          <end>2021-01-04T06:30:19+08:00</end>
        </TimeSpan>
        <Style>
          <IconStyle>
            <color>FF00FFFF</color>
            <scale>0.9</scale>
            <Icon>
              <href>http://maps.google.com/mapfiles/kml/shapes/placemark_circle.png</href>
            </Icon>
          </IconStyle>
        </Style>
        <Point>
          <altitudeMode>clampToGround</altitudeMode>
          <coordinates>114.20392721512496,22.33461140929258, 313.21</coordinates>
        </Point>
      </Placemark>
      <Placemark>
        <TimeSpan>
          <begin>2021-01-04T06:30:19+08:00</begin>
          <end>2021-01-04T06:30:27+08:00</end>
        </TimeSpan>
        <Style>
          <IconStyle>
            <color>FF00FFFF</color>
            <scale>0.9</scale>
            <Icon>
              <href>http://maps.google.com/mapfiles/kml/shapes/placemark_circle.png</href>
            </Icon>
          </IconStyle>
        </Style>
        <Point>
          <altitudeMode>clampToGround</altitudeMode>
          <coordinates>114.20375040122339,22.33475516966232, 313.59</coordinates>
        </Point>
      </Placemark>
      <Placemark>
        <TimeSpan>
          <begin>2021-01-04T06:30:27+08:00</begin>
          <end>2021-01-04T06:30:35+08:00</end>
        </TimeSpan>
        <Style>
          <IconStyle>
            <color>FF00FFFF</color>
            <scale>0.9</scale>
            <Icon>
              <href>http://maps.google.com/mapfiles/kml/shapes/placemark_circle.png</href>
            </Icon>
          </IconStyle>
        </Style>
        <Point>
          <altitudeMode>clampToGround</altitudeMode>
          <coordinates>114.20356389323123,22.334889424068958, 313.4</coordinates>
        </Point>
      </Placemark>
      <Placemark>
        <TimeSpan>
          <begin>2021-01-04T06:30:35+08:00</begin>
          <end>2021-01-04T06:30:45+08:00</end>
        </TimeSpan>
        <Style>
          <IconStyle>
            <color>FF00FFFF</color>
            <scale>0.9</scale>
            <Icon>
              <href>http://maps.google.com/mapfiles/kml/shapes/placemark_circle.png</href>
            </Icon>
          </IconStyle>
        </Style>
        <Point>
          <altitudeMode>clampToGround</altitudeMode>
          <coordinates>114.20341461085823,22.33504754575379, 313.29</coordinates>
        </Point>
      </Placemark>
      <Placemark>
        <TimeSpan>
          <begin>2021-01-04T06:30:45+08:00</begin>
          <end>2021-01-04T06:30:54+08:00</end>
        </TimeSpan>
        <Style>
          <IconStyle>
            <color>FF00FFFF</color>
            <scale>0.9</scale>
            <Icon>
              <href>http://maps.google.com/mapfiles/kml/shapes/placemark_circle.png</href>
            </Icon>
          </IconStyle>
        </Style>
        <Point>
          <altitudeMode>clampToGround</altitudeMode>
          <coordinates>114.2032233303264,22.33516897851262, 312.6</coordinates>
        </Point>
      </Placemark>
      <Placemark>
        <TimeSpan>
          <begin>2021-01-04T06:30:54+08:00</begin>
          <end>2021-01-04T06:31:02+08:00</end>
        </TimeSpan>
        <Style>
          <IconStyle>
            <color>FF00FFFF</color>
            <scale>0.9</scale>
            <Icon>
              <href>http://maps.google.com/mapfiles/kml/shapes/placemark_circle.png</href>
            </Icon>
          </IconStyle>
        </Style>
        <Point>
          <altitudeMode>clampToGround</altitudeMode>
          <coordinates>114.2030788421714,22.335054389132566, 312.6</coordinates>
        </Point>
      </Placemark>
      <Placemark>
        <TimeSpan>
          <begin>2021-01-04T06:31:02+08:00</begin>
          <end>2021-01-04T06:31:10+08:00</end>
        </TimeSpan>
        <Style>
          <IconStyle>
            <color>FF00FFFF</color>
            <scale>0.9</scale>
            <Icon>
              <href>http://maps.google.com/mapfiles/kml/shapes/placemark_circle.png</href>
            </Icon>
          </IconStyle>
        </Style>
        <Point>
          <altitudeMode>clampToGround</altitudeMode>
          <coordinates>114.2029522724829,22.33489375494063, 312.73</coordinates>
        </Point>
      </Placemark>
      <Placemark>
        <TimeSpan>
          <begin>2021-01-04T06:31:10+08:00</begin>
          <end>2021-01-04T06:31:18+08:00</end>
        </TimeSpan>
        <Style>
          <IconStyle>
            <color>FF00FFFF</color>
            <scale>0.9</scale>
            <Icon>
              <href>http://maps.google.com/mapfiles/kml/shapes/placemark_circle.png</href>
            </Icon>
          </IconStyle>
        </Style>
        <Point>
          <altitudeMode>clampToGround</altitudeMode>
          <coordinates>114.20280023249744,22.334856192941693, 313.2</coordinates>
        </Point>
      </Placemark>
      <Placemark>
        <TimeSpan>
          <begin>2021-01-04T06:31:18+08:00</begin>
          <end>2021-01-04T06:31:26+08:00</end>
        </TimeSpan>
        <Style>
          <IconStyle>
            <color>FF00FFFF</color>
            <scale>0.9</scale>
            <Icon>
              <href>http://maps.google.com/mapfiles/kml/shapes/placemark_circle.png</href>
            </Icon>
          </IconStyle>
        </Style>
        <Point>
          <altitudeMode>clampToGround</altitudeMode>
          <coordinates>114.20269176628595,22.334678499987874, 313.16</coordinates>
        </Point>
      </Placemark>
      <Placemark>
        <TimeSpan>
          <begin>2021-01-04T06:31:26+08:00</begin>
          <end>2021-01-04T06:31:34+08:00</end>
        </TimeSpan>
        <Style>
          <IconStyle>
            <color>FF00FFFF</color>
            <scale>0.9</scale>
            <Icon>
              <href>http://maps.google.com/mapfiles/kml/shapes/placemark_circle.png</href>
            </Icon>
          </IconStyle>
        </Style>
        <Point>
          <altitudeMode>clampToGround</altitudeMode>
          <coordinates>114.20247154889125,22.33474972213564, 312.6</coordinates>
        </Point>
      </Placemark>
      <Placemark>
        <TimeSpan>
          <begin>2021-01-04T06:31:34+08:00</begin>
          <end>2021-01-04T06:31:42+08:00</end>
        </TimeSpan>
        <Style>
          <IconStyle>
            <color>FF00FFFF</color>
            <scale>0.9</scale>
            <Icon>
              <href>http://maps.google.com/mapfiles/kml/shapes/placemark_circle.png</href>
            </Icon>
          </IconStyle>
        </Style>
        <Point>
          <altitudeMode>clampToGround</altitudeMode>
          <coordinates>114.20224600245544,22.334797759369277, 312.62</coordinates>
        </Point>
      </Placemark>
      <Placemark>
        <TimeSpan>
          <begin>2021-01-04T06:31:42+08:00</begin>
          <end>2021-01-04T06:31:50+08:00</end>
        </TimeSpan>
        <Style>
          <IconStyle>
            <color>FF00FFFF</color>
            <scale>0.9</scale>
            <Icon>
              <href>http://maps.google.com/mapfiles/kml/shapes/placemark_circle.png</href>
            </Icon>
          </IconStyle>
        </Style>
        <Point>
          <altitudeMode>clampToGround</altitudeMode>
          <coordinates>114.20202038516689,22.33480399980474, 312.76</coordinates>
        </Point>
      </Placemark>
      <Placemark>
        <TimeSpan>
          <begin>2021-01-04T06:31:50+08:00</begin>
          <end>2021-01-04T06:31:58+08:00</end>
        </TimeSpan>
        <Style>
          <IconStyle>
            <color>FF00FFFF</color>
            <scale>0.9</scale>
            <Icon>
              <href>http://maps.google.com/mapfiles/kml/shapes/placemark_circle.png</href>
            </Icon>
          </IconStyle>
        </Style>
        <Point>
          <altitudeMode>clampToGround</altitudeMode>
          <coordinates>114.20180855013005,22.334727562835486, 312.22</coordinates>
        </Point>
      </Placemark>
      <Placemark>
        <TimeSpan>
          <begin>2021-01-04T06:31:58+08:00</begin>
          <end>2021-01-04T06:32:06+08:00</end>
        </TimeSpan>
        <Style>
          <IconStyle>
            <color>FF00FFFF</color>
            <scale>0.9</scale>
            <Icon>
              <href>http://maps.google.com/mapfiles/kml/shapes/placemark_circle.png</href>
            </Icon>
          </IconStyle>
        </Style>
        <Point>
          <altitudeMode>clampToGround</altitudeMode>
          <coordinates>114.2018258942795,22.33492342607235, 312.79</coordinates>
        </Point>
      </Placemark>
      <Placemark>
        <TimeSpan>
          <begin>2021-01-04T06:32:06+08:00</begin>
          <end>2021-01-04T06:32:14+08:00</end>
        </TimeSpan>
        <Style>
          <IconStyle>
            <color>FF00FFFF</color>
            <scale>0.9</scale>
            <Icon>
              <href>http://maps.google.com/mapfiles/kml/shapes/placemark_circle.png</href>
            </Icon>
          </IconStyle>
        </Style>
        <Point>
          <altitudeMode>clampToGround</altitudeMode>
          <coordinates>114.20162430850077,22.334890830977603, 312.23</coordinates>
        </Point>
      </Placemark>
      <Placemark>
        <TimeSpan>
          <begin>2021-01-04T06:32:14+08:00</begin>
          <end>2021-01-04T06:32:22+08:00</end>
        </TimeSpan>
        <Style>
          <IconStyle>
            <color>FF00FFFF</color>
            <scale>0.9</scale>
            <Icon>
              <href>http://maps.google.com/mapfiles/kml/shapes/placemark_circle.png</href>
            </Icon>
          </IconStyle>
        </Style>
        <Point>
          <altitudeMode>clampToGround</altitudeMode>
          <coordinates>114.20139899642982,22.33486424255351, 312.3</coordinates>
        </Point>
      </Placemark>
      <Placemark>
        <TimeSpan>
          <begin>2021-01-04T06:32:22+08:00</begin>
          <end>2021-01-04T06:32:30+08:00</end>
        </TimeSpan>
        <Style>
          <IconStyle>
            <color>FF00FFFF</color>
            <scale>0.9</scale>
            <Icon>
              <href>http://maps.google.com/mapfiles/kml/shapes/placemark_circle.png</href>
            </Icon>
          </IconStyle>
        </Style>
        <Point>
          <altitudeMode>clampToGround</altitudeMode>
          <coordinates>114.20117161857807,22.33483741035262, 312.36</coordinates>
        </Point>
      </Placemark>
      <Placemark>
        <TimeSpan>
          <begin>2021-01-04T06:32:30+08:00</begin>
          <end>2021-01-04T06:32:38+08:00</end>
        </TimeSpan>
        <Style>
          <IconStyle>
            <color>FF00FFFF</color>
            <scale>0.9</scale>
            <Icon>
              <href>http://maps.google.com/mapfiles/kml/shapes/placemark_circle.png</href>
            </Icon>
          </IconStyle>
        </Style>
        <Point>
          <altitudeMode>clampToGround</altitudeMode>
          <coordinates>114.20109041443779,22.334795400141388, 312.33</coordinates>
        </Point>
      </Placemark>
      <Placemark>
        <TimeSpan>
          <begin>2021-01-04T06:32:38+08:00</begin>
          <end>2021-01-04T06:32:46+08:00</end>
        </TimeSpan>
        <Style>
          <IconStyle>
            <color>FF00FFFF</color>
            <scale>0.9</scale>
            <Icon>
              <href>http://maps.google.com/mapfiles/kml/shapes/placemark_circle.png</href>
            </Icon>
          </IconStyle>
        </Style>
        <Point>
          <altitudeMode>clampToGround</altitudeMode>
          <coordinates>114.20095095716675,22.334627321165456, 312.17</coordinates>
        </Point>
      </Placemark>
      <Placemark>
        <TimeSpan>
          <begin>2021-01-04T06:32:46+08:00</begin>
          <end>2021-01-04T06:32:54+08:00</end>
        </TimeSpan>
        <Style>
          <IconStyle>
            <color>FF00FFFF</color>
            <scale>0.9</scale>
            <Icon>
              <href>http://maps.google.com/mapfiles/kml/shapes/placemark_circle.png</href>
            </Icon>
          </IconStyle>
        </Style>
        <Point>
          <altitudeMode>clampToGround</altitudeMode>
          <coordinates>114.2007432201506,22.33455191296593, 312.32</coordinates>
        </Point>
      </Placemark>
      <Placemark>
        <TimeSpan>
          <begin>2021-01-04T06:32:54+08:00</begin>
          <end>2021-01-04T06:33:02+08:00</end>
        </TimeSpan>
        <Style>
          <IconStyle>
            <color>FF00FFFF</color>
            <scale>0.9</scale>
            <Icon>
              <href>http://maps.google.com/mapfiles/kml/shapes/placemark_circle.png</href>
            </Icon>
          </IconStyle>
        </Style>
        <Point>
          <altitudeMode>clampToGround</altitudeMode>
          <coordinates>114.20053423065723,22.334471197537948, 312.2</coordinates>
        </Point>
      </Placemark>
      <Placemark>
        <TimeSpan>
          <begin>2021-01-04T06:33:02+08:00</begin>
          <end>2021-01-04T06:33:10+08:00</end>
        </TimeSpan>
        <Style>
          <IconStyle>
            <color>FF00FFFF</color>
            <scale>0.9</scale>
            <Icon>
              <href>http://maps.google.com/mapfiles/kml/shapes/placemark_circle.png</href>
            </Icon>
          </IconStyle>
        </Style>
        <Point>
          <altitudeMode>clampToGround</altitudeMode>
          <coordinates>114.20035049031414,22.33441533007503, 312.39</coordinates>
        </Point>
      </Placemark>
      <Placemark>
        <TimeSpan>
          <begin>2021-01-04T06:33:10+08:00</begin>
          <end>2021-01-04T06:33:18+08:00</end>
        </TimeSpan>
        <Style>
          <IconStyle>
            <color>FF00FFFF</color>
            <scale>0.9</scale>
            <Icon>
              <href>http://maps.google.com/mapfiles/kml/shapes/placemark_circle.png</href>
            </Icon>
          </IconStyle>
        </Style>
        <Point>
          <altitudeMode>clampToGround</altitudeMode>
          <coordinates>114.20021405573753,22.3342487051858, 312.4</coordinates>
        </Point>
      </Placemark>
      <Placemark>
        <TimeSpan>
          <begin>2021-01-04T06:33:18+08:00</begin>
          <end>2021-01-04T06:33:26+08:00</end>
        </TimeSpan>
        <Style>
          <IconStyle>
            <color>FF00FFFF</color>
            <scale>0.9</scale>
            <Icon>
              <href>http://maps.google.com/mapfiles/kml/shapes/placemark_circle.png</href>
            </Icon>
          </IconStyle>
        </Style>
        <Point>
          <altitudeMode>clampToGround</altitudeMode>
          <coordinates>114.20029294696181,22.3340844794524, 312.23</coordinates>
        </Point>
      </Placemark>
      <Placemark>
        <TimeSpan>
          <begin>2021-01-04T06:33:26+08:00</begin>
          <end>2021-01-04T06:33:34+08:00</end>
        </TimeSpan>
        <Style>
          <IconStyle>
            <color>FF00FFFF</color>
            <scale>0.9</scale>
            <Icon>
              <href>http://maps.google.com/mapfiles/kml/shapes/placemark_circle.png</href>
            </Icon>
          </IconStyle>
        </Style>
        <Point>
          <altitudeMode>clampToGround</altitudeMode>
          <coordinates>114.20043555365119,22.33391855675181, 311.6</coordinates>
        </Point>
      </Placemark>
      <Placemark>
        <TimeSpan>
          <begin>2021-01-04T06:33:34+08:00</begin>
          <end>2021-01-04T06:33:42+08:00</end>
        </TimeSpan>
        <Style>
          <IconStyle>
            <color>FF00FFFF</color>
            <scale>0.9</scale>
            <Icon>
              <href>http://maps.google.com/mapfiles/kml/shapes/placemark_circle.png</href>
            </Icon>
          </IconStyle>
        </Style>
        <Point>
          <altitudeMode>clampToGround</altitudeMode>
          <coordinates>114.2005661948961,22.333743849498266, 311.62</coordinates>
        </Point>
      </Placemark>
      <Placemark>
        <TimeSpan>
          <begin>2021-01-04T06:33:42+08:00</begin>
          <end>2021-01-04T06:33:50+08:00</end>
        </TimeSpan>
        <Style>
          <IconStyle>
            <color>FF00FFFF</color>
            <scale>0.9</scale>
            <Icon>
              <href>http://maps.google.com/mapfiles/kml/shapes/placemark_circle.png</href>
            </Icon>
          </IconStyle>
        </Style>
        <Point>
          <altitudeMode>clampToGround</altitudeMode>
          <coordinates>114.2007000734032,22.333570824239487, 312.0</coordinates>
        </Point>
      </Placemark>
      <Placemark>
        <TimeSpan>
          <begin>2021-01-04T06:33:50+08:00</begin>
          <end>2021-01-04T06:33:58+08:00</end>
        </TimeSpan>
        <Style>
          <IconStyle>
            <color>FF00FFFF</color>
            <scale>0.9</scale>
            <Icon>
              <href>http://maps.google.com/mapfiles/kml/shapes/placemark_circle.png</href>
            </Icon>
          </IconStyle>
        </Style>
        <Point>
          <altitudeMode>clampToGround</altitudeMode>
          <coordinates>114.20082394584594,22.333391104905118, 312.0</coordinates>
        </Point>
      </Placemark>
      <Placemark>
        <TimeSpan>
          <begin>2021-01-04T06:33:58+08:00</begin>
          <end>2021-01-04T06:34:06+08:00</end>
        </TimeSpan>
        <Style>
          <IconStyle>
            <color>FF00FFFF</color>
            <scale>0.9</scale>
            <Icon>
              <href>http://maps.google.com/mapfiles/kml/shapes/placemark_circle.png</href>
            </Icon>
          </IconStyle>
        </Style>
        <Point>
          <altitudeMode>clampToGround</altitudeMode>
          <coordinates>114.20098107683602,22.33323380643069, 311.96</coordinates>
        </Point>
      </Placemark>
      <Placemark>
        <TimeSpan>
          <begin>2021-01-04T06:34:06+08:00</begin>
          <end>2021-01-04T06:34:14+08:00</end>
        </TimeSpan>
        <Style>
          <IconStyle>
            <color>FF00FFFF</color>
            <scale>0.9</scale>
            <Icon>
              <href>http://maps.google.com/mapfiles/kml/shapes/placemark_circle.png</href>
            </Icon>
          </IconStyle>
        </Style>
        <Point>
          <altitudeMode>clampToGround</altitudeMode>
          <coordinates>114.20096301200778,22.333101160575286, 311.44</coordinates>
        </Point>
      </Placemark>
      <Placemark>
        <TimeSpan>
          <begin>2021-01-04T06:34:14+08:00</begin>
          <end>2021-01-04T06:34:22+08:00</end>
        </TimeSpan>
        <Style>
          <IconStyle>
            <color>FF00FFFF</color>
            <scale>0.9</scale>
            <Icon>
              <href>http://maps.google.com/mapfiles/kml/shapes/placemark_circle.png</href>
            </Icon>
          </IconStyle>
        </Style>
        <Point>
          <altitudeMode>clampToGround</altitudeMode>
          <coordinates>114.20073305048177,22.33307636781223, 311.55</coordinates>
        </Point>
      </Placemark>
      <Placemark>
        <TimeSpan>
          <begin>2021-01-04T06:34:22+08:00</begin>
          <end>2021-01-04T06:34:30+08:00</end>
        </TimeSpan>
        <Style>
          <IconStyle>
            <color>FF00FFFF</color>
            <scale>0.9</scale>
            <Icon>
              <href>http://maps.google.com/mapfiles/kml/shapes/placemark_circle.png</href>
            </Icon>
          </IconStyle>
        </Style>
        <Point>
          <altitudeMode>clampToGround</altitudeMode>
          <coordinates>114.20050395913144,22.33305166886512, 311.66</coordinates>
        </Point>
      </Placemark>
      <Placemark>
        <TimeSpan>
          <begin>2021-01-04T06:34:30+08:00</begin>
          <end>2021-01-04T06:34:38+08:00</end>
        </TimeSpan>
        <Style>
          <IconStyle>
            <color>FF00FFFF</color>
            <scale>0.9</scale>
            <Icon>
              <href>http://maps.google.com/mapfiles/kml/shapes/placemark_circle.png</href>
            </Icon>
          </IconStyle>
        </Style>
        <Point>
          <altitudeMode>clampToGround</altitudeMode>
          <coordinates>114.20027639158492,22.333027134203352, 311.77</coordinates>
        </Point>
      </Placemark>
      <Placemark>
        <TimeSpan>
          <begin>2021-01-04T06:34:38+08:00</begin>
          <end>2021-01-04T06:34:46+08:00</end>
        </TimeSpan>
        <Style>
          <IconStyle>
            <color>FF00FFFF</color>
            <scale>0.9</scale>
            <Icon>
              <href>http://maps.google.com/mapfiles/kml/shapes/placemark_circle.png</href>
            </Icon>
          </IconStyle>
        </Style>
        <Point>
          <altitudeMode>clampToGround</altitudeMode>
          <coordinates>114.20004762837718,22.333002470634167, 311.88</coordinates>
        </Point>
      </Placemark>
      <Placemark>
        <TimeSpan>
          <begin>2021-01-04T06:34:46+08:00</begin>
          <end>2021-01-04T06:34:54+08:00</end>
        </TimeSpan>
        <Style>
          <IconStyle>
            <color>FF00FFFF</color>
            <scale>0.9</scale>
            <Icon>
              <href>http://maps.google.com/mapfiles/kml/shapes/placemark_circle.png</href>
            </Icon>
          </IconStyle>
        </Style>
        <Point>
          <altitudeMode>clampToGround</altitudeMode>
          <coordinates>114.19981603410932,22.332977501840872, 311.99</coordinates>
        </Point>
      </Placemark>
      <Placemark>
        <TimeSpan>
          <begin>2021-01-04T06:34:54+08:00</begin>
          <end>2021-01-04T06:35:02+08:00</end>
        </TimeSpan>
        <Style>
          <IconStyle>
            <color>FF00FFFF</color>
            <scale>0.9</scale>
            <Icon>
              <href>http://maps.google.com/mapfiles/kml/shapes/placemark_circle.png</href>
            </Icon>
          </IconStyle>
        </Style>
        <Point>
          <altitudeMode>clampToGround</altitudeMode>
          <coordinates>114.1995836786038,22.33295245097652, 312.1</coordinates>
        </Point>
      </Placemark>
      <Placemark>
        <TimeSpan>
          <begin>2021-01-04T06:35:02+08:00</begin>
          <end>2021-01-04T06:35:10+08:00</end>
        </TimeSpan>
        <Style>
          <IconStyle>
            <color>FF00FFFF</color>
            <scale>0.9</scale>
            <Icon>
              <href>http://maps.google.com/mapfiles/kml/shapes/placemark_circle.png</href>
            </Icon>
          </IconStyle>
        </Style>
        <Point>
          <altitudeMode>clampToGround</altitudeMode>
          <coordinates>114.19935160230807,22.332934540803546, 312.19</coordinates>
        </Point>
      </Placemark>
      <Placemark>
        <TimeSpan>
          <begin>2021-01-04T06:35:10+08:00</begin>
          <end>2021-01-04T06:35:18+08:00</end>
        </TimeSpan>
        <Style>
          <IconStyle>
            <color>FF00FFFF</color>
            <scale>0.9</scale>
            <Icon>
              <href>http://maps.google.com/mapfiles/kml/shapes/placemark_circle.png</href>
            </Icon>
          </IconStyle>
        </Style>
        <Point>
          <altitudeMode>clampToGround</altitudeMode>
          <coordinates>114.19912226997533,22.33298116356108, 312.12</coordinates>
        </Point>
      </Placemark>
      <Placemark>
        <TimeSpan>
          <begin>2021-01-04T06:35:18+08:00</begin>
          <end>2021-01-04T06:35:26+08:00</end>
        </TimeSpan>
        <Style>
          <IconStyle>
            <color>FF00FFFF</color>
            <scale>0.9</scale>
            <Icon>
              <href>http://maps.google.com/mapfiles/kml/shapes/placemark_circle.png</href>
            </Icon>
          </IconStyle>
        </Style>
        <Point>
          <altitudeMode>clampToGround</altitudeMode>
          <coordinates>114.19889679130885,22.333027002876758, 312.05</coordinates>
        </Point>
      </Placemark>
      <Placemark>
        <TimeSpan>
          <begin>2021-01-04T06:35:26+08:00</begin>
          <end>2021-01-04T06:35:34+08:00</end>
        </TimeSpan>
        <Style>
          <IconStyle>
            <color>FF00FFFF</color>
            <scale>0.9</scale>
            <Icon>
              <href>http://maps.google.com/mapfiles/kml/shapes/placemark_circle.png</href>
            </Icon>
          </IconStyle>
        </Style>
        <Point>
          <altitudeMode>clampToGround</altitudeMode>
          <coordinates>114.19866917157154,22.33307327746742, 311.98</coordinates>
        </Point>
      </Placemark>
      <Placemark>
        <TimeSpan>
          <begin>2021-01-04T06:35:34+08:00</begin>
          <end>2021-01-04T06:35:42+08:00</end>
        </TimeSpan>
        <Style>
          <IconStyle>
            <color>FF00FFFF</color>
            <scale>0.9</scale>
            <Icon>
              <href>http://maps.google.com/mapfiles/kml/shapes/placemark_circle.png</href>
            </Icon>
          </IconStyle>
        </Style>
        <Point>
          <altitudeMode>clampToGround</altitudeMode>
          <coordinates>114.19844444143075,22.33311896460948, 311.91</coordinates>
        </Point>
      </Placemark>
      <Placemark>
        <TimeSpan>
          <begin>2021-01-04T06:35:42+08:00</begin>
          <end>2021-01-04T06:35:50+08:00</end>
        </TimeSpan>
        <Style>
          <IconStyle>
            <color>FF00FFFF</color>
            <scale>0.9</scale>
            <Icon>
              <href>http://maps.google.com/mapfiles/kml/shapes/placemark_circle.png</href>
            </Icon>
          </IconStyle>
        </Style>
        <Point>
          <altitudeMode>clampToGround</altitudeMode>
          <coordinates>114.1982223866488,22.333164107856987, 311.84</coordinates>
        </Point>
      </Placemark>
      <Placemark>
        <TimeSpan>
          <begin>2021-01-04T06:35:50+08:00</begin>
          <end>2021-01-04T06:35:51+08:00</end>
        </TimeSpan>
        <Style>
          <IconStyle>
            <color>FF00FFFF</color>
            <scale>0.9</scale>
            <Icon>
              <href>http://maps.google.com/mapfiles/kml/shapes/placemark_circle.png</href>
            </Icon>
          </IconStyle>
        </Style>
        <Point>
          <altitudeMode>clampToGround</altitudeMode>
          <coordinates>114.19801974705703,22.33324890513696, 312.0</coordinates>
        </Point>
      </Placemark>
      <Placemark>
        <TimeSpan>
          <begin>2021-01-04T06:35:51+08:00</begin>
          <end>2021-01-04T06:35:59+08:00</end>
        </TimeSpan>
        <Style>
          <IconStyle>
            <color>FF00FFFF</color>
            <scale>0.9</scale>
            <Icon>
              <href>http://maps.google.com/mapfiles/kml/shapes/placemark_circle.png</href>
            </Icon>
          </IconStyle>
        </Style>
        <Point>
          <altitudeMode>clampToGround</altitudeMode>
          <coordinates>114.19799668991736,22.333264893428858, 312.05</coordinates>
        </Point>
      </Placemark>
      <Placemark>
        <TimeSpan>
          <begin>2021-01-04T06:35:59+08:00</begin>
          <end>2021-01-04T06:36:07+08:00</end>
        </TimeSpan>
        <Style>
          <IconStyle>
            <color>FF00FFFF</color>
            <scale>0.9</scale>
            <Icon>
              <href>http://maps.google.com/mapfiles/kml/shapes/placemark_circle.png</href>
            </Icon>
          </IconStyle>
        </Style>
        <Point>
          <altitudeMode>clampToGround</altitudeMode>
          <coordinates>114.19786243841858,22.33343185718936, 312.12</coordinates>
        </Point>
      </Placemark>
      <Placemark>
        <TimeSpan>
          <begin>2021-01-04T06:36:07+08:00</begin>
          <end>2021-01-04T06:36:15+08:00</end>
        </TimeSpan>
        <Style>
          <IconStyle>
            <color>FF00FFFF</color>
            <scale>0.9</scale>
            <Icon>
              <href>http://maps.google.com/mapfiles/kml/shapes/placemark_circle.png</href>
            </Icon>
          </IconStyle>
        </Style>
        <Point>
          <altitudeMode>clampToGround</altitudeMode>
          <coordinates>114.19775690625418,22.33362201162732, 311.99</coordinates>
        </Point>
      </Placemark>
      <Placemark>
        <TimeSpan>
          <begin>2021-01-04T06:36:15+08:00</begin>
          <end>2021-01-04T06:36:23+08:00</end>
        </TimeSpan>
        <Style>
          <IconStyle>
            <color>FF00FFFF</color>
            <scale>0.9</scale>
            <Icon>
              <href>http://maps.google.com/mapfiles/kml/shapes/placemark_circle.png</href>
            </Icon>
          </IconStyle>
        </Style>
        <Point>
          <altitudeMode>clampToGround</altitudeMode>
          <coordinates>114.19765202462175,22.333810993896215, 311.86</coordinates>
        </Point>
      </Placemark>
      <Placemark>
        <TimeSpan>
          <begin>2021-01-04T06:36:23+08:00</begin>
          <end>2021-01-04T06:36:31+08:00</end>
        </TimeSpan>
        <Style>
          <IconStyle>
            <color>FF00FFFF</color>
            <scale>0.9</scale>
            <Icon>
              <href>http://maps.google.com/mapfiles/kml/shapes/placemark_circle.png</href>
            </Icon>
          </IconStyle>
        </Style>
        <Point>
          <altitudeMode>clampToGround</altitudeMode>
          <coordinates>114.19757941353889,22.334003971912413, 312.18</coordinates>
        </Point>
      </Placemark>
      <Placemark>
        <TimeSpan>
          <begin>2021-01-04T06:36:31+08:00</begin>
          <end>2021-01-04T06:36:39+08:00</end>
        </TimeSpan>
        <Style>
          <IconStyle>
            <color>FF00FFFF</color>
            <scale>0.9</scale>
            <Icon>
              <href>http://maps.google.com/mapfiles/kml/shapes/placemark_circle.png</href>
            </Icon>
          </IconStyle>
        </Style>
        <Point>
          <altitudeMode>clampToGround</altitudeMode>
          <coordinates>114.19744622525083,22.333854716618, 312.2</coordinates>
        </Point>
      </Placemark>
      <Placemark>
        <TimeSpan>
          <begin>2021-01-04T06:36:39+08:00</begin>
          <end>2021-01-04T06:36:47+08:00</end>
        </TimeSpan>
        <Style>
          <IconStyle>
            <color>FF00FFFF</color>
            <scale>0.9</scale>
            <Icon>
              <href>http://maps.google.com/mapfiles/kml/shapes/placemark_circle.png</href>
            </Icon>
          </IconStyle>
        </Style>
        <Point>
          <altitudeMode>clampToGround</altitudeMode>
          <coordinates>114.1973572238582,22.333661637478976, 312.2</coordinates>
        </Point>
      </Placemark>
      <Placemark>
        <TimeSpan>
          <begin>2021-01-04T06:36:47+08:00</begin>
          <end>2021-01-04T06:36:55+08:00</end>
        </TimeSpan>
        <Style>
          <IconStyle>
            <color>FF00FFFF</color>
            <scale>0.9</scale>
            <Icon>
              <href>http://maps.google.com/mapfiles/kml/shapes/placemark_circle.png</href>
            </Icon>
          </IconStyle>
        </Style>
        <Point>
          <altitudeMode>clampToGround</altitudeMode>
          <coordinates>114.1972041743231,22.333509081233107, 312.2</coordinates>
        </Point>
      </Placemark>
      <Placemark>
        <TimeSpan>
          <begin>2021-01-04T06:36:55+08:00</begin>
          <end>2021-01-04T06:37:03+08:00</end>
        </TimeSpan>
        <Style>
          <IconStyle>
            <color>FF00FFFF</color>
            <scale>0.9</scale>
            <Icon>
              <href>http://maps.google.com/mapfiles/kml/shapes/placemark_circle.png</href>
            </Icon>
          </IconStyle>
        </Style>
        <Point>
          <altitudeMode>clampToGround</altitudeMode>
          <coordinates>114.19706971314744,22.333336178314834, 312.2</coordinates>
        </Point>
      </Placemark>
      <Placemark>
        <TimeSpan>
          <begin>2021-01-04T06:37:03+08:00</begin>
          <end>2021-01-04T06:37:10+08:00</end>
        </TimeSpan>
        <Style>
          <IconStyle>
            <color>FF00FFFF</color>
            <scale>0.9</scale>
            <Icon>
              <href>http://maps.google.com/mapfiles/kml/shapes/placemark_circle.png</href>
            </Icon>
          </IconStyle>
        </Style>
        <Point>
          <altitudeMode>clampToGround</altitudeMode>
          <coordinates>114.19720496003134,22.3331856599323, 312.0</coordinates>
        </Point>
      </Placemark>
      <Placemark>
        <TimeSpan>
          <begin>2021-01-04T06:37:10+08:00</begin>
          <end>2021-01-04T06:37:18+08:00</end>
        </TimeSpan>
        <Style>
          <IconStyle>
            <color>FF00FFFF</color>
            <scale>0.9</scale>
            <Icon>
              <href>http://maps.google.com/mapfiles/kml/shapes/placemark_circle.png</href>
            </Icon>
          </IconStyle>
        </Style>
        <Point>
          <altitudeMode>clampToGround</altitudeMode>
          <coordinates>114.1972562155681,22.333007094349547, 312.29</coordinates>
        </Point>
      </Placemark>
      <Placemark>
        <TimeSpan>
          <begin>2021-01-04T06:37:18+08:00</begin>
          <end>2021-01-04T06:37:26+08:00</end>
        </TimeSpan>
        <Style>
          <IconStyle>
            <color>FF00FFFF</color>
            <scale>0.9</scale>
            <Icon>
              <href>http://maps.google.com/mapfiles/kml/shapes/placemark_circle.png</href>
            </Icon>
          </IconStyle>
        </Style>
        <Point>
          <altitudeMode>clampToGround</altitudeMode>
          <coordinates>114.19735328256834,22.33282144019675, 312.11</coordinates>
        </Point>
      </Placemark>
      <Placemark>
        <TimeSpan>
          <begin>2021-01-04T06:37:26+08:00</begin>
          <end>2021-01-04T06:37:34+08:00</end>
        </TimeSpan>
        <Style>
          <IconStyle>
            <color>FF00FFFF</color>
            <scale>0.9</scale>
            <Icon>
              <href>http://maps.google.com/mapfiles/kml/shapes/placemark_circle.png</href>
            </Icon>
          </IconStyle>
        </Style>
        <Point>
          <altitudeMode>clampToGround</altitudeMode>
          <coordinates>114.19750686117366,22.332667752048913, 311.84</coordinates>
        </Point>
      </Placemark>
      <Placemark>
        <TimeSpan>
          <begin>2021-01-04T06:37:34+08:00</begin>
          <end>2021-01-04T06:37:42+08:00</end>
        </TimeSpan>
        <Style>
          <IconStyle>
            <color>FF00FFFF</color>
            <scale>0.9</scale>
            <Icon>
              <href>http://maps.google.com/mapfiles/kml/shapes/placemark_circle.png</href>
            </Icon>
          </IconStyle>
        </Style>
        <Point>
          <altitudeMode>clampToGround</altitudeMode>
          <coordinates>114.19746128339709,22.332480739361326, 311.91</coordinates>
        </Point>
      </Placemark>
      <Placemark>
        <TimeSpan>
          <begin>2021-01-04T06:37:42+08:00</begin>
          <end>2021-01-04T06:37:50+08:00</end>
        </TimeSpan>
        <Style>
          <IconStyle>
            <color>FF00FFFF</color>
            <scale>0.9</scale>
            <Icon>
              <href>http://maps.google.com/mapfiles/kml/shapes/placemark_circle.png</href>
            </Icon>
          </IconStyle>
        </Style>
        <Point>
          <altitudeMode>clampToGround</altitudeMode>
          <coordinates>114.19735727568556,22.332364203243916, 311.46</coordinates>
        </Point>
      </Placemark>
      <Placemark>
        <TimeSpan>
          <begin>2021-01-04T06:37:50+08:00</begin>
          <end>2021-01-04T06:37:56+08:00</end>
        </TimeSpan>
        <Style>
          <IconStyle>
            <color>FF00FFFF</color>
            <scale>0.9</scale>
            <Icon>
              <href>http://maps.google.com/mapfiles/kml/shapes/placemark_circle.png</href>
            </Icon>
          </IconStyle>
        </Style>
        <Point>
          <altitudeMode>clampToGround</altitudeMode>
          <coordinates>114.19712476281066,22.332372084943643, 311.62</coordinates>
        </Point>
      </Placemark>
      <Placemark>
        <TimeSpan>
          <begin>2021-01-04T06:37:56+08:00</begin>
          <end>2021-01-04T06:38:04+08:00</end>
        </TimeSpan>
        <Style>
          <IconStyle>
            <color>FF00FFFF</color>
            <scale>0.9</scale>
            <Icon>
              <href>http://maps.google.com/mapfiles/kml/shapes/placemark_circle.png</href>
            </Icon>
          </IconStyle>
        </Style>
        <Point>
          <altitudeMode>clampToGround</altitudeMode>
          <coordinates>114.19695393665056,22.33234099015898, 311.93</coordinates>
        </Point>
      </Placemark>
      <Placemark>
        <TimeSpan>
          <begin>2021-01-04T06:38:04+08:00</begin>
          <end>2021-01-04T06:38:12+08:00</end>
        </TimeSpan>
        <Style>
          <IconStyle>
            <color>FF00FFFF</color>
            <scale>0.9</scale>
            <Icon>
              <href>http://maps.google.com/mapfiles/kml/shapes/placemark_circle.png</href>
            </Icon>
          </IconStyle>
        </Style>
        <Point>
          <altitudeMode>clampToGround</altitudeMode>
          <coordinates>114.19675493015463,22.33223721693854, 312.17</coordinates>
        </Point>
      </Placemark>
      <Placemark>
        <TimeSpan>
          <begin>2021-01-04T06:38:12+08:00</begin>
          <end>2021-01-04T06:38:20+08:00</end>
        </TimeSpan>
        <Style>
          <IconStyle>
            <color>FF00FFFF</color>
            <scale>0.9</scale>
            <Icon>
              <href>http://maps.google.com/mapfiles/kml/shapes/placemark_circle.png</href>
            </Icon>
          </IconStyle>
        </Style>
        <Point>
          <altitudeMode>clampToGround</altitudeMode>
          <coordinates>114.19676941476371,22.33203787869247, 311.88</coordinates>
        </Point>
      </Placemark>
      <Placemark>
        <TimeSpan>
          <begin>2021-01-04T06:38:20+08:00</begin>
          <end>2021-01-04T06:38:28+08:00</end>
        </TimeSpan>
        <Style>
          <IconStyle>
            <color>FF00FFFF</color>
            <scale>0.9</scale>
            <Icon>
              <href>http://maps.google.com/mapfiles/kml/shapes/placemark_circle.png</href>
            </Icon>
          </IconStyle>
        </Style>
        <Point>
          <altitudeMode>clampToGround</altitudeMode>
          <coordinates>114.19690539209883,22.331872973480284, 311.8</coordinates>
        </Point>
      </Placemark>
      <Placemark>
        <TimeSpan>
          <begin>2021-01-04T06:38:28+08:00</begin>
          <end>2021-01-04T06:38:36+08:00</end>
        </TimeSpan>
        <Style>
          <IconStyle>
            <color>FF00FFFF</color>
            <scale>0.9</scale>
            <Icon>
              <href>http://maps.google.com/mapfiles/kml/shapes/placemark_circle.png</href>
            </Icon>
          </IconStyle>
        </Style>
        <Point>
          <altitudeMode>clampToGround</altitudeMode>
          <coordinates>114.19707826387491,22.331728109694748, 311.8</coordinates>
        </Point>
      </Placemark>
      <Placemark>
        <TimeSpan>
          <begin>2021-01-04T06:38:36+08:00</begin>
          <end>2021-01-04T06:38:44+08:00</end>
        </TimeSpan>
        <Style>
          <IconStyle>
            <color>FF00FFFF</color>
            <scale>0.9</scale>
            <Icon>
              <href>http://maps.google.com/mapfiles/kml/shapes/placemark_circle.png</href>
            </Icon>
          </IconStyle>
        </Style>
        <Point>
          <altitudeMode>clampToGround</altitudeMode>
          <coordinates>114.1972718640775,22.331634564515955, 312.3</coordinates>
        </Point>
      </Placemark>
      <Placemark>
        <TimeSpan>
          <begin>2021-01-04T06:38:44+08:00</begin>
          <end>2021-01-04T06:38:49+08:00</end>
        </TimeSpan>
        <Style>
          <IconStyle>
            <color>FF00FFFF</color>
            <scale>0.9</scale>
            <Icon>
              <href>http://maps.google.com/mapfiles/kml/shapes/placemark_circle.png</href>
            </Icon>
          </IconStyle>
        </Style>
        <Point>
          <altitudeMode>clampToGround</altitudeMode>
          <coordinates>114.19747057305278,22.331745722739154, 312.38</coordinates>
        </Point>
      </Placemark>
      <Placemark>
        <TimeSpan>
          <begin>2021-01-04T06:38:49+08:00</begin>
          <end>2021-01-04T06:38:57+08:00</end>
        </TimeSpan>
        <Style>
          <IconStyle>
            <color>FF00FFFF</color>
            <scale>0.9</scale>
            <Icon>
              <href>http://maps.google.com/mapfiles/kml/shapes/placemark_circle.png</href>
            </Icon>
          </IconStyle>
        </Style>
        <Point>
          <altitudeMode>clampToGround</altitudeMode>
          <coordinates>114.19758778368701,22.331825696851272, 312.2</coordinates>
        </Point>
      </Placemark>
      <Placemark>
        <TimeSpan>
          <begin>2021-01-04T06:38:57+08:00</begin>
          <end>2021-01-04T06:39:05+08:00</end>
        </TimeSpan>
        <Style>
          <IconStyle>
            <color>FF00FFFF</color>
            <scale>0.9</scale>
            <Icon>
              <href>http://maps.google.com/mapfiles/kml/shapes/placemark_circle.png</href>
            </Icon>
          </IconStyle>
        </Style>
        <Point>
          <altitudeMode>clampToGround</altitudeMode>
          <coordinates>114.19778998995467,22.33177057670933, 312.36</coordinates>
        </Point>
      </Placemark>
      <Placemark>
        <TimeSpan>
          <begin>2021-01-04T06:39:05+08:00</begin>
          <end>2021-01-04T06:39:13+08:00</end>
        </TimeSpan>
        <Style>
          <IconStyle>
            <color>FF00FFFF</color>
            <scale>0.9</scale>
            <Icon>
              <href>http://maps.google.com/mapfiles/kml/shapes/placemark_circle.png</href>
            </Icon>
          </IconStyle>
        </Style>
        <Point>
          <altitudeMode>clampToGround</altitudeMode>
          <coordinates>114.19800868687544,22.33171288911436, 312.6</coordinates>
        </Point>
      </Placemark>
      <Placemark>
        <TimeSpan>
          <begin>2021-01-04T06:39:13+08:00</begin>
          <end>2021-01-04T06:39:18+08:00</end>
        </TimeSpan>
        <Style>
          <IconStyle>
            <color>FF00FFFF</color>
            <scale>0.9</scale>
            <Icon>
              <href>http://maps.google.com/mapfiles/kml/shapes/placemark_circle.png</href>
            </Icon>
          </IconStyle>
        </Style>
        <Point>
          <altitudeMode>clampToGround</altitudeMode>
          <coordinates>114.19821771393423,22.331633758060303, 312.14</coordinates>
        </Point>
      </Placemark>
      <Placemark>
        <TimeSpan>
          <begin>2021-01-04T06:39:18+08:00</begin>
          <end>2021-01-04T06:39:26+08:00</end>
        </TimeSpan>
        <Style>
          <IconStyle>
            <color>FF00FFFF</color>
            <scale>0.9</scale>
            <Icon>
              <href>http://maps.google.com/mapfiles/kml/shapes/placemark_circle.png</href>
            </Icon>
          </IconStyle>
        </Style>
        <Point>
          <altitudeMode>clampToGround</altitudeMode>
          <coordinates>114.1982770248964,22.331689268935648, 312.15</coordinates>
        </Point>
      </Placemark>
      <Placemark>
        <TimeSpan>
          <begin>2021-01-04T06:39:26+08:00</begin>
          <end>2021-01-04T06:39:34+08:00</end>
        </TimeSpan>
        <Style>
          <IconStyle>
            <color>FF00FFFF</color>
            <scale>0.9</scale>
            <Icon>
              <href>http://maps.google.com/mapfiles/kml/shapes/placemark_circle.png</href>
            </Icon>
          </IconStyle>
        </Style>
        <Point>
          <altitudeMode>clampToGround</altitudeMode>
          <coordinates>114.1982966817244,22.3319007323726, 312.25</coordinates>
        </Point>
      </Placemark>
      <Placemark>
        <TimeSpan>
          <begin>2021-01-04T06:39:34+08:00</begin>
          <end>2021-01-04T06:39:42+08:00</end>
        </TimeSpan>
        <Style>
          <IconStyle>
            <color>FF00FFFF</color>
            <scale>0.9</scale>
            <Icon>
              <href>http://maps.google.com/mapfiles/kml/shapes/placemark_circle.png</href>
            </Icon>
          </IconStyle>
        </Style>
        <Point>
          <altitudeMode>clampToGround</altitudeMode>
          <coordinates>114.19832681566638,22.33210885863111, 311.88</coordinates>
        </Point>
      </Placemark>
      <Placemark>
        <TimeSpan>
          <begin>2021-01-04T06:39:42+08:00</begin>
          <end>2021-01-04T06:39:50+08:00</end>
        </TimeSpan>
        <Style>
          <IconStyle>
            <color>FF00FFFF</color>
            <scale>0.9</scale>
            <Icon>
              <href>http://maps.google.com/mapfiles/kml/shapes/placemark_circle.png</href>
            </Icon>
          </IconStyle>
        </Style>
        <Point>
          <altitudeMode>clampToGround</altitudeMode>
          <coordinates>114.19846223368069,22.33227814301552, 311.61</coordinates>
        </Point>
      </Placemark>
      <Placemark>
        <TimeSpan>
          <begin>2021-01-04T06:39:50+08:00</begin>
          <end>2021-01-04T06:39:58+08:00</end>
        </TimeSpan>
        <Style>
          <IconStyle>
            <color>FF00FFFF</color>
            <scale>0.9</scale>
            <Icon>
              <href>http://maps.google.com/mapfiles/kml/shapes/placemark_circle.png</href>
            </Icon>
          </IconStyle>
        </Style>
        <Point>
          <altitudeMode>clampToGround</altitudeMode>
          <coordinates>114.19864671825567,22.332408738020725, 311.98</coordinates>
        </Point>
      </Placemark>
      <Placemark>
        <TimeSpan>
          <begin>2021-01-04T06:39:58+08:00</begin>
          <end>2021-01-04T06:40:06+08:00</end>
        </TimeSpan>
        <Style>
          <IconStyle>
            <color>FF00FFFF</color>
            <scale>0.9</scale>
            <Icon>
              <href>http://maps.google.com/mapfiles/kml/shapes/placemark_circle.png</href>
            </Icon>
          </IconStyle>
        </Style>
        <Point>
          <altitudeMode>clampToGround</altitudeMode>
          <coordinates>114.19886733529296,22.332475142139707, 311.62</coordinates>
        </Point>
      </Placemark>
      <Placemark>
        <TimeSpan>
          <begin>2021-01-04T06:40:06+08:00</begin>
          <end>2021-01-04T06:40:14+08:00</end>
        </TimeSpan>
        <Style>
          <IconStyle>
            <color>FF00FFFF</color>
            <scale>0.9</scale>
            <Icon>
              <href>http://maps.google.com/mapfiles/kml/shapes/placemark_circle.png</href>
            </Icon>
          </IconStyle>
        </Style>
        <Point>
          <altitudeMode>clampToGround</altitudeMode>
          <coordinates>114.19910126248426,22.332499573502194, 312.06</coordinates>
        </Point>
      </Placemark>
      <Placemark>
        <TimeSpan>
          <begin>2021-01-04T06:40:14+08:00</begin>
          <end>2021-01-04T06:40:19+08:00</end>
        </TimeSpan>
        <Style>
          <IconStyle>
            <color>FF00FFFF</color>
            <scale>0.9</scale>
            <Icon>
              <href>http://maps.google.com/mapfiles/kml/shapes/placemark_circle.png</href>
            </Icon>
          </IconStyle>
        </Style>
        <Point>
          <altitudeMode>clampToGround</altitudeMode>
          <coordinates>114.19932993446248,22.332552655966502, 312.24</coordinates>
        </Point>
      </Placemark>
      <Placemark>
        <TimeSpan>
          <begin>2021-01-04T06:40:19+08:00</begin>
          <end>2021-01-04T06:40:27+08:00</end>
        </TimeSpan>
        <Style>
          <IconStyle>
            <color>FF00FFFF</color>
            <scale>0.9</scale>
            <Icon>
              <href>http://maps.google.com/mapfiles/kml/shapes/placemark_circle.png</href>
            </Icon>
          </IconStyle>
        </Style>
        <Point>
          <altitudeMode>clampToGround</altitudeMode>
          <coordinates>114.19947296203253,22.332582413380404, 311.87</coordinates>
        </Point>
      </Placemark>
      <Placemark>
        <TimeSpan>
          <begin>2021-01-04T06:40:27+08:00</begin>
          <end>2021-01-04T06:40:35+08:00</end>
        </TimeSpan>
        <Style>
          <IconStyle>
            <color>FF00FFFF</color>
            <scale>0.9</scale>
            <Icon>
              <href>http://maps.google.com/mapfiles/kml/shapes/placemark_circle.png</href>
            </Icon>
          </IconStyle>
        </Style>
        <Point>
          <altitudeMode>clampToGround</altitudeMode>
          <coordinates>114.19970720335958,22.33261798086347, 311.64</coordinates>
        </Point>
      </Placemark>
      <Placemark>
        <TimeSpan>
          <begin>2021-01-04T06:40:35+08:00</begin>
          <end>2021-01-04T06:40:43+08:00</end>
        </TimeSpan>
        <Style>
          <IconStyle>
            <color>FF00FFFF</color>
            <scale>0.9</scale>
            <Icon>
              <href>http://maps.google.com/mapfiles/kml/shapes/placemark_circle.png</href>
            </Icon>
          </IconStyle>
        </Style>
        <Point>
          <altitudeMode>clampToGround</altitudeMode>
          <coordinates>114.19983452380606,22.332781308471592, 311.6</coordinates>
        </Point>
      </Placemark>
      <Placemark>
        <TimeSpan>
          <begin>2021-01-04T06:40:43+08:00</begin>
          <end>2021-01-04T06:40:51+08:00</end>
        </TimeSpan>
        <Style>
          <IconStyle>
            <color>FF00FFFF</color>
            <scale>0.9</scale>
            <Icon>
              <href>http://maps.google.com/mapfiles/kml/shapes/placemark_circle.png</href>
            </Icon>
          </IconStyle>
        </Style>
        <Point>
          <altitudeMode>clampToGround</altitudeMode>
          <coordinates>114.19992978009184,22.332981488897374, 311.6</coordinates>
        </Point>
      </Placemark>
      <Placemark>
        <TimeSpan>
          <begin>2021-01-04T06:40:51+08:00</begin>
          <end>2021-01-04T06:40:59+08:00</end>
        </TimeSpan>
        <Style>
          <IconStyle>
            <color>FF00FFFF</color>
            <scale>0.9</scale>
            <Icon>
              <href>http://maps.google.com/mapfiles/kml/shapes/placemark_circle.png</href>
            </Icon>
          </IconStyle>
        </Style>
        <Point>
          <altitudeMode>clampToGround</altitudeMode>
          <coordinates>114.20002477127392,22.333181112209566, 311.6</coordinates>
        </Point>
      </Placemark>
      <Placemark>
        <TimeSpan>
          <begin>2021-01-04T06:40:59+08:00</begin>
          <end>2021-01-04T06:41:07+08:00</end>
        </TimeSpan>
        <Style>
          <IconStyle>
            <color>FF00FFFF</color>
            <scale>0.9</scale>
            <Icon>
              <href>http://maps.google.com/mapfiles/kml/shapes/placemark_circle.png</href>
            </Icon>
          </IconStyle>
        </Style>
        <Point>
          <altitudeMode>clampToGround</altitudeMode>
          <coordinates>114.20011949735229,22.33338017840816, 311.6</coordinates>
        </Point>
      </Placemark>
      <Placemark>
        <TimeSpan>
          <begin>2021-01-04T06:41:07+08:00</begin>
          <end>2021-01-04T06:41:15+08:00</end>
        </TimeSpan>
        <Style>
          <IconStyle>
            <color>FF00FFFF</color>
            <scale>0.9</scale>
            <Icon>
              <href>http://maps.google.com/mapfiles/kml/shapes/placemark_circle.png</href>
            </Icon>
          </IconStyle>
        </Style>
        <Point>
          <altitudeMode>clampToGround</altitudeMode>
          <coordinates>114.20021395832697,22.333578687493162, 311.6</coordinates>
        </Point>
      </Placemark>
      <Placemark>
        <TimeSpan>
          <begin>2021-01-04T06:41:15+08:00</begin>
          <end>2021-01-04T06:41:23+08:00</end>
        </TimeSpan>
        <Style>
          <IconStyle>
            <color>FF00FFFF</color>
            <scale>0.9</scale>
            <Icon>
              <href>http://maps.google.com/mapfiles/kml/shapes/placemark_circle.png</href>
            </Icon>
          </IconStyle>
        </Style>
        <Point>
          <altitudeMode>clampToGround</altitudeMode>
          <coordinates>114.20030912624483,22.33377868221441, 311.6</coordinates>
        </Point>
      </Placemark>
      <Placemark>
        <TimeSpan>
          <begin>2021-01-04T06:41:23+08:00</begin>
          <end>2021-01-04T06:41:31+08:00</end>
        </TimeSpan>
        <Style>
          <IconStyle>
            <color>FF00FFFF</color>
            <scale>0.9</scale>
            <Icon>
              <href>http://maps.google.com/mapfiles/kml/shapes/placemark_circle.png</href>
            </Icon>
          </IconStyle>
        </Style>
        <Point>
          <altitudeMode>clampToGround</altitudeMode>
          <coordinates>114.20040389650717,22.333977841265273, 311.6</coordinates>
        </Point>
      </Placemark>
      <Placemark>
        <TimeSpan>
          <begin>2021-01-04T06:41:31+08:00</begin>
          <end>2021-01-04T06:41:39+08:00</end>
        </TimeSpan>
        <Style>
          <IconStyle>
            <color>FF00FFFF</color>
            <scale>0.9</scale>
            <Icon>
              <href>http://maps.google.com/mapfiles/kml/shapes/placemark_circle.png</href>
            </Icon>
          </IconStyle>
        </Style>
        <Point>
          <altitudeMode>clampToGround</altitudeMode>
          <coordinates>114.20049769580024,22.334174959830982, 311.6</coordinates>
        </Point>
      </Placemark>
      <Placemark>
        <TimeSpan>
          <begin>2021-01-04T06:41:39+08:00</begin>
          <end>2021-01-04T06:41:47+08:00</end>
        </TimeSpan>
        <Style>
          <IconStyle>
            <color>FF00FFFF</color>
            <scale>0.9</scale>
            <Icon>
              <href>http://maps.google.com/mapfiles/kml/shapes/placemark_circle.png</href>
            </Icon>
          </IconStyle>
        </Style>
        <Point>
          <altitudeMode>clampToGround</altitudeMode>
          <coordinates>114.20059184856493,22.334372821214817, 311.6</coordinates>
        </Point>
      </Placemark>
      <Placemark>
        <TimeSpan>
          <begin>2021-01-04T06:41:47+08:00</begin>
          <end>2021-01-04T06:41:55+08:00</end>
        </TimeSpan>
        <Style>
          <IconStyle>
            <color>FF00FFFF</color>
            <scale>0.9</scale>
            <Icon>
              <href>http://maps.google.com/mapfiles/kml/shapes/placemark_circle.png</href>
            </Icon>
          </IconStyle>
        </Style>
        <Point>
          <altitudeMode>clampToGround</altitudeMode>
          <coordinates>114.20067687020223,22.33452249292736, 311.65</coordinates>
        </Point>
      </Placemark>
      <Placemark>
        <TimeSpan>
          <begin>2021-01-04T06:41:55+08:00</begin>
          <end>2021-01-04T06:42:03+08:00</end>
        </TimeSpan>
        <Style>
          <IconStyle>
            <color>FF00FFFF</color>
            <scale>0.9</scale>
            <Icon>
              <href>http://maps.google.com/mapfiles/kml/shapes/placemark_circle.png</href>
            </Icon>
          </IconStyle>
        </Style>
        <Point>
          <altitudeMode>clampToGround</altitudeMode>
          <coordinates>114.20069415262635,22.334306958787877, 311.88</coordinates>
        </Point>
      </Placemark>
      <Placemark>
        <TimeSpan>
          <begin>2021-01-04T06:42:03+08:00</begin>
          <end>2021-01-04T06:42:09+08:00</end>
        </TimeSpan>
        <Style>
          <IconStyle>
            <color>FF00FFFF</color>
            <scale>0.9</scale>
            <Icon>
              <href>http://maps.google.com/mapfiles/kml/shapes/placemark_circle.png</href>
            </Icon>
          </IconStyle>
        </Style>
        <Point>
          <altitudeMode>clampToGround</altitudeMode>
          <coordinates>114.20070713182362,22.334101778292904, 311.25</coordinates>
        </Point>
      </Placemark>
      <Placemark>
        <TimeSpan>
          <begin>2021-01-04T06:42:09+08:00</begin>
          <end>2021-01-04T06:42:17+08:00</end>
        </TimeSpan>
        <Style>
          <IconStyle>
            <color>FF00FFFF</color>
            <scale>0.9</scale>
            <Icon>
              <href>http://maps.google.com/mapfiles/kml/shapes/placemark_circle.png</href>
            </Icon>
          </IconStyle>
        </Style>
        <Point>
          <altitudeMode>clampToGround</altitudeMode>
          <coordinates>114.20062643572213,22.333957819035312, 311.41</coordinates>
        </Point>
      </Placemark>
      <Placemark>
        <TimeSpan>
          <begin>2021-01-04T06:42:17+08:00</begin>
          <end>2021-01-04T06:42:23+08:00</end>
        </TimeSpan>
        <Style>
          <IconStyle>
            <color>FF00FFFF</color>
            <scale>0.9</scale>
            <Icon>
              <href>http://maps.google.com/mapfiles/kml/shapes/placemark_circle.png</href>
            </Icon>
          </IconStyle>
        </Style>
        <Point>
          <altitudeMode>clampToGround</altitudeMode>
          <coordinates>114.20051836871541,22.333766969602372, 311.6</coordinates>
        </Point>
      </Placemark>
      <Placemark>
        <TimeSpan>
          <begin>2021-01-04T06:42:23+08:00</begin>
          <end>2021-01-04T06:42:31+08:00</end>
        </TimeSpan>
        <Style>
          <IconStyle>
            <color>FF00FFFF</color>
            <scale>0.9</scale>
            <Icon>
              <href>http://maps.google.com/mapfiles/kml/shapes/placemark_circle.png</href>
            </Icon>
          </IconStyle>
        </Style>
        <Point>
          <altitudeMode>clampToGround</altitudeMode>
          <coordinates>114.20040411886932,22.33365764485743, 311.62</coordinates>
        </Point>
      </Placemark>
      <Placemark>
        <TimeSpan>
          <begin>2021-01-04T06:42:31+08:00</begin>
          <end>2021-01-04T06:42:39+08:00</end>
        </TimeSpan>
        <Style>
          <IconStyle>
            <color>FF00FFFF</color>
            <scale>0.9</scale>
            <Icon>
              <href>http://maps.google.com/mapfiles/kml/shapes/placemark_circle.png</href>
            </Icon>
          </IconStyle>
        </Style>
        <Point>
          <altitudeMode>clampToGround</altitudeMode>
          <coordinates>114.20017150635161,22.333614615569026, 311.72</coordinates>
        </Point>
      </Placemark>
      <Placemark>
        <TimeSpan>
          <begin>2021-01-04T06:42:39+08:00</begin>
          <end>2021-01-04T06:42:47+08:00</end>
        </TimeSpan>
        <Style>
          <IconStyle>
            <color>FF00FFFF</color>
            <scale>0.9</scale>
            <Icon>
              <href>http://maps.google.com/mapfiles/kml/shapes/placemark_circle.png</href>
            </Icon>
          </IconStyle>
        </Style>
        <Point>
          <altitudeMode>clampToGround</altitudeMode>
          <coordinates>114.20004549386265,22.333566457710894, 312.07</coordinates>
        </Point>
      </Placemark>
      <Placemark>
        <TimeSpan>
          <begin>2021-01-04T06:42:47+08:00</begin>
          <end>2021-01-04T06:42:55+08:00</end>
        </TimeSpan>
        <Style>
          <IconStyle>
            <color>FF00FFFF</color>
            <scale>0.9</scale>
            <Icon>
              <href>http://maps.google.com/mapfiles/kml/shapes/placemark_circle.png</href>
            </Icon>
          </IconStyle>
        </Style>
        <Point>
          <altitudeMode>clampToGround</altitudeMode>
          <coordinates>114.20013072641319,22.333702155995116, 312.4</coordinates>
        </Point>
      </Placemark>
      <Placemark>
        <TimeSpan>
          <begin>2021-01-04T06:42:55+08:00</begin>
          <end>2021-01-04T06:43:03+08:00</end>
        </TimeSpan>
        <Style>
          <IconStyle>
            <color>FF00FFFF</color>
            <scale>0.9</scale>
            <Icon>
              <href>http://maps.google.com/mapfiles/kml/shapes/placemark_circle.png</href>
            </Icon>
          </IconStyle>
        </Style>
        <Point>
          <altitudeMode>clampToGround</altitudeMode>
          <coordinates>114.20027844573144,22.333834996147488, 312.55</coordinates>
        </Point>
      </Placemark>
      <Placemark>
        <TimeSpan>
          <begin>2021-01-04T06:43:03+08:00</begin>
          <end>2021-01-04T06:43:06+08:00</end>
        </TimeSpan>
        <Style>
          <IconStyle>
            <color>FF00FFFF</color>
            <scale>0.9</scale>
            <Icon>
              <href>http://maps.google.com/mapfiles/kml/shapes/placemark_circle.png</href>
            </Icon>
          </IconStyle>
        </Style>
        <Point>
          <altitudeMode>clampToGround</altitudeMode>
          <coordinates>114.20047781091829,22.33376359201593, 312.6</coordinates>
        </Point>
      </Placemark>
      <Placemark>
        <TimeSpan>
          <begin>2021-01-04T06:43:06+08:00</begin>
          <end>2021-01-04T06:43:15+08:00</end>
        </TimeSpan>
        <Style>
          <IconStyle>
            <color>FF00FFFF</color>
            <scale>0.9</scale>
            <Icon>
              <href>http://maps.google.com/mapfiles/kml/shapes/placemark_circle.png</href>
            </Icon>
          </IconStyle>
        </Style>
        <Point>
          <altitudeMode>clampToGround</altitudeMode>
          <coordinates>114.20055134654312,22.33373313874189, 312.64</coordinates>
        </Point>
      </Placemark>
      <Placemark>
        <TimeSpan>
          <begin>2021-01-04T06:43:15+08:00</begin>
          <end>2021-01-04T06:43:24+08:00</end>
        </TimeSpan>
        <Style>
          <IconStyle>
            <color>FF00FFFF</color>
            <scale>0.9</scale>
            <Icon>
              <href>http://maps.google.com/mapfiles/kml/shapes/placemark_circle.png</href>
            </Icon>
          </IconStyle>
        </Style>
        <Point>
          <altitudeMode>clampToGround</altitudeMode>
          <coordinates>114.20071990755332,22.33358379228646, 312.9</coordinates>
        </Point>
      </Placemark>
      <Placemark>
        <TimeSpan>
          <begin>2021-01-04T06:43:24+08:00</begin>
          <end>2021-01-04T06:43:29+08:00</end>
        </TimeSpan>
        <Style>
          <IconStyle>
            <color>FF00FFFF</color>
            <scale>0.9</scale>
            <Icon>
              <href>http://maps.google.com/mapfiles/kml/shapes/placemark_circle.png</href>
            </Icon>
          </IconStyle>
        </Style>
        <Point>
          <altitudeMode>clampToGround</altitudeMode>
          <coordinates>114.20090360919752,22.333469623609055, 312.54</coordinates>
        </Point>
      </Placemark>
      <Placemark>
        <TimeSpan>
          <begin>2021-01-04T06:43:29+08:00</begin>
          <end>2021-01-04T06:43:37+08:00</end>
        </TimeSpan>
        <Style>
          <IconStyle>
            <color>FF00FFFF</color>
            <scale>0.9</scale>
            <Icon>
              <href>http://maps.google.com/mapfiles/kml/shapes/placemark_circle.png</href>
            </Icon>
          </IconStyle>
        </Style>
        <Point>
          <altitudeMode>clampToGround</altitudeMode>
          <coordinates>114.20102215113846,22.333441242048536, 312.1</coordinates>
        </Point>
      </Placemark>
      <Placemark>
        <TimeSpan>
          <begin>2021-01-04T06:43:37+08:00</begin>
          <end>2021-01-04T06:43:45+08:00</end>
        </TimeSpan>
        <Style>
          <IconStyle>
            <color>FF00FFFF</color>
            <scale>0.9</scale>
            <Icon>
              <href>http://maps.google.com/mapfiles/kml/shapes/placemark_circle.png</href>
            </Icon>
          </IconStyle>
        </Style>
        <Point>
          <altitudeMode>clampToGround</altitudeMode>
          <coordinates>114.20110900843935,22.33357370200995, 312.6</coordinates>
        </Point>
      </Placemark>
      <Placemark>
        <TimeSpan>
          <begin>2021-01-04T06:43:45+08:00</begin>
          <end>2021-01-04T06:43:53+08:00</end>
        </TimeSpan>
        <Style>
          <IconStyle>
            <color>FF00FFFF</color>
            <scale>0.9</scale>
            <Icon>
              <href>http://maps.google.com/mapfiles/kml/shapes/placemark_circle.png</href>
            </Icon>
          </IconStyle>
        </Style>
        <Point>
          <altitudeMode>clampToGround</altitudeMode>
          <coordinates>114.20128982562791,22.33362693229008, 312.86</coordinates>
        </Point>
      </Placemark>
      <Placemark>
        <TimeSpan>
          <begin>2021-01-04T06:43:53+08:00</begin>
          <end>2021-01-04T06:44:01+08:00</end>
        </TimeSpan>
        <Style>
          <IconStyle>
            <color>FF00FFFF</color>
            <scale>0.9</scale>
            <Icon>
              <href>http://maps.google.com/mapfiles/kml/shapes/placemark_circle.png</href>
            </Icon>
          </IconStyle>
        </Style>
        <Point>
          <altitudeMode>clampToGround</altitudeMode>
          <coordinates>114.20150546260055,22.33365185563589, 313.4</coordinates>
        </Point>
      </Placemark>
      <Placemark>
        <TimeSpan>
          <begin>2021-01-04T06:44:01+08:00</begin>
          <end>2021-01-04T06:44:09+08:00</end>
        </TimeSpan>
        <Style>
          <IconStyle>
            <color>FF00FFFF</color>
            <scale>0.9</scale>
            <Icon>
              <href>http://maps.google.com/mapfiles/kml/shapes/placemark_circle.png</href>
            </Icon>
          </IconStyle>
        </Style>
        <Point>
          <altitudeMode>clampToGround</altitudeMode>
          <coordinates>114.20169272835895,22.333773106940384, 312.94</coordinates>
        </Point>
      </Placemark>
      <Placemark>
        <TimeSpan>
          <begin>2021-01-04T06:44:09+08:00</begin>
          <end>2021-01-04T06:44:17+08:00</end>
        </TimeSpan>
        <Style>
          <IconStyle>
            <color>FF00FFFF</color>
            <scale>0.9</scale>
            <Icon>
              <href>http://maps.google.com/mapfiles/kml/shapes/placemark_circle.png</href>
            </Icon>
          </IconStyle>
        </Style>
        <Point>
          <altitudeMode>clampToGround</altitudeMode>
          <coordinates>114.20182434991199,22.33394761541226, 312.46</coordinates>
        </Point>
      </Placemark>
      <Placemark>
        <TimeSpan>
          <begin>2021-01-04T06:44:17+08:00</begin>
          <end>2021-01-04T06:44:25+08:00</end>
        </TimeSpan>
        <Style>
          <IconStyle>
            <color>FF00FFFF</color>
            <scale>0.9</scale>
            <Icon>
              <href>http://maps.google.com/mapfiles/kml/shapes/placemark_circle.png</href>
            </Icon>
          </IconStyle>
        </Style>
        <Point>
          <altitudeMode>clampToGround</altitudeMode>
          <coordinates>114.20193332686526,22.33413387189132, 312.01</coordinates>
        </Point>
      </Placemark>
      <Placemark>
        <TimeSpan>
          <begin>2021-01-04T06:44:25+08:00</begin>
          <end>2021-01-04T06:44:33+08:00</end>
        </TimeSpan>
        <Style>
          <IconStyle>
            <color>FF00FFFF</color>
            <scale>0.9</scale>
            <Icon>
              <href>http://maps.google.com/mapfiles/kml/shapes/placemark_circle.png</href>
            </Icon>
          </IconStyle>
        </Style>
        <Point>
          <altitudeMode>clampToGround</altitudeMode>
          <coordinates>114.20205953432347,22.334312760827316, 311.57</coordinates>
        </Point>
      </Placemark>
      <Placemark>
        <TimeSpan>
          <begin>2021-01-04T06:44:33+08:00</begin>
          <end>2021-01-04T06:44:41+08:00</end>
        </TimeSpan>
        <Style>
          <IconStyle>
            <color>FF00FFFF</color>
            <scale>0.9</scale>
            <Icon>
              <href>http://maps.google.com/mapfiles/kml/shapes/placemark_circle.png</href>
            </Icon>
          </IconStyle>
        </Style>
        <Point>
          <altitudeMode>clampToGround</altitudeMode>
          <coordinates>114.20217860891192,22.334494600085097, 311.24</coordinates>
        </Point>
      </Placemark>
      <Placemark>
        <TimeSpan>
          <begin>2021-01-04T06:44:41+08:00</begin>
          <end>2021-01-04T06:44:49+08:00</end>
        </TimeSpan>
        <Style>
          <IconStyle>
            <color>FF00FFFF</color>
            <scale>0.9</scale>
            <Icon>
              <href>http://maps.google.com/mapfiles/kml/shapes/placemark_circle.png</href>
            </Icon>
          </IconStyle>
        </Style>
        <Point>
          <altitudeMode>clampToGround</altitudeMode>
          <coordinates>114.20227215401079,22.334690285605745, 311.98</coordinates>
        </Point>
      </Placemark>
      <Placemark>
        <TimeSpan>
          <begin>2021-01-04T06:44:49+08:00</begin>
          <end>2021-01-04T06:44:57+08:00</end>
        </TimeSpan>
        <Style>
          <IconStyle>
            <color>FF00FFFF</color>
            <scale>0.9</scale>
            <Icon>
              <href>http://maps.google.com/mapfiles/kml/shapes/placemark_circle.png</href>
            </Icon>
          </IconStyle>
        </Style>
        <Point>
          <altitudeMode>clampToGround</altitudeMode>
          <coordinates>114.2024189635017,22.334858262809643, 311.88</coordinates>
        </Point>
      </Placemark>
      <Placemark>
        <TimeSpan>
          <begin>2021-01-04T06:44:57+08:00</begin>
          <end>2021-01-04T06:45:05+08:00</end>
        </TimeSpan>
        <Style>
          <IconStyle>
            <color>FF00FFFF</color>
            <scale>0.9</scale>
            <Icon>
              <href>http://maps.google.com/mapfiles/kml/shapes/placemark_circle.png</href>
            </Icon>
          </IconStyle>
        </Style>
        <Point>
          <altitudeMode>clampToGround</altitudeMode>
          <coordinates>114.2025760754371,22.335005433472574, 312.02</coordinates>
        </Point>
      </Placemark>
      <Placemark>
        <TimeSpan>
          <begin>2021-01-04T06:45:05+08:00</begin>
          <end>2021-01-04T06:45:13+08:00</end>
        </TimeSpan>
        <Style>
          <IconStyle>
            <color>FF00FFFF</color>
            <scale>0.9</scale>
            <Icon>
              <href>http://maps.google.com/mapfiles/kml/shapes/placemark_circle.png</href>
            </Icon>
          </IconStyle>
        </Style>
        <Point>
          <altitudeMode>clampToGround</altitudeMode>
          <coordinates>114.20277638065596,22.334985771647734, 311.75</coordinates>
        </Point>
      </Placemark>
      <Placemark>
        <TimeSpan>
          <begin>2021-01-04T06:45:13+08:00</begin>
          <end>2021-01-04T06:45:20+08:00</end>
        </TimeSpan>
        <Style>
          <IconStyle>
            <color>FF00FFFF</color>
            <scale>0.9</scale>
            <Icon>
              <href>http://maps.google.com/mapfiles/kml/shapes/placemark_circle.png</href>
            </Icon>
          </IconStyle>
        </Style>
        <Point>
          <altitudeMode>clampToGround</altitudeMode>
          <coordinates>114.20297289095149,22.334933981029575, 311.8</coordinates>
        </Point>
      </Placemark>
      <Placemark>
        <TimeSpan>
          <begin>2021-01-04T06:45:20+08:00</begin>
          <end>2021-01-04T06:45:28+08:00</end>
        </TimeSpan>
        <Style>
          <IconStyle>
            <color>FF00FFFF</color>
            <scale>0.9</scale>
            <Icon>
              <href>http://maps.google.com/mapfiles/kml/shapes/placemark_circle.png</href>
            </Icon>
          </IconStyle>
        </Style>
        <Point>
          <altitudeMode>clampToGround</altitudeMode>
          <coordinates>114.20315774615932,22.33497372425685, 311.71</coordinates>
        </Point>
      </Placemark>
      <Placemark>
        <TimeSpan>
          <begin>2021-01-04T06:45:28+08:00</begin>
          <end>2021-01-04T06:45:36+08:00</end>
        </TimeSpan>
        <Style>
          <IconStyle>
            <color>FF00FFFF</color>
            <scale>0.9</scale>
            <Icon>
              <href>http://maps.google.com/mapfiles/kml/shapes/placemark_circle.png</href>
            </Icon>
          </IconStyle>
        </Style>
        <Point>
          <altitudeMode>clampToGround</altitudeMode>
          <coordinates>114.20334620517956,22.33485504904151, 312.0</coordinates>
        </Point>
      </Placemark>
      <Placemark>
        <TimeSpan>
          <begin>2021-01-04T06:45:36+08:00</begin>
          <end>2021-01-04T06:45:44+08:00</end>
        </TimeSpan>
        <Style>
          <IconStyle>
            <color>FF00FFFF</color>
            <scale>0.9</scale>
            <Icon>
              <href>http://maps.google.com/mapfiles/kml/shapes/placemark_circle.png</href>
            </Icon>
          </IconStyle>
        </Style>
        <Point>
          <altitudeMode>clampToGround</altitudeMode>
          <coordinates>114.20348027565812,22.334680561445374, 312.45</coordinates>
        </Point>
      </Placemark>
      <Placemark>
        <TimeSpan>
          <begin>2021-01-04T06:45:44+08:00</begin>
          <end>2021-01-04T06:45:52+08:00</end>
        </TimeSpan>
        <Style>
          <IconStyle>
            <color>FF00FFFF</color>
            <scale>0.9</scale>
            <Icon>
              <href>http://maps.google.com/mapfiles/kml/shapes/placemark_circle.png</href>
            </Icon>
          </IconStyle>
        </Style>
        <Point>
          <altitudeMode>clampToGround</altitudeMode>
          <coordinates>114.20357806533023,22.334487051085485, 312.59</coordinates>
        </Point>
      </Placemark>
      <Placemark>
        <TimeSpan>
          <begin>2021-01-04T06:45:52+08:00</begin>
          <end>2021-01-04T06:46:00+08:00</end>
        </TimeSpan>
        <Style>
          <IconStyle>
            <color>FF00FFFF</color>
            <scale>0.9</scale>
            <Icon>
              <href>http://maps.google.com/mapfiles/kml/shapes/placemark_circle.png</href>
            </Icon>
          </IconStyle>
        </Style>
        <Point>
          <altitudeMode>clampToGround</altitudeMode>
          <coordinates>114.20374516556876,22.334407201490908, 312.29</coordinates>
        </Point>
      </Placemark>
      <Placemark>
        <TimeSpan>
          <begin>2021-01-04T06:46:00+08:00</begin>
          <end>2021-01-04T06:46:08+08:00</end>
        </TimeSpan>
        <Style>
          <IconStyle>
            <color>FF00FFFF</color>
            <scale>0.9</scale>
            <Icon>
              <href>http://maps.google.com/mapfiles/kml/shapes/placemark_circle.png</href>
            </Icon>
          </IconStyle>
        </Style>
        <Point>
          <altitudeMode>clampToGround</altitudeMode>
          <coordinates>114.20395753646811,22.33446556036519, 312.51</coordinates>
        </Point>
      </Placemark>
      <Placemark>
        <TimeSpan>
          <begin>2021-01-04T06:46:08+08:00</begin>
          <end>2021-01-04T06:46:16+08:00</end>
        </TimeSpan>
        <Style>
          <IconStyle>
            <color>FF00FFFF</color>
            <scale>0.9</scale>
            <Icon>
              <href>http://maps.google.com/mapfiles/kml/shapes/placemark_circle.png</href>
            </Icon>
          </IconStyle>
        </Style>
        <Point>
          <altitudeMode>clampToGround</altitudeMode>
          <coordinates>114.20417365631108,22.334481545852945, 312.22</coordinates>
        </Point>
      </Placemark>
      <Placemark>
        <TimeSpan>
          <begin>2021-01-04T06:46:16+08:00</begin>
          <end>2021-01-04T06:46:24+08:00</end>
        </TimeSpan>
        <Style>
          <IconStyle>
            <color>FF00FFFF</color>
            <scale>0.9</scale>
            <Icon>
              <href>http://maps.google.com/mapfiles/kml/shapes/placemark_circle.png</href>
            </Icon>
          </IconStyle>
        </Style>
        <Point>
          <altitudeMode>clampToGround</altitudeMode>
          <coordinates>114.2043508720821,22.334359185553936, 311.85</coordinates>
        </Point>
      </Placemark>
      <Placemark>
        <TimeSpan>
          <begin>2021-01-04T06:46:24+08:00</begin>
          <end>2021-01-04T06:46:32+08:00</end>
        </TimeSpan>
        <Style>
          <IconStyle>
            <color>FF00FFFF</color>
            <scale>0.9</scale>
            <Icon>
              <href>http://maps.google.com/mapfiles/kml/shapes/placemark_circle.png</href>
            </Icon>
          </IconStyle>
        </Style>
        <Point>
          <altitudeMode>clampToGround</altitudeMode>
          <coordinates>114.2043951916949,22.33415555277533, 311.9</coordinates>
        </Point>
      </Placemark>
      <Placemark>
        <TimeSpan>
          <begin>2021-01-04T06:46:32+08:00</begin>
          <end>2021-01-04T06:46:40+08:00</end>
        </TimeSpan>
        <Style>
          <IconStyle>
            <color>FF00FFFF</color>
            <scale>0.9</scale>
            <Icon>
              <href>http://maps.google.com/mapfiles/kml/shapes/placemark_circle.png</href>
            </Icon>
          </IconStyle>
        </Style>
        <Point>
          <altitudeMode>clampToGround</altitudeMode>
          <coordinates>114.20437775840456,22.333982599663823, 311.91</coordinates>
        </Point>
      </Placemark>
      <Placemark>
        <TimeSpan>
          <begin>2021-01-04T06:46:40+08:00</begin>
          <end>2021-01-04T06:46:48+08:00</end>
        </TimeSpan>
        <Style>
          <IconStyle>
            <color>FF00FFFF</color>
            <scale>0.9</scale>
            <Icon>
              <href>http://maps.google.com/mapfiles/kml/shapes/placemark_circle.png</href>
            </Icon>
          </IconStyle>
        </Style>
        <Point>
          <altitudeMode>clampToGround</altitudeMode>
          <coordinates>114.20443269218154,22.33386562636843, 312.23</coordinates>
        </Point>
      </Placemark>
      <Placemark>
        <TimeSpan>
          <begin>2021-01-04T06:46:48+08:00</begin>
          <end>2021-01-04T06:46:56+08:00</end>
        </TimeSpan>
        <Style>
          <IconStyle>
            <color>FF00FFFF</color>
            <scale>0.9</scale>
            <Icon>
              <href>http://maps.google.com/mapfiles/kml/shapes/placemark_circle.png</href>
            </Icon>
          </IconStyle>
        </Style>
        <Point>
          <altitudeMode>clampToGround</altitudeMode>
          <coordinates>114.20462712199556,22.333909078129373, 312.56</coordinates>
        </Point>
      </Placemark>
      <Placemark>
        <TimeSpan>
          <begin>2021-01-04T06:46:56+08:00</begin>
          <end>2021-01-04T06:47:04+08:00</end>
        </TimeSpan>
        <Style>
          <IconStyle>
            <color>FF00FFFF</color>
            <scale>0.9</scale>
            <Icon>
              <href>http://maps.google.com/mapfiles/kml/shapes/placemark_circle.png</href>
            </Icon>
          </IconStyle>
        </Style>
        <Point>
          <altitudeMode>clampToGround</altitudeMode>
          <coordinates>114.20448041474529,22.333743520696043, 311.74</coordinates>
        </Point>
      </Placemark>
      <Placemark>
        <TimeSpan>
          <begin>2021-01-04T06:47:04+08:00</begin>
          <end>2021-01-04T06:47:12+08:00</end>
        </TimeSpan>
        <Style>
          <IconStyle>
            <color>FF00FFFF</color>
            <scale>0.9</scale>
            <Icon>
              <href>http://maps.google.com/mapfiles/kml/shapes/placemark_circle.png</href>
            </Icon>
          </IconStyle>
        </Style>
        <Point>
          <altitudeMode>clampToGround</altitudeMode>
          <coordinates>114.20453918124743,22.33356463232978, 311.7</coordinates>
        </Point>
      </Placemark>
      <Placemark>
        <TimeSpan>
          <begin>2021-01-04T06:47:12+08:00</begin>
          <end>2021-01-04T06:47:20+08:00</end>
        </TimeSpan>
        <Style>
          <IconStyle>
            <color>FF00FFFF</color>
            <scale>0.9</scale>
            <Icon>
              <href>http://maps.google.com/mapfiles/kml/shapes/placemark_circle.png</href>
            </Icon>
          </IconStyle>
        </Style>
        <Point>
          <altitudeMode>clampToGround</altitudeMode>
          <coordinates>114.204663243199,22.333384558220775, 311.8</coordinates>
        </Point>
      </Placemark>
      <Placemark>
        <TimeSpan>
          <begin>2021-01-04T06:47:20+08:00</begin>
          <end>2021-01-04T06:47:28+08:00</end>
        </TimeSpan>
        <Style>
          <IconStyle>
            <color>FF00FFFF</color>
            <scale>0.9</scale>
            <Icon>
              <href>http://maps.google.com/mapfiles/kml/shapes/placemark_circle.png</href>
            </Icon>
          </IconStyle>
        </Style>
        <Point>
          <altitudeMode>clampToGround</altitudeMode>
          <coordinates>114.2047510960627,22.3331924582757, 311.87</coordinates>
        </Point>
      </Placemark>
      <Placemark>
        <TimeSpan>
          <begin>2021-01-04T06:47:28+08:00</begin>
          <end>2021-01-04T06:47:36+08:00</end>
        </TimeSpan>
        <Style>
          <IconStyle>
            <color>FF00FFFF</color>
            <scale>0.9</scale>
            <Icon>
              <href>http://maps.google.com/mapfiles/kml/shapes/placemark_circle.png</href>
            </Icon>
          </IconStyle>
        </Style>
        <Point>
          <altitudeMode>clampToGround</altitudeMode>
          <coordinates>114.20473987356058,22.332982032319464, 311.63</coordinates>
        </Point>
      </Placemark>
      <Placemark>
        <TimeSpan>
          <begin>2021-01-04T06:47:36+08:00</begin>
          <end>2021-01-04T06:47:44+08:00</end>
        </TimeSpan>
        <Style>
          <IconStyle>
            <color>FF00FFFF</color>
            <scale>0.9</scale>
            <Icon>
              <href>http://maps.google.com/mapfiles/kml/shapes/placemark_circle.png</href>
            </Icon>
          </IconStyle>
        </Style>
        <Point>
          <altitudeMode>clampToGround</altitudeMode>
          <coordinates>114.20465879454807,22.33278126672814, 311.54</coordinates>
        </Point>
      </Placemark>
      <Placemark>
        <TimeSpan>
          <begin>2021-01-04T06:47:44+08:00</begin>
          <end>2021-01-04T06:47:52+08:00</end>
        </TimeSpan>
        <Style>
          <IconStyle>
            <color>FF00FFFF</color>
            <scale>0.9</scale>
            <Icon>
              <href>http://maps.google.com/mapfiles/kml/shapes/placemark_circle.png</href>
            </Icon>
          </IconStyle>
        </Style>
        <Point>
          <altitudeMode>clampToGround</altitudeMode>
          <coordinates>114.20454370544192,22.332592249207924, 310.8</coordinates>
        </Point>
      </Placemark>
      <Placemark>
        <TimeSpan>
          <begin>2021-01-04T06:47:52+08:00</begin>
          <end>2021-01-04T06:48:00+08:00</end>
        </TimeSpan>
        <Style>
          <IconStyle>
            <color>FF00FFFF</color>
            <scale>0.9</scale>
            <Icon>
              <href>http://maps.google.com/mapfiles/kml/shapes/placemark_circle.png</href>
            </Icon>
          </IconStyle>
        </Style>
        <Point>
          <altitudeMode>clampToGround</altitudeMode>
          <coordinates>114.20457940207976,22.33239500351302, 310.4</coordinates>
        </Point>
      </Placemark>
      <Placemark>
        <TimeSpan>
          <begin>2021-01-04T06:48:00+08:00</begin>
          <end>2021-01-04T06:48:08+08:00</end>
        </TimeSpan>
        <Style>
          <IconStyle>
            <color>FF00FFFF</color>
            <scale>0.9</scale>
            <Icon>
              <href>http://maps.google.com/mapfiles/kml/shapes/placemark_circle.png</href>
            </Icon>
          </IconStyle>
        </Style>
        <Point>
          <altitudeMode>clampToGround</altitudeMode>
          <coordinates>114.2047087425989,22.332225970358202, 311.27</coordinates>
        </Point>
      </Placemark>
      <Placemark>
        <TimeSpan>
          <begin>2021-01-04T06:48:08+08:00</begin>
          <end>2021-01-04T06:48:16+08:00</end>
        </TimeSpan>
        <Style>
          <IconStyle>
            <color>FF00FFFF</color>
            <scale>0.9</scale>
            <Icon>
              <href>http://maps.google.com/mapfiles/kml/shapes/placemark_circle.png</href>
            </Icon>
          </IconStyle>
        </Style>
        <Point>
          <altitudeMode>clampToGround</altitudeMode>
          <coordinates>114.20473737700843,22.332018063794493, 311.0</coordinates>
        </Point>
      </Placemark>
      <Placemark>
        <TimeSpan>
          <begin>2021-01-04T06:48:16+08:00</begin>
          <end>2021-01-04T06:48:24+08:00</end>
        </TimeSpan>
        <Style>
          <IconStyle>
            <color>FF00FFFF</color>
            <scale>0.9</scale>
            <Icon>
              <href>http://maps.google.com/mapfiles/kml/shapes/placemark_circle.png</href>
            </Icon>
          </IconStyle>
        </Style>
        <Point>
          <altitudeMode>clampToGround</altitudeMode>
          <coordinates>114.20494060887434,22.33191591195601, 311.2</coordinates>
        </Point>
      </Placemark>
      <Placemark>
        <TimeSpan>
          <begin>2021-01-04T06:48:24+08:00</begin>
          <end>2021-01-04T06:48:31+08:00</end>
        </TimeSpan>
        <Style>
          <IconStyle>
            <color>FF00FFFF</color>
            <scale>0.9</scale>
            <Icon>
              <href>http://maps.google.com/mapfiles/kml/shapes/placemark_circle.png</href>
            </Icon>
          </IconStyle>
        </Style>
        <Point>
          <altitudeMode>clampToGround</altitudeMode>
          <coordinates>114.20513021703658,22.331800957191877, 310.32</coordinates>
        </Point>
      </Placemark>
      <Placemark>
        <TimeSpan>
          <begin>2021-01-04T06:48:31+08:00</begin>
          <end>2021-01-04T06:48:39+08:00</end>
        </TimeSpan>
        <Style>
          <IconStyle>
            <color>FF00FFFF</color>
            <scale>0.9</scale>
            <Icon>
              <href>http://maps.google.com/mapfiles/kml/shapes/placemark_circle.png</href>
            </Icon>
          </IconStyle>
        </Style>
        <Point>
          <altitudeMode>clampToGround</altitudeMode>
          <coordinates>114.20520014188676,22.331624043326283, 310.98</coordinates>
        </Point>
      </Placemark>
      <Placemark>
        <TimeSpan>
          <begin>2021-01-04T06:48:39+08:00</begin>
          <end>2021-01-04T06:48:47+08:00</end>
        </TimeSpan>
        <Style>
          <IconStyle>
            <color>FF00FFFF</color>
            <scale>0.9</scale>
            <Icon>
              <href>http://maps.google.com/mapfiles/kml/shapes/placemark_circle.png</href>
            </Icon>
          </IconStyle>
        </Style>
        <Point>
          <altitudeMode>clampToGround</altitudeMode>
          <coordinates>114.20527302220906,22.33143517917926, 311.2</coordinates>
        </Point>
      </Placemark>
      <Placemark>
        <TimeSpan>
          <begin>2021-01-04T06:48:47+08:00</begin>
          <end>2021-01-04T06:48:55+08:00</end>
        </TimeSpan>
        <Style>
          <IconStyle>
            <color>FF00FFFF</color>
            <scale>0.9</scale>
            <Icon>
              <href>http://maps.google.com/mapfiles/kml/shapes/placemark_circle.png</href>
            </Icon>
          </IconStyle>
        </Style>
        <Point>
          <altitudeMode>clampToGround</altitudeMode>
          <coordinates>114.20511384459274,22.331278464373028, 311.09</coordinates>
        </Point>
      </Placemark>
      <Placemark>
        <TimeSpan>
          <begin>2021-01-04T06:48:55+08:00</begin>
          <end>2021-01-04T06:49:03+08:00</end>
        </TimeSpan>
        <Style>
          <IconStyle>
            <color>FF00FFFF</color>
            <scale>0.9</scale>
            <Icon>
              <href>http://maps.google.com/mapfiles/kml/shapes/placemark_circle.png</href>
            </Icon>
          </IconStyle>
        </Style>
        <Point>
          <altitudeMode>clampToGround</altitudeMode>
          <coordinates>114.20495435775479,22.33112106775216, 311.21</coordinates>
        </Point>
      </Placemark>
      <Placemark>
        <TimeSpan>
          <begin>2021-01-04T06:49:03+08:00</begin>
          <end>2021-01-04T06:49:11+08:00</end>
        </TimeSpan>
        <Style>
          <IconStyle>
            <color>FF00FFFF</color>
            <scale>0.9</scale>
            <Icon>
              <href>http://maps.google.com/mapfiles/kml/shapes/placemark_circle.png</href>
            </Icon>
          </IconStyle>
        </Style>
        <Point>
          <altitudeMode>clampToGround</altitudeMode>
          <coordinates>114.20482182265476,22.33094311509919, 311.39</coordinates>
        </Point>
      </Placemark>
      <Placemark>
        <TimeSpan>
          <begin>2021-01-04T06:49:11+08:00</begin>
          <end>2021-01-04T06:49:19+08:00</end>
        </TimeSpan>
        <Style>
          <IconStyle>
            <color>FF00FFFF</color>
            <scale>0.9</scale>
            <Icon>
              <href>http://maps.google.com/mapfiles/kml/shapes/placemark_circle.png</href>
            </Icon>
          </IconStyle>
        </Style>
        <Point>
          <altitudeMode>clampToGround</altitudeMode>
          <coordinates>114.20470499257817,22.330751096211994, 310.64</coordinates>
        </Point>
      </Placemark>
      <Placemark>
        <TimeSpan>
          <begin>2021-01-04T06:49:19+08:00</begin>
          <end>2021-01-04T06:49:27+08:00</end>
        </TimeSpan>
        <Style>
          <IconStyle>
            <color>FF00FFFF</color>
            <scale>0.9</scale>
            <Icon>
              <href>http://maps.google.com/mapfiles/kml/shapes/placemark_circle.png</href>
            </Icon>
          </IconStyle>
        </Style>
        <Point>
          <altitudeMode>clampToGround</altitudeMode>
          <coordinates>114.20457591645786,22.330567370203042, 310.95</coordinates>
        </Point>
      </Placemark>
      <Placemark>
        <TimeSpan>
          <begin>2021-01-04T06:49:27+08:00</begin>
          <end>2021-01-04T06:49:35+08:00</end>
        </TimeSpan>
        <Style>
          <IconStyle>
            <color>FF00FFFF</color>
            <scale>0.9</scale>
            <Icon>
              <href>http://maps.google.com/mapfiles/kml/shapes/placemark_circle.png</href>
            </Icon>
          </IconStyle>
        </Style>
        <Point>
          <altitudeMode>clampToGround</altitudeMode>
          <coordinates>114.20445324999066,22.330385396541356, 311.2</coordinates>
        </Point>
      </Placemark>
      <Placemark>
        <TimeSpan>
          <begin>2021-01-04T06:49:35+08:00</begin>
          <end>2021-01-04T06:49:43+08:00</end>
        </TimeSpan>
        <Style>
          <IconStyle>
            <color>FF00FFFF</color>
            <scale>0.9</scale>
            <Icon>
              <href>http://maps.google.com/mapfiles/kml/shapes/placemark_circle.png</href>
            </Icon>
          </IconStyle>
        </Style>
        <Point>
          <altitudeMode>clampToGround</altitudeMode>
          <coordinates>114.20437250749794,22.33018633135593, 311.05</coordinates>
        </Point>
      </Placemark>
      <Placemark>
        <TimeSpan>
          <begin>2021-01-04T06:49:43+08:00</begin>
          <end>2021-01-04T06:49:51+08:00</end>
        </TimeSpan>
        <Style>
          <IconStyle>
            <color>FF00FFFF</color>
            <scale>0.9</scale>
            <Icon>
              <href>http://maps.google.com/mapfiles/kml/shapes/placemark_circle.png</href>
            </Icon>
          </IconStyle>
        </Style>
        <Point>
          <altitudeMode>clampToGround</altitudeMode>
          <coordinates>114.20439736062411,22.33001876197133, 311.1</coordinates>
        </Point>
      </Placemark>
      <Placemark>
        <TimeSpan>
          <begin>2021-01-04T06:49:51+08:00</begin>
          <end>2021-01-04T06:49:59+08:00</end>
        </TimeSpan>
        <Style>
          <IconStyle>
            <color>FF00FFFF</color>
            <scale>0.9</scale>
            <Icon>
              <href>http://maps.google.com/mapfiles/kml/shapes/placemark_circle.png</href>
            </Icon>
          </IconStyle>
        </Style>
        <Point>
          <altitudeMode>clampToGround</altitudeMode>
          <coordinates>114.20460646218088,22.329927389910303, 311.4</coordinates>
        </Point>
      </Placemark>
      <Placemark>
        <TimeSpan>
          <begin>2021-01-04T06:49:59+08:00</begin>
          <end>2021-01-04T06:50:07+08:00</end>
        </TimeSpan>
        <Style>
          <IconStyle>
            <color>FF00FFFF</color>
            <scale>0.9</scale>
            <Icon>
              <href>http://maps.google.com/mapfiles/kml/shapes/placemark_circle.png</href>
            </Icon>
          </IconStyle>
        </Style>
        <Point>
          <altitudeMode>clampToGround</altitudeMode>
          <coordinates>114.20475530189515,22.32976575070768, 311.38</coordinates>
        </Point>
      </Placemark>
      <Placemark>
        <TimeSpan>
          <begin>2021-01-04T06:50:07+08:00</begin>
          <end>2021-01-04T06:50:15+08:00</end>
        </TimeSpan>
        <Style>
          <IconStyle>
            <color>FF00FFFF</color>
            <scale>0.9</scale>
            <Icon>
              <href>http://maps.google.com/mapfiles/kml/shapes/placemark_circle.png</href>
            </Icon>
          </IconStyle>
        </Style>
        <Point>
          <altitudeMode>clampToGround</altitudeMode>
          <coordinates>114.20484477416126,22.329589061882608, 310.8</coordinates>
        </Point>
      </Placemark>
      <Placemark>
        <TimeSpan>
          <begin>2021-01-04T06:50:15+08:00</begin>
          <end>2021-01-04T06:50:23+08:00</end>
        </TimeSpan>
        <Style>
          <IconStyle>
            <color>FF00FFFF</color>
            <scale>0.9</scale>
            <Icon>
              <href>http://maps.google.com/mapfiles/kml/shapes/placemark_circle.png</href>
            </Icon>
          </IconStyle>
        </Style>
        <Point>
          <altitudeMode>clampToGround</altitudeMode>
          <coordinates>114.20479610836512,22.329384552244253, 311.5</coordinates>
        </Point>
      </Placemark>
      <Placemark>
        <TimeSpan>
          <begin>2021-01-04T06:50:23+08:00</begin>
          <end>2021-01-04T06:50:31+08:00</end>
        </TimeSpan>
        <Style>
          <IconStyle>
            <color>FF00FFFF</color>
            <scale>0.9</scale>
            <Icon>
              <href>http://maps.google.com/mapfiles/kml/shapes/placemark_circle.png</href>
            </Icon>
          </IconStyle>
        </Style>
        <Point>
          <altitudeMode>clampToGround</altitudeMode>
          <coordinates>114.2047270512134,22.329186896217525, 311.46</coordinates>
        </Point>
      </Placemark>
      <Placemark>
        <TimeSpan>
          <begin>2021-01-04T06:50:31+08:00</begin>
          <end>2021-01-04T06:50:39+08:00</end>
        </TimeSpan>
        <Style>
          <IconStyle>
            <color>FF00FFFF</color>
            <scale>0.9</scale>
            <Icon>
              <href>http://maps.google.com/mapfiles/kml/shapes/placemark_circle.png</href>
            </Icon>
          </IconStyle>
        </Style>
        <Point>
          <altitudeMode>clampToGround</altitudeMode>
          <coordinates>114.20468174926988,22.32898225358843, 311.7</coordinates>
        </Point>
      </Placemark>
      <Placemark>
        <TimeSpan>
          <begin>2021-01-04T06:50:39+08:00</begin>
          <end>2021-01-04T06:50:47+08:00</end>
        </TimeSpan>
        <Style>
          <IconStyle>
            <color>FF00FFFF</color>
            <scale>0.9</scale>
            <Icon>
              <href>http://maps.google.com/mapfiles/kml/shapes/placemark_circle.png</href>
            </Icon>
          </IconStyle>
        </Style>
        <Point>
          <altitudeMode>clampToGround</altitudeMode>
          <coordinates>114.20461679469739,22.32878138039344, 310.7</coordinates>
        </Point>
      </Placemark>
      <Placemark>
        <TimeSpan>
          <begin>2021-01-04T06:50:47+08:00</begin>
          <end>2021-01-04T06:50:55+08:00</end>
        </TimeSpan>
        <Style>
          <IconStyle>
            <color>FF00FFFF</color>
            <scale>0.9</scale>
            <Icon>
              <href>http://maps.google.com/mapfiles/kml/shapes/placemark_circle.png</href>
            </Icon>
          </IconStyle>
        </Style>
        <Point>
          <altitudeMode>clampToGround</altitudeMode>
          <coordinates>114.20453749847515,22.328587238987623, 311.02</coordinates>
        </Point>
      </Placemark>
      <Placemark>
        <TimeSpan>
          <begin>2021-01-04T06:50:55+08:00</begin>
          <end>2021-01-04T06:51:03+08:00</end>
        </TimeSpan>
        <Style>
          <IconStyle>
            <color>FF00FFFF</color>
            <scale>0.9</scale>
            <Icon>
              <href>http://maps.google.com/mapfiles/kml/shapes/placemark_circle.png</href>
            </Icon>
          </IconStyle>
        </Style>
        <Point>
          <altitudeMode>clampToGround</altitudeMode>
          <coordinates>114.20441988368452,22.328406408101543, 311.32</coordinates>
        </Point>
      </Placemark>
      <Placemark>
        <TimeSpan>
          <begin>2021-01-04T06:51:03+08:00</begin>
          <end>2021-01-04T06:51:11+08:00</end>
        </TimeSpan>
        <Style>
          <IconStyle>
            <color>FF00FFFF</color>
            <scale>0.9</scale>
            <Icon>
              <href>http://maps.google.com/mapfiles/kml/shapes/placemark_circle.png</href>
            </Icon>
          </IconStyle>
        </Style>
        <Point>
          <altitudeMode>clampToGround</altitudeMode>
          <coordinates>114.20429209469668,22.32823096835705, 310.77</coordinates>
        </Point>
      </Placemark>
      <Placemark>
        <TimeSpan>
          <begin>2021-01-04T06:51:11+08:00</begin>
          <end>2021-01-04T06:51:19+08:00</end>
        </TimeSpan>
        <Style>
          <IconStyle>
            <color>FF00FFFF</color>
            <scale>0.9</scale>
            <Icon>
              <href>http://maps.google.com/mapfiles/kml/shapes/placemark_circle.png</href>
            </Icon>
          </IconStyle>
        </Style>
        <Point>
          <altitudeMode>clampToGround</altitudeMode>
          <coordinates>114.20415852517239,22.328058208202627, 310.86</coordinates>
        </Point>
      </Placemark>
      <Placemark>
        <TimeSpan>
          <begin>2021-01-04T06:51:19+08:00</begin>
          <end>2021-01-04T06:51:27+08:00</end>
        </TimeSpan>
        <Style>
          <IconStyle>
            <color>FF00FFFF</color>
            <scale>0.9</scale>
            <Icon>
              <href>http://maps.google.com/mapfiles/kml/shapes/placemark_circle.png</href>
            </Icon>
          </IconStyle>
        </Style>
        <Point>
          <altitudeMode>clampToGround</altitudeMode>
          <coordinates>114.20404685966662,22.327872218210345, 310.34</coordinates>
        </Point>
      </Placemark>
      <Placemark>
        <TimeSpan>
          <begin>2021-01-04T06:51:27+08:00</begin>
          <end>2021-01-04T06:51:35+08:00</end>
        </TimeSpan>
        <Style>
          <IconStyle>
            <color>FF00FFFF</color>
            <scale>0.9</scale>
            <Icon>
              <href>http://maps.google.com/mapfiles/kml/shapes/placemark_circle.png</href>
            </Icon>
          </IconStyle>
        </Style>
        <Point>
          <altitudeMode>clampToGround</altitudeMode>
          <coordinates>114.20389112314218,22.327716775173954, 310.56</coordinates>
        </Point>
      </Placemark>
      <Placemark>
        <TimeSpan>
          <begin>2021-01-04T06:51:35+08:00</begin>
          <end>2021-01-04T06:51:43+08:00</end>
        </TimeSpan>
        <Style>
          <IconStyle>
            <color>FF00FFFF</color>
            <scale>0.9</scale>
            <Icon>
              <href>http://maps.google.com/mapfiles/kml/shapes/placemark_circle.png</href>
            </Icon>
          </IconStyle>
        </Style>
        <Point>
          <altitudeMode>clampToGround</altitudeMode>
          <coordinates>114.20372912996993,22.327599708070466, 310.63</coordinates>
        </Point>
      </Placemark>
      <Placemark>
        <TimeSpan>
          <begin>2021-01-04T06:51:43+08:00</begin>
          <end>2021-01-04T06:51:51+08:00</end>
        </TimeSpan>
        <Style>
          <IconStyle>
            <color>FF00FFFF</color>
            <scale>0.9</scale>
            <Icon>
              <href>http://maps.google.com/mapfiles/kml/shapes/placemark_circle.png</href>
            </Icon>
          </IconStyle>
        </Style>
        <Point>
          <altitudeMode>clampToGround</altitudeMode>
          <coordinates>114.20352719693872,22.327700434903807, 310.69</coordinates>
        </Point>
      </Placemark>
      <Placemark>
        <TimeSpan>
          <begin>2021-01-04T06:51:51+08:00</begin>
          <end>2021-01-04T06:51:59+08:00</end>
        </TimeSpan>
        <Style>
          <IconStyle>
            <color>FF00FFFF</color>
            <scale>0.9</scale>
            <Icon>
              <href>http://maps.google.com/mapfiles/kml/shapes/placemark_circle.png</href>
            </Icon>
          </IconStyle>
        </Style>
        <Point>
          <altitudeMode>clampToGround</altitudeMode>
          <coordinates>114.20336396945986,22.32785138116988, 310.25</coordinates>
        </Point>
      </Placemark>
      <Placemark>
        <TimeSpan>
          <begin>2021-01-04T06:51:59+08:00</begin>
          <end>2021-01-04T06:52:07+08:00</end>
        </TimeSpan>
        <Style>
          <IconStyle>
            <color>FF00FFFF</color>
            <scale>0.9</scale>
            <Icon>
              <href>http://maps.google.com/mapfiles/kml/shapes/placemark_circle.png</href>
            </Icon>
          </IconStyle>
        </Style>
        <Point>
          <altitudeMode>clampToGround</altitudeMode>
          <coordinates>114.20318757677504,22.327986211531158, 310.4</coordinates>
        </Point>
      </Placemark>
      <Placemark>
        <TimeSpan>
          <begin>2021-01-04T06:52:07+08:00</begin>
          <end>2021-01-04T06:52:15+08:00</end>
        </TimeSpan>
        <Style>
          <IconStyle>
            <color>FF00FFFF</color>
            <scale>0.9</scale>
            <Icon>
              <href>http://maps.google.com/mapfiles/kml/shapes/placemark_circle.png</href>
            </Icon>
          </IconStyle>
        </Style>
        <Point>
          <altitudeMode>clampToGround</altitudeMode>
          <coordinates>114.20298682129686,22.32808872777737, 310.31</coordinates>
        </Point>
      </Placemark>
      <Placemark>
        <TimeSpan>
          <begin>2021-01-04T06:52:15+08:00</begin>
          <end>2021-01-04T06:52:23+08:00</end>
        </TimeSpan>
        <Style>
          <IconStyle>
            <color>FF00FFFF</color>
            <scale>0.9</scale>
            <Icon>
              <href>http://maps.google.com/mapfiles/kml/shapes/placemark_circle.png</href>
            </Icon>
          </IconStyle>
        </Style>
        <Point>
          <altitudeMode>clampToGround</altitudeMode>
          <coordinates>114.20282019745034,22.32822252903308, 310.68</coordinates>
        </Point>
      </Placemark>
      <Placemark>
        <TimeSpan>
          <begin>2021-01-04T06:52:23+08:00</begin>
          <end>2021-01-04T06:52:31+08:00</end>
        </TimeSpan>
        <Style>
          <IconStyle>
            <color>FF00FFFF</color>
            <scale>0.9</scale>
            <Icon>
              <href>http://maps.google.com/mapfiles/kml/shapes/placemark_circle.png</href>
            </Icon>
          </IconStyle>
        </Style>
        <Point>
          <altitudeMode>clampToGround</altitudeMode>
          <coordinates>114.20269111353583,22.32838907698339, 310.27</coordinates>
        </Point>
      </Placemark>
      <Placemark>
        <TimeSpan>
          <begin>2021-01-04T06:52:31+08:00</begin>
          <end>2021-01-04T06:52:39+08:00</end>
        </TimeSpan>
        <Style>
          <IconStyle>
            <color>FF00FFFF</color>
            <scale>0.9</scale>
            <Icon>
              <href>http://maps.google.com/mapfiles/kml/shapes/placemark_circle.png</href>
            </Icon>
          </IconStyle>
        </Style>
        <Point>
          <altitudeMode>clampToGround</altitudeMode>
          <coordinates>114.20248307210964,22.328447870684425, 311.08</coordinates>
        </Point>
      </Placemark>
      <Placemark>
        <TimeSpan>
          <begin>2021-01-04T06:52:39+08:00</begin>
          <end>2021-01-04T06:52:47+08:00</end>
        </TimeSpan>
        <Style>
          <IconStyle>
            <color>FF00FFFF</color>
            <scale>0.9</scale>
            <Icon>
              <href>http://maps.google.com/mapfiles/kml/shapes/placemark_circle.png</href>
            </Icon>
          </IconStyle>
        </Style>
        <Point>
          <altitudeMode>clampToGround</altitudeMode>
          <coordinates>114.20234520867294,22.32861372818565, 311.2</coordinates>
        </Point>
      </Placemark>
      <Placemark>
        <TimeSpan>
          <begin>2021-01-04T06:52:47+08:00</begin>
          <end>2021-01-04T06:52:55+08:00</end>
        </TimeSpan>
        <Style>
          <IconStyle>
            <color>FF00FFFF</color>
            <scale>0.9</scale>
            <Icon>
              <href>http://maps.google.com/mapfiles/kml/shapes/placemark_circle.png</href>
            </Icon>
          </IconStyle>
        </Style>
        <Point>
          <altitudeMode>clampToGround</altitudeMode>
          <coordinates>114.20221975139287,22.328789836501283, 311.2</coordinates>
        </Point>
      </Placemark>
      <Placemark>
        <TimeSpan>
          <begin>2021-01-04T06:52:55+08:00</begin>
          <end>2021-01-04T06:53:03+08:00</end>
        </TimeSpan>
        <Style>
          <IconStyle>
            <color>FF00FFFF</color>
            <scale>0.9</scale>
            <Icon>
              <href>http://maps.google.com/mapfiles/kml/shapes/placemark_circle.png</href>
            </Icon>
          </IconStyle>
        </Style>
        <Point>
          <altitudeMode>clampToGround</altitudeMode>
          <coordinates>114.20208534305297,22.32895877804707, 311.07</coordinates>
        </Point>
      </Placemark>
      <Placemark>
        <TimeSpan>
          <begin>2021-01-04T06:53:03+08:00</begin>
          <end>2021-01-04T06:53:05+08:00</end>
        </TimeSpan>
        <Style>
          <IconStyle>
            <color>FF00FFFF</color>
            <scale>0.9</scale>
            <Icon>
              <href>http://maps.google.com/mapfiles/kml/shapes/placemark_circle.png</href>
            </Icon>
          </IconStyle>
        </Style>
        <Point>
          <altitudeMode>clampToGround</altitudeMode>
          <coordinates>114.20190715285996,22.329089315188117, 310.84</coordinates>
        </Point>
      </Placemark>
      <Placemark>
        <TimeSpan>
          <begin>2021-01-04T06:53:05+08:00</begin>
          <end>2021-01-04T06:53:13+08:00</end>
        </TimeSpan>
        <Style>
          <IconStyle>
            <color>FF00FFFF</color>
            <scale>0.9</scale>
            <Icon>
              <href>http://maps.google.com/mapfiles/kml/shapes/placemark_circle.png</href>
            </Icon>
          </IconStyle>
        </Style>
        <Point>
          <altitudeMode>clampToGround</altitudeMode>
          <coordinates>114.20186285312974,22.329119894391578, 310.8</coordinates>
        </Point>
      </Placemark>
      <Placemark>
        <TimeSpan>
          <begin>2021-01-04T06:53:13+08:00</begin>
          <end>2021-01-04T06:53:21+08:00</end>
        </TimeSpan>
        <Style>
          <IconStyle>
            <color>FF00FFFF</color>
            <scale>0.9</scale>
            <Icon>
              <href>http://maps.google.com/mapfiles/kml/shapes/placemark_circle.png</href>
            </Icon>
          </IconStyle>
        </Style>
        <Point>
          <altitudeMode>clampToGround</altitudeMode>
          <coordinates>114.20174122923123,22.329288935742703, 310.41</coordinates>
        </Point>
      </Placemark>
      <Placemark>
        <TimeSpan>
          <begin>2021-01-04T06:53:21+08:00</begin>
          <end>2021-01-04T06:53:29+08:00</end>
        </TimeSpan>
        <Style>
          <IconStyle>
            <color>FF00FFFF</color>
            <scale>0.9</scale>
            <Icon>
              <href>http://maps.google.com/mapfiles/kml/shapes/placemark_circle.png</href>
            </Icon>
          </IconStyle>
        </Style>
        <Point>
          <altitudeMode>clampToGround</altitudeMode>
          <coordinates>114.20157047137995,22.32941486736168, 310.17</coordinates>
        </Point>
      </Placemark>
      <Placemark>
        <TimeSpan>
          <begin>2021-01-04T06:53:29+08:00</begin>
          <end>2021-01-04T06:53:37+08:00</end>
        </TimeSpan>
        <Style>
          <IconStyle>
            <color>FF00FFFF</color>
            <scale>0.9</scale>
            <Icon>
              <href>http://maps.google.com/mapfiles/kml/shapes/placemark_circle.png</href>
            </Icon>
          </IconStyle>
        </Style>
        <Point>
          <altitudeMode>clampToGround</altitudeMode>
          <coordinates>114.20140450816574,22.329564948755657, 310.8</coordinates>
        </Point>
      </Placemark>
      <Placemark>
        <TimeSpan>
          <begin>2021-01-04T06:53:37+08:00</begin>
          <end>2021-01-04T06:53:45+08:00</end>
        </TimeSpan>
        <Style>
          <IconStyle>
            <color>FF00FFFF</color>
            <scale>0.9</scale>
            <Icon>
              <href>http://maps.google.com/mapfiles/kml/shapes/placemark_circle.png</href>
            </Icon>
          </IconStyle>
        </Style>
        <Point>
          <altitudeMode>clampToGround</altitudeMode>
          <coordinates>114.20130175932394,22.329759821274244, 310.6</coordinates>
        </Point>
      </Placemark>
      <Placemark>
        <TimeSpan>
          <begin>2021-01-04T06:53:45+08:00</begin>
          <end>2021-01-04T06:53:53+08:00</end>
        </TimeSpan>
        <Style>
          <IconStyle>
            <color>FF00FFFF</color>
            <scale>0.9</scale>
            <Icon>
              <href>http://maps.google.com/mapfiles/kml/shapes/placemark_circle.png</href>
            </Icon>
          </IconStyle>
        </Style>
        <Point>
          <altitudeMode>clampToGround</altitudeMode>
          <coordinates>114.20124926869758,22.329972032447273, 310.6</coordinates>
        </Point>
      </Placemark>
      <Placemark>
        <TimeSpan>
          <begin>2021-01-04T06:53:53+08:00</begin>
          <end>2021-01-04T06:54:01+08:00</end>
        </TimeSpan>
        <Style>
          <IconStyle>
            <color>FF00FFFF</color>
            <scale>0.9</scale>
            <Icon>
              <href>http://maps.google.com/mapfiles/kml/shapes/placemark_circle.png</href>
            </Icon>
          </IconStyle>
        </Style>
        <Point>
          <altitudeMode>clampToGround</altitudeMode>
          <coordinates>114.20110129180968,22.3301197011117, 310.6</coordinates>
        </Point>
      </Placemark>
      <Placemark>
        <TimeSpan>
          <begin>2021-01-04T06:54:01+08:00</begin>
          <end>2021-01-04T06:54:09+08:00</end>
        </TimeSpan>
        <Style>
          <IconStyle>
            <color>FF00FFFF</color>
            <scale>0.9</scale>
            <Icon>
              <href>http://maps.google.com/mapfiles/kml/shapes/placemark_circle.png</href>
            </Icon>
          </IconStyle>
        </Style>
        <Point>
          <altitudeMode>clampToGround</altitudeMode>
          <coordinates>114.20096078312135,22.330282043643596, 310.6</coordinates>
        </Point>
      </Placemark>
      <Placemark>
        <TimeSpan>
          <begin>2021-01-04T06:54:09+08:00</begin>
          <end>2021-01-04T06:54:17+08:00</end>
        </TimeSpan>
        <Style>
          <IconStyle>
            <color>FF00FFFF</color>
            <scale>0.9</scale>
            <Icon>
              <href>http://maps.google.com/mapfiles/kml/shapes/placemark_circle.png</href>
            </Icon>
          </IconStyle>
        </Style>
        <Point>
          <altitudeMode>clampToGround</altitudeMode>
          <coordinates>114.20075527359178,22.33037085672745, 310.4</coordinates>
        </Point>
      </Placemark>
      <Placemark>
        <TimeSpan>
          <begin>2021-01-04T06:54:17+08:00</begin>
          <end>2021-01-04T06:54:25+08:00</end>
        </TimeSpan>
        <Style>
          <IconStyle>
            <color>FF00FFFF</color>
            <scale>0.9</scale>
            <Icon>
              <href>http://maps.google.com/mapfiles/kml/shapes/placemark_circle.png</href>
            </Icon>
          </IconStyle>
        </Style>
        <Point>
          <altitudeMode>clampToGround</altitudeMode>
          <coordinates>114.20052003576615,22.33039105699429, 310.44</coordinates>
        </Point>
      </Placemark>
      <Placemark>
        <TimeSpan>
          <begin>2021-01-04T06:54:25+08:00</begin>
          <end>2021-01-04T06:54:33+08:00</end>
        </TimeSpan>
        <Style>
          <IconStyle>
            <color>FF00FFFF</color>
            <scale>0.9</scale>
            <Icon>
              <href>http://maps.google.com/mapfiles/kml/shapes/placemark_circle.png</href>
            </Icon>
          </IconStyle>
        </Style>
        <Point>
          <altitudeMode>clampToGround</altitudeMode>
          <coordinates>114.20030261891834,22.330477058424133, 310.82</coordinates>
        </Point>
      </Placemark>
      <Placemark>
        <TimeSpan>
          <begin>2021-01-04T06:54:33+08:00</begin>
          <end>2021-01-04T06:54:41+08:00</end>
        </TimeSpan>
        <Style>
          <IconStyle>
            <color>FF00FFFF</color>
            <scale>0.9</scale>
            <Icon>
              <href>http://maps.google.com/mapfiles/kml/shapes/placemark_circle.png</href>
            </Icon>
          </IconStyle>
        </Style>
        <Point>
          <altitudeMode>clampToGround</altitudeMode>
          <coordinates>114.20025409286802,22.330580760908052, 311.17</coordinates>
        </Point>
      </Placemark>
      <Placemark>
        <TimeSpan>
          <begin>2021-01-04T06:54:41+08:00</begin>
          <end>2021-01-04T06:54:49+08:00</end>
        </TimeSpan>
        <Style>
          <IconStyle>
            <color>FF00FFFF</color>
            <scale>0.9</scale>
            <Icon>
              <href>http://maps.google.com/mapfiles/kml/shapes/placemark_circle.png</href>
            </Icon>
          </IconStyle>
        </Style>
        <Point>
          <altitudeMode>clampToGround</altitudeMode>
          <coordinates>114.20042457064774,22.330641330166188, 310.6</coordinates>
        </Point>
      </Placemark>
      <Placemark>
        <TimeSpan>
          <begin>2021-01-04T06:54:49+08:00</begin>
          <end>2021-01-04T06:54:50+08:00</end>
        </TimeSpan>
        <Style>
          <IconStyle>
            <color>FF00FFFF</color>
            <scale>0.9</scale>
            <Icon>
              <href>http://maps.google.com/mapfiles/kml/shapes/placemark_circle.png</href>
            </Icon>
          </IconStyle>
        </Style>
        <Point>
          <altitudeMode>clampToGround</altitudeMode>
          <coordinates>114.20032710072795,22.330550064772105, 310.79</coordinates>
        </Point>
      </Placemark>
      <Placemark>
        <TimeSpan>
          <begin>2021-01-04T06:54:50+08:00</begin>
          <end>2021-01-04T06:54:58+08:00</end>
        </TimeSpan>
        <Style>
          <IconStyle>
            <color>FF00FFFF</color>
            <scale>0.9</scale>
            <Icon>
              <href>http://maps.google.com/mapfiles/kml/shapes/placemark_circle.png</href>
            </Icon>
          </IconStyle>
        </Style>
        <Point>
          <altitudeMode>clampToGround</altitudeMode>
          <coordinates>114.20032975686951,22.330556254307663, 310.8</coordinates>
        </Point>
      </Placemark>
      <Placemark>
        <TimeSpan>
          <begin>2021-01-04T06:54:58+08:00</begin>
          <end>2021-01-04T06:55:06+08:00</end>
        </TimeSpan>
        <Style>
          <IconStyle>
            <color>FF00FFFF</color>
            <scale>0.9</scale>
            <Icon>
              <href>http://maps.google.com/mapfiles/kml/shapes/placemark_circle.png</href>
            </Icon>
          </IconStyle>
        </Style>
        <Point>
          <altitudeMode>clampToGround</altitudeMode>
          <coordinates>114.20032026284896,22.330714945242562, 310.62</coordinates>
        </Point>
      </Placemark>
      <Placemark>
        <TimeSpan>
          <begin>2021-01-04T06:55:06+08:00</begin>
          <end>2021-01-04T06:55:14+08:00</end>
        </TimeSpan>
        <Style>
          <IconStyle>
            <color>FF00FFFF</color>
            <scale>0.9</scale>
            <Icon>
              <href>http://maps.google.com/mapfiles/kml/shapes/placemark_circle.png</href>
            </Icon>
          </IconStyle>
        </Style>
        <Point>
          <altitudeMode>clampToGround</altitudeMode>
          <coordinates>114.20041038709267,22.330549001357586, 310.99</coordinates>
        </Point>
      </Placemark>
      <Placemark>
        <TimeSpan>
          <begin>2021-01-04T06:55:14+08:00</begin>
          <end>2021-01-04T06:55:22+08:00</end>
        </TimeSpan>
        <Style>
          <IconStyle>
            <color>FF00FFFF</color>
            <scale>0.9</scale>
            <Icon>
              <href>http://maps.google.com/mapfiles/kml/shapes/placemark_circle.png</href>
            </Icon>
          </IconStyle>
        </Style>
        <Point>
          <altitudeMode>clampToGround</altitudeMode>
          <coordinates>114.20039470041357,22.330336648271793, 311.07</coordinates>
        </Point>
      </Placemark>
      <Placemark>
        <TimeSpan>
          <begin>2021-01-04T06:55:22+08:00</begin>
          <end>2021-01-04T06:55:30+08:00</end>
        </TimeSpan>
        <Style>
          <IconStyle>
            <color>FF00FFFF</color>
            <scale>0.9</scale>
            <Icon>
              <href>http://maps.google.com/mapfiles/kml/shapes/placemark_circle.png</href>
            </Icon>
          </IconStyle>
        </Style>
        <Point>
          <altitudeMode>clampToGround</altitudeMode>
          <coordinates>114.20037257754507,22.330126326019997, 311.13</coordinates>
        </Point>
      </Placemark>
      <Placemark>
        <TimeSpan>
          <begin>2021-01-04T06:55:30+08:00</begin>
          <end>2021-01-04T06:55:38+08:00</end>
        </TimeSpan>
        <Style>
          <IconStyle>
            <color>FF00FFFF</color>
            <scale>0.9</scale>
            <Icon>
              <href>http://maps.google.com/mapfiles/kml/shapes/placemark_circle.png</href>
            </Icon>
          </IconStyle>
        </Style>
        <Point>
          <altitudeMode>clampToGround</altitudeMode>
          <coordinates>114.20035547699993,22.329916347550125, 311.2</coordinates>
        </Point>
      </Placemark>
      <Placemark>
        <TimeSpan>
          <begin>2021-01-04T06:55:38+08:00</begin>
          <end>2021-01-04T06:55:46+08:00</end>
        </TimeSpan>
        <Style>
          <IconStyle>
            <color>FF00FFFF</color>
            <scale>0.9</scale>
            <Icon>
              <href>http://maps.google.com/mapfiles/kml/shapes/placemark_circle.png</href>
            </Icon>
          </IconStyle>
        </Style>
        <Point>
          <altitudeMode>clampToGround</altitudeMode>
          <coordinates>114.20054595732964,22.32979432798212, 311.17</coordinates>
        </Point>
      </Placemark>
      <Placemark>
        <TimeSpan>
          <begin>2021-01-04T06:55:46+08:00</begin>
          <end>2021-01-04T06:55:54+08:00</end>
        </TimeSpan>
        <Style>
          <IconStyle>
            <color>FF00FFFF</color>
            <scale>0.9</scale>
            <Icon>
              <href>http://maps.google.com/mapfiles/kml/shapes/placemark_circle.png</href>
            </Icon>
          </IconStyle>
        </Style>
        <Point>
          <altitudeMode>clampToGround</altitudeMode>
          <coordinates>114.20071951091394,22.329648649048206, 311.03</coordinates>
        </Point>
      </Placemark>
      <Placemark>
        <TimeSpan>
          <begin>2021-01-04T06:55:54+08:00</begin>
          <end>2021-01-04T06:56:02+08:00</end>
        </TimeSpan>
        <Style>
          <IconStyle>
            <color>FF00FFFF</color>
            <scale>0.9</scale>
            <Icon>
              <href>http://maps.google.com/mapfiles/kml/shapes/placemark_circle.png</href>
            </Icon>
          </IconStyle>
        </Style>
        <Point>
          <altitudeMode>clampToGround</altitudeMode>
          <coordinates>114.20076250995533,22.329445380826577, 310.89</coordinates>
        </Point>
      </Placemark>
      <Placemark>
        <TimeSpan>
          <begin>2021-01-04T06:56:02+08:00</begin>
          <end>2021-01-04T06:56:10+08:00</end>
        </TimeSpan>
        <Style>
          <IconStyle>
            <color>FF00FFFF</color>
            <scale>0.9</scale>
            <Icon>
              <href>http://maps.google.com/mapfiles/kml/shapes/placemark_circle.png</href>
            </Icon>
          </IconStyle>
        </Style>
        <Point>
          <altitudeMode>clampToGround</altitudeMode>
          <coordinates>114.20077340499928,22.329227508694036, 310.75</coordinates>
        </Point>
      </Placemark>
      <Placemark>
        <TimeSpan>
          <begin>2021-01-04T06:56:10+08:00</begin>
          <end>2021-01-04T06:56:18+08:00</end>
        </TimeSpan>
        <Style>
          <IconStyle>
            <color>FF00FFFF</color>
            <scale>0.9</scale>
            <Icon>
              <href>http://maps.google.com/mapfiles/kml/shapes/placemark_circle.png</href>
            </Icon>
          </IconStyle>
        </Style>
        <Point>
          <altitudeMode>clampToGround</altitudeMode>
          <coordinates>114.20078433044941,22.329009028518648, 310.62</coordinates>
        </Point>
      </Placemark>
      <Placemark>
        <TimeSpan>
          <begin>2021-01-04T06:56:18+08:00</begin>
          <end>2021-01-04T06:56:26+08:00</end>
        </TimeSpan>
        <Style>
          <IconStyle>
            <color>FF00FFFF</color>
            <scale>0.9</scale>
            <Icon>
              <href>http://maps.google.com/mapfiles/kml/shapes/placemark_circle.png</href>
            </Icon>
          </IconStyle>
        </Style>
        <Point>
          <altitudeMode>clampToGround</altitudeMode>
          <coordinates>114.20095786724536,22.3290713674578, 310.29</coordinates>
        </Point>
      </Placemark>
      <Placemark>
        <TimeSpan>
          <begin>2021-01-04T06:56:26+08:00</begin>
          <end>2021-01-04T06:56:34+08:00</end>
        </TimeSpan>
        <Style>
          <IconStyle>
            <color>FF00FFFF</color>
            <scale>0.9</scale>
            <Icon>
              <href>http://maps.google.com/mapfiles/kml/shapes/placemark_circle.png</href>
            </Icon>
          </IconStyle>
        </Style>
        <Point>
          <altitudeMode>clampToGround</altitudeMode>
          <coordinates>114.20117457226938,22.32899246406069, 310.62</coordinates>
        </Point>
      </Placemark>
      <Placemark>
        <TimeSpan>
          <begin>2021-01-04T06:56:34+08:00</begin>
          <end>2021-01-04T06:56:42+08:00</end>
        </TimeSpan>
        <Style>
          <IconStyle>
            <color>FF00FFFF</color>
            <scale>0.9</scale>
            <Icon>
              <href>http://maps.google.com/mapfiles/kml/shapes/placemark_circle.png</href>
            </Icon>
          </IconStyle>
        </Style>
        <Point>
          <altitudeMode>clampToGround</altitudeMode>
          <coordinates>114.20133506404403,22.328849655172004, 310.77</coordinates>
        </Point>
      </Placemark>
      <Placemark>
        <TimeSpan>
          <begin>2021-01-04T06:56:42+08:00</begin>
          <end>2021-01-04T06:56:50+08:00</end>
        </TimeSpan>
        <Style>
          <IconStyle>
            <color>FF00FFFF</color>
            <scale>0.9</scale>
            <Icon>
              <href>http://maps.google.com/mapfiles/kml/shapes/placemark_circle.png</href>
            </Icon>
          </IconStyle>
        </Style>
        <Point>
          <altitudeMode>clampToGround</altitudeMode>
          <coordinates>114.20125259394274,22.32866551961305, 309.71</coordinates>
        </Point>
      </Placemark>
      <Placemark>
        <TimeSpan>
          <begin>2021-01-04T06:56:50+08:00</begin>
          <end>2021-01-04T06:56:58+08:00</end>
        </TimeSpan>
        <Style>
          <IconStyle>
            <color>FF00FFFF</color>
            <scale>0.9</scale>
            <Icon>
              <href>http://maps.google.com/mapfiles/kml/shapes/placemark_circle.png</href>
            </Icon>
          </IconStyle>
        </Style>
        <Point>
          <altitudeMode>clampToGround</altitudeMode>
          <coordinates>114.20119667305742,22.32850094594917, 309.92</coordinates>
        </Point>
      </Placemark>
      <Placemark>
        <TimeSpan>
          <begin>2021-01-04T06:56:58+08:00</begin>
          <end>2021-01-04T06:57:06+08:00</end>
        </TimeSpan>
        <Style>
          <IconStyle>
            <color>FF00FFFF</color>
            <scale>0.9</scale>
            <Icon>
              <href>http://maps.google.com/mapfiles/kml/shapes/placemark_circle.png</href>
            </Icon>
          </IconStyle>
        </Style>
        <Point>
          <altitudeMode>clampToGround</altitudeMode>
          <coordinates>114.20105928769966,22.32852311585308, 310.05</coordinates>
        </Point>
      </Placemark>
      <Placemark>
        <TimeSpan>
          <begin>2021-01-04T06:57:06+08:00</begin>
          <end>2021-01-04T06:57:14+08:00</end>
        </TimeSpan>
        <Style>
          <IconStyle>
            <color>FF00FFFF</color>
            <scale>0.9</scale>
            <Icon>
              <href>http://maps.google.com/mapfiles/kml/shapes/placemark_circle.png</href>
            </Icon>
          </IconStyle>
        </Style>
        <Point>
          <altitudeMode>clampToGround</altitudeMode>
          <coordinates>114.20105218408278,22.328733467511714, 310.22</coordinates>
        </Point>
      </Placemark>
      <Placemark>
        <TimeSpan>
          <begin>2021-01-04T06:57:14+08:00</begin>
          <end>2021-01-04T06:57:22+08:00</end>
        </TimeSpan>
        <Style>
          <IconStyle>
            <color>FF00FFFF</color>
            <scale>0.9</scale>
            <Icon>
              <href>http://maps.google.com/mapfiles/kml/shapes/placemark_circle.png</href>
            </Icon>
          </IconStyle>
        </Style>
        <Point>
          <altitudeMode>clampToGround</altitudeMode>
          <coordinates>114.20118733376582,22.328906474288356, 310.51</coordinates>
        </Point>
      </Placemark>
      <Placemark>
        <TimeSpan>
          <begin>2021-01-04T06:57:22+08:00</begin>
          <end>2021-01-04T06:57:30+08:00</end>
        </TimeSpan>
        <Style>
          <IconStyle>
            <color>FF00FFFF</color>
            <scale>0.9</scale>
            <Icon>
              <href>http://maps.google.com/mapfiles/kml/shapes/placemark_circle.png</href>
            </Icon>
          </IconStyle>
        </Style>
        <Point>
          <altitudeMode>clampToGround</altitudeMode>
          <coordinates>114.20140223420003,22.328973287702162, 310.4</coordinates>
        </Point>
      </Placemark>
      <Placemark>
        <TimeSpan>
          <begin>2021-01-04T06:57:30+08:00</begin>
          <end>2021-01-04T06:57:38+08:00</end>
        </TimeSpan>
        <Style>
          <IconStyle>
            <color>FF00FFFF</color>
            <scale>0.9</scale>
            <Icon>
              <href>http://maps.google.com/mapfiles/kml/shapes/placemark_circle.png</href>
            </Icon>
          </IconStyle>
        </Style>
        <Point>
          <altitudeMode>clampToGround</altitudeMode>
          <coordinates>114.20153671449883,22.328788835328346, 309.78</coordinates>
        </Point>
      </Placemark>
      <Placemark>
        <TimeSpan>
          <begin>2021-01-04T06:57:38+08:00</begin>
          <end>2021-01-04T06:57:46+08:00</end>
        </TimeSpan>
        <Style>
          <IconStyle>
            <color>FF00FFFF</color>
            <scale>0.9</scale>
            <Icon>
              <href>http://maps.google.com/mapfiles/kml/shapes/placemark_circle.png</href>
            </Icon>
          </IconStyle>
        </Style>
        <Point>
          <altitudeMode>clampToGround</altitudeMode>
          <coordinates>114.20164432079653,22.328589902465627, 309.46</coordinates>
        </Point>
      </Placemark>
      <Placemark>
        <TimeSpan>
          <begin>2021-01-04T06:57:46+08:00</begin>
          <end>2021-01-04T06:57:54+08:00</end>
        </TimeSpan>
        <Style>
          <IconStyle>
            <color>FF00FFFF</color>
            <scale>0.9</scale>
            <Icon>
              <href>http://maps.google.com/mapfiles/kml/shapes/placemark_circle.png</href>
            </Icon>
          </IconStyle>
        </Style>
        <Point>
          <altitudeMode>clampToGround</altitudeMode>
          <coordinates>114.20177758512891,22.328405789048674, 309.6</coordinates>
        </Point>
      </Placemark>
      <Placemark>
        <TimeSpan>
          <begin>2021-01-04T06:57:54+08:00</begin>
          <end>2021-01-04T06:58:02+08:00</end>
        </TimeSpan>
        <Style>
          <IconStyle>
            <color>FF00FFFF</color>
            <scale>0.9</scale>
            <Icon>
              <href>http://maps.google.com/mapfiles/kml/shapes/placemark_circle.png</href>
            </Icon>
          </IconStyle>
        </Style>
        <Point>
          <altitudeMode>clampToGround</altitudeMode>
          <coordinates>114.20194366665329,22.328334669807063, 309.58</coordinates>
        </Point>
      </Placemark>
      <Placemark>
        <TimeSpan>
          <begin>2021-01-04T06:58:02+08:00</begin>
          <end>2021-01-04T06:58:10+08:00</end>
        </TimeSpan>
        <Style>
          <IconStyle>
            <color>FF00FFFF</color>
            <scale>0.9</scale>
            <Icon>
              <href>http://maps.google.com/mapfiles/kml/shapes/placemark_circle.png</href>
            </Icon>
          </IconStyle>
        </Style>
        <Point>
          <altitudeMode>clampToGround</altitudeMode>
          <coordinates>114.20211855993864,22.328263712495552, 310.07</coordinates>
        </Point>
      </Placemark>
      <Placemark>
        <TimeSpan>
          <begin>2021-01-04T06:58:10+08:00</begin>
          <end>2021-01-04T06:58:14+08:00</end>
        </TimeSpan>
        <Style>
          <IconStyle>
            <color>FF00FFFF</color>
            <scale>0.9</scale>
            <Icon>
              <href>http://maps.google.com/mapfiles/kml/shapes/placemark_circle.png</href>
            </Icon>
          </IconStyle>
        </Style>
        <Point>
          <altitudeMode>clampToGround</altitudeMode>
          <coordinates>114.20234754218237,22.328231991216494, 310.11</coordinates>
        </Point>
      </Placemark>
    </Folder>
  </Folder>
</kml>
