<?xml version="1.0" encoding="UTF-8"?>
<kml
  xsi:schemaLocation="http://earth.google.com/kml/2.1 http://earth.google.com/kml2.1.xsd"
  xmlns:xsi="http://www.w3.org/2001/XMLSchema-instance" xmlns="http://earth.google.com/kml/2.1">
  <Folder>
    <name>Running</name>
    <description>ROUTE RECONSTRUCTED: no GPS was recorded for this activity. Coordinates were projected from the accelerometer distance onto the GPS track of activity 6188052022 (2021-01-27) using mode "scale". Generated by 06_RepairMissingRoutes.py.</description>
    <Placemark>
      <name>Track</name>
      <Style>
        <LineStyle>
          <color>FF0000FF</color>
          <width>3.0</width>
        </LineStyle>
      </Style>
      <LineString>
        <extrude>false</extrude>
        <tessellate>true</tessellate>
        <altitudeMode>clampToGround</altitudeMode>
        <coordinates>114.20833409516086,22.328436735728182 114.20821999658979,22.328280515979205 114.2081909040616,22.3284782385484 114.20811969411163,22.328675508438373 114.20809430296721,22.328887804005152 114.20806839924795,22.32910521845607 114.20806271026204,22.329187228489957 114.20807120056244,22.329402119709908 114.20810696146297,22.32961186749011 114.20811013973073,22.329822838052937 114.20809196252426,22.330031561114556 114.20805941414703,22.330237916104565 114.20796525239814,22.33041662277351 114.20779191668186,22.330537471270034 114.20760964905254,22.330654852132355 114.20740778781847,22.330671011715516 114.2072164981159,22.33077794732419 114.20705198455153,22.33092015128883 114.20693366663234,22.331031336919533 114.20681980260714,22.331208985220762 114.20663779913441,22.331328040081765 114.2064574002727,22.33143086218207 114.2063350004373,22.331330883081826 114.20615858972675,22.331282713566246 114.20596330663554,22.331381280642898 114.20575399672369,22.331453911197343 114.20558837178767,22.331331597659958 114.20544097655194,22.33117026547643 114.20525681835701,22.331113517842418 114.20508297198782,22.331242155008876 114.20488242780841,22.331306579880938 114.2046857091103,22.331226363341734 114.20449779753763,22.33113366649572 114.20448727442516,22.33127931657625 114.20452861372691,22.331486480294387 114.20454484734154,22.331702082571436 114.20454074199722,22.331782741947475 114.20451528478186,22.331995235153084 114.20448761335851,22.33220978092207 114.20446025781865,22.332421877541176 114.20442236116646,22.332631810392098 114.20437658160176,22.332841372438544 114.20441147025373,22.33290778180957 114.20453075267041,22.333086978625293 114.20457146272504,22.33330210876896 114.20459730830417,22.33351871704863 114.20458934853231,22.333737815270915 114.2045852356621,22.33376517694048 114.20458253085246,22.33398515867353 114.20459167189165,22.33420588389429 114.20459254142479,22.334370921915337 114.20459803498993,22.33458866774709 114.20457305890343,22.334801838374403 114.2044986539843,22.334887338629247 114.20428532836333,22.334806449914225 114.20417525190024,22.334616197394357 114.20413452192255,22.334576598804947 114.20395545583894,22.334591674059475 114.20377466079552,22.334731377844882 114.20363387188348,22.334832948152844 114.20347607289358,22.334995622623158 114.20330793335404,22.335150883627996 114.20309791646594,22.335133133725364 114.20301200303264,22.334940587376792 114.20283691658359,22.334830944416908 114.20272891832552,22.334719267427438 114.20253426797953,22.334730696658433 114.20230660616306,22.334785986139707 114.20207430940705,22.334819633379198 114.20185918506667,22.334739070316324 114.20178876232221,22.33475189341308 114.20180029806407,22.334926483197147 114.20157234982698,22.334884699485187 114.20134201187642,22.33485751797162 114.20119906905742,22.334840649704084 114.2011062731614,22.334818709111307 114.20099014379115,22.334667868436522 114.20079532406982,22.334564622268758 114.200577998551,22.334496742218597 114.20039935892451,22.334403157027676 114.20027669376877,22.33432974717467 114.200226271108,22.334157485021652 114.20037510748867,22.333990599378033 114.20051184098918,22.33381629427727 114.20064752247926,22.333641044560398 114.2007750709594,22.33346201464003 114.20091938651879,22.333296268742096 114.20104132769416,22.33311896684325 114.20082930455655,22.33308674521975 114.20060163083012,22.33306219911044 114.20037353291355,22.333037607268064 114.20014469395743,22.33301293553225 114.1999181854607,22.33298851504945 114.19969231195597,22.332964163026826 114.19946739287911,22.332939913903605 114.19924374059607,22.332956468851744 114.19901997181687,22.333001960551112 114.19879547564449,22.33304760012791 114.19857191669024,22.333093049170326 114.19854420580758,22.333098682731666 114.19832210418302,22.333143835502167 114.19809790679268,22.33319470757878 114.19791389358896,22.333339142053084 114.19781486305284,22.33351758145158 114.1977038984761,22.333717524349016 114.19760062644485,22.33391430508907 114.1974901623215,22.333928590355228 114.19746281043015,22.333882602163417 114.19745283667363,22.333865832755308 114.19736538469948,22.33368327037768 114.19722350545875,22.333533446279226 114.19709653601878,22.33337341345357 114.19716745002994,22.33323739786527 114.19724849652489,22.333035224455692 114.19728706466395,22.332904654913545 114.19743386080275,22.33274080448857 114.19749609817303,22.33256779181464 114.19745729344287,22.33237520724865 114.19725618821127,22.332368956240476 114.19701780651201,22.332352616127668 114.19680340143998,22.332266121634245 114.19674933151542,22.332134320124347 114.19683827153469,22.331935755354635 114.19700542821727,22.331781146846396 114.19719028300483,22.33165035948988 114.19738820370611,22.331695727794635 114.19757562063246,22.33181548613292 114.19776656617279,22.331783739176974 114.19796554386102,22.33171634751095 114.19812575974932,22.331677614849948 114.19827510911072,22.33167294539201 114.19829579067435,22.331884423084034 114.19830161542956,22.331991036189606 114.19837564726657,22.33218699649482 114.1985406043059,22.332336795974015 114.19868696099388,22.332421293631647 114.19891103946286,22.332478794155474 114.19914478697451,22.332510089737585 114.19917337312663,22.332516996623866 114.19940080974764,22.3325674018312 114.19960091745743,22.332602708311864 114.19971537697458,22.332619155355616 114.19983484255997,22.332781978330722 114.19992937577427,22.332980639226804 114.19996495476445,22.33305540822861 114.20005970198773,22.33325451886305 114.20014177442522,22.333426993522853 114.2002355774913,22.333624120017486 114.20032955155473,22.333821605861882 114.2004233976324,22.334018822745104 114.20051672757081,22.334214954965233 114.2005872403771,22.334363137139974 114.20067614504494,22.33453628173929 114.20068996736883,22.33432278746079 114.20071558994024,22.334116867301773 114.2006078717253,22.333924701460184 114.20049734945765,22.333734778597083 114.20030953668224,22.333640148790384 114.20008267991717,22.333598184216566 114.20011128685971,22.333565708339034 114.20015486600902,22.333766948555688 114.20034939347573,22.333826462128275 114.20055744992393,22.333727348801464 114.20073147855403,22.33357447208315 114.20093221570082,22.333455835908993 114.20106127235066,22.333538761221707 114.20122098356218,22.333618980389332 114.20144169223832,22.33362872526915 114.20164019618682,22.33373068144017 114.20178659896206,22.333890045213618 114.20185929831078,22.334005076331664 114.20197275185869,22.334190216976133 114.20209795793367,22.33437037031577 114.20220715987531,22.334559575156327 114.20232063622903,22.33474436650767 114.20246294308048,22.334914682827044 114.20264673369086,22.33502753011962 114.2028386371136,22.334961169357957 114.20303827444181,22.334952218561 114.20323539184395,22.33492175945538 114.20340593430163,22.33478031648442 114.20352037447988,22.334594678207143 114.2036366081695,22.3344114951113 114.2038472433851,22.334432147235365 114.20406611312228,22.33449162230164 114.20427699720231,22.334439388719304 114.2044026050447,22.334264079416755 114.20438701452201,22.334051734686188 114.2043605265134,22.333886782947353 114.20453196377532,22.33389298494665 114.20456291759857,22.333838074710794 114.2044669643293,22.333667943093996 114.20459240666631,22.33348849007884 114.20471423361404,22.333307282923617 114.20475756920371,22.333102473624127 114.20471265551005,22.332895800746797 114.2046194212843,22.332703151000842 114.20454096481836,22.33252206644791 114.20454875363782,22.332496318769152 114.20456433127671,22.332444823411638 114.20467489422465,22.332260212572606 114.20473484589465,22.33205829259054 114.20490645121797,22.331933080855087 114.20511079008847,22.331829007157495 114.20519396352285,22.331633631231778 114.20528369022772,22.331446340516706 114.20513085366743,22.33129208473829 114.20497265574699,22.331146660013804 114.20483989734144,22.330982059337614 114.20473854374605,22.330797528177243 114.20461471362385,22.330623119976867 114.20449389681136,22.330445856435663 114.2044009819047,22.3302556724105 114.2043302519549,22.3300584107939 114.20452749309243,22.329962312724653 114.2046981975997,22.329827939899626 114.204841759373,22.329664728470107 114.20483096527904,22.32946424679366 114.2047498530689,22.32926850102051 114.20469653822374,22.329064649188467 114.20464401126142,22.328860549588565 114.20457960918353,22.32866034256819 114.20446636470494,22.328477884957714 114.20434655567428,22.32829818897625 114.20431207829324,22.32825563390281 114.20417801898503,22.32808418655501 114.20406292942899,22.327902169308192 114.20391835952856,22.327741571390515 114.20376483076194,22.327589642141387 114.20355552362295,22.32767374499551 114.20339458570899,22.327825074586375 114.20322419396288,22.32796540877537 114.20302741165563,22.3280709638251 114.20284613311655,22.328187798640947 114.20272151184396,22.328362419399706 114.20251125521332,22.328429572467467 114.20236418449667,22.328587382155902 114.2022373857211,22.328764832414365 114.20210307525164,22.32893827853275 114.20192999376403,22.32907561285573 114.2017719104688,22.32922855562961 114.20162596709744,22.329383780756526 114.20144605927484,22.32952413884218 114.20132207038094,22.329705494549227 114.20126178852367,22.329912332644987 114.20116108587538,22.330086640129053 114.20099054416664,22.330219160832694 114.20096744635823,22.330267964734027 114.20077674645349,22.330365396422795 114.20054668376257,22.33038122949285 114.20033367762068,22.330462769495835 114.2002154729938,22.33057594814363 114.20039808578701,22.330605135670194 114.200348705208,22.33059552914499 114.20037473259842,22.3306815476516 114.20034334536697,22.330596041964217 114.20040305736642,22.330416097875652 114.200380571311,22.330202322803697 114.20035804389961,22.329988154560134 114.20048264412793,22.32984139880802 114.2006581101214,22.329700188185445 114.20075857774239,22.3295240147098 114.2007693167821,22.329309262250906 114.20077997207723,22.32909618446273 114.20085832779283,22.329056452656133 114.20107868152216,22.32903554580576 114.20127511832798,22.328930178891643 114.20131905372229,22.328759867920283 114.20119485439423,22.32858355080877 114.20118740041873,22.328476343701887 114.20103696033053,22.32859794779301 114.20107921558377,22.328799052651757 114.20123600006892,22.328940454806492 114.20142993329176,22.328940354516387 114.20154874108144,22.32876052639592 114.201658055695,22.328577700851053 114.2017798153293,22.328400601526575 114.201940344787,22.3283395141954 114.20210400022802,22.328262171420338 114.20232656845927,22.328242952494435 114.20245304703712,22.328176852315664</coordinates>
      </LineString>
    </Placemark>
    <Folder>
      <name>Laps</name>
      <description>Laps, start and end splits recorded in the activity.</description>
      <Placemark>
        <name>Start</name>
        <description>ROUTE RECONSTRUCTED: no GPS was recorded for this activity. Coordinates were projected from the accelerometer distance onto the GPS track of activity 6188052022 (2021-01-27) using mode "scale". Generated by 06_RepairMissingRoutes.py.</description>
        <Style>
          <IconStyle>
            <scale>1.3</scale>
            <Icon>
              <href>explore\image\main\icons\kml\grn-play.png</href>
            </Icon>
            <hotSpot x="0.5" xunits="fraction" y="0.0" yunits="fraction"/>
          </IconStyle>
        </Style>
        <Point>
          <coordinates>114.20833409516086, 22.328436735728182</coordinates>
        </Point>
      </Placemark>
      <Placemark>
        <name>Lap 1</name>
        <description>&lt;table width = "320"&gt;&lt;tr&gt;&lt;td&gt;Time:&lt;/td&gt;&lt;td&gt;00:06:15&lt;/td&gt;&lt;/tr&gt;&lt;tr&gt;&lt;td&gt;Distance:&lt;/td&gt;&lt;td&gt;1 Kilometers &lt;/td&gt;&lt;/tr&gt;&lt;tr&gt;&lt;td&gt;Elevation Gain:&lt;/td&gt;&lt;td&gt;0 Meters &lt;/td&gt;&lt;/tr&gt;&lt;tr&gt;&lt;td&gt;Elevation Loss:&lt;/td&gt;&lt;td&gt;0 Meters &lt;/td&gt;&lt;/tr&gt;&lt;tr&gt;&lt;td&gt;Max Speed:&lt;/td&gt;&lt;td&gt;10.11 Kilometers per Hour&lt;/td&gt;&lt;/tr&gt;&lt;/table&gt;</description>
        <Style>
          <IconStyle>
            <scale>1.0</scale>
            <Icon>
              <href>http://maps.google.com/mapfiles/kml/shapes/flag.png</href>
            </Icon>
            <hotSpot x="0.45" xunits="fraction" y="0.0" yunits="fraction"/>
          </IconStyle>
        </Style>
        <Point>
          <coordinates>114.20459264658572,22.33434379039238</coordinates>
        </Point>
      </Placemark>
      <Placemark>
        <name>Lap 2</name>
        <description>&lt;table width = "320"&gt;&lt;tr&gt;&lt;td&gt;Time:&lt;/td&gt;&lt;td&gt;00:06:06&lt;/td&gt;&lt;/tr&gt;&lt;tr&gt;&lt;td&gt;Distance:&lt;/td&gt;&lt;td&gt;1 Kilometers &lt;/td&gt;&lt;/tr&gt;&lt;tr&gt;&lt;td&gt;Elevation Gain:&lt;/td&gt;&lt;td&gt;1 Meters &lt;/td&gt;&lt;/tr&gt;&lt;tr&gt;&lt;td&gt;Elevation Loss:&lt;/td&gt;&lt;td&gt;1 Meters &lt;/td&gt;&lt;/tr&gt;&lt;tr&gt;&lt;td&gt;Max Speed:&lt;/td&gt;&lt;td&gt;10.14 Kilometers per Hour&lt;/td&gt;&lt;/tr&gt;&lt;/table&gt;</description>
        <Style>
          <IconStyle>
            <scale>1.0</scale>
            <Icon>
              <href>http://maps.google.com/mapfiles/kml/shapes/flag.png</href>
            </Icon>
            <hotSpot x="0.45" xunits="fraction" y="0.0" yunits="fraction"/>
          </IconStyle>
        </Style>
        <Point>
          <coordinates>114.19855441474549,22.333096607277103</coordinates>
        </Point>
      </Placemark>
      <Placemark>
        <name>Lap 3</name>
        <description>&lt;table width = "320"&gt;&lt;tr&gt;&lt;td&gt;Time:&lt;/td&gt;&lt;td&gt;00:06:05&lt;/td&gt;&lt;/tr&gt;&lt;tr&gt;&lt;td&gt;Distance:&lt;/td&gt;&lt;td&gt;1 Kilometers &lt;/td&gt;&lt;/tr&gt;&lt;tr&gt;&lt;td&gt;Elevation Gain:&lt;/td&gt;&lt;td&gt;3 Meters &lt;/td&gt;&lt;/tr&gt;&lt;tr&gt;&lt;td&gt;Elevation Loss:&lt;/td&gt;&lt;td&gt;3 Meters &lt;/td&gt;&lt;/tr&gt;&lt;tr&gt;&lt;td&gt;Max Speed:&lt;/td&gt;&lt;td&gt;10.81 Kilometers per Hour&lt;/td&gt;&lt;/tr&gt;&lt;/table&gt;</description>
        <Style>
          <IconStyle>
            <scale>1.0</scale>
            <Icon>
              <href>http://maps.google.com/mapfiles/kml/shapes/flag.png</href>
            </Icon>
            <hotSpot x="0.45" xunits="fraction" y="0.0" yunits="fraction"/>
          </IconStyle>
        </Style>
        <Point>
          <coordinates>114.20058659625208,22.334361783515703</coordinates>
        </Point>
      </Placemark>
      <Placemark>
        <name>Lap 4</name>
        <description>&lt;table width = "320"&gt;&lt;tr&gt;&lt;td&gt;Time:&lt;/td&gt;&lt;td&gt;00:06:07&lt;/td&gt;&lt;/tr&gt;&lt;tr&gt;&lt;td&gt;Distance:&lt;/td&gt;&lt;td&gt;1 Kilometers &lt;/td&gt;&lt;/tr&gt;&lt;tr&gt;&lt;td&gt;Elevation Gain:&lt;/td&gt;&lt;td&gt;0 Meters &lt;/td&gt;&lt;/tr&gt;&lt;tr&gt;&lt;td&gt;Elevation Loss:&lt;/td&gt;&lt;td&gt;1 Meters &lt;/td&gt;&lt;/tr&gt;&lt;tr&gt;&lt;td&gt;Max Speed:&lt;/td&gt;&lt;td&gt;10.18 Kilometers per Hour&lt;/td&gt;&lt;/tr&gt;&lt;/table&gt;</description>
        <Style>
          <IconStyle>
            <scale>1.0</scale>
            <Icon>
              <href>http://maps.google.com/mapfiles/kml/shapes/flag.png</href>
            </Icon>
            <hotSpot x="0.45" xunits="fraction" y="0.0" yunits="fraction"/>
          </IconStyle>
        </Style>
        <Point>
          <coordinates>114.20456309559104,22.33244890824608</coordinates>
        </Point>
      </Placemark>
      <Placemark>
        <name>Lap 5</name>
        <description>&lt;table width = "320"&gt;&lt;tr&gt;&lt;td&gt;Time:&lt;/td&gt;&lt;td&gt;00:06:11&lt;/td&gt;&lt;/tr&gt;&lt;tr&gt;&lt;td&gt;Distance:&lt;/td&gt;&lt;td&gt;1 Kilometers &lt;/td&gt;&lt;/tr&gt;&lt;tr&gt;&lt;td&gt;Elevation Gain:&lt;/td&gt;&lt;td&gt;2 Meters &lt;/td&gt;&lt;/tr&gt;&lt;tr&gt;&lt;td&gt;Elevation Loss:&lt;/td&gt;&lt;td&gt;2 Meters &lt;/td&gt;&lt;/tr&gt;&lt;tr&gt;&lt;td&gt;Max Speed:&lt;/td&gt;&lt;td&gt;10.11 Kilometers per Hour&lt;/td&gt;&lt;/tr&gt;&lt;/table&gt;</description>
        <Style>
          <IconStyle>
            <scale>1.0</scale>
            <Icon>
              <href>http://maps.google.com/mapfiles/kml/shapes/flag.png</href>
            </Icon>
            <hotSpot x="0.45" xunits="fraction" y="0.0" yunits="fraction"/>
          </IconStyle>
        </Style>
        <Point>
          <coordinates>114.20097232323523,22.33025766026621</coordinates>
        </Point>
      </Placemark>
      <Placemark>
        <name>Lap 6</name>
        <description>&lt;table width = "320"&gt;&lt;tr&gt;&lt;td&gt;Time:&lt;/td&gt;&lt;td&gt;00:04:20&lt;/td&gt;&lt;/tr&gt;&lt;tr&gt;&lt;td&gt;Distance:&lt;/td&gt;&lt;td&gt;0.71 Kilometers &lt;/td&gt;&lt;/tr&gt;&lt;tr&gt;&lt;td&gt;Elevation Gain:&lt;/td&gt;&lt;td&gt;0 Meters &lt;/td&gt;&lt;/tr&gt;&lt;tr&gt;&lt;td&gt;Elevation Loss:&lt;/td&gt;&lt;td&gt;0 Meters &lt;/td&gt;&lt;/tr&gt;&lt;tr&gt;&lt;td&gt;Max Speed:&lt;/td&gt;&lt;td&gt;9.87 Kilometers per Hour&lt;/td&gt;&lt;/tr&gt;&lt;/table&gt;</description>
        <Style>
          <IconStyle>
            <scale>1.0</scale>
            <Icon>
              <href>http://maps.google.com/mapfiles/kml/shapes/flag.png</href>
            </Icon>
            <hotSpot x="0.45" xunits="fraction" y="0.0" yunits="fraction"/>
          </IconStyle>
        </Style>
        <Point>
          <coordinates>114.20245304667438,22.32817685250524</coordinates>
        </Point>
      </Placemark>
      <Placemark>
        <name>End</name>
        <description>ROUTE RECONSTRUCTED: no GPS was recorded for this activity. Coordinates were projected from the accelerometer distance onto the GPS track of activity 6188052022 (2021-01-27) using mode "scale". Generated by 06_RepairMissingRoutes.py.</description>
        <Style>
          <IconStyle>
            <scale>1.0</scale>
            <Icon>
              <href>http://maps.google.com/mapfiles/kml/paddle/red-square.png</href>
            </Icon>
            <hotSpot x="0.5" xunits="fraction" y="0.0" yunits="fraction"/>
          </IconStyle>
        </Style>
        <Point>
          <coordinates>114.20245304703712, 22.328176852315664</coordinates>
        </Point>
      </Placemark>
    </Folder>
    <Folder>
      <name>Track Points</name>
      <description>Toggle to enable or disable animation of the activity.</description>
      <Style>
        <ListStyle>
          <listItemType>checkHideChildren</listItemType>
        </ListStyle>
      </Style>
      <Placemark>
        <TimeSpan>
          <begin>2021-01-17T07:08:37+08:00</begin>
          <end>2021-01-17T07:08:49+08:00</end>
        </TimeSpan>
        <Style>
          <IconStyle>
            <color>FF00FFFF</color>
            <scale>0.9</scale>
            <Icon>
              <href>http://maps.google.com/mapfiles/kml/shapes/placemark_circle.png</href>
            </Icon>
          </IconStyle>
        </Style>
        <Point>
          <altitudeMode>clampToGround</altitudeMode>
          <coordinates>114.20833409516086,22.328436735728182, 311.37</coordinates>
        </Point>
      </Placemark>
      <Placemark>
        <TimeSpan>
          <begin>2021-01-17T07:08:49+08:00</begin>
          <end>2021-01-17T07:08:57+08:00</end>
        </TimeSpan>
        <Style>
          <IconStyle>
            <color>FF00FFFF</color>
            <scale>0.9</scale>
            <Icon>
              <href>http://maps.google.com/mapfiles/kml/shapes/placemark_circle.png</href>
            </Icon>
          </IconStyle>
        </Style>
        <Point>
          <altitudeMode>clampToGround</altitudeMode>
          <coordinates>114.20821999658979,22.328280515979205, 311.21</coordinates>
        </Point>
      </Placemark>
      <Placemark>
        <TimeSpan>
          <begin>2021-01-17T07:08:57+08:00</begin>
          <end>2021-01-17T07:09:05+08:00</end>
        </TimeSpan>
        <Style>
          <IconStyle>
            <color>FF00FFFF</color>
            <scale>0.9</scale>
            <Icon>
              <href>http://maps.google.com/mapfiles/kml/shapes/placemark_circle.png</href>
            </Icon>
          </IconStyle>
        </Style>
        <Point>
          <altitudeMode>clampToGround</altitudeMode>
          <coordinates>114.2081909040616,22.3284782385484, 311.85</coordinates>
        </Point>
      </Placemark>
      <Placemark>
        <TimeSpan>
          <begin>2021-01-17T07:09:05+08:00</begin>
          <end>2021-01-17T07:09:13+08:00</end>
        </TimeSpan>
        <Style>
          <IconStyle>
            <color>FF00FFFF</color>
            <scale>0.9</scale>
            <Icon>
              <href>http://maps.google.com/mapfiles/kml/shapes/placemark_circle.png</href>
            </Icon>
          </IconStyle>
        </Style>
        <Point>
          <altitudeMode>clampToGround</altitudeMode>
          <coordinates>114.20811969411163,22.328675508438373, 311.2</coordinates>
        </Point>
      </Placemark>
      <Placemark>
        <TimeSpan>
          <begin>2021-01-17T07:09:13+08:00</begin>
          <end>2021-01-17T07:09:21+08:00</end>
        </TimeSpan>
        <Style>
          <IconStyle>
            <color>FF00FFFF</color>
            <scale>0.9</scale>
            <Icon>
              <href>http://maps.google.com/mapfiles/kml/shapes/placemark_circle.png</href>
            </Icon>
          </IconStyle>
        </Style>
        <Point>
          <altitudeMode>clampToGround</altitudeMode>
          <coordinates>114.20809430296721,22.328887804005152, 311.2</coordinates>
        </Point>
      </Placemark>
      <Placemark>
        <TimeSpan>
          <begin>2021-01-17T07:09:21+08:00</begin>
          <end>2021-01-17T07:09:24+08:00</end>
        </TimeSpan>
        <Style>
          <IconStyle>
            <color>FF00FFFF</color>
            <scale>0.9</scale>
            <Icon>
              <href>http://maps.google.com/mapfiles/kml/shapes/placemark_circle.png</href>
            </Icon>
          </IconStyle>
        </Style>
        <Point>
          <altitudeMode>clampToGround</altitudeMode>
          <coordinates>114.20806839924795,22.32910521845607, 311.2</coordinates>
        </Point>
      </Placemark>
      <Placemark>
        <TimeSpan>
          <begin>2021-01-17T07:09:24+08:00</begin>
          <end>2021-01-17T07:09:32+08:00</end>
        </TimeSpan>
        <Style>
          <IconStyle>
            <color>FF00FFFF</color>
            <scale>0.9</scale>
            <Icon>
              <href>http://maps.google.com/mapfiles/kml/shapes/placemark_circle.png</href>
            </Icon>
          </IconStyle>
        </Style>
        <Point>
          <altitudeMode>clampToGround</altitudeMode>
          <coordinates>114.20806271026204,22.329187228489957, 311.24</coordinates>
        </Point>
      </Placemark>
      <Placemark>
        <TimeSpan>
          <begin>2021-01-17T07:09:32+08:00</begin>
          <end>2021-01-17T07:09:40+08:00</end>
        </TimeSpan>
        <Style>
          <IconStyle>
            <color>FF00FFFF</color>
            <scale>0.9</scale>
            <Icon>
              <href>http://maps.google.com/mapfiles/kml/shapes/placemark_circle.png</href>
            </Icon>
          </IconStyle>
        </Style>
        <Point>
          <altitudeMode>clampToGround</altitudeMode>
          <coordinates>114.20807120056244,22.329402119709908, 311.35</coordinates>
        </Point>
      </Placemark>
      <Placemark>
        <TimeSpan>
          <begin>2021-01-17T07:09:40+08:00</begin>
          <end>2021-01-17T07:09:48+08:00</end>
        </TimeSpan>
        <Style>
          <IconStyle>
            <color>FF00FFFF</color>
            <scale>0.9</scale>
            <Icon>
              <href>http://maps.google.com/mapfiles/kml/shapes/placemark_circle.png</href>
            </Icon>
          </IconStyle>
        </Style>
        <Point>
          <altitudeMode>clampToGround</altitudeMode>
          <coordinates>114.20810696146297,22.32961186749011, 311.2</coordinates>
        </Point>
      </Placemark>
      <Placemark>
        <TimeSpan>
          <begin>2021-01-17T07:09:48+08:00</begin>
          <end>2021-01-17T07:09:56+08:00</end>
        </TimeSpan>
        <Style>
          <IconStyle>
            <color>FF00FFFF</color>
            <scale>0.9</scale>
            <Icon>
              <href>http://maps.google.com/mapfiles/kml/shapes/placemark_circle.png</href>
            </Icon>
          </IconStyle>
        </Style>
        <Point>
          <altitudeMode>clampToGround</altitudeMode>
          <coordinates>114.20811013973073,22.329822838052937, 311.15</coordinates>
        </Point>
      </Placemark>
      <Placemark>
        <TimeSpan>
          <begin>2021-01-17T07:09:56+08:00</begin>
          <end>2021-01-17T07:10:04+08:00</end>
        </TimeSpan>
        <Style>
          <IconStyle>
            <color>FF00FFFF</color>
            <scale>0.9</scale>
            <Icon>
              <href>http://maps.google.com/mapfiles/kml/shapes/placemark_circle.png</href>
            </Icon>
          </IconStyle>
        </Style>
        <Point>
          <altitudeMode>clampToGround</altitudeMode>
          <coordinates>114.20809196252426,22.330031561114556, 311.0</coordinates>
        </Point>
      </Placemark>
      <Placemark>
        <TimeSpan>
          <begin>2021-01-17T07:10:04+08:00</begin>
          <end>2021-01-17T07:10:12+08:00</end>
        </TimeSpan>
        <Style>
          <IconStyle>
            <color>FF00FFFF</color>
            <scale>0.9</scale>
            <Icon>
              <href>http://maps.google.com/mapfiles/kml/shapes/placemark_circle.png</href>
            </Icon>
          </IconStyle>
        </Style>
        <Point>
          <altitudeMode>clampToGround</altitudeMode>
          <coordinates>114.20805941414703,22.330237916104565, 310.91</coordinates>
        </Point>
      </Placemark>
      <Placemark>
        <TimeSpan>
          <begin>2021-01-17T07:10:12+08:00</begin>
          <end>2021-01-17T07:10:20+08:00</end>
        </TimeSpan>
        <Style>
          <IconStyle>
            <color>FF00FFFF</color>
            <scale>0.9</scale>
            <Icon>
              <href>http://maps.google.com/mapfiles/kml/shapes/placemark_circle.png</href>
            </Icon>
          </IconStyle>
        </Style>
        <Point>
          <altitudeMode>clampToGround</altitudeMode>
          <coordinates>114.20796525239814,22.33041662277351, 311.0</coordinates>
        </Point>
      </Placemark>
      <Placemark>
        <TimeSpan>
          <begin>2021-01-17T07:10:20+08:00</begin>
          <end>2021-01-17T07:10:28+08:00</end>
        </TimeSpan>
        <Style>
          <IconStyle>
            <color>FF00FFFF</color>
            <scale>0.9</scale>
            <Icon>
              <href>http://maps.google.com/mapfiles/kml/shapes/placemark_circle.png</href>
            </Icon>
          </IconStyle>
        </Style>
        <Point>
          <altitudeMode>clampToGround</altitudeMode>
          <coordinates>114.20779191668186,22.330537471270034, 311.02</coordinates>
        </Point>
      </Placemark>
      <Placemark>
        <TimeSpan>
          <begin>2021-01-17T07:10:28+08:00</begin>
          <end>2021-01-17T07:10:36+08:00</end>
        </TimeSpan>
        <Style>
          <IconStyle>
            <color>FF00FFFF</color>
            <scale>0.9</scale>
            <Icon>
              <href>http://maps.google.com/mapfiles/kml/shapes/placemark_circle.png</href>
            </Icon>
          </IconStyle>
        </Style>
        <Point>
          <altitudeMode>clampToGround</altitudeMode>
          <coordinates>114.20760964905254,22.330654852132355, 311.2</coordinates>
        </Point>
      </Placemark>
      <Placemark>
        <TimeSpan>
          <begin>2021-01-17T07:10:36+08:00</begin>
          <end>2021-01-17T07:10:44+08:00</end>
        </TimeSpan>
        <Style>
          <IconStyle>
            <color>FF00FFFF</color>
            <scale>0.9</scale>
            <Icon>
              <href>http://maps.google.com/mapfiles/kml/shapes/placemark_circle.png</href>
            </Icon>
          </IconStyle>
        </Style>
        <Point>
          <altitudeMode>clampToGround</altitudeMode>
          <coordinates>114.20740778781847,22.330671011715516, 311.27</coordinates>
        </Point>
      </Placemark>
      <Placemark>
        <TimeSpan>
          <begin>2021-01-17T07:10:44+08:00</begin>
          <end>2021-01-17T07:10:52+08:00</end>
        </TimeSpan>
        <Style>
          <IconStyle>
            <color>FF00FFFF</color>
            <scale>0.9</scale>
            <Icon>
              <href>http://maps.google.com/mapfiles/kml/shapes/placemark_circle.png</href>
            </Icon>
          </IconStyle>
        </Style>
        <Point>
          <altitudeMode>clampToGround</altitudeMode>
          <coordinates>114.2072164981159,22.33077794732419, 311.44</coordinates>
        </Point>
      </Placemark>
      <Placemark>
        <TimeSpan>
          <begin>2021-01-17T07:10:52+08:00</begin>
          <end>2021-01-17T07:10:58+08:00</end>
        </TimeSpan>
        <Style>
          <IconStyle>
            <color>FF00FFFF</color>
            <scale>0.9</scale>
            <Icon>
              <href>http://maps.google.com/mapfiles/kml/shapes/placemark_circle.png</href>
            </Icon>
          </IconStyle>
        </Style>
        <Point>
          <altitudeMode>clampToGround</altitudeMode>
          <coordinates>114.20705198455153,22.33092015128883, 311.14</coordinates>
        </Point>
      </Placemark>
      <Placemark>
        <TimeSpan>
          <begin>2021-01-17T07:10:58+08:00</begin>
          <end>2021-01-17T07:11:06+08:00</end>
        </TimeSpan>
        <Style>
          <IconStyle>
            <color>FF00FFFF</color>
            <scale>0.9</scale>
            <Icon>
              <href>http://maps.google.com/mapfiles/kml/shapes/placemark_circle.png</href>
            </Icon>
          </IconStyle>
        </Style>
        <Point>
          <altitudeMode>clampToGround</altitudeMode>
          <coordinates>114.20693366663234,22.331031336919533, 311.22</coordinates>
        </Point>
      </Placemark>
      <Placemark>
        <TimeSpan>
          <begin>2021-01-17T07:11:06+08:00</begin>
          <end>2021-01-17T07:11:14+08:00</end>
        </TimeSpan>
        <Style>
          <IconStyle>
            <color>FF00FFFF</color>
            <scale>0.9</scale>
            <Icon>
              <href>http://maps.google.com/mapfiles/kml/shapes/placemark_circle.png</href>
            </Icon>
          </IconStyle>
        </Style>
        <Point>
          <altitudeMode>clampToGround</altitudeMode>
          <coordinates>114.20681980260714,22.331208985220762, 311.43</coordinates>
        </Point>
      </Placemark>
      <Placemark>
        <TimeSpan>
          <begin>2021-01-17T07:11:14+08:00</begin>
          <end>2021-01-17T07:11:22+08:00</end>
        </TimeSpan>
        <Style>
          <IconStyle>
            <color>FF00FFFF</color>
            <scale>0.9</scale>
            <Icon>
              <href>http://maps.google.com/mapfiles/kml/shapes/placemark_circle.png</href>
            </Icon>
          </IconStyle>
        </Style>
        <Point>
          <altitudeMode>clampToGround</altitudeMode>
          <coordinates>114.20663779913441,22.331328040081765, 311.71</coordinates>
        </Point>
      </Placemark>
      <Placemark>
        <TimeSpan>
          <begin>2021-01-17T07:11:22+08:00</begin>
          <end>2021-01-17T07:11:28+08:00</end>
        </TimeSpan>
        <Style>
          <IconStyle>
            <color>FF00FFFF</color>
            <scale>0.9</scale>
            <Icon>
              <href>http://maps.google.com/mapfiles/kml/shapes/placemark_circle.png</href>
            </Icon>
          </IconStyle>
        </Style>
        <Point>
          <altitudeMode>clampToGround</altitudeMode>
          <coordinates>114.2064574002727,22.33143086218207, 312.59</coordinates>
        </Point>
      </Placemark>
      <Placemark>
        <TimeSpan>
          <begin>2021-01-17T07:11:28+08:00</begin>
          <end>2021-01-17T07:11:36+08:00</end>
        </TimeSpan>
        <Style>
          <IconStyle>
            <color>FF00FFFF</color>
            <scale>0.9</scale>
            <Icon>
              <href>http://maps.google.com/mapfiles/kml/shapes/placemark_circle.png</href>
            </Icon>
          </IconStyle>
        </Style>
        <Point>
          <altitudeMode>clampToGround</altitudeMode>
          <coordinates>114.2063350004373,22.331330883081826, 312.72</coordinates>
        </Point>
      </Placemark>
      <Placemark>
        <TimeSpan>
          <begin>2021-01-17T07:11:36+08:00</begin>
          <end>2021-01-17T07:11:44+08:00</end>
        </TimeSpan>
        <Style>
          <IconStyle>
            <color>FF00FFFF</color>
            <scale>0.9</scale>
            <Icon>
              <href>http://maps.google.com/mapfiles/kml/shapes/placemark_circle.png</href>
            </Icon>
          </IconStyle>
        </Style>
        <Point>
          <altitudeMode>clampToGround</altitudeMode>
          <coordinates>114.20615858972675,22.331282713566246, 312.6</coordinates>
        </Point>
      </Placemark>
      <Placemark>
        <TimeSpan>
          <begin>2021-01-17T07:11:44+08:00</begin>
          <end>2021-01-17T07:11:52+08:00</end>
        </TimeSpan>
        <Style>
          <IconStyle>
            <color>FF00FFFF</color>
            <scale>0.9</scale>
            <Icon>
              <href>http://maps.google.com/mapfiles/kml/shapes/placemark_circle.png</href>
            </Icon>
          </IconStyle>
        </Style>
        <Point>
          <altitudeMode>clampToGround</altitudeMode>
          <coordinates>114.20596330663554,22.331381280642898, 313.01</coordinates>
        </Point>
      </Placemark>
      <Placemark>
        <TimeSpan>
          <begin>2021-01-17T07:11:52+08:00</begin>
          <end>2021-01-17T07:12:00+08:00</end>
        </TimeSpan>
        <Style>
          <IconStyle>
            <color>FF00FFFF</color>
            <scale>0.9</scale>
            <Icon>
              <href>http://maps.google.com/mapfiles/kml/shapes/placemark_circle.png</href>
            </Icon>
          </IconStyle>
        </Style>
        <Point>
          <altitudeMode>clampToGround</altitudeMode>
          <coordinates>114.20575399672369,22.331453911197343, 312.5</coordinates>
        </Point>
      </Placemark>
      <Placemark>
        <TimeSpan>
          <begin>2021-01-17T07:12:00+08:00</begin>
          <end>2021-01-17T07:12:08+08:00</end>
        </TimeSpan>
        <Style>
          <IconStyle>
            <color>FF00FFFF</color>
            <scale>0.9</scale>
            <Icon>
              <href>http://maps.google.com/mapfiles/kml/shapes/placemark_circle.png</href>
            </Icon>
          </IconStyle>
        </Style>
        <Point>
          <altitudeMode>clampToGround</altitudeMode>
          <coordinates>114.20558837178767,22.331331597659958, 312.0</coordinates>
        </Point>
      </Placemark>
      <Placemark>
        <TimeSpan>
          <begin>2021-01-17T07:12:08+08:00</begin>
          <end>2021-01-17T07:12:16+08:00</end>
        </TimeSpan>
        <Style>
          <IconStyle>
            <color>FF00FFFF</color>
            <scale>0.9</scale>
            <Icon>
              <href>http://maps.google.com/mapfiles/kml/shapes/placemark_circle.png</href>
            </Icon>
          </IconStyle>
        </Style>
        <Point>
          <altitudeMode>clampToGround</altitudeMode>
          <coordinates>114.20544097655194,22.33117026547643, 312.52</coordinates>
        </Point>
      </Placemark>
      <Placemark>
        <TimeSpan>
          <begin>2021-01-17T07:12:16+08:00</begin>
          <end>2021-01-17T07:12:24+08:00</end>
        </TimeSpan>
        <Style>
          <IconStyle>
            <color>FF00FFFF</color>
            <scale>0.9</scale>
            <Icon>
              <href>http://maps.google.com/mapfiles/kml/shapes/placemark_circle.png</href>
            </Icon>
          </IconStyle>
        </Style>
        <Point>
          <altitudeMode>clampToGround</altitudeMode>
          <coordinates>114.20525681835701,22.331113517842418, 312.8</coordinates>
        </Point>
      </Placemark>
      <Placemark>
        <TimeSpan>
          <begin>2021-01-17T07:12:24+08:00</begin>
          <end>2021-01-17T07:12:32+08:00</end>
        </TimeSpan>
        <Style>
          <IconStyle>
            <color>FF00FFFF</color>
            <scale>0.9</scale>
            <Icon>
              <href>http://maps.google.com/mapfiles/kml/shapes/placemark_circle.png</href>
            </Icon>
          </IconStyle>
        </Style>
        <Point>
          <altitudeMode>clampToGround</altitudeMode>
          <coordinates>114.20508297198782,22.331242155008876, 312.4</coordinates>
        </Point>
      </Placemark>
      <Placemark>
        <TimeSpan>
          <begin>2021-01-17T07:12:32+08:00</begin>
          <end>2021-01-17T07:12:40+08:00</end>
        </TimeSpan>
        <Style>
          <IconStyle>
            <color>FF00FFFF</color>
            <scale>0.9</scale>
            <Icon>
              <href>http://maps.google.com/mapfiles/kml/shapes/placemark_circle.png</href>
            </Icon>
          </IconStyle>
        </Style>
        <Point>
          <altitudeMode>clampToGround</altitudeMode>
          <coordinates>114.20488242780841,22.331306579880938, 312.2</coordinates>
        </Point>
      </Placemark>
      <Placemark>
        <TimeSpan>
          <begin>2021-01-17T07:12:40+08:00</begin>
          <end>2021-01-17T07:12:48+08:00</end>
        </TimeSpan>
        <Style>
          <IconStyle>
            <color>FF00FFFF</color>
            <scale>0.9</scale>
            <Icon>
              <href>http://maps.google.com/mapfiles/kml/shapes/placemark_circle.png</href>
            </Icon>
          </IconStyle>
        </Style>
        <Point>
          <altitudeMode>clampToGround</altitudeMode>
          <coordinates>114.2046857091103,22.331226363341734, 312.11</coordinates>
        </Point>
      </Placemark>
      <Placemark>
        <TimeSpan>
          <begin>2021-01-17T07:12:48+08:00</begin>
          <end>2021-01-17T07:12:56+08:00</end>
        </TimeSpan>
        <Style>
          <IconStyle>
            <color>FF00FFFF</color>
            <scale>0.9</scale>
            <Icon>
              <href>http://maps.google.com/mapfiles/kml/shapes/placemark_circle.png</href>
            </Icon>
          </IconStyle>
        </Style>
        <Point>
          <altitudeMode>clampToGround</altitudeMode>
          <coordinates>114.20449779753763,22.33113366649572, 312.0</coordinates>
        </Point>
      </Placemark>
      <Placemark>
        <TimeSpan>
          <begin>2021-01-17T07:12:56+08:00</begin>
          <end>2021-01-17T07:13:04+08:00</end>
        </TimeSpan>
        <Style>
          <IconStyle>
            <color>FF00FFFF</color>
            <scale>0.9</scale>
            <Icon>
              <href>http://maps.google.com/mapfiles/kml/shapes/placemark_circle.png</href>
            </Icon>
          </IconStyle>
        </Style>
        <Point>
          <altitudeMode>clampToGround</altitudeMode>
          <coordinates>114.20448727442516,22.33127931657625, 312.14</coordinates>
        </Point>
      </Placemark>
      <Placemark>
        <TimeSpan>
          <begin>2021-01-17T07:13:04+08:00</begin>
          <end>2021-01-17T07:13:12+08:00</end>
        </TimeSpan>
        <Style>
          <IconStyle>
            <color>FF00FFFF</color>
            <scale>0.9</scale>
            <Icon>
              <href>http://maps.google.com/mapfiles/kml/shapes/placemark_circle.png</href>
            </Icon>
          </IconStyle>
        </Style>
        <Point>
          <altitudeMode>clampToGround</altitudeMode>
          <coordinates>114.20452861372691,22.331486480294387, 312.35</coordinates>
        </Point>
      </Placemark>
      <Placemark>
        <TimeSpan>
          <begin>2021-01-17T07:13:12+08:00</begin>
          <end>2021-01-17T07:13:15+08:00</end>
        </TimeSpan>
        <Style>
          <IconStyle>
            <color>FF00FFFF</color>
            <scale>0.9</scale>
            <Icon>
              <href>http://maps.google.com/mapfiles/kml/shapes/placemark_circle.png</href>
            </Icon>
          </IconStyle>
        </Style>
        <Point>
          <altitudeMode>clampToGround</altitudeMode>
          <coordinates>114.20454484734154,22.331702082571436, 312.23</coordinates>
        </Point>
      </Placemark>
      <Placemark>
        <TimeSpan>
          <begin>2021-01-17T07:13:15+08:00</begin>
          <end>2021-01-17T07:13:23+08:00</end>
        </TimeSpan>
        <Style>
          <IconStyle>
            <color>FF00FFFF</color>
            <scale>0.9</scale>
            <Icon>
              <href>http://maps.google.com/mapfiles/kml/shapes/placemark_circle.png</href>
            </Icon>
          </IconStyle>
        </Style>
        <Point>
          <altitudeMode>clampToGround</altitudeMode>
          <coordinates>114.20454074199722,22.331782741947475, 312.31</coordinates>
        </Point>
      </Placemark>
      <Placemark>
        <TimeSpan>
          <begin>2021-01-17T07:13:23+08:00</begin>
          <end>2021-01-17T07:13:31+08:00</end>
        </TimeSpan>
        <Style>
          <IconStyle>
            <color>FF00FFFF</color>
            <scale>0.9</scale>
            <Icon>
              <href>http://maps.google.com/mapfiles/kml/shapes/placemark_circle.png</href>
            </Icon>
          </IconStyle>
        </Style>
        <Point>
          <altitudeMode>clampToGround</altitudeMode>
          <coordinates>114.20451528478186,22.331995235153084, 312.55</coordinates>
        </Point>
      </Placemark>
      <Placemark>
        <TimeSpan>
          <begin>2021-01-17T07:13:31+08:00</begin>
          <end>2021-01-17T07:13:39+08:00</end>
        </TimeSpan>
        <Style>
          <IconStyle>
            <color>FF00FFFF</color>
            <scale>0.9</scale>
            <Icon>
              <href>http://maps.google.com/mapfiles/kml/shapes/placemark_circle.png</href>
            </Icon>
          </IconStyle>
        </Style>
        <Point>
          <altitudeMode>clampToGround</altitudeMode>
          <coordinates>114.20448761335851,22.33220978092207, 312.41</coordinates>
        </Point>
      </Placemark>
      <Placemark>
        <TimeSpan>
          <begin>2021-01-17T07:13:39+08:00</begin>
          <end>2021-01-17T07:13:47+08:00</end>
        </TimeSpan>
        <Style>
          <IconStyle>
            <color>FF00FFFF</color>
            <scale>0.9</scale>
            <Icon>
              <href>http://maps.google.com/mapfiles/kml/shapes/placemark_circle.png</href>
            </Icon>
          </IconStyle>
        </Style>
        <Point>
          <altitudeMode>clampToGround</altitudeMode>
          <coordinates>114.20446025781865,22.332421877541176, 312.26</coordinates>
        </Point>
      </Placemark>
      <Placemark>
        <TimeSpan>
          <begin>2021-01-17T07:13:47+08:00</begin>
          <end>2021-01-17T07:13:55+08:00</end>
        </TimeSpan>
        <Style>
          <IconStyle>
            <color>FF00FFFF</color>
            <scale>0.9</scale>
            <Icon>
              <href>http://maps.google.com/mapfiles/kml/shapes/placemark_circle.png</href>
            </Icon>
          </IconStyle>
        </Style>
        <Point>
          <altitudeMode>clampToGround</altitudeMode>
          <coordinates>114.20442236116646,22.332631810392098, 312.34</coordinates>
        </Point>
      </Placemark>
      <Placemark>
        <TimeSpan>
          <begin>2021-01-17T07:13:55+08:00</begin>
          <end>2021-01-17T07:13:58+08:00</end>
        </TimeSpan>
        <Style>
          <IconStyle>
            <color>FF00FFFF</color>
            <scale>0.9</scale>
            <Icon>
              <href>http://maps.google.com/mapfiles/kml/shapes/placemark_circle.png</href>
            </Icon>
          </IconStyle>
        </Style>
        <Point>
          <altitudeMode>clampToGround</altitudeMode>
          <coordinates>114.20437658160176,22.332841372438544, 312.57</coordinates>
        </Point>
      </Placemark>
      <Placemark>
        <TimeSpan>
          <begin>2021-01-17T07:13:58+08:00</begin>
          <end>2021-01-17T07:14:06+08:00</end>
        </TimeSpan>
        <Style>
          <IconStyle>
            <color>FF00FFFF</color>
            <scale>0.9</scale>
            <Icon>
              <href>http://maps.google.com/mapfiles/kml/shapes/placemark_circle.png</href>
            </Icon>
          </IconStyle>
        </Style>
        <Point>
          <altitudeMode>clampToGround</altitudeMode>
          <coordinates>114.20441147025373,22.33290778180957, 312.44</coordinates>
        </Point>
      </Placemark>
      <Placemark>
        <TimeSpan>
          <begin>2021-01-17T07:14:06+08:00</begin>
          <end>2021-01-17T07:14:14+08:00</end>
        </TimeSpan>
        <Style>
          <IconStyle>
            <color>FF00FFFF</color>
            <scale>0.9</scale>
            <Icon>
              <href>http://maps.google.com/mapfiles/kml/shapes/placemark_circle.png</href>
            </Icon>
          </IconStyle>
        </Style>
        <Point>
          <altitudeMode>clampToGround</altitudeMode>
          <coordinates>114.20453075267041,22.333086978625293, 312.06</coordinates>
        </Point>
      </Placemark>
      <Placemark>
        <TimeSpan>
          <begin>2021-01-17T07:14:14+08:00</begin>
          <end>2021-01-17T07:14:22+08:00</end>
        </TimeSpan>
        <Style>
          <IconStyle>
            <color>FF00FFFF</color>
            <scale>0.9</scale>
            <Icon>
              <href>http://maps.google.com/mapfiles/kml/shapes/placemark_circle.png</href>
            </Icon>
          </IconStyle>
        </Style>
        <Point>
          <altitudeMode>clampToGround</altitudeMode>
          <coordinates>114.20457146272504,22.33330210876896, 312.2</coordinates>
        </Point>
      </Placemark>
      <Placemark>
        <TimeSpan>
          <begin>2021-01-17T07:14:22+08:00</begin>
          <end>2021-01-17T07:14:30+08:00</end>
        </TimeSpan>
        <Style>
          <IconStyle>
            <color>FF00FFFF</color>
            <scale>0.9</scale>
            <Icon>
              <href>http://maps.google.com/mapfiles/kml/shapes/placemark_circle.png</href>
            </Icon>
          </IconStyle>
        </Style>
        <Point>
          <altitudeMode>clampToGround</altitudeMode>
          <coordinates>114.20459730830417,22.33351871704863, 312.01</coordinates>
        </Point>
      </Placemark>
      <Placemark>
        <TimeSpan>
          <begin>2021-01-17T07:14:30+08:00</begin>
          <end>2021-01-17T07:14:31+08:00</end>
        </TimeSpan>
        <Style>
          <IconStyle>
            <color>FF00FFFF</color>
            <scale>0.9</scale>
            <Icon>
              <href>http://maps.google.com/mapfiles/kml/shapes/placemark_circle.png</href>
            </Icon>
          </IconStyle>
        </Style>
        <Point>
          <altitudeMode>clampToGround</altitudeMode>
          <coordinates>114.20458934853231,22.333737815270915, 311.86</coordinates>
        </Point>
      </Placemark>
      <Placemark>
        <TimeSpan>
          <begin>2021-01-17T07:14:31+08:00</begin>
          <end>2021-01-17T07:14:39+08:00</end>
        </TimeSpan>
        <Style>
          <IconStyle>
            <color>FF00FFFF</color>
            <scale>0.9</scale>
            <Icon>
              <href>http://maps.google.com/mapfiles/kml/shapes/placemark_circle.png</href>
            </Icon>
          </IconStyle>
        </Style>
        <Point>
          <altitudeMode>clampToGround</altitudeMode>
          <coordinates>114.2045852356621,22.33376517694048, 311.94</coordinates>
        </Point>
      </Placemark>
      <Placemark>
        <TimeSpan>
          <begin>2021-01-17T07:14:39+08:00</begin>
          <end>2021-01-17T07:14:47+08:00</end>
        </TimeSpan>
        <Style>
          <IconStyle>
            <color>FF00FFFF</color>
            <scale>0.9</scale>
            <Icon>
              <href>http://maps.google.com/mapfiles/kml/shapes/placemark_circle.png</href>
            </Icon>
          </IconStyle>
        </Style>
        <Point>
          <altitudeMode>clampToGround</altitudeMode>
          <coordinates>114.20458253085246,22.33398515867353, 311.9</coordinates>
        </Point>
      </Placemark>
      <Placemark>
        <TimeSpan>
          <begin>2021-01-17T07:14:47+08:00</begin>
          <end>2021-01-17T07:14:53+08:00</end>
        </TimeSpan>
        <Style>
          <IconStyle>
            <color>FF00FFFF</color>
            <scale>0.9</scale>
            <Icon>
              <href>http://maps.google.com/mapfiles/kml/shapes/placemark_circle.png</href>
            </Icon>
          </IconStyle>
        </Style>
        <Point>
          <altitudeMode>clampToGround</altitudeMode>
          <coordinates>114.20459167189165,22.33420588389429, 311.8</coordinates>
        </Point>
      </Placemark>
      <Placemark>
        <TimeSpan>
          <begin>2021-01-17T07:14:53+08:00</begin>
          <end>2021-01-17T07:15:01+08:00</end>
        </TimeSpan>
        <Style>
          <IconStyle>
            <color>FF00FFFF</color>
            <scale>0.9</scale>
            <Icon>
              <href>http://maps.google.com/mapfiles/kml/shapes/placemark_circle.png</href>
            </Icon>
          </IconStyle>
        </Style>
        <Point>
          <altitudeMode>clampToGround</altitudeMode>
          <coordinates>114.20459254142479,22.334370921915337, 312.19</coordinates>
        </Point>
      </Placemark>
      <Placemark>
        <TimeSpan>
          <begin>2021-01-17T07:15:01+08:00</begin>
          <end>2021-01-17T07:15:09+08:00</end>
        </TimeSpan>
        <Style>
          <IconStyle>
            <color>FF00FFFF</color>
            <scale>0.9</scale>
            <Icon>
              <href>http://maps.google.com/mapfiles/kml/shapes/placemark_circle.png</href>
            </Icon>
          </IconStyle>
        </Style>
        <Point>
          <altitudeMode>clampToGround</altitudeMode>
          <coordinates>114.20459803498993,22.33458866774709, 312.42</coordinates>
        </Point>
      </Placemark>
      <Placemark>
        <TimeSpan>
          <begin>2021-01-17T07:15:09+08:00</begin>
          <end>2021-01-17T07:15:17+08:00</end>
        </TimeSpan>
        <Style>
          <IconStyle>
            <color>FF00FFFF</color>
            <scale>0.9</scale>
            <Icon>
              <href>http://maps.google.com/mapfiles/kml/shapes/placemark_circle.png</href>
            </Icon>
          </IconStyle>
        </Style>
        <Point>
          <altitudeMode>clampToGround</altitudeMode>
          <coordinates>114.20457305890343,22.334801838374403, 312.2</coordinates>
        </Point>
      </Placemark>
      <Placemark>
        <TimeSpan>
          <begin>2021-01-17T07:15:17+08:00</begin>
          <end>2021-01-17T07:15:25+08:00</end>
        </TimeSpan>
        <Style>
          <IconStyle>
            <color>FF00FFFF</color>
            <scale>0.9</scale>
            <Icon>
              <href>http://maps.google.com/mapfiles/kml/shapes/placemark_circle.png</href>
            </Icon>
          </IconStyle>
        </Style>
        <Point>
          <altitudeMode>clampToGround</altitudeMode>
          <coordinates>114.2044986539843,22.334887338629247, 312.17</coordinates>
        </Point>
      </Placemark>
      <Placemark>
        <TimeSpan>
          <begin>2021-01-17T07:15:25+08:00</begin>
          <end>2021-01-17T07:15:33+08:00</end>
        </TimeSpan>
        <Style>
          <IconStyle>
            <color>FF00FFFF</color>
            <scale>0.9</scale>
            <Icon>
              <href>http://maps.google.com/mapfiles/kml/shapes/placemark_circle.png</href>
            </Icon>
          </IconStyle>
        </Style>
        <Point>
          <altitudeMode>clampToGround</altitudeMode>
          <coordinates>114.20428532836333,22.334806449914225, 312.96</coordinates>
        </Point>
      </Placemark>
      <Placemark>
        <TimeSpan>
          <begin>2021-01-17T07:15:33+08:00</begin>
          <end>2021-01-17T07:15:35+08:00</end>
        </TimeSpan>
        <Style>
          <IconStyle>
            <color>FF00FFFF</color>
            <scale>0.9</scale>
            <Icon>
              <href>http://maps.google.com/mapfiles/kml/shapes/placemark_circle.png</href>
            </Icon>
          </IconStyle>
        </Style>
        <Point>
          <altitudeMode>clampToGround</altitudeMode>
          <coordinates>114.20417525190024,22.334616197394357, 312.51</coordinates>
        </Point>
      </Placemark>
      <Placemark>
        <TimeSpan>
          <begin>2021-01-17T07:15:35+08:00</begin>
          <end>2021-01-17T07:15:43+08:00</end>
        </TimeSpan>
        <Style>
          <IconStyle>
            <color>FF00FFFF</color>
            <scale>0.9</scale>
            <Icon>
              <href>http://maps.google.com/mapfiles/kml/shapes/placemark_circle.png</href>
            </Icon>
          </IconStyle>
        </Style>
        <Point>
          <altitudeMode>clampToGround</altitudeMode>
          <coordinates>114.20413452192255,22.334576598804947, 312.7</coordinates>
        </Point>
      </Placemark>
      <Placemark>
        <TimeSpan>
          <begin>2021-01-17T07:15:43+08:00</begin>
          <end>2021-01-17T07:15:51+08:00</end>
        </TimeSpan>
        <Style>
          <IconStyle>
            <color>FF00FFFF</color>
            <scale>0.9</scale>
            <Icon>
              <href>http://maps.google.com/mapfiles/kml/shapes/placemark_circle.png</href>
            </Icon>
          </IconStyle>
        </Style>
        <Point>
          <altitudeMode>clampToGround</altitudeMode>
          <coordinates>114.20395545583894,22.334591674059475, 313.17</coordinates>
        </Point>
      </Placemark>
      <Placemark>
        <TimeSpan>
          <begin>2021-01-17T07:15:51+08:00</begin>
          <end>2021-01-17T07:15:57+08:00</end>
        </TimeSpan>
        <Style>
          <IconStyle>
            <color>FF00FFFF</color>
            <scale>0.9</scale>
            <Icon>
              <href>http://maps.google.com/mapfiles/kml/shapes/placemark_circle.png</href>
            </Icon>
          </IconStyle>
        </Style>
        <Point>
          <altitudeMode>clampToGround</altitudeMode>
          <coordinates>114.20377466079552,22.334731377844882, 313.53</coordinates>
        </Point>
      </Placemark>
      <Placemark>
        <TimeSpan>
          <begin>2021-01-17T07:15:57+08:00</begin>
          <end>2021-01-17T07:16:05+08:00</end>
        </TimeSpan>
        <Style>
          <IconStyle>
            <color>FF00FFFF</color>
            <scale>0.9</scale>
            <Icon>
              <href>http://maps.google.com/mapfiles/kml/shapes/placemark_circle.png</href>
            </Icon>
          </IconStyle>
        </Style>
        <Point>
          <altitudeMode>clampToGround</altitudeMode>
          <coordinates>114.20363387188348,22.334832948152844, 313.46</coordinates>
        </Point>
      </Placemark>
      <Placemark>
        <TimeSpan>
          <begin>2021-01-17T07:16:05+08:00</begin>
          <end>2021-01-17T07:16:13+08:00</end>
        </TimeSpan>
        <Style>
          <IconStyle>
            <color>FF00FFFF</color>
            <scale>0.9</scale>
            <Icon>
              <href>http://maps.google.com/mapfiles/kml/shapes/placemark_circle.png</href>
            </Icon>
          </IconStyle>
        </Style>
        <Point>
          <altitudeMode>clampToGround</altitudeMode>
          <coordinates>114.20347607289358,22.334995622623158, 313.4</coordinates>
        </Point>
      </Placemark>
      <Placemark>
        <TimeSpan>
          <begin>2021-01-17T07:16:13+08:00</begin>
          <end>2021-01-17T07:16:21+08:00</end>
        </TimeSpan>
        <Style>
          <IconStyle>
            <color>FF00FFFF</color>
            <scale>0.9</scale>
            <Icon>
              <href>http://maps.google.com/mapfiles/kml/shapes/placemark_circle.png</href>
            </Icon>
          </IconStyle>
        </Style>
        <Point>
          <altitudeMode>clampToGround</altitudeMode>
          <coordinates>114.20330793335404,22.335150883627996, 312.6</coordinates>
        </Point>
      </Placemark>
      <Placemark>
        <TimeSpan>
          <begin>2021-01-17T07:16:21+08:00</begin>
          <end>2021-01-17T07:16:29+08:00</end>
        </TimeSpan>
        <Style>
          <IconStyle>
            <color>FF00FFFF</color>
            <scale>0.9</scale>
            <Icon>
              <href>http://maps.google.com/mapfiles/kml/shapes/placemark_circle.png</href>
            </Icon>
          </IconStyle>
        </Style>
        <Point>
          <altitudeMode>clampToGround</altitudeMode>
          <coordinates>114.20309791646594,22.335133133725364, 312.6</coordinates>
        </Point>
      </Placemark>
      <Placemark>
        <TimeSpan>
          <begin>2021-01-17T07:16:29+08:00</begin>
          <end>2021-01-17T07:16:37+08:00</end>
        </TimeSpan>
        <Style>
          <IconStyle>
            <color>FF00FFFF</color>
            <scale>0.9</scale>
            <Icon>
              <href>http://maps.google.com/mapfiles/kml/shapes/placemark_circle.png</href>
            </Icon>
          </IconStyle>
        </Style>
        <Point>
          <altitudeMode>clampToGround</altitudeMode>
          <coordinates>114.20301200303264,22.334940587376792, 312.66</coordinates>
        </Point>
      </Placemark>
      <Placemark>
        <TimeSpan>
          <begin>2021-01-17T07:16:37+08:00</begin>
          <end>2021-01-17T07:16:45+08:00</end>
        </TimeSpan>
        <Style>
          <IconStyle>
            <color>FF00FFFF</color>
            <scale>0.9</scale>
            <Icon>
              <href>http://maps.google.com/mapfiles/kml/shapes/placemark_circle.png</href>
            </Icon>
          </IconStyle>
        </Style>
        <Point>
          <altitudeMode>clampToGround</altitudeMode>
          <coordinates>114.20283691658359,22.334830944416908, 313.2</coordinates>
        </Point>
      </Placemark>
      <Placemark>
        <TimeSpan>
          <begin>2021-01-17T07:16:45+08:00</begin>
          <end>2021-01-17T07:16:53+08:00</end>
        </TimeSpan>
        <Style>
          <IconStyle>
            <color>FF00FFFF</color>
            <scale>0.9</scale>
            <Icon>
              <href>http://maps.google.com/mapfiles/kml/shapes/placemark_circle.png</href>
            </Icon>
          </IconStyle>
        </Style>
        <Point>
          <altitudeMode>clampToGround</altitudeMode>
          <coordinates>114.20272891832552,22.334719267427438, 313.2</coordinates>
        </Point>
      </Placemark>
      <Placemark>
        <TimeSpan>
          <begin>2021-01-17T07:16:53+08:00</begin>
          <end>2021-01-17T07:17:01+08:00</end>
        </TimeSpan>
        <Style>
          <IconStyle>
            <color>FF00FFFF</color>
            <scale>0.9</scale>
            <Icon>
              <href>http://maps.google.com/mapfiles/kml/shapes/placemark_circle.png</href>
            </Icon>
          </IconStyle>
        </Style>
        <Point>
          <altitudeMode>clampToGround</altitudeMode>
          <coordinates>114.20253426797953,22.334730696658433, 312.73</coordinates>
        </Point>
      </Placemark>
      <Placemark>
        <TimeSpan>
          <begin>2021-01-17T07:17:01+08:00</begin>
          <end>2021-01-17T07:17:09+08:00</end>
        </TimeSpan>
        <Style>
          <IconStyle>
            <color>FF00FFFF</color>
            <scale>0.9</scale>
            <Icon>
              <href>http://maps.google.com/mapfiles/kml/shapes/placemark_circle.png</href>
            </Icon>
          </IconStyle>
        </Style>
        <Point>
          <altitudeMode>clampToGround</altitudeMode>
          <coordinates>114.20230660616306,22.334785986139707, 312.6</coordinates>
        </Point>
      </Placemark>
      <Placemark>
        <TimeSpan>
          <begin>2021-01-17T07:17:09+08:00</begin>
          <end>2021-01-17T07:17:17+08:00</end>
        </TimeSpan>
        <Style>
          <IconStyle>
            <color>FF00FFFF</color>
            <scale>0.9</scale>
            <Icon>
              <href>http://maps.google.com/mapfiles/kml/shapes/placemark_circle.png</href>
            </Icon>
          </IconStyle>
        </Style>
        <Point>
          <altitudeMode>clampToGround</altitudeMode>
          <coordinates>114.20207430940705,22.334819633379198, 312.79</coordinates>
        </Point>
      </Placemark>
      <Placemark>
        <TimeSpan>
          <begin>2021-01-17T07:17:17+08:00</begin>
          <end>2021-01-17T07:17:20+08:00</end>
        </TimeSpan>
        <Style>
          <IconStyle>
            <color>FF00FFFF</color>
            <scale>0.9</scale>
            <Icon>
              <href>http://maps.google.com/mapfiles/kml/shapes/placemark_circle.png</href>
            </Icon>
          </IconStyle>
        </Style>
        <Point>
          <altitudeMode>clampToGround</altitudeMode>
          <coordinates>114.20185918506667,22.334739070316324, 312.54</coordinates>
        </Point>
      </Placemark>
      <Placemark>
        <TimeSpan>
          <begin>2021-01-17T07:17:20+08:00</begin>
          <end>2021-01-17T07:17:28+08:00</end>
        </TimeSpan>
        <Style>
          <IconStyle>
            <color>FF00FFFF</color>
            <scale>0.9</scale>
            <Icon>
              <href>http://maps.google.com/mapfiles/kml/shapes/placemark_circle.png</href>
            </Icon>
          </IconStyle>
        </Style>
        <Point>
          <altitudeMode>clampToGround</altitudeMode>
          <coordinates>114.20178876232221,22.33475189341308, 312.6</coordinates>
        </Point>
      </Placemark>
      <Placemark>
        <TimeSpan>
          <begin>2021-01-17T07:17:28+08:00</begin>
          <end>2021-01-17T07:17:36+08:00</end>
        </TimeSpan>
        <Style>
          <IconStyle>
            <color>FF00FFFF</color>
            <scale>0.9</scale>
            <Icon>
              <href>http://maps.google.com/mapfiles/kml/shapes/placemark_circle.png</href>
            </Icon>
          </IconStyle>
        </Style>
        <Point>
          <altitudeMode>clampToGround</altitudeMode>
          <coordinates>114.20180029806407,22.334926483197147, 312.63</coordinates>
        </Point>
      </Placemark>
      <Placemark>
        <TimeSpan>
          <begin>2021-01-17T07:17:36+08:00</begin>
          <end>2021-01-17T07:17:44+08:00</end>
        </TimeSpan>
        <Style>
          <IconStyle>
            <color>FF00FFFF</color>
            <scale>0.9</scale>
            <Icon>
              <href>http://maps.google.com/mapfiles/kml/shapes/placemark_circle.png</href>
            </Icon>
          </IconStyle>
        </Style>
        <Point>
          <altitudeMode>clampToGround</altitudeMode>
          <coordinates>114.20157234982698,22.334884699485187, 312.25</coordinates>
        </Point>
      </Placemark>
      <Placemark>
        <TimeSpan>
          <begin>2021-01-17T07:17:44+08:00</begin>
          <end>2021-01-17T07:17:49+08:00</end>
        </TimeSpan>
        <Style>
          <IconStyle>
            <color>FF00FFFF</color>
            <scale>0.9</scale>
            <Icon>
              <href>http://maps.google.com/mapfiles/kml/shapes/placemark_circle.png</href>
            </Icon>
          </IconStyle>
        </Style>
        <Point>
          <altitudeMode>clampToGround</altitudeMode>
          <coordinates>114.20134201187642,22.33485751797162, 312.31</coordinates>
        </Point>
      </Placemark>
      <Placemark>
        <TimeSpan>
          <begin>2021-01-17T07:17:49+08:00</begin>
          <end>2021-01-17T07:17:57+08:00</end>
        </TimeSpan>
        <Style>
          <IconStyle>
            <color>FF00FFFF</color>
            <scale>0.9</scale>
            <Icon>
              <href>http://maps.google.com/mapfiles/kml/shapes/placemark_circle.png</href>
            </Icon>
          </IconStyle>
        </Style>
        <Point>
          <altitudeMode>clampToGround</altitudeMode>
          <coordinates>114.20119906905742,22.334840649704084, 312.35</coordinates>
        </Point>
      </Placemark>
      <Placemark>
        <TimeSpan>
          <begin>2021-01-17T07:17:57+08:00</begin>
          <end>2021-01-17T07:18:04+08:00</end>
        </TimeSpan>
        <Style>
          <IconStyle>
            <color>FF00FFFF</color>
            <scale>0.9</scale>
            <Icon>
              <href>http://maps.google.com/mapfiles/kml/shapes/placemark_circle.png</href>
            </Icon>
          </IconStyle>
        </Style>
        <Point>
          <altitudeMode>clampToGround</altitudeMode>
          <coordinates>114.2011062731614,22.334818709111307, 312.39</coordinates>
        </Point>
      </Placemark>
      <Placemark>
        <TimeSpan>
          <begin>2021-01-17T07:18:04+08:00</begin>
          <end>2021-01-17T07:18:12+08:00</end>
        </TimeSpan>
        <Style>
          <IconStyle>
            <color>FF00FFFF</color>
            <scale>0.9</scale>
            <Icon>
              <href>http://maps.google.com/mapfiles/kml/shapes/placemark_circle.png</href>
            </Icon>
          </IconStyle>
        </Style>
        <Point>
          <altitudeMode>clampToGround</altitudeMode>
          <coordinates>114.20099014379115,22.334667868436522, 312.01</coordinates>
        </Point>
      </Placemark>
      <Placemark>
        <TimeSpan>
          <begin>2021-01-17T07:18:12+08:00</begin>
          <end>2021-01-17T07:18:20+08:00</end>
        </TimeSpan>
        <Style>
          <IconStyle>
            <color>FF00FFFF</color>
            <scale>0.9</scale>
            <Icon>
              <href>http://maps.google.com/mapfiles/kml/shapes/placemark_circle.png</href>
            </Icon>
          </IconStyle>
        </Style>
        <Point>
          <altitudeMode>clampToGround</altitudeMode>
          <coordinates>114.20079532406982,22.334564622268758, 312.37</coordinates>
        </Point>
      </Placemark>
      <Placemark>
        <TimeSpan>
          <begin>2021-01-17T07:18:20+08:00</begin>
          <end>2021-01-17T07:18:28+08:00</end>
        </TimeSpan>
        <Style>
          <IconStyle>
            <color>FF00FFFF</color>
            <scale>0.9</scale>
            <Icon>
              <href>http://maps.google.com/mapfiles/kml/shapes/placemark_circle.png</href>
            </Icon>
          </IconStyle>
        </Style>
        <Point>
          <altitudeMode>clampToGround</altitudeMode>
          <coordinates>114.200577998551,22.334496742218597, 312.2</coordinates>
        </Point>
      </Placemark>
      <Placemark>
        <TimeSpan>
          <begin>2021-01-17T07:18:28+08:00</begin>
          <end>2021-01-17T07:18:34+08:00</end>
        </TimeSpan>
        <Style>
          <IconStyle>
            <color>FF00FFFF</color>
            <scale>0.9</scale>
            <Icon>
              <href>http://maps.google.com/mapfiles/kml/shapes/placemark_circle.png</href>
            </Icon>
          </IconStyle>
        </Style>
        <Point>
          <altitudeMode>clampToGround</altitudeMode>
          <coordinates>114.20039935892451,22.334403157027676, 312.3</coordinates>
        </Point>
      </Placemark>
      <Placemark>
        <TimeSpan>
          <begin>2021-01-17T07:18:34+08:00</begin>
          <end>2021-01-17T07:18:42+08:00</end>
        </TimeSpan>
        <Style>
          <IconStyle>
            <color>FF00FFFF</color>
            <scale>0.9</scale>
            <Icon>
              <href>http://maps.google.com/mapfiles/kml/shapes/placemark_circle.png</href>
            </Icon>
          </IconStyle>
        </Style>
        <Point>
          <altitudeMode>clampToGround</altitudeMode>
          <coordinates>114.20027669376877,22.33432974717467, 312.4</coordinates>
        </Point>
      </Placemark>
      <Placemark>
        <TimeSpan>
          <begin>2021-01-17T07:18:42+08:00</begin>
          <end>2021-01-17T07:18:50+08:00</end>
        </TimeSpan>
        <Style>
          <IconStyle>
            <color>FF00FFFF</color>
            <scale>0.9</scale>
            <Icon>
              <href>http://maps.google.com/mapfiles/kml/shapes/placemark_circle.png</href>
            </Icon>
          </IconStyle>
        </Style>
        <Point>
          <altitudeMode>clampToGround</altitudeMode>
          <coordinates>114.200226271108,22.334157485021652, 312.33</coordinates>
        </Point>
      </Placemark>
      <Placemark>
        <TimeSpan>
          <begin>2021-01-17T07:18:50+08:00</begin>
          <end>2021-01-17T07:18:58+08:00</end>
        </TimeSpan>
        <Style>
          <IconStyle>
            <color>FF00FFFF</color>
            <scale>0.9</scale>
            <Icon>
              <href>http://maps.google.com/mapfiles/kml/shapes/placemark_circle.png</href>
            </Icon>
          </IconStyle>
        </Style>
        <Point>
          <altitudeMode>clampToGround</altitudeMode>
          <coordinates>114.20037510748867,22.333990599378033, 311.86</coordinates>
        </Point>
      </Placemark>
      <Placemark>
        <TimeSpan>
          <begin>2021-01-17T07:18:58+08:00</begin>
          <end>2021-01-17T07:19:06+08:00</end>
        </TimeSpan>
        <Style>
          <IconStyle>
            <color>FF00FFFF</color>
            <scale>0.9</scale>
            <Icon>
              <href>http://maps.google.com/mapfiles/kml/shapes/placemark_circle.png</href>
            </Icon>
          </IconStyle>
        </Style>
        <Point>
          <altitudeMode>clampToGround</altitudeMode>
          <coordinates>114.20051184098918,22.33381629427727, 311.6</coordinates>
        </Point>
      </Placemark>
      <Placemark>
        <TimeSpan>
          <begin>2021-01-17T07:19:06+08:00</begin>
          <end>2021-01-17T07:19:14+08:00</end>
        </TimeSpan>
        <Style>
          <IconStyle>
            <color>FF00FFFF</color>
            <scale>0.9</scale>
            <Icon>
              <href>http://maps.google.com/mapfiles/kml/shapes/placemark_circle.png</href>
            </Icon>
          </IconStyle>
        </Style>
        <Point>
          <altitudeMode>clampToGround</altitudeMode>
          <coordinates>114.20064752247926,22.333641044560398, 311.89</coordinates>
        </Point>
      </Placemark>
      <Placemark>
        <TimeSpan>
          <begin>2021-01-17T07:19:14+08:00</begin>
          <end>2021-01-17T07:19:22+08:00</end>
        </TimeSpan>
        <Style>
          <IconStyle>
            <color>FF00FFFF</color>
            <scale>0.9</scale>
            <Icon>
              <href>http://maps.google.com/mapfiles/kml/shapes/placemark_circle.png</href>
            </Icon>
          </IconStyle>
        </Style>
        <Point>
          <altitudeMode>clampToGround</altitudeMode>
          <coordinates>114.2007750709594,22.33346201464003, 312.0</coordinates>
        </Point>
      </Placemark>
      <Placemark>
        <TimeSpan>
          <begin>2021-01-17T07:19:22+08:00</begin>
          <end>2021-01-17T07:19:30+08:00</end>
        </TimeSpan>
        <Style>
          <IconStyle>
            <color>FF00FFFF</color>
            <scale>0.9</scale>
            <Icon>
              <href>http://maps.google.com/mapfiles/kml/shapes/placemark_circle.png</href>
            </Icon>
          </IconStyle>
        </Style>
        <Point>
          <altitudeMode>clampToGround</altitudeMode>
          <coordinates>114.20091938651879,22.333296268742096, 312.0</coordinates>
        </Point>
      </Placemark>
      <Placemark>
        <TimeSpan>
          <begin>2021-01-17T07:19:30+08:00</begin>
          <end>2021-01-17T07:19:38+08:00</end>
        </TimeSpan>
        <Style>
          <IconStyle>
            <color>FF00FFFF</color>
            <scale>0.9</scale>
            <Icon>
              <href>http://maps.google.com/mapfiles/kml/shapes/placemark_circle.png</href>
            </Icon>
          </IconStyle>
        </Style>
        <Point>
          <altitudeMode>clampToGround</altitudeMode>
          <coordinates>114.20104132769416,22.33311896684325, 311.44</coordinates>
        </Point>
      </Placemark>
      <Placemark>
        <TimeSpan>
          <begin>2021-01-17T07:19:38+08:00</begin>
          <end>2021-01-17T07:19:46+08:00</end>
        </TimeSpan>
        <Style>
          <IconStyle>
            <color>FF00FFFF</color>
            <scale>0.9</scale>
            <Icon>
              <href>http://maps.google.com/mapfiles/kml/shapes/placemark_circle.png</href>
            </Icon>
          </IconStyle>
        </Style>
        <Point>
          <altitudeMode>clampToGround</altitudeMode>
          <coordinates>114.20082930455655,22.33308674521975, 311.5</coordinates>
        </Point>
      </Placemark>
      <Placemark>
        <TimeSpan>
          <begin>2021-01-17T07:19:46+08:00</begin>
          <end>2021-01-17T07:19:54+08:00</end>
        </TimeSpan>
        <Style>
          <IconStyle>
            <color>FF00FFFF</color>
            <scale>0.9</scale>
            <Icon>
              <href>http://maps.google.com/mapfiles/kml/shapes/placemark_circle.png</href>
            </Icon>
          </IconStyle>
        </Style>
        <Point>
          <altitudeMode>clampToGround</altitudeMode>
          <coordinates>114.20060163083012,22.33306219911044, 311.61</coordinates>
        </Point>
      </Placemark>
      <Placemark>
        <TimeSpan>
          <begin>2021-01-17T07:19:54+08:00</begin>
          <end>2021-01-17T07:20:02+08:00</end>
        </TimeSpan>
        <Style>
          <IconStyle>
            <color>FF00FFFF</color>
            <scale>0.9</scale>
            <Icon>
              <href>http://maps.google.com/mapfiles/kml/shapes/placemark_circle.png</href>
            </Icon>
          </IconStyle>
        </Style>
        <Point>
          <altitudeMode>clampToGround</altitudeMode>
          <coordinates>114.20037353291355,22.333037607268064, 311.72</coordinates>
        </Point>
      </Placemark>
      <Placemark>
        <TimeSpan>
          <begin>2021-01-17T07:20:02+08:00</begin>
          <end>2021-01-17T07:20:10+08:00</end>
        </TimeSpan>
        <Style>
          <IconStyle>
            <color>FF00FFFF</color>
            <scale>0.9</scale>
            <Icon>
              <href>http://maps.google.com/mapfiles/kml/shapes/placemark_circle.png</href>
            </Icon>
          </IconStyle>
        </Style>
        <Point>
          <altitudeMode>clampToGround</altitudeMode>
          <coordinates>114.20014469395743,22.33301293553225, 311.83</coordinates>
        </Point>
      </Placemark>
      <Placemark>
        <TimeSpan>
          <begin>2021-01-17T07:20:10+08:00</begin>
          <end>2021-01-17T07:20:18+08:00</end>
        </TimeSpan>
        <Style>
          <IconStyle>
            <color>FF00FFFF</color>
            <scale>0.9</scale>
            <Icon>
              <href>http://maps.google.com/mapfiles/kml/shapes/placemark_circle.png</href>
            </Icon>
          </IconStyle>
        </Style>
        <Point>
          <altitudeMode>clampToGround</altitudeMode>
          <coordinates>114.1999181854607,22.33298851504945, 311.94</coordinates>
        </Point>
      </Placemark>
      <Placemark>
        <TimeSpan>
          <begin>2021-01-17T07:20:18+08:00</begin>
          <end>2021-01-17T07:20:26+08:00</end>
        </TimeSpan>
        <Style>
          <IconStyle>
            <color>FF00FFFF</color>
            <scale>0.9</scale>
            <Icon>
              <href>http://maps.google.com/mapfiles/kml/shapes/placemark_circle.png</href>
            </Icon>
          </IconStyle>
        </Style>
        <Point>
          <altitudeMode>clampToGround</altitudeMode>
          <coordinates>114.19969231195597,22.332964163026826, 312.05</coordinates>
        </Point>
      </Placemark>
      <Placemark>
        <TimeSpan>
          <begin>2021-01-17T07:20:26+08:00</begin>
          <end>2021-01-17T07:20:34+08:00</end>
        </TimeSpan>
        <Style>
          <IconStyle>
            <color>FF00FFFF</color>
            <scale>0.9</scale>
            <Icon>
              <href>http://maps.google.com/mapfiles/kml/shapes/placemark_circle.png</href>
            </Icon>
          </IconStyle>
        </Style>
        <Point>
          <altitudeMode>clampToGround</altitudeMode>
          <coordinates>114.19946739287911,22.332939913903605, 312.16</coordinates>
        </Point>
      </Placemark>
      <Placemark>
        <TimeSpan>
          <begin>2021-01-17T07:20:34+08:00</begin>
          <end>2021-01-17T07:20:42+08:00</end>
        </TimeSpan>
        <Style>
          <IconStyle>
            <color>FF00FFFF</color>
            <scale>0.9</scale>
            <Icon>
              <href>http://maps.google.com/mapfiles/kml/shapes/placemark_circle.png</href>
            </Icon>
          </IconStyle>
        </Style>
        <Point>
          <altitudeMode>clampToGround</altitudeMode>
          <coordinates>114.19924374059607,22.332956468851744, 312.16</coordinates>
        </Point>
      </Placemark>
      <Placemark>
        <TimeSpan>
          <begin>2021-01-17T07:20:42+08:00</begin>
          <end>2021-01-17T07:20:50+08:00</end>
        </TimeSpan>
        <Style>
          <IconStyle>
            <color>FF00FFFF</color>
            <scale>0.9</scale>
            <Icon>
              <href>http://maps.google.com/mapfiles/kml/shapes/placemark_circle.png</href>
            </Icon>
          </IconStyle>
        </Style>
        <Point>
          <altitudeMode>clampToGround</altitudeMode>
          <coordinates>114.19901997181687,22.333001960551112, 312.09</coordinates>
        </Point>
      </Placemark>
      <Placemark>
        <TimeSpan>
          <begin>2021-01-17T07:20:50+08:00</begin>
          <end>2021-01-17T07:20:58+08:00</end>
        </TimeSpan>
        <Style>
          <IconStyle>
            <color>FF00FFFF</color>
            <scale>0.9</scale>
            <Icon>
              <href>http://maps.google.com/mapfiles/kml/shapes/placemark_circle.png</href>
            </Icon>
          </IconStyle>
        </Style>
        <Point>
          <altitudeMode>clampToGround</altitudeMode>
          <coordinates>114.19879547564449,22.33304760012791, 312.02</coordinates>
        </Point>
      </Placemark>
      <Placemark>
        <TimeSpan>
          <begin>2021-01-17T07:20:58+08:00</begin>
          <end>2021-01-17T07:20:59+08:00</end>
        </TimeSpan>
        <Style>
          <IconStyle>
            <color>FF00FFFF</color>
            <scale>0.9</scale>
            <Icon>
              <href>http://maps.google.com/mapfiles/kml/shapes/placemark_circle.png</href>
            </Icon>
          </IconStyle>
        </Style>
        <Point>
          <altitudeMode>clampToGround</altitudeMode>
          <coordinates>114.19857191669024,22.333093049170326, 311.95</coordinates>
        </Point>
      </Placemark>
      <Placemark>
        <TimeSpan>
          <begin>2021-01-17T07:20:59+08:00</begin>
          <end>2021-01-17T07:21:07+08:00</end>
        </TimeSpan>
        <Style>
          <IconStyle>
            <color>FF00FFFF</color>
            <scale>0.9</scale>
            <Icon>
              <href>http://maps.google.com/mapfiles/kml/shapes/placemark_circle.png</href>
            </Icon>
          </IconStyle>
        </Style>
        <Point>
          <altitudeMode>clampToGround</altitudeMode>
          <coordinates>114.19854420580758,22.333098682731666, 311.94</coordinates>
        </Point>
      </Placemark>
      <Placemark>
        <TimeSpan>
          <begin>2021-01-17T07:21:07+08:00</begin>
          <end>2021-01-17T07:21:15+08:00</end>
        </TimeSpan>
        <Style>
          <IconStyle>
            <color>FF00FFFF</color>
            <scale>0.9</scale>
            <Icon>
              <href>http://maps.google.com/mapfiles/kml/shapes/placemark_circle.png</href>
            </Icon>
          </IconStyle>
        </Style>
        <Point>
          <altitudeMode>clampToGround</altitudeMode>
          <coordinates>114.19832210418302,22.333143835502167, 311.87</coordinates>
        </Point>
      </Placemark>
      <Placemark>
        <TimeSpan>
          <begin>2021-01-17T07:21:15+08:00</begin>
          <end>2021-01-17T07:21:23+08:00</end>
        </TimeSpan>
        <Style>
          <IconStyle>
            <color>FF00FFFF</color>
            <scale>0.9</scale>
            <Icon>
              <href>http://maps.google.com/mapfiles/kml/shapes/placemark_circle.png</href>
            </Icon>
          </IconStyle>
        </Style>
        <Point>
          <altitudeMode>clampToGround</altitudeMode>
          <coordinates>114.19809790679268,22.33319470757878, 311.82</coordinates>
        </Point>
      </Placemark>
      <Placemark>
        <TimeSpan>
          <begin>2021-01-17T07:21:23+08:00</begin>
          <end>2021-01-17T07:21:30+08:00</end>
        </TimeSpan>
        <Style>
          <IconStyle>
            <color>FF00FFFF</color>
            <scale>0.9</scale>
            <Icon>
              <href>http://maps.google.com/mapfiles/kml/shapes/placemark_circle.png</href>
            </Icon>
          </IconStyle>
        </Style>
        <Point>
          <altitudeMode>clampToGround</altitudeMode>
          <coordinates>114.19791389358896,22.333339142053084, 312.18</coordinates>
        </Point>
      </Placemark>
      <Placemark>
        <TimeSpan>
          <begin>2021-01-17T07:21:30+08:00</begin>
          <end>2021-01-17T07:21:38+08:00</end>
        </TimeSpan>
        <Style>
          <IconStyle>
            <color>FF00FFFF</color>
            <scale>0.9</scale>
            <Icon>
              <href>http://maps.google.com/mapfiles/kml/shapes/placemark_circle.png</href>
            </Icon>
          </IconStyle>
        </Style>
        <Point>
          <altitudeMode>clampToGround</altitudeMode>
          <coordinates>114.19781486305284,22.33351758145158, 312.06</coordinates>
        </Point>
      </Placemark>
      <Placemark>
        <TimeSpan>
          <begin>2021-01-17T07:21:38+08:00</begin>
          <end>2021-01-17T07:21:46+08:00</end>
        </TimeSpan>
        <Style>
          <IconStyle>
            <color>FF00FFFF</color>
            <scale>0.9</scale>
            <Icon>
              <href>http://maps.google.com/mapfiles/kml/shapes/placemark_circle.png</href>
            </Icon>
          </IconStyle>
        </Style>
        <Point>
          <altitudeMode>clampToGround</altitudeMode>
          <coordinates>114.1977038984761,22.333717524349016, 311.92</coordinates>
        </Point>
      </Placemark>
      <Placemark>
        <TimeSpan>
          <begin>2021-01-17T07:21:46+08:00</begin>
          <end>2021-01-17T07:21:54+08:00</end>
        </TimeSpan>
        <Style>
          <IconStyle>
            <color>FF00FFFF</color>
            <scale>0.9</scale>
            <Icon>
              <href>http://maps.google.com/mapfiles/kml/shapes/placemark_circle.png</href>
            </Icon>
          </IconStyle>
        </Style>
        <Point>
          <altitudeMode>clampToGround</altitudeMode>
          <coordinates>114.19760062644485,22.33391430508907, 311.86</coordinates>
        </Point>
      </Placemark>
      <Placemark>
        <TimeSpan>
          <begin>2021-01-17T07:21:54+08:00</begin>
          <end>2021-01-17T07:21:56+08:00</end>
        </TimeSpan>
        <Style>
          <IconStyle>
            <color>FF00FFFF</color>
            <scale>0.9</scale>
            <Icon>
              <href>http://maps.google.com/mapfiles/kml/shapes/placemark_circle.png</href>
            </Icon>
          </IconStyle>
        </Style>
        <Point>
          <altitudeMode>clampToGround</altitudeMode>
          <coordinates>114.1974901623215,22.333928590355228, 312.2</coordinates>
        </Point>
      </Placemark>
      <Placemark>
        <TimeSpan>
          <begin>2021-01-17T07:21:56+08:00</begin>
          <end>2021-01-17T07:22:18+08:00</end>
        </TimeSpan>
        <Style>
          <IconStyle>
            <color>FF00FFFF</color>
            <scale>0.9</scale>
            <Icon>
              <href>http://maps.google.com/mapfiles/kml/shapes/placemark_circle.png</href>
            </Icon>
          </IconStyle>
        </Style>
        <Point>
          <altitudeMode>clampToGround</altitudeMode>
          <coordinates>114.19746281043015,22.333882602163417, 312.2</coordinates>
        </Point>
      </Placemark>
      <Placemark>
        <TimeSpan>
          <begin>2021-01-17T07:22:18+08:00</begin>
          <end>2021-01-17T07:22:28+08:00</end>
        </TimeSpan>
        <Style>
          <IconStyle>
            <color>FF00FFFF</color>
            <scale>0.9</scale>
            <Icon>
              <href>http://maps.google.com/mapfiles/kml/shapes/placemark_circle.png</href>
            </Icon>
          </IconStyle>
        </Style>
        <Point>
          <altitudeMode>clampToGround</altitudeMode>
          <coordinates>114.19745283667363,22.333865832755308, 312.2</coordinates>
        </Point>
      </Placemark>
      <Placemark>
        <TimeSpan>
          <begin>2021-01-17T07:22:28+08:00</begin>
          <end>2021-01-17T07:22:35+08:00</end>
        </TimeSpan>
        <Style>
          <IconStyle>
            <color>FF00FFFF</color>
            <scale>0.9</scale>
            <Icon>
              <href>http://maps.google.com/mapfiles/kml/shapes/placemark_circle.png</href>
            </Icon>
          </IconStyle>
        </Style>
        <Point>
          <altitudeMode>clampToGround</altitudeMode>
          <coordinates>114.19736538469948,22.33368327037768, 312.2</coordinates>
        </Point>
      </Placemark>
      <Placemark>
        <TimeSpan>
          <begin>2021-01-17T07:22:35+08:00</begin>
          <end>2021-01-17T07:22:42+08:00</end>
        </TimeSpan>
        <Style>
          <IconStyle>
            <color>FF00FFFF</color>
            <scale>0.9</scale>
            <Icon>
              <href>http://maps.google.com/mapfiles/kml/shapes/placemark_circle.png</href>
            </Icon>
          </IconStyle>
        </Style>
        <Point>
          <altitudeMode>clampToGround</altitudeMode>
          <coordinates>114.19722350545875,22.333533446279226, 312.2</coordinates>
        </Point>
      </Placemark>
      <Placemark>
        <TimeSpan>
          <begin>2021-01-17T07:22:42+08:00</begin>
          <end>2021-01-17T07:22:49+08:00</end>
        </TimeSpan>
        <Style>
          <IconStyle>
            <color>FF00FFFF</color>
            <scale>0.9</scale>
            <Icon>
              <href>http://maps.google.com/mapfiles/kml/shapes/placemark_circle.png</href>
            </Icon>
          </IconStyle>
        </Style>
        <Point>
          <altitudeMode>clampToGround</altitudeMode>
          <coordinates>114.19709653601878,22.33337341345357, 312.2</coordinates>
        </Point>
      </Placemark>
      <Placemark>
        <TimeSpan>
          <begin>2021-01-17T07:22:49+08:00</begin>
          <end>2021-01-17T07:22:57+08:00</end>
        </TimeSpan>
        <Style>
          <IconStyle>
            <color>FF00FFFF</color>
            <scale>0.9</scale>
            <Icon>
              <href>http://maps.google.com/mapfiles/kml/shapes/placemark_circle.png</href>
            </Icon>
          </IconStyle>
        </Style>
        <Point>
          <altitudeMode>clampToGround</altitudeMode>
          <coordinates>114.19716745002994,22.33323739786527, 312.0</coordinates>
        </Point>
      </Placemark>
      <Placemark>
        <TimeSpan>
          <begin>2021-01-17T07:22:57+08:00</begin>
          <end>2021-01-17T07:23:02+08:00</end>
        </TimeSpan>
        <Style>
          <IconStyle>
            <color>FF00FFFF</color>
            <scale>0.9</scale>
            <Icon>
              <href>http://maps.google.com/mapfiles/kml/shapes/placemark_circle.png</href>
            </Icon>
          </IconStyle>
        </Style>
        <Point>
          <altitudeMode>clampToGround</altitudeMode>
          <coordinates>114.19724849652489,22.333035224455692, 312.33</coordinates>
        </Point>
      </Placemark>
      <Placemark>
        <TimeSpan>
          <begin>2021-01-17T07:23:02+08:00</begin>
          <end>2021-01-17T07:23:10+08:00</end>
        </TimeSpan>
        <Style>
          <IconStyle>
            <color>FF00FFFF</color>
            <scale>0.9</scale>
            <Icon>
              <href>http://maps.google.com/mapfiles/kml/shapes/placemark_circle.png</href>
            </Icon>
          </IconStyle>
        </Style>
        <Point>
          <altitudeMode>clampToGround</altitudeMode>
          <coordinates>114.19728706466395,22.332904654913545, 312.2</coordinates>
        </Point>
      </Placemark>
      <Placemark>
        <TimeSpan>
          <begin>2021-01-17T07:23:10+08:00</begin>
          <end>2021-01-17T07:23:18+08:00</end>
        </TimeSpan>
        <Style>
          <IconStyle>
            <color>FF00FFFF</color>
            <scale>0.9</scale>
            <Icon>
              <href>http://maps.google.com/mapfiles/kml/shapes/placemark_circle.png</href>
            </Icon>
          </IconStyle>
        </Style>
        <Point>
          <altitudeMode>clampToGround</altitudeMode>
          <coordinates>114.19743386080275,22.33274080448857, 311.97</coordinates>
        </Point>
      </Placemark>
      <Placemark>
        <TimeSpan>
          <begin>2021-01-17T07:23:18+08:00</begin>
          <end>2021-01-17T07:23:25+08:00</end>
        </TimeSpan>
        <Style>
          <IconStyle>
            <color>FF00FFFF</color>
            <scale>0.9</scale>
            <Icon>
              <href>http://maps.google.com/mapfiles/kml/shapes/placemark_circle.png</href>
            </Icon>
          </IconStyle>
        </Style>
        <Point>
          <altitudeMode>clampToGround</altitudeMode>
          <coordinates>114.19749609817303,22.33256779181464, 312.44</coordinates>
        </Point>
      </Placemark>
      <Placemark>
        <TimeSpan>
          <begin>2021-01-17T07:23:25+08:00</begin>
          <end>2021-01-17T07:23:32+08:00</end>
        </TimeSpan>
        <Style>
          <IconStyle>
            <color>FF00FFFF</color>
            <scale>0.9</scale>
            <Icon>
              <href>http://maps.google.com/mapfiles/kml/shapes/placemark_circle.png</href>
            </Icon>
          </IconStyle>
        </Style>
        <Point>
          <altitudeMode>clampToGround</altitudeMode>
          <coordinates>114.19745729344287,22.33237520724865, 311.43</coordinates>
        </Point>
      </Placemark>
      <Placemark>
        <TimeSpan>
          <begin>2021-01-17T07:23:32+08:00</begin>
          <end>2021-01-17T07:23:40+08:00</end>
        </TimeSpan>
        <Style>
          <IconStyle>
            <color>FF00FFFF</color>
            <scale>0.9</scale>
            <Icon>
              <href>http://maps.google.com/mapfiles/kml/shapes/placemark_circle.png</href>
            </Icon>
          </IconStyle>
        </Style>
        <Point>
          <altitudeMode>clampToGround</altitudeMode>
          <coordinates>114.19725618821127,22.332368956240476, 311.53</coordinates>
        </Point>
      </Placemark>
      <Placemark>
        <TimeSpan>
          <begin>2021-01-17T07:23:40+08:00</begin>
          <end>2021-01-17T07:23:48+08:00</end>
        </TimeSpan>
        <Style>
          <IconStyle>
            <color>FF00FFFF</color>
            <scale>0.9</scale>
            <Icon>
              <href>http://maps.google.com/mapfiles/kml/shapes/placemark_circle.png</href>
            </Icon>
          </IconStyle>
        </Style>
        <Point>
          <altitudeMode>clampToGround</altitudeMode>
          <coordinates>114.19701780651201,22.332352616127668, 311.82</coordinates>
        </Point>
      </Placemark>
      <Placemark>
        <TimeSpan>
          <begin>2021-01-17T07:23:48+08:00</begin>
          <end>2021-01-17T07:23:54+08:00</end>
        </TimeSpan>
        <Style>
          <IconStyle>
            <color>FF00FFFF</color>
            <scale>0.9</scale>
            <Icon>
              <href>http://maps.google.com/mapfiles/kml/shapes/placemark_circle.png</href>
            </Icon>
          </IconStyle>
        </Style>
        <Point>
          <altitudeMode>clampToGround</altitudeMode>
          <coordinates>114.19680340143998,22.332266121634245, 312.12</coordinates>
        </Point>
      </Placemark>
      <Placemark>
        <TimeSpan>
          <begin>2021-01-17T07:23:54+08:00</begin>
          <end>2021-01-17T07:24:02+08:00</end>
        </TimeSpan>
        <Style>
          <IconStyle>
            <color>FF00FFFF</color>
            <scale>0.9</scale>
            <Icon>
              <href>http://maps.google.com/mapfiles/kml/shapes/placemark_circle.png</href>
            </Icon>
          </IconStyle>
        </Style>
        <Point>
          <altitudeMode>clampToGround</altitudeMode>
          <coordinates>114.19674933151542,22.332134320124347, 312.05</coordinates>
        </Point>
      </Placemark>
      <Placemark>
        <TimeSpan>
          <begin>2021-01-17T07:24:02+08:00</begin>
          <end>2021-01-17T07:24:10+08:00</end>
        </TimeSpan>
        <Style>
          <IconStyle>
            <color>FF00FFFF</color>
            <scale>0.9</scale>
            <Icon>
              <href>http://maps.google.com/mapfiles/kml/shapes/placemark_circle.png</href>
            </Icon>
          </IconStyle>
        </Style>
        <Point>
          <altitudeMode>clampToGround</altitudeMode>
          <coordinates>114.19683827153469,22.331935755354635, 311.8</coordinates>
        </Point>
      </Placemark>
      <Placemark>
        <TimeSpan>
          <begin>2021-01-17T07:24:10+08:00</begin>
          <end>2021-01-17T07:24:18+08:00</end>
        </TimeSpan>
        <Style>
          <IconStyle>
            <color>FF00FFFF</color>
            <scale>0.9</scale>
            <Icon>
              <href>http://maps.google.com/mapfiles/kml/shapes/placemark_circle.png</href>
            </Icon>
          </IconStyle>
        </Style>
        <Point>
          <altitudeMode>clampToGround</altitudeMode>
          <coordinates>114.19700542821727,22.331781146846396, 311.8</coordinates>
        </Point>
      </Placemark>
      <Placemark>
        <TimeSpan>
          <begin>2021-01-17T07:24:18+08:00</begin>
          <end>2021-01-17T07:24:26+08:00</end>
        </TimeSpan>
        <Style>
          <IconStyle>
            <color>FF00FFFF</color>
            <scale>0.9</scale>
            <Icon>
              <href>http://maps.google.com/mapfiles/kml/shapes/placemark_circle.png</href>
            </Icon>
          </IconStyle>
        </Style>
        <Point>
          <altitudeMode>clampToGround</altitudeMode>
          <coordinates>114.19719028300483,22.33165035948988, 311.96</coordinates>
        </Point>
      </Placemark>
      <Placemark>
        <TimeSpan>
          <begin>2021-01-17T07:24:26+08:00</begin>
          <end>2021-01-17T07:24:34+08:00</end>
        </TimeSpan>
        <Style>
          <IconStyle>
            <color>FF00FFFF</color>
            <scale>0.9</scale>
            <Icon>
              <href>http://maps.google.com/mapfiles/kml/shapes/placemark_circle.png</href>
            </Icon>
          </IconStyle>
        </Style>
        <Point>
          <altitudeMode>clampToGround</altitudeMode>
          <coordinates>114.19738820370611,22.331695727794635, 312.56</coordinates>
        </Point>
      </Placemark>
      <Placemark>
        <TimeSpan>
          <begin>2021-01-17T07:24:34+08:00</begin>
          <end>2021-01-17T07:24:42+08:00</end>
        </TimeSpan>
        <Style>
          <IconStyle>
            <color>FF00FFFF</color>
            <scale>0.9</scale>
            <Icon>
              <href>http://maps.google.com/mapfiles/kml/shapes/placemark_circle.png</href>
            </Icon>
          </IconStyle>
        </Style>
        <Point>
          <altitudeMode>clampToGround</altitudeMode>
          <coordinates>114.19757562063246,22.33181548613292, 312.2</coordinates>
        </Point>
      </Placemark>
      <Placemark>
        <TimeSpan>
          <begin>2021-01-17T07:24:42+08:00</begin>
          <end>2021-01-17T07:24:50+08:00</end>
        </TimeSpan>
        <Style>
          <IconStyle>
            <color>FF00FFFF</color>
            <scale>0.9</scale>
            <Icon>
              <href>http://maps.google.com/mapfiles/kml/shapes/placemark_circle.png</href>
            </Icon>
          </IconStyle>
        </Style>
        <Point>
          <altitudeMode>clampToGround</altitudeMode>
          <coordinates>114.19776656617279,22.331783739176974, 312.3</coordinates>
        </Point>
      </Placemark>
      <Placemark>
        <TimeSpan>
          <begin>2021-01-17T07:24:50+08:00</begin>
          <end>2021-01-17T07:24:56+08:00</end>
        </TimeSpan>
        <Style>
          <IconStyle>
            <color>FF00FFFF</color>
            <scale>0.9</scale>
            <Icon>
              <href>http://maps.google.com/mapfiles/kml/shapes/placemark_circle.png</href>
            </Icon>
          </IconStyle>
        </Style>
        <Point>
          <altitudeMode>clampToGround</altitudeMode>
          <coordinates>114.19796554386102,22.33171634751095, 312.6</coordinates>
        </Point>
      </Placemark>
      <Placemark>
        <TimeSpan>
          <begin>2021-01-17T07:24:56+08:00</begin>
          <end>2021-01-17T07:25:04+08:00</end>
        </TimeSpan>
        <Style>
          <IconStyle>
            <color>FF00FFFF</color>
            <scale>0.9</scale>
            <Icon>
              <href>http://maps.google.com/mapfiles/kml/shapes/placemark_circle.png</href>
            </Icon>
          </IconStyle>
        </Style>
        <Point>
          <altitudeMode>clampToGround</altitudeMode>
          <coordinates>114.19812575974932,22.331677614849948, 312.41</coordinates>
        </Point>
      </Placemark>
      <Placemark>
        <TimeSpan>
          <begin>2021-01-17T07:25:04+08:00</begin>
          <end>2021-01-17T07:25:12+08:00</end>
        </TimeSpan>
        <Style>
          <IconStyle>
            <color>FF00FFFF</color>
            <scale>0.9</scale>
            <Icon>
              <href>http://maps.google.com/mapfiles/kml/shapes/placemark_circle.png</href>
            </Icon>
          </IconStyle>
        </Style>
        <Point>
          <altitudeMode>clampToGround</altitudeMode>
          <coordinates>114.19827510911072,22.33167294539201, 312.12</coordinates>
        </Point>
      </Placemark>
      <Placemark>
        <TimeSpan>
          <begin>2021-01-17T07:25:12+08:00</begin>
          <end>2021-01-17T07:25:16+08:00</end>
        </TimeSpan>
        <Style>
          <IconStyle>
            <color>FF00FFFF</color>
            <scale>0.9</scale>
            <Icon>
              <href>http://maps.google.com/mapfiles/kml/shapes/placemark_circle.png</href>
            </Icon>
          </IconStyle>
        </Style>
        <Point>
          <altitudeMode>clampToGround</altitudeMode>
          <coordinates>114.19829579067435,22.331884423084034, 312.28</coordinates>
        </Point>
      </Placemark>
      <Placemark>
        <TimeSpan>
          <begin>2021-01-17T07:25:16+08:00</begin>
          <end>2021-01-17T07:25:24+08:00</end>
        </TimeSpan>
        <Style>
          <IconStyle>
            <color>FF00FFFF</color>
            <scale>0.9</scale>
            <Icon>
              <href>http://maps.google.com/mapfiles/kml/shapes/placemark_circle.png</href>
            </Icon>
          </IconStyle>
        </Style>
        <Point>
          <altitudeMode>clampToGround</altitudeMode>
          <coordinates>114.19830161542956,22.331991036189606, 312.09</coordinates>
        </Point>
      </Placemark>
      <Placemark>
        <TimeSpan>
          <begin>2021-01-17T07:25:24+08:00</begin>
          <end>2021-01-17T07:25:32+08:00</end>
        </TimeSpan>
        <Style>
          <IconStyle>
            <color>FF00FFFF</color>
            <scale>0.9</scale>
            <Icon>
              <href>http://maps.google.com/mapfiles/kml/shapes/placemark_circle.png</href>
            </Icon>
          </IconStyle>
        </Style>
        <Point>
          <altitudeMode>clampToGround</altitudeMode>
          <coordinates>114.19837564726657,22.33218699649482, 311.75</coordinates>
        </Point>
      </Placemark>
      <Placemark>
        <TimeSpan>
          <begin>2021-01-17T07:25:32+08:00</begin>
          <end>2021-01-17T07:25:38+08:00</end>
        </TimeSpan>
        <Style>
          <IconStyle>
            <color>FF00FFFF</color>
            <scale>0.9</scale>
            <Icon>
              <href>http://maps.google.com/mapfiles/kml/shapes/placemark_circle.png</href>
            </Icon>
          </IconStyle>
        </Style>
        <Point>
          <altitudeMode>clampToGround</altitudeMode>
          <coordinates>114.1985406043059,22.332336795974015, 311.77</coordinates>
        </Point>
      </Placemark>
      <Placemark>
        <TimeSpan>
          <begin>2021-01-17T07:25:38+08:00</begin>
          <end>2021-01-17T07:25:46+08:00</end>
        </TimeSpan>
        <Style>
          <IconStyle>
            <color>FF00FFFF</color>
            <scale>0.9</scale>
            <Icon>
              <href>http://maps.google.com/mapfiles/kml/shapes/placemark_circle.png</href>
            </Icon>
          </IconStyle>
        </Style>
        <Point>
          <altitudeMode>clampToGround</altitudeMode>
          <coordinates>114.19868696099388,22.332421293631647, 311.91</coordinates>
        </Point>
      </Placemark>
      <Placemark>
        <TimeSpan>
          <begin>2021-01-17T07:25:46+08:00</begin>
          <end>2021-01-17T07:25:54+08:00</end>
        </TimeSpan>
        <Style>
          <IconStyle>
            <color>FF00FFFF</color>
            <scale>0.9</scale>
            <Icon>
              <href>http://maps.google.com/mapfiles/kml/shapes/placemark_circle.png</href>
            </Icon>
          </IconStyle>
        </Style>
        <Point>
          <altitudeMode>clampToGround</altitudeMode>
          <coordinates>114.19891103946286,22.332478794155474, 311.7</coordinates>
        </Point>
      </Placemark>
      <Placemark>
        <TimeSpan>
          <begin>2021-01-17T07:25:54+08:00</begin>
          <end>2021-01-17T07:25:55+08:00</end>
        </TimeSpan>
        <Style>
          <IconStyle>
            <color>FF00FFFF</color>
            <scale>0.9</scale>
            <Icon>
              <href>http://maps.google.com/mapfiles/kml/shapes/placemark_circle.png</href>
            </Icon>
          </IconStyle>
        </Style>
        <Point>
          <altitudeMode>clampToGround</altitudeMode>
          <coordinates>114.19914478697451,22.332510089737585, 312.15</coordinates>
        </Point>
      </Placemark>
      <Placemark>
        <TimeSpan>
          <begin>2021-01-17T07:25:55+08:00</begin>
          <end>2021-01-17T07:26:03+08:00</end>
        </TimeSpan>
        <Style>
          <IconStyle>
            <color>FF00FFFF</color>
            <scale>0.9</scale>
            <Icon>
              <href>http://maps.google.com/mapfiles/kml/shapes/placemark_circle.png</href>
            </Icon>
          </IconStyle>
        </Style>
        <Point>
          <altitudeMode>clampToGround</altitudeMode>
          <coordinates>114.19917337312663,22.332516996623866, 312.21</coordinates>
        </Point>
      </Placemark>
      <Placemark>
        <TimeSpan>
          <begin>2021-01-17T07:26:03+08:00</begin>
          <end>2021-01-17T07:26:10+08:00</end>
        </TimeSpan>
        <Style>
          <IconStyle>
            <color>FF00FFFF</color>
            <scale>0.9</scale>
            <Icon>
              <href>http://maps.google.com/mapfiles/kml/shapes/placemark_circle.png</href>
            </Icon>
          </IconStyle>
        </Style>
        <Point>
          <altitudeMode>clampToGround</altitudeMode>
          <coordinates>114.19940080974764,22.3325674018312, 312.06</coordinates>
        </Point>
      </Placemark>
      <Placemark>
        <TimeSpan>
          <begin>2021-01-17T07:26:10+08:00</begin>
          <end>2021-01-17T07:26:14+08:00</end>
        </TimeSpan>
        <Style>
          <IconStyle>
            <color>FF00FFFF</color>
            <scale>0.9</scale>
            <Icon>
              <href>http://maps.google.com/mapfiles/kml/shapes/placemark_circle.png</href>
            </Icon>
          </IconStyle>
        </Style>
        <Point>
          <altitudeMode>clampToGround</altitudeMode>
          <coordinates>114.19960091745743,22.332602708311864, 311.72</coordinates>
        </Point>
      </Placemark>
      <Placemark>
        <TimeSpan>
          <begin>2021-01-17T07:26:14+08:00</begin>
          <end>2021-01-17T07:26:22+08:00</end>
        </TimeSpan>
        <Style>
          <IconStyle>
            <color>FF00FFFF</color>
            <scale>0.9</scale>
            <Icon>
              <href>http://maps.google.com/mapfiles/kml/shapes/placemark_circle.png</href>
            </Icon>
          </IconStyle>
        </Style>
        <Point>
          <altitudeMode>clampToGround</altitudeMode>
          <coordinates>114.19971537697458,22.332619155355616, 311.63</coordinates>
        </Point>
      </Placemark>
      <Placemark>
        <TimeSpan>
          <begin>2021-01-17T07:26:22+08:00</begin>
          <end>2021-01-17T07:26:30+08:00</end>
        </TimeSpan>
        <Style>
          <IconStyle>
            <color>FF00FFFF</color>
            <scale>0.9</scale>
            <Icon>
              <href>http://maps.google.com/mapfiles/kml/shapes/placemark_circle.png</href>
            </Icon>
          </IconStyle>
        </Style>
        <Point>
          <altitudeMode>clampToGround</altitudeMode>
          <coordinates>114.19983484255997,22.332781978330722, 311.6</coordinates>
        </Point>
      </Placemark>
      <Placemark>
        <TimeSpan>
          <begin>2021-01-17T07:26:30+08:00</begin>
          <end>2021-01-17T07:26:33+08:00</end>
        </TimeSpan>
        <Style>
          <IconStyle>
            <color>FF00FFFF</color>
            <scale>0.9</scale>
            <Icon>
              <href>http://maps.google.com/mapfiles/kml/shapes/placemark_circle.png</href>
            </Icon>
          </IconStyle>
        </Style>
        <Point>
          <altitudeMode>clampToGround</altitudeMode>
          <coordinates>114.19992937577427,22.332980639226804, 311.6</coordinates>
        </Point>
      </Placemark>
      <Placemark>
        <TimeSpan>
          <begin>2021-01-17T07:26:33+08:00</begin>
          <end>2021-01-17T07:26:41+08:00</end>
        </TimeSpan>
        <Style>
          <IconStyle>
            <color>FF00FFFF</color>
            <scale>0.9</scale>
            <Icon>
              <href>http://maps.google.com/mapfiles/kml/shapes/placemark_circle.png</href>
            </Icon>
          </IconStyle>
        </Style>
        <Point>
          <altitudeMode>clampToGround</altitudeMode>
          <coordinates>114.19996495476445,22.33305540822861, 311.6</coordinates>
        </Point>
      </Placemark>
      <Placemark>
        <TimeSpan>
          <begin>2021-01-17T07:26:41+08:00</begin>
          <end>2021-01-17T07:26:48+08:00</end>
        </TimeSpan>
        <Style>
          <IconStyle>
            <color>FF00FFFF</color>
            <scale>0.9</scale>
            <Icon>
              <href>http://maps.google.com/mapfiles/kml/shapes/placemark_circle.png</href>
            </Icon>
          </IconStyle>
        </Style>
        <Point>
          <altitudeMode>clampToGround</altitudeMode>
          <coordinates>114.20005970198773,22.33325451886305, 311.6</coordinates>
        </Point>
      </Placemark>
      <Placemark>
        <TimeSpan>
          <begin>2021-01-17T07:26:48+08:00</begin>
          <end>2021-01-17T07:26:56+08:00</end>
        </TimeSpan>
        <Style>
          <IconStyle>
            <color>FF00FFFF</color>
            <scale>0.9</scale>
            <Icon>
              <href>http://maps.google.com/mapfiles/kml/shapes/placemark_circle.png</href>
            </Icon>
          </IconStyle>
        </Style>
        <Point>
          <altitudeMode>clampToGround</altitudeMode>
          <coordinates>114.20014177442522,22.333426993522853, 311.6</coordinates>
        </Point>
      </Placemark>
      <Placemark>
        <TimeSpan>
          <begin>2021-01-17T07:26:56+08:00</begin>
          <end>2021-01-17T07:27:04+08:00</end>
        </TimeSpan>
        <Style>
          <IconStyle>
            <color>FF00FFFF</color>
            <scale>0.9</scale>
            <Icon>
              <href>http://maps.google.com/mapfiles/kml/shapes/placemark_circle.png</href>
            </Icon>
          </IconStyle>
        </Style>
        <Point>
          <altitudeMode>clampToGround</altitudeMode>
          <coordinates>114.2002355774913,22.333624120017486, 311.6</coordinates>
        </Point>
      </Placemark>
      <Placemark>
        <TimeSpan>
          <begin>2021-01-17T07:27:04+08:00</begin>
          <end>2021-01-17T07:27:12+08:00</end>
        </TimeSpan>
        <Style>
          <IconStyle>
            <color>FF00FFFF</color>
            <scale>0.9</scale>
            <Icon>
              <href>http://maps.google.com/mapfiles/kml/shapes/placemark_circle.png</href>
            </Icon>
          </IconStyle>
        </Style>
        <Point>
          <altitudeMode>clampToGround</altitudeMode>
          <coordinates>114.20032955155473,22.333821605861882, 311.6</coordinates>
        </Point>
      </Placemark>
      <Placemark>
        <TimeSpan>
          <begin>2021-01-17T07:27:12+08:00</begin>
          <end>2021-01-17T07:27:20+08:00</end>
        </TimeSpan>
        <Style>
          <IconStyle>
            <color>FF00FFFF</color>
            <scale>0.9</scale>
            <Icon>
              <href>http://maps.google.com/mapfiles/kml/shapes/placemark_circle.png</href>
            </Icon>
          </IconStyle>
        </Style>
        <Point>
          <altitudeMode>clampToGround</altitudeMode>
          <coordinates>114.2004233976324,22.334018822745104, 311.6</coordinates>
        </Point>
      </Placemark>
      <Placemark>
        <TimeSpan>
          <begin>2021-01-17T07:27:20+08:00</begin>
          <end>2021-01-17T07:27:26+08:00</end>
        </TimeSpan>
        <Style>
          <IconStyle>
            <color>FF00FFFF</color>
            <scale>0.9</scale>
            <Icon>
              <href>http://maps.google.com/mapfiles/kml/shapes/placemark_circle.png</href>
            </Icon>
          </IconStyle>
        </Style>
        <Point>
          <altitudeMode>clampToGround</altitudeMode>
          <coordinates>114.20051672757081,22.334214954965233, 311.6</coordinates>
        </Point>
      </Placemark>
      <Placemark>
        <TimeSpan>
          <begin>2021-01-17T07:27:26+08:00</begin>
          <end>2021-01-17T07:27:34+08:00</end>
        </TimeSpan>
        <Style>
          <IconStyle>
            <color>FF00FFFF</color>
            <scale>0.9</scale>
            <Icon>
              <href>http://maps.google.com/mapfiles/kml/shapes/placemark_circle.png</href>
            </Icon>
          </IconStyle>
        </Style>
        <Point>
          <altitudeMode>clampToGround</altitudeMode>
          <coordinates>114.2005872403771,22.334363137139974, 311.6</coordinates>
        </Point>
      </Placemark>
      <Placemark>
        <TimeSpan>
          <begin>2021-01-17T07:27:34+08:00</begin>
          <end>2021-01-17T07:27:42+08:00</end>
        </TimeSpan>
        <Style>
          <IconStyle>
            <color>FF00FFFF</color>
            <scale>0.9</scale>
            <Icon>
              <href>http://maps.google.com/mapfiles/kml/shapes/placemark_circle.png</href>
            </Icon>
          </IconStyle>
        </Style>
        <Point>
          <altitudeMode>clampToGround</altitudeMode>
          <coordinates>114.20067614504494,22.33453628173929, 311.62</coordinates>
        </Point>
      </Placemark>
      <Placemark>
        <TimeSpan>
          <begin>2021-01-17T07:27:42+08:00</begin>
          <end>2021-01-17T07:27:50+08:00</end>
        </TimeSpan>
        <Style>
          <IconStyle>
            <color>FF00FFFF</color>
            <scale>0.9</scale>
            <Icon>
              <href>http://maps.google.com/mapfiles/kml/shapes/placemark_circle.png</href>
            </Icon>
          </IconStyle>
        </Style>
        <Point>
          <altitudeMode>clampToGround</altitudeMode>
          <coordinates>114.20068996736883,22.33432278746079, 311.95</coordinates>
        </Point>
      </Placemark>
      <Placemark>
        <TimeSpan>
          <begin>2021-01-17T07:27:50+08:00</begin>
          <end>2021-01-17T07:27:58+08:00</end>
        </TimeSpan>
        <Style>
          <IconStyle>
            <color>FF00FFFF</color>
            <scale>0.9</scale>
            <Icon>
              <href>http://maps.google.com/mapfiles/kml/shapes/placemark_circle.png</href>
            </Icon>
          </IconStyle>
        </Style>
        <Point>
          <altitudeMode>clampToGround</altitudeMode>
          <coordinates>114.20071558994024,22.334116867301773, 311.24</coordinates>
        </Point>
      </Placemark>
      <Placemark>
        <TimeSpan>
          <begin>2021-01-17T07:27:58+08:00</begin>
          <end>2021-01-17T07:28:06+08:00</end>
        </TimeSpan>
        <Style>
          <IconStyle>
            <color>FF00FFFF</color>
            <scale>0.9</scale>
            <Icon>
              <href>http://maps.google.com/mapfiles/kml/shapes/placemark_circle.png</href>
            </Icon>
          </IconStyle>
        </Style>
        <Point>
          <altitudeMode>clampToGround</altitudeMode>
          <coordinates>114.2006078717253,22.333924701460184, 311.44</coordinates>
        </Point>
      </Placemark>
      <Placemark>
        <TimeSpan>
          <begin>2021-01-17T07:28:06+08:00</begin>
          <end>2021-01-17T07:28:14+08:00</end>
        </TimeSpan>
        <Style>
          <IconStyle>
            <color>FF00FFFF</color>
            <scale>0.9</scale>
            <Icon>
              <href>http://maps.google.com/mapfiles/kml/shapes/placemark_circle.png</href>
            </Icon>
          </IconStyle>
        </Style>
        <Point>
          <altitudeMode>clampToGround</altitudeMode>
          <coordinates>114.20049734945765,22.333734778597083, 311.6</coordinates>
        </Point>
      </Placemark>
      <Placemark>
        <TimeSpan>
          <begin>2021-01-17T07:28:14+08:00</begin>
          <end>2021-01-17T07:28:22+08:00</end>
        </TimeSpan>
        <Style>
          <IconStyle>
            <color>FF00FFFF</color>
            <scale>0.9</scale>
            <Icon>
              <href>http://maps.google.com/mapfiles/kml/shapes/placemark_circle.png</href>
            </Icon>
          </IconStyle>
        </Style>
        <Point>
          <altitudeMode>clampToGround</altitudeMode>
          <coordinates>114.20030953668224,22.333640148790384, 311.66</coordinates>
        </Point>
      </Placemark>
      <Placemark>
        <TimeSpan>
          <begin>2021-01-17T07:28:22+08:00</begin>
          <end>2021-01-17T07:28:30+08:00</end>
        </TimeSpan>
        <Style>
          <IconStyle>
            <color>FF00FFFF</color>
            <scale>0.9</scale>
            <Icon>
              <href>http://maps.google.com/mapfiles/kml/shapes/placemark_circle.png</href>
            </Icon>
          </IconStyle>
        </Style>
        <Point>
          <altitudeMode>clampToGround</altitudeMode>
          <coordinates>114.20008267991717,22.333598184216566, 311.76</coordinates>
        </Point>
      </Placemark>
      <Placemark>
        <TimeSpan>
          <begin>2021-01-17T07:28:30+08:00</begin>
          <end>2021-01-17T07:28:38+08:00</end>
        </TimeSpan>
        <Style>
          <IconStyle>
            <color>FF00FFFF</color>
            <scale>0.9</scale>
            <Icon>
              <href>http://maps.google.com/mapfiles/kml/shapes/placemark_circle.png</href>
            </Icon>
          </IconStyle>
        </Style>
        <Point>
          <altitudeMode>clampToGround</altitudeMode>
          <coordinates>114.20011128685971,22.333565708339034, 312.4</coordinates>
        </Point>
      </Placemark>
      <Placemark>
        <TimeSpan>
          <begin>2021-01-17T07:28:38+08:00</begin>
          <end>2021-01-17T07:28:46+08:00</end>
        </TimeSpan>
        <Style>
          <IconStyle>
            <color>FF00FFFF</color>
            <scale>0.9</scale>
            <Icon>
              <href>http://maps.google.com/mapfiles/kml/shapes/placemark_circle.png</href>
            </Icon>
          </IconStyle>
        </Style>
        <Point>
          <altitudeMode>clampToGround</altitudeMode>
          <coordinates>114.20015486600902,22.333766948555688, 312.4</coordinates>
        </Point>
      </Placemark>
      <Placemark>
        <TimeSpan>
          <begin>2021-01-17T07:28:46+08:00</begin>
          <end>2021-01-17T07:28:54+08:00</end>
        </TimeSpan>
        <Style>
          <IconStyle>
            <color>FF00FFFF</color>
            <scale>0.9</scale>
            <Icon>
              <href>http://maps.google.com/mapfiles/kml/shapes/placemark_circle.png</href>
            </Icon>
          </IconStyle>
        </Style>
        <Point>
          <altitudeMode>clampToGround</altitudeMode>
          <coordinates>114.20034939347573,22.333826462128275, 312.6</coordinates>
        </Point>
      </Placemark>
      <Placemark>
        <TimeSpan>
          <begin>2021-01-17T07:28:54+08:00</begin>
          <end>2021-01-17T07:29:02+08:00</end>
        </TimeSpan>
        <Style>
          <IconStyle>
            <color>FF00FFFF</color>
            <scale>0.9</scale>
            <Icon>
              <href>http://maps.google.com/mapfiles/kml/shapes/placemark_circle.png</href>
            </Icon>
          </IconStyle>
        </Style>
        <Point>
          <altitudeMode>clampToGround</altitudeMode>
          <coordinates>114.20055744992393,22.333727348801464, 312.65</coordinates>
        </Point>
      </Placemark>
      <Placemark>
        <TimeSpan>
          <begin>2021-01-17T07:29:02+08:00</begin>
          <end>2021-01-17T07:29:10+08:00</end>
        </TimeSpan>
        <Style>
          <IconStyle>
            <color>FF00FFFF</color>
            <scale>0.9</scale>
            <Icon>
              <href>http://maps.google.com/mapfiles/kml/shapes/placemark_circle.png</href>
            </Icon>
          </IconStyle>
        </Style>
        <Point>
          <altitudeMode>clampToGround</altitudeMode>
          <coordinates>114.20073147855403,22.33357447208315, 312.91</coordinates>
        </Point>
      </Placemark>
      <Placemark>
        <TimeSpan>
          <begin>2021-01-17T07:29:10+08:00</begin>
          <end>2021-01-17T07:29:18+08:00</end>
        </TimeSpan>
        <Style>
          <IconStyle>
            <color>FF00FFFF</color>
            <scale>0.9</scale>
            <Icon>
              <href>http://maps.google.com/mapfiles/kml/shapes/placemark_circle.png</href>
            </Icon>
          </IconStyle>
        </Style>
        <Point>
          <altitudeMode>clampToGround</altitudeMode>
          <coordinates>114.20093221570082,22.333455835908993, 312.41</coordinates>
        </Point>
      </Placemark>
      <Placemark>
        <TimeSpan>
          <begin>2021-01-17T07:29:18+08:00</begin>
          <end>2021-01-17T07:29:26+08:00</end>
        </TimeSpan>
        <Style>
          <IconStyle>
            <color>FF00FFFF</color>
            <scale>0.9</scale>
            <Icon>
              <href>http://maps.google.com/mapfiles/kml/shapes/placemark_circle.png</href>
            </Icon>
          </IconStyle>
        </Style>
        <Point>
          <altitudeMode>clampToGround</altitudeMode>
          <coordinates>114.20106127235066,22.333538761221707, 312.54</coordinates>
        </Point>
      </Placemark>
      <Placemark>
        <TimeSpan>
          <begin>2021-01-17T07:29:26+08:00</begin>
          <end>2021-01-17T07:29:34+08:00</end>
        </TimeSpan>
        <Style>
          <IconStyle>
            <color>FF00FFFF</color>
            <scale>0.9</scale>
            <Icon>
              <href>http://maps.google.com/mapfiles/kml/shapes/placemark_circle.png</href>
            </Icon>
          </IconStyle>
        </Style>
        <Point>
          <altitudeMode>clampToGround</altitudeMode>
          <coordinates>114.20122098356218,22.333618980389332, 312.71</coordinates>
        </Point>
      </Placemark>
      <Placemark>
        <TimeSpan>
          <begin>2021-01-17T07:29:34+08:00</begin>
          <end>2021-01-17T07:29:42+08:00</end>
        </TimeSpan>
        <Style>
          <IconStyle>
            <color>FF00FFFF</color>
            <scale>0.9</scale>
            <Icon>
              <href>http://maps.google.com/mapfiles/kml/shapes/placemark_circle.png</href>
            </Icon>
          </IconStyle>
        </Style>
        <Point>
          <altitudeMode>clampToGround</altitudeMode>
          <coordinates>114.20144169223832,22.33362872526915, 313.4</coordinates>
        </Point>
      </Placemark>
      <Placemark>
        <TimeSpan>
          <begin>2021-01-17T07:29:42+08:00</begin>
          <end>2021-01-17T07:29:50+08:00</end>
        </TimeSpan>
        <Style>
          <IconStyle>
            <color>FF00FFFF</color>
            <scale>0.9</scale>
            <Icon>
              <href>http://maps.google.com/mapfiles/kml/shapes/placemark_circle.png</href>
            </Icon>
          </IconStyle>
        </Style>
        <Point>
          <altitudeMode>clampToGround</altitudeMode>
          <coordinates>114.20164019618682,22.33373068144017, 313.14</coordinates>
        </Point>
      </Placemark>
      <Placemark>
        <TimeSpan>
          <begin>2021-01-17T07:29:50+08:00</begin>
          <end>2021-01-17T07:29:55+08:00</end>
        </TimeSpan>
        <Style>
          <IconStyle>
            <color>FF00FFFF</color>
            <scale>0.9</scale>
            <Icon>
              <href>http://maps.google.com/mapfiles/kml/shapes/placemark_circle.png</href>
            </Icon>
          </IconStyle>
        </Style>
        <Point>
          <altitudeMode>clampToGround</altitudeMode>
          <coordinates>114.20178659896206,22.333890045213618, 312.59</coordinates>
        </Point>
      </Placemark>
      <Placemark>
        <TimeSpan>
          <begin>2021-01-17T07:29:55+08:00</begin>
          <end>2021-01-17T07:30:03+08:00</end>
        </TimeSpan>
        <Style>
          <IconStyle>
            <color>FF00FFFF</color>
            <scale>0.9</scale>
            <Icon>
              <href>http://maps.google.com/mapfiles/kml/shapes/placemark_circle.png</href>
            </Icon>
          </IconStyle>
        </Style>
        <Point>
          <altitudeMode>clampToGround</altitudeMode>
          <coordinates>114.20185929831078,22.334005076331664, 312.32</coordinates>
        </Point>
      </Placemark>
      <Placemark>
        <TimeSpan>
          <begin>2021-01-17T07:30:03+08:00</begin>
          <end>2021-01-17T07:30:11+08:00</end>
        </TimeSpan>
        <Style>
          <IconStyle>
            <color>FF00FFFF</color>
            <scale>0.9</scale>
            <Icon>
              <href>http://maps.google.com/mapfiles/kml/shapes/placemark_circle.png</href>
            </Icon>
          </IconStyle>
        </Style>
        <Point>
          <altitudeMode>clampToGround</altitudeMode>
          <coordinates>114.20197275185869,22.334190216976133, 311.87</coordinates>
        </Point>
      </Placemark>
      <Placemark>
        <TimeSpan>
          <begin>2021-01-17T07:30:11+08:00</begin>
          <end>2021-01-17T07:30:19+08:00</end>
        </TimeSpan>
        <Style>
          <IconStyle>
            <color>FF00FFFF</color>
            <scale>0.9</scale>
            <Icon>
              <href>http://maps.google.com/mapfiles/kml/shapes/placemark_circle.png</href>
            </Icon>
          </IconStyle>
        </Style>
        <Point>
          <altitudeMode>clampToGround</altitudeMode>
          <coordinates>114.20209795793367,22.33437037031577, 311.45</coordinates>
        </Point>
      </Placemark>
      <Placemark>
        <TimeSpan>
          <begin>2021-01-17T07:30:19+08:00</begin>
          <end>2021-01-17T07:30:27+08:00</end>
        </TimeSpan>
        <Style>
          <IconStyle>
            <color>FF00FFFF</color>
            <scale>0.9</scale>
            <Icon>
              <href>http://maps.google.com/mapfiles/kml/shapes/placemark_circle.png</href>
            </Icon>
          </IconStyle>
        </Style>
        <Point>
          <altitudeMode>clampToGround</altitudeMode>
          <coordinates>114.20220715987531,22.334559575156327, 311.52</coordinates>
        </Point>
      </Placemark>
      <Placemark>
        <TimeSpan>
          <begin>2021-01-17T07:30:27+08:00</begin>
          <end>2021-01-17T07:30:35+08:00</end>
        </TimeSpan>
        <Style>
          <IconStyle>
            <color>FF00FFFF</color>
            <scale>0.9</scale>
            <Icon>
              <href>http://maps.google.com/mapfiles/kml/shapes/placemark_circle.png</href>
            </Icon>
          </IconStyle>
        </Style>
        <Point>
          <altitudeMode>clampToGround</altitudeMode>
          <coordinates>114.20232063622903,22.33474436650767, 311.91</coordinates>
        </Point>
      </Placemark>
      <Placemark>
        <TimeSpan>
          <begin>2021-01-17T07:30:35+08:00</begin>
          <end>2021-01-17T07:30:43+08:00</end>
        </TimeSpan>
        <Style>
          <IconStyle>
            <color>FF00FFFF</color>
            <scale>0.9</scale>
            <Icon>
              <href>http://maps.google.com/mapfiles/kml/shapes/placemark_circle.png</href>
            </Icon>
          </IconStyle>
        </Style>
        <Point>
          <altitudeMode>clampToGround</altitudeMode>
          <coordinates>114.20246294308048,22.334914682827044, 312.02</coordinates>
        </Point>
      </Placemark>
      <Placemark>
        <TimeSpan>
          <begin>2021-01-17T07:30:43+08:00</begin>
          <end>2021-01-17T07:30:51+08:00</end>
        </TimeSpan>
        <Style>
          <IconStyle>
            <color>FF00FFFF</color>
            <scale>0.9</scale>
            <Icon>
              <href>http://maps.google.com/mapfiles/kml/shapes/placemark_circle.png</href>
            </Icon>
          </IconStyle>
        </Style>
        <Point>
          <altitudeMode>clampToGround</altitudeMode>
          <coordinates>114.20264673369086,22.33502753011962, 311.79</coordinates>
        </Point>
      </Placemark>
      <Placemark>
        <TimeSpan>
          <begin>2021-01-17T07:30:51+08:00</begin>
          <end>2021-01-17T07:30:59+08:00</end>
        </TimeSpan>
        <Style>
          <IconStyle>
            <color>FF00FFFF</color>
            <scale>0.9</scale>
            <Icon>
              <href>http://maps.google.com/mapfiles/kml/shapes/placemark_circle.png</href>
            </Icon>
          </IconStyle>
        </Style>
        <Point>
          <altitudeMode>clampToGround</altitudeMode>
          <coordinates>114.2028386371136,22.334961169357957, 311.93</coordinates>
        </Point>
      </Placemark>
      <Placemark>
        <TimeSpan>
          <begin>2021-01-17T07:30:59+08:00</begin>
          <end>2021-01-17T07:31:07+08:00</end>
        </TimeSpan>
        <Style>
          <IconStyle>
            <color>FF00FFFF</color>
            <scale>0.9</scale>
            <Icon>
              <href>http://maps.google.com/mapfiles/kml/shapes/placemark_circle.png</href>
            </Icon>
          </IconStyle>
        </Style>
        <Point>
          <altitudeMode>clampToGround</altitudeMode>
          <coordinates>114.20303827444181,22.334952218561, 311.8</coordinates>
        </Point>
      </Placemark>
      <Placemark>
        <TimeSpan>
          <begin>2021-01-17T07:31:07+08:00</begin>
          <end>2021-01-17T07:31:15+08:00</end>
        </TimeSpan>
        <Style>
          <IconStyle>
            <color>FF00FFFF</color>
            <scale>0.9</scale>
            <Icon>
              <href>http://maps.google.com/mapfiles/kml/shapes/placemark_circle.png</href>
            </Icon>
          </IconStyle>
        </Style>
        <Point>
          <altitudeMode>clampToGround</altitudeMode>
          <coordinates>114.20323539184395,22.33492175945538, 311.74</coordinates>
        </Point>
      </Placemark>
      <Placemark>
        <TimeSpan>
          <begin>2021-01-17T07:31:15+08:00</begin>
          <end>2021-01-17T07:31:23+08:00</end>
        </TimeSpan>
        <Style>
          <IconStyle>
            <color>FF00FFFF</color>
            <scale>0.9</scale>
            <Icon>
              <href>http://maps.google.com/mapfiles/kml/shapes/placemark_circle.png</href>
            </Icon>
          </IconStyle>
        </Style>
        <Point>
          <altitudeMode>clampToGround</altitudeMode>
          <coordinates>114.20340593430163,22.33478031648442, 312.2</coordinates>
        </Point>
      </Placemark>
      <Placemark>
        <TimeSpan>
          <begin>2021-01-17T07:31:23+08:00</begin>
          <end>2021-01-17T07:31:31+08:00</end>
        </TimeSpan>
        <Style>
          <IconStyle>
            <color>FF00FFFF</color>
            <scale>0.9</scale>
            <Icon>
              <href>http://maps.google.com/mapfiles/kml/shapes/placemark_circle.png</href>
            </Icon>
          </IconStyle>
        </Style>
        <Point>
          <altitudeMode>clampToGround</altitudeMode>
          <coordinates>114.20352037447988,22.334594678207143, 312.67</coordinates>
        </Point>
      </Placemark>
      <Placemark>
        <TimeSpan>
          <begin>2021-01-17T07:31:31+08:00</begin>
          <end>2021-01-17T07:31:39+08:00</end>
        </TimeSpan>
        <Style>
          <IconStyle>
            <color>FF00FFFF</color>
            <scale>0.9</scale>
            <Icon>
              <href>http://maps.google.com/mapfiles/kml/shapes/placemark_circle.png</href>
            </Icon>
          </IconStyle>
        </Style>
        <Point>
          <altitudeMode>clampToGround</altitudeMode>
          <coordinates>114.2036366081695,22.3344114951113, 312.3</coordinates>
        </Point>
      </Placemark>
      <Placemark>
        <TimeSpan>
          <begin>2021-01-17T07:31:39+08:00</begin>
          <end>2021-01-17T07:31:47+08:00</end>
        </TimeSpan>
        <Style>
          <IconStyle>
            <color>FF00FFFF</color>
            <scale>0.9</scale>
            <Icon>
              <href>http://maps.google.com/mapfiles/kml/shapes/placemark_circle.png</href>
            </Icon>
          </IconStyle>
        </Style>
        <Point>
          <altitudeMode>clampToGround</altitudeMode>
          <coordinates>114.2038472433851,22.334432147235365, 312.39</coordinates>
        </Point>
      </Placemark>
      <Placemark>
        <TimeSpan>
          <begin>2021-01-17T07:31:47+08:00</begin>
          <end>2021-01-17T07:31:55+08:00</end>
        </TimeSpan>
        <Style>
          <IconStyle>
            <color>FF00FFFF</color>
            <scale>0.9</scale>
            <Icon>
              <href>http://maps.google.com/mapfiles/kml/shapes/placemark_circle.png</href>
            </Icon>
          </IconStyle>
        </Style>
        <Point>
          <altitudeMode>clampToGround</altitudeMode>
          <coordinates>114.20406611312228,22.33449162230164, 312.54</coordinates>
        </Point>
      </Placemark>
      <Placemark>
        <TimeSpan>
          <begin>2021-01-17T07:31:55+08:00</begin>
          <end>2021-01-17T07:32:03+08:00</end>
        </TimeSpan>
        <Style>
          <IconStyle>
            <color>FF00FFFF</color>
            <scale>0.9</scale>
            <Icon>
              <href>http://maps.google.com/mapfiles/kml/shapes/placemark_circle.png</href>
            </Icon>
          </IconStyle>
        </Style>
        <Point>
          <altitudeMode>clampToGround</altitudeMode>
          <coordinates>114.20427699720231,22.334439388719304, 311.95</coordinates>
        </Point>
      </Placemark>
      <Placemark>
        <TimeSpan>
          <begin>2021-01-17T07:32:03+08:00</begin>
          <end>2021-01-17T07:32:11+08:00</end>
        </TimeSpan>
        <Style>
          <IconStyle>
            <color>FF00FFFF</color>
            <scale>0.9</scale>
            <Icon>
              <href>http://maps.google.com/mapfiles/kml/shapes/placemark_circle.png</href>
            </Icon>
          </IconStyle>
        </Style>
        <Point>
          <altitudeMode>clampToGround</altitudeMode>
          <coordinates>114.2044026050447,22.334264079416755, 311.97</coordinates>
        </Point>
      </Placemark>
      <Placemark>
        <TimeSpan>
          <begin>2021-01-17T07:32:11+08:00</begin>
          <end>2021-01-17T07:32:19+08:00</end>
        </TimeSpan>
        <Style>
          <IconStyle>
            <color>FF00FFFF</color>
            <scale>0.9</scale>
            <Icon>
              <href>http://maps.google.com/mapfiles/kml/shapes/placemark_circle.png</href>
            </Icon>
          </IconStyle>
        </Style>
        <Point>
          <altitudeMode>clampToGround</altitudeMode>
          <coordinates>114.20438701452201,22.334051734686188, 311.8</coordinates>
        </Point>
      </Placemark>
      <Placemark>
        <TimeSpan>
          <begin>2021-01-17T07:32:19+08:00</begin>
          <end>2021-01-17T07:32:27+08:00</end>
        </TimeSpan>
        <Style>
          <IconStyle>
            <color>FF00FFFF</color>
            <scale>0.9</scale>
            <Icon>
              <href>http://maps.google.com/mapfiles/kml/shapes/placemark_circle.png</href>
            </Icon>
          </IconStyle>
        </Style>
        <Point>
          <altitudeMode>clampToGround</altitudeMode>
          <coordinates>114.2043605265134,22.333886782947353, 312.3</coordinates>
        </Point>
      </Placemark>
      <Placemark>
        <TimeSpan>
          <begin>2021-01-17T07:32:27+08:00</begin>
          <end>2021-01-17T07:32:35+08:00</end>
        </TimeSpan>
        <Style>
          <IconStyle>
            <color>FF00FFFF</color>
            <scale>0.9</scale>
            <Icon>
              <href>http://maps.google.com/mapfiles/kml/shapes/placemark_circle.png</href>
            </Icon>
          </IconStyle>
        </Style>
        <Point>
          <altitudeMode>clampToGround</altitudeMode>
          <coordinates>114.20453196377532,22.33389298494665, 312.31</coordinates>
        </Point>
      </Placemark>
      <Placemark>
        <TimeSpan>
          <begin>2021-01-17T07:32:35+08:00</begin>
          <end>2021-01-17T07:32:43+08:00</end>
        </TimeSpan>
        <Style>
          <IconStyle>
            <color>FF00FFFF</color>
            <scale>0.9</scale>
            <Icon>
              <href>http://maps.google.com/mapfiles/kml/shapes/placemark_circle.png</href>
            </Icon>
          </IconStyle>
        </Style>
        <Point>
          <altitudeMode>clampToGround</altitudeMode>
          <coordinates>114.20456291759857,22.333838074710794, 312.19</coordinates>
        </Point>
      </Placemark>
      <Placemark>
        <TimeSpan>
          <begin>2021-01-17T07:32:43+08:00</begin>
          <end>2021-01-17T07:32:51+08:00</end>
        </TimeSpan>
        <Style>
          <IconStyle>
            <color>FF00FFFF</color>
            <scale>0.9</scale>
            <Icon>
              <href>http://maps.google.com/mapfiles/kml/shapes/placemark_circle.png</href>
            </Icon>
          </IconStyle>
        </Style>
        <Point>
          <altitudeMode>clampToGround</altitudeMode>
          <coordinates>114.2044669643293,22.333667943093996, 311.62</coordinates>
        </Point>
      </Placemark>
      <Placemark>
        <TimeSpan>
          <begin>2021-01-17T07:32:51+08:00</begin>
          <end>2021-01-17T07:32:59+08:00</end>
        </TimeSpan>
        <Style>
          <IconStyle>
            <color>FF00FFFF</color>
            <scale>0.9</scale>
            <Icon>
              <href>http://maps.google.com/mapfiles/kml/shapes/placemark_circle.png</href>
            </Icon>
          </IconStyle>
        </Style>
        <Point>
          <altitudeMode>clampToGround</altitudeMode>
          <coordinates>114.20459240666631,22.33348849007884, 311.76</coordinates>
        </Point>
      </Placemark>
      <Placemark>
        <TimeSpan>
          <begin>2021-01-17T07:32:59+08:00</begin>
          <end>2021-01-17T07:33:07+08:00</end>
        </TimeSpan>
        <Style>
          <IconStyle>
            <color>FF00FFFF</color>
            <scale>0.9</scale>
            <Icon>
              <href>http://maps.google.com/mapfiles/kml/shapes/placemark_circle.png</href>
            </Icon>
          </IconStyle>
        </Style>
        <Point>
          <altitudeMode>clampToGround</altitudeMode>
          <coordinates>114.20471423361404,22.333307282923617, 311.8</coordinates>
        </Point>
      </Placemark>
      <Placemark>
        <TimeSpan>
          <begin>2021-01-17T07:33:07+08:00</begin>
          <end>2021-01-17T07:33:15+08:00</end>
        </TimeSpan>
        <Style>
          <IconStyle>
            <color>FF00FFFF</color>
            <scale>0.9</scale>
            <Icon>
              <href>http://maps.google.com/mapfiles/kml/shapes/placemark_circle.png</href>
            </Icon>
          </IconStyle>
        </Style>
        <Point>
          <altitudeMode>clampToGround</altitudeMode>
          <coordinates>114.20475756920371,22.333102473624127, 311.97</coordinates>
        </Point>
      </Placemark>
      <Placemark>
        <TimeSpan>
          <begin>2021-01-17T07:33:15+08:00</begin>
          <end>2021-01-17T07:33:23+08:00</end>
        </TimeSpan>
        <Style>
          <IconStyle>
            <color>FF00FFFF</color>
            <scale>0.9</scale>
            <Icon>
              <href>http://maps.google.com/mapfiles/kml/shapes/placemark_circle.png</href>
            </Icon>
          </IconStyle>
        </Style>
        <Point>
          <altitudeMode>clampToGround</altitudeMode>
          <coordinates>114.20471265551005,22.332895800746797, 311.43</coordinates>
        </Point>
      </Placemark>
      <Placemark>
        <TimeSpan>
          <begin>2021-01-17T07:33:23+08:00</begin>
          <end>2021-01-17T07:33:31+08:00</end>
        </TimeSpan>
        <Style>
          <IconStyle>
            <color>FF00FFFF</color>
            <scale>0.9</scale>
            <Icon>
              <href>http://maps.google.com/mapfiles/kml/shapes/placemark_circle.png</href>
            </Icon>
          </IconStyle>
        </Style>
        <Point>
          <altitudeMode>clampToGround</altitudeMode>
          <coordinates>114.2046194212843,22.332703151000842, 311.52</coordinates>
        </Point>
      </Placemark>
      <Placemark>
        <TimeSpan>
          <begin>2021-01-17T07:33:31+08:00</begin>
          <end>2021-01-17T07:33:32+08:00</end>
        </TimeSpan>
        <Style>
          <IconStyle>
            <color>FF00FFFF</color>
            <scale>0.9</scale>
            <Icon>
              <href>http://maps.google.com/mapfiles/kml/shapes/placemark_circle.png</href>
            </Icon>
          </IconStyle>
        </Style>
        <Point>
          <altitudeMode>clampToGround</altitudeMode>
          <coordinates>114.20454096481836,22.33252206644791, 310.4</coordinates>
        </Point>
      </Placemark>
      <Placemark>
        <TimeSpan>
          <begin>2021-01-17T07:33:32+08:00</begin>
          <end>2021-01-17T07:33:34+08:00</end>
        </TimeSpan>
        <Style>
          <IconStyle>
            <color>FF00FFFF</color>
            <scale>0.9</scale>
            <Icon>
              <href>http://maps.google.com/mapfiles/kml/shapes/placemark_circle.png</href>
            </Icon>
          </IconStyle>
        </Style>
        <Point>
          <altitudeMode>clampToGround</altitudeMode>
          <coordinates>114.20454875363782,22.332496318769152, 310.4</coordinates>
        </Point>
      </Placemark>
      <Placemark>
        <TimeSpan>
          <begin>2021-01-17T07:33:34+08:00</begin>
          <end>2021-01-17T07:33:42+08:00</end>
        </TimeSpan>
        <Style>
          <IconStyle>
            <color>FF00FFFF</color>
            <scale>0.9</scale>
            <Icon>
              <href>http://maps.google.com/mapfiles/kml/shapes/placemark_circle.png</href>
            </Icon>
          </IconStyle>
        </Style>
        <Point>
          <altitudeMode>clampToGround</altitudeMode>
          <coordinates>114.20456433127671,22.332444823411638, 310.4</coordinates>
        </Point>
      </Placemark>
      <Placemark>
        <TimeSpan>
          <begin>2021-01-17T07:33:42+08:00</begin>
          <end>2021-01-17T07:33:50+08:00</end>
        </TimeSpan>
        <Style>
          <IconStyle>
            <color>FF00FFFF</color>
            <scale>0.9</scale>
            <Icon>
              <href>http://maps.google.com/mapfiles/kml/shapes/placemark_circle.png</href>
            </Icon>
          </IconStyle>
        </Style>
        <Point>
          <altitudeMode>clampToGround</altitudeMode>
          <coordinates>114.20467489422465,22.332260212572606, 311.01</coordinates>
        </Point>
      </Placemark>
      <Placemark>
        <TimeSpan>
          <begin>2021-01-17T07:33:50+08:00</begin>
          <end>2021-01-17T07:33:58+08:00</end>
        </TimeSpan>
        <Style>
          <IconStyle>
            <color>FF00FFFF</color>
            <scale>0.9</scale>
            <Icon>
              <href>http://maps.google.com/mapfiles/kml/shapes/placemark_circle.png</href>
            </Icon>
          </IconStyle>
        </Style>
        <Point>
          <altitudeMode>clampToGround</altitudeMode>
          <coordinates>114.20473484589465,22.33205829259054, 311.08</coordinates>
        </Point>
      </Placemark>
      <Placemark>
        <TimeSpan>
          <begin>2021-01-17T07:33:58+08:00</begin>
          <end>2021-01-17T07:34:06+08:00</end>
        </TimeSpan>
        <Style>
          <IconStyle>
            <color>FF00FFFF</color>
            <scale>0.9</scale>
            <Icon>
              <href>http://maps.google.com/mapfiles/kml/shapes/placemark_circle.png</href>
            </Icon>
          </IconStyle>
        </Style>
        <Point>
          <altitudeMode>clampToGround</altitudeMode>
          <coordinates>114.20490645121797,22.331933080855087, 311.16</coordinates>
        </Point>
      </Placemark>
      <Placemark>
        <TimeSpan>
          <begin>2021-01-17T07:34:06+08:00</begin>
          <end>2021-01-17T07:34:14+08:00</end>
        </TimeSpan>
        <Style>
          <IconStyle>
            <color>FF00FFFF</color>
            <scale>0.9</scale>
            <Icon>
              <href>http://maps.google.com/mapfiles/kml/shapes/placemark_circle.png</href>
            </Icon>
          </IconStyle>
        </Style>
        <Point>
          <altitudeMode>clampToGround</altitudeMode>
          <coordinates>114.20511079008847,22.331829007157495, 310.26</coordinates>
        </Point>
      </Placemark>
      <Placemark>
        <TimeSpan>
          <begin>2021-01-17T07:34:14+08:00</begin>
          <end>2021-01-17T07:34:22+08:00</end>
        </TimeSpan>
        <Style>
          <IconStyle>
            <color>FF00FFFF</color>
            <scale>0.9</scale>
            <Icon>
              <href>http://maps.google.com/mapfiles/kml/shapes/placemark_circle.png</href>
            </Icon>
          </IconStyle>
        </Style>
        <Point>
          <altitudeMode>clampToGround</altitudeMode>
          <coordinates>114.20519396352285,22.331633631231778, 311.09</coordinates>
        </Point>
      </Placemark>
      <Placemark>
        <TimeSpan>
          <begin>2021-01-17T07:34:22+08:00</begin>
          <end>2021-01-17T07:34:30+08:00</end>
        </TimeSpan>
        <Style>
          <IconStyle>
            <color>FF00FFFF</color>
            <scale>0.9</scale>
            <Icon>
              <href>http://maps.google.com/mapfiles/kml/shapes/placemark_circle.png</href>
            </Icon>
          </IconStyle>
        </Style>
        <Point>
          <altitudeMode>clampToGround</altitudeMode>
          <coordinates>114.20528369022772,22.331446340516706, 311.2</coordinates>
        </Point>
      </Placemark>
      <Placemark>
        <TimeSpan>
          <begin>2021-01-17T07:34:30+08:00</begin>
          <end>2021-01-17T07:34:38+08:00</end>
        </TimeSpan>
        <Style>
          <IconStyle>
            <color>FF00FFFF</color>
            <scale>0.9</scale>
            <Icon>
              <href>http://maps.google.com/mapfiles/kml/shapes/placemark_circle.png</href>
            </Icon>
          </IconStyle>
        </Style>
        <Point>
          <altitudeMode>clampToGround</altitudeMode>
          <coordinates>114.20513085366743,22.33129208473829, 311.14</coordinates>
        </Point>
      </Placemark>
      <Placemark>
        <TimeSpan>
          <begin>2021-01-17T07:34:38+08:00</begin>
          <end>2021-01-17T07:34:46+08:00</end>
        </TimeSpan>
        <Style>
          <IconStyle>
            <color>FF00FFFF</color>
            <scale>0.9</scale>
            <Icon>
              <href>http://maps.google.com/mapfiles/kml/shapes/placemark_circle.png</href>
            </Icon>
          </IconStyle>
        </Style>
        <Point>
          <altitudeMode>clampToGround</altitudeMode>
          <coordinates>114.20497265574699,22.331146660013804, 311.06</coordinates>
        </Point>
      </Placemark>
      <Placemark>
        <TimeSpan>
          <begin>2021-01-17T07:34:46+08:00</begin>
          <end>2021-01-17T07:34:54+08:00</end>
        </TimeSpan>
        <Style>
          <IconStyle>
            <color>FF00FFFF</color>
            <scale>0.9</scale>
            <Icon>
              <href>http://maps.google.com/mapfiles/kml/shapes/placemark_circle.png</href>
            </Icon>
          </IconStyle>
        </Style>
        <Point>
          <altitudeMode>clampToGround</altitudeMode>
          <coordinates>114.20483989734144,22.330982059337614, 311.48</coordinates>
        </Point>
      </Placemark>
      <Placemark>
        <TimeSpan>
          <begin>2021-01-17T07:34:54+08:00</begin>
          <end>2021-01-17T07:35:02+08:00</end>
        </TimeSpan>
        <Style>
          <IconStyle>
            <color>FF00FFFF</color>
            <scale>0.9</scale>
            <Icon>
              <href>http://maps.google.com/mapfiles/kml/shapes/placemark_circle.png</href>
            </Icon>
          </IconStyle>
        </Style>
        <Point>
          <altitudeMode>clampToGround</altitudeMode>
          <coordinates>114.20473854374605,22.330797528177243, 310.88</coordinates>
        </Point>
      </Placemark>
      <Placemark>
        <TimeSpan>
          <begin>2021-01-17T07:35:02+08:00</begin>
          <end>2021-01-17T07:35:10+08:00</end>
        </TimeSpan>
        <Style>
          <IconStyle>
            <color>FF00FFFF</color>
            <scale>0.9</scale>
            <Icon>
              <href>http://maps.google.com/mapfiles/kml/shapes/placemark_circle.png</href>
            </Icon>
          </IconStyle>
        </Style>
        <Point>
          <altitudeMode>clampToGround</altitudeMode>
          <coordinates>114.20461471362385,22.330623119976867, 310.73</coordinates>
        </Point>
      </Placemark>
      <Placemark>
        <TimeSpan>
          <begin>2021-01-17T07:35:10+08:00</begin>
          <end>2021-01-17T07:35:18+08:00</end>
        </TimeSpan>
        <Style>
          <IconStyle>
            <color>FF00FFFF</color>
            <scale>0.9</scale>
            <Icon>
              <href>http://maps.google.com/mapfiles/kml/shapes/placemark_circle.png</href>
            </Icon>
          </IconStyle>
        </Style>
        <Point>
          <altitudeMode>clampToGround</altitudeMode>
          <coordinates>114.20449389681136,22.330445856435663, 311.13</coordinates>
        </Point>
      </Placemark>
      <Placemark>
        <TimeSpan>
          <begin>2021-01-17T07:35:18+08:00</begin>
          <end>2021-01-17T07:35:26+08:00</end>
        </TimeSpan>
        <Style>
          <IconStyle>
            <color>FF00FFFF</color>
            <scale>0.9</scale>
            <Icon>
              <href>http://maps.google.com/mapfiles/kml/shapes/placemark_circle.png</href>
            </Icon>
          </IconStyle>
        </Style>
        <Point>
          <altitudeMode>clampToGround</altitudeMode>
          <coordinates>114.2044009819047,22.3302556724105, 311.2</coordinates>
        </Point>
      </Placemark>
      <Placemark>
        <TimeSpan>
          <begin>2021-01-17T07:35:26+08:00</begin>
          <end>2021-01-17T07:35:34+08:00</end>
        </TimeSpan>
        <Style>
          <IconStyle>
            <color>FF00FFFF</color>
            <scale>0.9</scale>
            <Icon>
              <href>http://maps.google.com/mapfiles/kml/shapes/placemark_circle.png</href>
            </Icon>
          </IconStyle>
        </Style>
        <Point>
          <altitudeMode>clampToGround</altitudeMode>
          <coordinates>114.2043302519549,22.3300584107939, 310.92</coordinates>
        </Point>
      </Placemark>
      <Placemark>
        <TimeSpan>
          <begin>2021-01-17T07:35:34+08:00</begin>
          <end>2021-01-17T07:35:42+08:00</end>
        </TimeSpan>
        <Style>
          <IconStyle>
            <color>FF00FFFF</color>
            <scale>0.9</scale>
            <Icon>
              <href>http://maps.google.com/mapfiles/kml/shapes/placemark_circle.png</href>
            </Icon>
          </IconStyle>
        </Style>
        <Point>
          <altitudeMode>clampToGround</altitudeMode>
          <coordinates>114.20452749309243,22.329962312724653, 311.29</coordinates>
        </Point>
      </Placemark>
      <Placemark>
        <TimeSpan>
          <begin>2021-01-17T07:35:42+08:00</begin>
          <end>2021-01-17T07:35:50+08:00</end>
        </TimeSpan>
        <Style>
          <IconStyle>
            <color>FF00FFFF</color>
            <scale>0.9</scale>
            <Icon>
              <href>http://maps.google.com/mapfiles/kml/shapes/placemark_circle.png</href>
            </Icon>
          </IconStyle>
        </Style>
        <Point>
          <altitudeMode>clampToGround</altitudeMode>
          <coordinates>114.2046981975997,22.329827939899626, 311.4</coordinates>
        </Point>
      </Placemark>
      <Placemark>
        <TimeSpan>
          <begin>2021-01-17T07:35:50+08:00</begin>
          <end>2021-01-17T07:35:58+08:00</end>
        </TimeSpan>
        <Style>
          <IconStyle>
            <color>FF00FFFF</color>
            <scale>0.9</scale>
            <Icon>
              <href>http://maps.google.com/mapfiles/kml/shapes/placemark_circle.png</href>
            </Icon>
          </IconStyle>
        </Style>
        <Point>
          <altitudeMode>clampToGround</altitudeMode>
          <coordinates>114.204841759373,22.329664728470107, 310.91</coordinates>
        </Point>
      </Placemark>
      <Placemark>
        <TimeSpan>
          <begin>2021-01-17T07:35:58+08:00</begin>
          <end>2021-01-17T07:36:06+08:00</end>
        </TimeSpan>
        <Style>
          <IconStyle>
            <color>FF00FFFF</color>
            <scale>0.9</scale>
            <Icon>
              <href>http://maps.google.com/mapfiles/kml/shapes/placemark_circle.png</href>
            </Icon>
          </IconStyle>
        </Style>
        <Point>
          <altitudeMode>clampToGround</altitudeMode>
          <coordinates>114.20483096527904,22.32946424679366, 311.23</coordinates>
        </Point>
      </Placemark>
      <Placemark>
        <TimeSpan>
          <begin>2021-01-17T07:36:06+08:00</begin>
          <end>2021-01-17T07:36:14+08:00</end>
        </TimeSpan>
        <Style>
          <IconStyle>
            <color>FF00FFFF</color>
            <scale>0.9</scale>
            <Icon>
              <href>http://maps.google.com/mapfiles/kml/shapes/placemark_circle.png</href>
            </Icon>
          </IconStyle>
        </Style>
        <Point>
          <altitudeMode>clampToGround</altitudeMode>
          <coordinates>114.2047498530689,22.32926850102051, 311.71</coordinates>
        </Point>
      </Placemark>
      <Placemark>
        <TimeSpan>
          <begin>2021-01-17T07:36:14+08:00</begin>
          <end>2021-01-17T07:36:22+08:00</end>
        </TimeSpan>
        <Style>
          <IconStyle>
            <color>FF00FFFF</color>
            <scale>0.9</scale>
            <Icon>
              <href>http://maps.google.com/mapfiles/kml/shapes/placemark_circle.png</href>
            </Icon>
          </IconStyle>
        </Style>
        <Point>
          <altitudeMode>clampToGround</altitudeMode>
          <coordinates>114.20469653822374,22.329064649188467, 311.35</coordinates>
        </Point>
      </Placemark>
      <Placemark>
        <TimeSpan>
          <begin>2021-01-17T07:36:22+08:00</begin>
          <end>2021-01-17T07:36:30+08:00</end>
        </TimeSpan>
        <Style>
          <IconStyle>
            <color>FF00FFFF</color>
            <scale>0.9</scale>
            <Icon>
              <href>http://maps.google.com/mapfiles/kml/shapes/placemark_circle.png</href>
            </Icon>
          </IconStyle>
        </Style>
        <Point>
          <altitudeMode>clampToGround</altitudeMode>
          <coordinates>114.20464401126142,22.328860549588565, 311.2</coordinates>
        </Point>
      </Placemark>
      <Placemark>
        <TimeSpan>
          <begin>2021-01-17T07:36:30+08:00</begin>
          <end>2021-01-17T07:36:38+08:00</end>
        </TimeSpan>
        <Style>
          <IconStyle>
            <color>FF00FFFF</color>
            <scale>0.9</scale>
            <Icon>
              <href>http://maps.google.com/mapfiles/kml/shapes/placemark_circle.png</href>
            </Icon>
          </IconStyle>
        </Style>
        <Point>
          <altitudeMode>clampToGround</altitudeMode>
          <coordinates>114.20457960918353,22.32866034256819, 310.48</coordinates>
        </Point>
      </Placemark>
      <Placemark>
        <TimeSpan>
          <begin>2021-01-17T07:36:38+08:00</begin>
          <end>2021-01-17T07:36:46+08:00</end>
        </TimeSpan>
        <Style>
          <IconStyle>
            <color>FF00FFFF</color>
            <scale>0.9</scale>
            <Icon>
              <href>http://maps.google.com/mapfiles/kml/shapes/placemark_circle.png</href>
            </Icon>
          </IconStyle>
        </Style>
        <Point>
          <altitudeMode>clampToGround</altitudeMode>
          <coordinates>114.20446636470494,22.328477884957714, 311.57</coordinates>
        </Point>
      </Placemark>
      <Placemark>
        <TimeSpan>
          <begin>2021-01-17T07:36:46+08:00</begin>
          <end>2021-01-17T07:36:48+08:00</end>
        </TimeSpan>
        <Style>
          <IconStyle>
            <color>FF00FFFF</color>
            <scale>0.9</scale>
            <Icon>
              <href>http://maps.google.com/mapfiles/kml/shapes/placemark_circle.png</href>
            </Icon>
          </IconStyle>
        </Style>
        <Point>
          <altitudeMode>clampToGround</altitudeMode>
          <coordinates>114.20434655567428,22.32829818897625, 310.95</coordinates>
        </Point>
      </Placemark>
      <Placemark>
        <TimeSpan>
          <begin>2021-01-17T07:36:48+08:00</begin>
          <end>2021-01-17T07:36:56+08:00</end>
        </TimeSpan>
        <Style>
          <IconStyle>
            <color>FF00FFFF</color>
            <scale>0.9</scale>
            <Icon>
              <href>http://maps.google.com/mapfiles/kml/shapes/placemark_circle.png</href>
            </Icon>
          </IconStyle>
        </Style>
        <Point>
          <altitudeMode>clampToGround</altitudeMode>
          <coordinates>114.20431207829324,22.32825563390281, 310.84</coordinates>
        </Point>
      </Placemark>
      <Placemark>
        <TimeSpan>
          <begin>2021-01-17T07:36:56+08:00</begin>
          <end>2021-01-17T07:37:04+08:00</end>
        </TimeSpan>
        <Style>
          <IconStyle>
            <color>FF00FFFF</color>
            <scale>0.9</scale>
            <Icon>
              <href>http://maps.google.com/mapfiles/kml/shapes/placemark_circle.png</href>
            </Icon>
          </IconStyle>
        </Style>
        <Point>
          <altitudeMode>clampToGround</altitudeMode>
          <coordinates>114.20417801898503,22.32808418655501, 310.8</coordinates>
        </Point>
      </Placemark>
      <Placemark>
        <TimeSpan>
          <begin>2021-01-17T07:37:04+08:00</begin>
          <end>2021-01-17T07:37:12+08:00</end>
        </TimeSpan>
        <Style>
          <IconStyle>
            <color>FF00FFFF</color>
            <scale>0.9</scale>
            <Icon>
              <href>http://maps.google.com/mapfiles/kml/shapes/placemark_circle.png</href>
            </Icon>
          </IconStyle>
        </Style>
        <Point>
          <altitudeMode>clampToGround</altitudeMode>
          <coordinates>114.20406292942899,22.327902169308192, 310.49</coordinates>
        </Point>
      </Placemark>
      <Placemark>
        <TimeSpan>
          <begin>2021-01-17T07:37:12+08:00</begin>
          <end>2021-01-17T07:37:20+08:00</end>
        </TimeSpan>
        <Style>
          <IconStyle>
            <color>FF00FFFF</color>
            <scale>0.9</scale>
            <Icon>
              <href>http://maps.google.com/mapfiles/kml/shapes/placemark_circle.png</href>
            </Icon>
          </IconStyle>
        </Style>
        <Point>
          <altitudeMode>clampToGround</altitudeMode>
          <coordinates>114.20391835952856,22.327741571390515, 310.49</coordinates>
        </Point>
      </Placemark>
      <Placemark>
        <TimeSpan>
          <begin>2021-01-17T07:37:20+08:00</begin>
          <end>2021-01-17T07:37:28+08:00</end>
        </TimeSpan>
        <Style>
          <IconStyle>
            <color>FF00FFFF</color>
            <scale>0.9</scale>
            <Icon>
              <href>http://maps.google.com/mapfiles/kml/shapes/placemark_circle.png</href>
            </Icon>
          </IconStyle>
        </Style>
        <Point>
          <altitudeMode>clampToGround</altitudeMode>
          <coordinates>114.20376483076194,22.327589642141387, 310.67</coordinates>
        </Point>
      </Placemark>
      <Placemark>
        <TimeSpan>
          <begin>2021-01-17T07:37:28+08:00</begin>
          <end>2021-01-17T07:37:36+08:00</end>
        </TimeSpan>
        <Style>
          <IconStyle>
            <color>FF00FFFF</color>
            <scale>0.9</scale>
            <Icon>
              <href>http://maps.google.com/mapfiles/kml/shapes/placemark_circle.png</href>
            </Icon>
          </IconStyle>
        </Style>
        <Point>
          <altitudeMode>clampToGround</altitudeMode>
          <coordinates>114.20355552362295,22.32767374499551, 310.8</coordinates>
        </Point>
      </Placemark>
      <Placemark>
        <TimeSpan>
          <begin>2021-01-17T07:37:36+08:00</begin>
          <end>2021-01-17T07:37:44+08:00</end>
        </TimeSpan>
        <Style>
          <IconStyle>
            <color>FF00FFFF</color>
            <scale>0.9</scale>
            <Icon>
              <href>http://maps.google.com/mapfiles/kml/shapes/placemark_circle.png</href>
            </Icon>
          </IconStyle>
        </Style>
        <Point>
          <altitudeMode>clampToGround</altitudeMode>
          <coordinates>114.20339458570899,22.327825074586375, 310.21</coordinates>
        </Point>
      </Placemark>
      <Placemark>
        <TimeSpan>
          <begin>2021-01-17T07:37:44+08:00</begin>
          <end>2021-01-17T07:37:52+08:00</end>
        </TimeSpan>
        <Style>
          <IconStyle>
            <color>FF00FFFF</color>
            <scale>0.9</scale>
            <Icon>
              <href>http://maps.google.com/mapfiles/kml/shapes/placemark_circle.png</href>
            </Icon>
          </IconStyle>
        </Style>
        <Point>
          <altitudeMode>clampToGround</altitudeMode>
          <coordinates>114.20322419396288,22.32796540877537, 310.4</coordinates>
        </Point>
      </Placemark>
      <Placemark>
        <TimeSpan>
          <begin>2021-01-17T07:37:52+08:00</begin>
          <end>2021-01-17T07:38:00+08:00</end>
        </TimeSpan>
        <Style>
          <IconStyle>
            <color>FF00FFFF</color>
            <scale>0.9</scale>
            <Icon>
              <href>http://maps.google.com/mapfiles/kml/shapes/placemark_circle.png</href>
            </Icon>
          </IconStyle>
        </Style>
        <Point>
          <altitudeMode>clampToGround</altitudeMode>
          <coordinates>114.20302741165563,22.3280709638251, 310.35</coordinates>
        </Point>
      </Placemark>
      <Placemark>
        <TimeSpan>
          <begin>2021-01-17T07:38:00+08:00</begin>
          <end>2021-01-17T07:38:08+08:00</end>
        </TimeSpan>
        <Style>
          <IconStyle>
            <color>FF00FFFF</color>
            <scale>0.9</scale>
            <Icon>
              <href>http://maps.google.com/mapfiles/kml/shapes/placemark_circle.png</href>
            </Icon>
          </IconStyle>
        </Style>
        <Point>
          <altitudeMode>clampToGround</altitudeMode>
          <coordinates>114.20284613311655,22.328187798640947, 310.5</coordinates>
        </Point>
      </Placemark>
      <Placemark>
        <TimeSpan>
          <begin>2021-01-17T07:38:08+08:00</begin>
          <end>2021-01-17T07:38:16+08:00</end>
        </TimeSpan>
        <Style>
          <IconStyle>
            <color>FF00FFFF</color>
            <scale>0.9</scale>
            <Icon>
              <href>http://maps.google.com/mapfiles/kml/shapes/placemark_circle.png</href>
            </Icon>
          </IconStyle>
        </Style>
        <Point>
          <altitudeMode>clampToGround</altitudeMode>
          <coordinates>114.20272151184396,22.328362419399706, 310.73</coordinates>
        </Point>
      </Placemark>
      <Placemark>
        <TimeSpan>
          <begin>2021-01-17T07:38:16+08:00</begin>
          <end>2021-01-17T07:38:24+08:00</end>
        </TimeSpan>
        <Style>
          <IconStyle>
            <color>FF00FFFF</color>
            <scale>0.9</scale>
            <Icon>
              <href>http://maps.google.com/mapfiles/kml/shapes/placemark_circle.png</href>
            </Icon>
          </IconStyle>
        </Style>
        <Point>
          <altitudeMode>clampToGround</altitudeMode>
          <coordinates>114.20251125521332,22.328429572467467, 310.98</coordinates>
        </Point>
      </Placemark>
      <Placemark>
        <TimeSpan>
          <begin>2021-01-17T07:38:24+08:00</begin>
          <end>2021-01-17T07:38:32+08:00</end>
        </TimeSpan>
        <Style>
          <IconStyle>
            <color>FF00FFFF</color>
            <scale>0.9</scale>
            <Icon>
              <href>http://maps.google.com/mapfiles/kml/shapes/placemark_circle.png</href>
            </Icon>
          </IconStyle>
        </Style>
        <Point>
          <altitudeMode>clampToGround</altitudeMode>
          <coordinates>114.20236418449667,22.328587382155902, 311.2</coordinates>
        </Point>
      </Placemark>
      <Placemark>
        <TimeSpan>
          <begin>2021-01-17T07:38:32+08:00</begin>
          <end>2021-01-17T07:38:40+08:00</end>
        </TimeSpan>
        <Style>
          <IconStyle>
            <color>FF00FFFF</color>
            <scale>0.9</scale>
            <Icon>
              <href>http://maps.google.com/mapfiles/kml/shapes/placemark_circle.png</href>
            </Icon>
          </IconStyle>
        </Style>
        <Point>
          <altitudeMode>clampToGround</altitudeMode>
          <coordinates>114.2022373857211,22.328764832414365, 311.2</coordinates>
        </Point>
      </Placemark>
      <Placemark>
        <TimeSpan>
          <begin>2021-01-17T07:38:40+08:00</begin>
          <end>2021-01-17T07:38:48+08:00</end>
        </TimeSpan>
        <Style>
          <IconStyle>
            <color>FF00FFFF</color>
            <scale>0.9</scale>
            <Icon>
              <href>http://maps.google.com/mapfiles/kml/shapes/placemark_circle.png</href>
            </Icon>
          </IconStyle>
        </Style>
        <Point>
          <altitudeMode>clampToGround</altitudeMode>
          <coordinates>114.20210307525164,22.32893827853275, 311.1</coordinates>
        </Point>
      </Placemark>
      <Placemark>
        <TimeSpan>
          <begin>2021-01-17T07:38:48+08:00</begin>
          <end>2021-01-17T07:38:56+08:00</end>
        </TimeSpan>
        <Style>
          <IconStyle>
            <color>FF00FFFF</color>
            <scale>0.9</scale>
            <Icon>
              <href>http://maps.google.com/mapfiles/kml/shapes/placemark_circle.png</href>
            </Icon>
          </IconStyle>
        </Style>
        <Point>
          <altitudeMode>clampToGround</altitudeMode>
          <coordinates>114.20192999376403,22.32907561285573, 310.87</coordinates>
        </Point>
      </Placemark>
      <Placemark>
        <TimeSpan>
          <begin>2021-01-17T07:38:56+08:00</begin>
          <end>2021-01-17T07:39:04+08:00</end>
        </TimeSpan>
        <Style>
          <IconStyle>
            <color>FF00FFFF</color>
            <scale>0.9</scale>
            <Icon>
              <href>http://maps.google.com/mapfiles/kml/shapes/placemark_circle.png</href>
            </Icon>
          </IconStyle>
        </Style>
        <Point>
          <altitudeMode>clampToGround</altitudeMode>
          <coordinates>114.2017719104688,22.32922855562961, 310.8</coordinates>
        </Point>
      </Placemark>
      <Placemark>
        <TimeSpan>
          <begin>2021-01-17T07:39:04+08:00</begin>
          <end>2021-01-17T07:39:12+08:00</end>
        </TimeSpan>
        <Style>
          <IconStyle>
            <color>FF00FFFF</color>
            <scale>0.9</scale>
            <Icon>
              <href>http://maps.google.com/mapfiles/kml/shapes/placemark_circle.png</href>
            </Icon>
          </IconStyle>
        </Style>
        <Point>
          <altitudeMode>clampToGround</altitudeMode>
          <coordinates>114.20162596709744,22.329383780756526, 310.11</coordinates>
        </Point>
      </Placemark>
      <Placemark>
        <TimeSpan>
          <begin>2021-01-17T07:39:12+08:00</begin>
          <end>2021-01-17T07:39:20+08:00</end>
        </TimeSpan>
        <Style>
          <IconStyle>
            <color>FF00FFFF</color>
            <scale>0.9</scale>
            <Icon>
              <href>http://maps.google.com/mapfiles/kml/shapes/placemark_circle.png</href>
            </Icon>
          </IconStyle>
        </Style>
        <Point>
          <altitudeMode>clampToGround</altitudeMode>
          <coordinates>114.20144605927484,22.32952413884218, 310.63</coordinates>
        </Point>
      </Placemark>
      <Placemark>
        <TimeSpan>
          <begin>2021-01-17T07:39:20+08:00</begin>
          <end>2021-01-17T07:39:28+08:00</end>
        </TimeSpan>
        <Style>
          <IconStyle>
            <color>FF00FFFF</color>
            <scale>0.9</scale>
            <Icon>
              <href>http://maps.google.com/mapfiles/kml/shapes/placemark_circle.png</href>
            </Icon>
          </IconStyle>
        </Style>
        <Point>
          <altitudeMode>clampToGround</altitudeMode>
          <coordinates>114.20132207038094,22.329705494549227, 310.61</coordinates>
        </Point>
      </Placemark>
      <Placemark>
        <TimeSpan>
          <begin>2021-01-17T07:39:28+08:00</begin>
          <end>2021-01-17T07:39:36+08:00</end>
        </TimeSpan>
        <Style>
          <IconStyle>
            <color>FF00FFFF</color>
            <scale>0.9</scale>
            <Icon>
              <href>http://maps.google.com/mapfiles/kml/shapes/placemark_circle.png</href>
            </Icon>
          </IconStyle>
        </Style>
        <Point>
          <altitudeMode>clampToGround</altitudeMode>
          <coordinates>114.20126178852367,22.329912332644987, 310.6</coordinates>
        </Point>
      </Placemark>
      <Placemark>
        <TimeSpan>
          <begin>2021-01-17T07:39:36+08:00</begin>
          <end>2021-01-17T07:39:44+08:00</end>
        </TimeSpan>
        <Style>
          <IconStyle>
            <color>FF00FFFF</color>
            <scale>0.9</scale>
            <Icon>
              <href>http://maps.google.com/mapfiles/kml/shapes/placemark_circle.png</href>
            </Icon>
          </IconStyle>
        </Style>
        <Point>
          <altitudeMode>clampToGround</altitudeMode>
          <coordinates>114.20116108587538,22.330086640129053, 310.6</coordinates>
        </Point>
      </Placemark>
      <Placemark>
        <TimeSpan>
          <begin>2021-01-17T07:39:44+08:00</begin>
          <end>2021-01-17T07:39:46+08:00</end>
        </TimeSpan>
        <Style>
          <IconStyle>
            <color>FF00FFFF</color>
            <scale>0.9</scale>
            <Icon>
              <href>http://maps.google.com/mapfiles/kml/shapes/placemark_circle.png</href>
            </Icon>
          </IconStyle>
        </Style>
        <Point>
          <altitudeMode>clampToGround</altitudeMode>
          <coordinates>114.20099054416664,22.330219160832694, 310.6</coordinates>
        </Point>
      </Placemark>
      <Placemark>
        <TimeSpan>
          <begin>2021-01-17T07:39:46+08:00</begin>
          <end>2021-01-17T07:39:54+08:00</end>
        </TimeSpan>
        <Style>
          <IconStyle>
            <color>FF00FFFF</color>
            <scale>0.9</scale>
            <Icon>
              <href>http://maps.google.com/mapfiles/kml/shapes/placemark_circle.png</href>
            </Icon>
          </IconStyle>
        </Style>
        <Point>
          <altitudeMode>clampToGround</altitudeMode>
          <coordinates>114.20096744635823,22.330267964734027, 310.6</coordinates>
        </Point>
      </Placemark>
      <Placemark>
        <TimeSpan>
          <begin>2021-01-17T07:39:54+08:00</begin>
          <end>2021-01-17T07:40:02+08:00</end>
        </TimeSpan>
        <Style>
          <IconStyle>
            <color>FF00FFFF</color>
            <scale>0.9</scale>
            <Icon>
              <href>http://maps.google.com/mapfiles/kml/shapes/placemark_circle.png</href>
            </Icon>
          </IconStyle>
        </Style>
        <Point>
          <altitudeMode>clampToGround</altitudeMode>
          <coordinates>114.20077674645349,22.330365396422795, 310.42</coordinates>
        </Point>
      </Placemark>
      <Placemark>
        <TimeSpan>
          <begin>2021-01-17T07:40:02+08:00</begin>
          <end>2021-01-17T07:40:10+08:00</end>
        </TimeSpan>
        <Style>
          <IconStyle>
            <color>FF00FFFF</color>
            <scale>0.9</scale>
            <Icon>
              <href>http://maps.google.com/mapfiles/kml/shapes/placemark_circle.png</href>
            </Icon>
          </IconStyle>
        </Style>
        <Point>
          <altitudeMode>clampToGround</altitudeMode>
          <coordinates>114.20054668376257,22.33038122949285, 310.4</coordinates>
        </Point>
      </Placemark>
      <Placemark>
        <TimeSpan>
          <begin>2021-01-17T07:40:10+08:00</begin>
          <end>2021-01-17T07:40:18+08:00</end>
        </TimeSpan>
        <Style>
          <IconStyle>
            <color>FF00FFFF</color>
            <scale>0.9</scale>
            <Icon>
              <href>http://maps.google.com/mapfiles/kml/shapes/placemark_circle.png</href>
            </Icon>
          </IconStyle>
        </Style>
        <Point>
          <altitudeMode>clampToGround</altitudeMode>
          <coordinates>114.20033367762068,22.330462769495835, 310.77</coordinates>
        </Point>
      </Placemark>
      <Placemark>
        <TimeSpan>
          <begin>2021-01-17T07:40:18+08:00</begin>
          <end>2021-01-17T07:40:26+08:00</end>
        </TimeSpan>
        <Style>
          <IconStyle>
            <color>FF00FFFF</color>
            <scale>0.9</scale>
            <Icon>
              <href>http://maps.google.com/mapfiles/kml/shapes/placemark_circle.png</href>
            </Icon>
          </IconStyle>
        </Style>
        <Point>
          <altitudeMode>clampToGround</altitudeMode>
          <coordinates>114.2002154729938,22.33057594814363, 311.14</coordinates>
        </Point>
      </Placemark>
      <Placemark>
        <TimeSpan>
          <begin>2021-01-17T07:40:26+08:00</begin>
          <end>2021-01-17T07:40:34+08:00</end>
        </TimeSpan>
        <Style>
          <IconStyle>
            <color>FF00FFFF</color>
            <scale>0.9</scale>
            <Icon>
              <href>http://maps.google.com/mapfiles/kml/shapes/placemark_circle.png</href>
            </Icon>
          </IconStyle>
        </Style>
        <Point>
          <altitudeMode>clampToGround</altitudeMode>
          <coordinates>114.20039808578701,22.330605135670194, 310.78</coordinates>
        </Point>
      </Placemark>
      <Placemark>
        <TimeSpan>
          <begin>2021-01-17T07:40:34+08:00</begin>
          <end>2021-01-17T07:40:42+08:00</end>
        </TimeSpan>
        <Style>
          <IconStyle>
            <color>FF00FFFF</color>
            <scale>0.9</scale>
            <Icon>
              <href>http://maps.google.com/mapfiles/kml/shapes/placemark_circle.png</href>
            </Icon>
          </IconStyle>
        </Style>
        <Point>
          <altitudeMode>clampToGround</altitudeMode>
          <coordinates>114.200348705208,22.33059552914499, 310.71</coordinates>
        </Point>
      </Placemark>
      <Placemark>
        <TimeSpan>
          <begin>2021-01-17T07:40:42+08:00</begin>
          <end>2021-01-17T07:40:50+08:00</end>
        </TimeSpan>
        <Style>
          <IconStyle>
            <color>FF00FFFF</color>
            <scale>0.9</scale>
            <Icon>
              <href>http://maps.google.com/mapfiles/kml/shapes/placemark_circle.png</href>
            </Icon>
          </IconStyle>
        </Style>
        <Point>
          <altitudeMode>clampToGround</altitudeMode>
          <coordinates>114.20037473259842,22.3306815476516, 310.77</coordinates>
        </Point>
      </Placemark>
      <Placemark>
        <TimeSpan>
          <begin>2021-01-17T07:40:50+08:00</begin>
          <end>2021-01-17T07:40:58+08:00</end>
        </TimeSpan>
        <Style>
          <IconStyle>
            <color>FF00FFFF</color>
            <scale>0.9</scale>
            <Icon>
              <href>http://maps.google.com/mapfiles/kml/shapes/placemark_circle.png</href>
            </Icon>
          </IconStyle>
        </Style>
        <Point>
          <altitudeMode>clampToGround</altitudeMode>
          <coordinates>114.20034334536697,22.330596041964217, 310.87</coordinates>
        </Point>
      </Placemark>
      <Placemark>
        <TimeSpan>
          <begin>2021-01-17T07:40:58+08:00</begin>
          <end>2021-01-17T07:41:06+08:00</end>
        </TimeSpan>
        <Style>
          <IconStyle>
            <color>FF00FFFF</color>
            <scale>0.9</scale>
            <Icon>
              <href>http://maps.google.com/mapfiles/kml/shapes/placemark_circle.png</href>
            </Icon>
          </IconStyle>
        </Style>
        <Point>
          <altitudeMode>clampToGround</altitudeMode>
          <coordinates>114.20040305736642,22.330416097875652, 311.04</coordinates>
        </Point>
      </Placemark>
      <Placemark>
        <TimeSpan>
          <begin>2021-01-17T07:41:06+08:00</begin>
          <end>2021-01-17T07:41:14+08:00</end>
        </TimeSpan>
        <Style>
          <IconStyle>
            <color>FF00FFFF</color>
            <scale>0.9</scale>
            <Icon>
              <href>http://maps.google.com/mapfiles/kml/shapes/placemark_circle.png</href>
            </Icon>
          </IconStyle>
        </Style>
        <Point>
          <altitudeMode>clampToGround</altitudeMode>
          <coordinates>114.200380571311,22.330202322803697, 311.11</coordinates>
        </Point>
      </Placemark>
      <Placemark>
        <TimeSpan>
          <begin>2021-01-17T07:41:14+08:00</begin>
          <end>2021-01-17T07:41:22+08:00</end>
        </TimeSpan>
        <Style>
          <IconStyle>
            <color>FF00FFFF</color>
            <scale>0.9</scale>
            <Icon>
              <href>http://maps.google.com/mapfiles/kml/shapes/placemark_circle.png</href>
            </Icon>
          </IconStyle>
        </Style>
        <Point>
          <altitudeMode>clampToGround</altitudeMode>
          <coordinates>114.20035804389961,22.329988154560134, 311.18</coordinates>
        </Point>
      </Placemark>
      <Placemark>
        <TimeSpan>
          <begin>2021-01-17T07:41:22+08:00</begin>
          <end>2021-01-17T07:41:30+08:00</end>
        </TimeSpan>
        <Style>
          <IconStyle>
            <color>FF00FFFF</color>
            <scale>0.9</scale>
            <Icon>
              <href>http://maps.google.com/mapfiles/kml/shapes/placemark_circle.png</href>
            </Icon>
          </IconStyle>
        </Style>
        <Point>
          <altitudeMode>clampToGround</altitudeMode>
          <coordinates>114.20048264412793,22.32984139880802, 311.2</coordinates>
        </Point>
      </Placemark>
      <Placemark>
        <TimeSpan>
          <begin>2021-01-17T07:41:30+08:00</begin>
          <end>2021-01-17T07:41:38+08:00</end>
        </TimeSpan>
        <Style>
          <IconStyle>
            <color>FF00FFFF</color>
            <scale>0.9</scale>
            <Icon>
              <href>http://maps.google.com/mapfiles/kml/shapes/placemark_circle.png</href>
            </Icon>
          </IconStyle>
        </Style>
        <Point>
          <altitudeMode>clampToGround</altitudeMode>
          <coordinates>114.2006581101214,22.329700188185445, 311.08</coordinates>
        </Point>
      </Placemark>
      <Placemark>
        <TimeSpan>
          <begin>2021-01-17T07:41:38+08:00</begin>
          <end>2021-01-17T07:41:46+08:00</end>
        </TimeSpan>
        <Style>
          <IconStyle>
            <color>FF00FFFF</color>
            <scale>0.9</scale>
            <Icon>
              <href>http://maps.google.com/mapfiles/kml/shapes/placemark_circle.png</href>
            </Icon>
          </IconStyle>
        </Style>
        <Point>
          <altitudeMode>clampToGround</altitudeMode>
          <coordinates>114.20075857774239,22.3295240147098, 310.94</coordinates>
        </Point>
      </Placemark>
      <Placemark>
        <TimeSpan>
          <begin>2021-01-17T07:41:46+08:00</begin>
          <end>2021-01-17T07:41:54+08:00</end>
        </TimeSpan>
        <Style>
          <IconStyle>
            <color>FF00FFFF</color>
            <scale>0.9</scale>
            <Icon>
              <href>http://maps.google.com/mapfiles/kml/shapes/placemark_circle.png</href>
            </Icon>
          </IconStyle>
        </Style>
        <Point>
          <altitudeMode>clampToGround</altitudeMode>
          <coordinates>114.2007693167821,22.329309262250906, 310.8</coordinates>
        </Point>
      </Placemark>
      <Placemark>
        <TimeSpan>
          <begin>2021-01-17T07:41:54+08:00</begin>
          <end>2021-01-17T07:42:02+08:00</end>
        </TimeSpan>
        <Style>
          <IconStyle>
            <color>FF00FFFF</color>
            <scale>0.9</scale>
            <Icon>
              <href>http://maps.google.com/mapfiles/kml/shapes/placemark_circle.png</href>
            </Icon>
          </IconStyle>
        </Style>
        <Point>
          <altitudeMode>clampToGround</altitudeMode>
          <coordinates>114.20077997207723,22.32909618446273, 310.67</coordinates>
        </Point>
      </Placemark>
      <Placemark>
        <TimeSpan>
          <begin>2021-01-17T07:42:02+08:00</begin>
          <end>2021-01-17T07:42:10+08:00</end>
        </TimeSpan>
        <Style>
          <IconStyle>
            <color>FF00FFFF</color>
            <scale>0.9</scale>
            <Icon>
              <href>http://maps.google.com/mapfiles/kml/shapes/placemark_circle.png</href>
            </Icon>
          </IconStyle>
        </Style>
        <Point>
          <altitudeMode>clampToGround</altitudeMode>
          <coordinates>114.20085832779283,22.329056452656133, 310.94</coordinates>
        </Point>
      </Placemark>
      <Placemark>
        <TimeSpan>
          <begin>2021-01-17T07:42:10+08:00</begin>
          <end>2021-01-17T07:42:18+08:00</end>
        </TimeSpan>
        <Style>
          <IconStyle>
            <color>FF00FFFF</color>
            <scale>0.9</scale>
            <Icon>
              <href>http://maps.google.com/mapfiles/kml/shapes/placemark_circle.png</href>
            </Icon>
          </IconStyle>
        </Style>
        <Point>
          <altitudeMode>clampToGround</altitudeMode>
          <coordinates>114.20107868152216,22.32903554580576, 310.47</coordinates>
        </Point>
      </Placemark>
      <Placemark>
        <TimeSpan>
          <begin>2021-01-17T07:42:18+08:00</begin>
          <end>2021-01-17T07:42:26+08:00</end>
        </TimeSpan>
        <Style>
          <IconStyle>
            <color>FF00FFFF</color>
            <scale>0.9</scale>
            <Icon>
              <href>http://maps.google.com/mapfiles/kml/shapes/placemark_circle.png</href>
            </Icon>
          </IconStyle>
        </Style>
        <Point>
          <altitudeMode>clampToGround</altitudeMode>
          <coordinates>114.20127511832798,22.328930178891643, 310.74</coordinates>
        </Point>
      </Placemark>
      <Placemark>
        <TimeSpan>
          <begin>2021-01-17T07:42:26+08:00</begin>
          <end>2021-01-17T07:42:34+08:00</end>
        </TimeSpan>
        <Style>
          <IconStyle>
            <color>FF00FFFF</color>
            <scale>0.9</scale>
            <Icon>
              <href>http://maps.google.com/mapfiles/kml/shapes/placemark_circle.png</href>
            </Icon>
          </IconStyle>
        </Style>
        <Point>
          <altitudeMode>clampToGround</altitudeMode>
          <coordinates>114.20131905372229,22.328759867920283, 309.79</coordinates>
        </Point>
      </Placemark>
      <Placemark>
        <TimeSpan>
          <begin>2021-01-17T07:42:34+08:00</begin>
          <end>2021-01-17T07:42:42+08:00</end>
        </TimeSpan>
        <Style>
          <IconStyle>
            <color>FF00FFFF</color>
            <scale>0.9</scale>
            <Icon>
              <href>http://maps.google.com/mapfiles/kml/shapes/placemark_circle.png</href>
            </Icon>
          </IconStyle>
        </Style>
        <Point>
          <altitudeMode>clampToGround</altitudeMode>
          <coordinates>114.20119485439423,22.32858355080877, 309.65</coordinates>
        </Point>
      </Placemark>
      <Placemark>
        <TimeSpan>
          <begin>2021-01-17T07:42:42+08:00</begin>
          <end>2021-01-17T07:42:50+08:00</end>
        </TimeSpan>
        <Style>
          <IconStyle>
            <color>FF00FFFF</color>
            <scale>0.9</scale>
            <Icon>
              <href>http://maps.google.com/mapfiles/kml/shapes/placemark_circle.png</href>
            </Icon>
          </IconStyle>
        </Style>
        <Point>
          <altitudeMode>clampToGround</altitudeMode>
          <coordinates>114.20118740041873,22.328476343701887, 310.51</coordinates>
        </Point>
      </Placemark>
      <Placemark>
        <TimeSpan>
          <begin>2021-01-17T07:42:50+08:00</begin>
          <end>2021-01-17T07:42:58+08:00</end>
        </TimeSpan>
        <Style>
          <IconStyle>
            <color>FF00FFFF</color>
            <scale>0.9</scale>
            <Icon>
              <href>http://maps.google.com/mapfiles/kml/shapes/placemark_circle.png</href>
            </Icon>
          </IconStyle>
        </Style>
        <Point>
          <altitudeMode>clampToGround</altitudeMode>
          <coordinates>114.20103696033053,22.32859794779301, 310.0</coordinates>
        </Point>
      </Placemark>
      <Placemark>
        <TimeSpan>
          <begin>2021-01-17T07:42:58+08:00</begin>
          <end>2021-01-17T07:43:06+08:00</end>
        </TimeSpan>
        <Style>
          <IconStyle>
            <color>FF00FFFF</color>
            <scale>0.9</scale>
            <Icon>
              <href>http://maps.google.com/mapfiles/kml/shapes/placemark_circle.png</href>
            </Icon>
          </IconStyle>
        </Style>
        <Point>
          <altitudeMode>clampToGround</altitudeMode>
          <coordinates>114.20107921558377,22.328799052651757, 310.45</coordinates>
        </Point>
      </Placemark>
      <Placemark>
        <TimeSpan>
          <begin>2021-01-17T07:43:06+08:00</begin>
          <end>2021-01-17T07:43:14+08:00</end>
        </TimeSpan>
        <Style>
          <IconStyle>
            <color>FF00FFFF</color>
            <scale>0.9</scale>
            <Icon>
              <href>http://maps.google.com/mapfiles/kml/shapes/placemark_circle.png</href>
            </Icon>
          </IconStyle>
        </Style>
        <Point>
          <altitudeMode>clampToGround</altitudeMode>
          <coordinates>114.20123600006892,22.328940454806492, 310.46</coordinates>
        </Point>
      </Placemark>
      <Placemark>
        <TimeSpan>
          <begin>2021-01-17T07:43:14+08:00</begin>
          <end>2021-01-17T07:43:22+08:00</end>
        </TimeSpan>
        <Style>
          <IconStyle>
            <color>FF00FFFF</color>
            <scale>0.9</scale>
            <Icon>
              <href>http://maps.google.com/mapfiles/kml/shapes/placemark_circle.png</href>
            </Icon>
          </IconStyle>
        </Style>
        <Point>
          <altitudeMode>clampToGround</altitudeMode>
          <coordinates>114.20142993329176,22.328940354516387, 310.29</coordinates>
        </Point>
      </Placemark>
      <Placemark>
        <TimeSpan>
          <begin>2021-01-17T07:43:22+08:00</begin>
          <end>2021-01-17T07:43:30+08:00</end>
        </TimeSpan>
        <Style>
          <IconStyle>
            <color>FF00FFFF</color>
            <scale>0.9</scale>
            <Icon>
              <href>http://maps.google.com/mapfiles/kml/shapes/placemark_circle.png</href>
            </Icon>
          </IconStyle>
        </Style>
        <Point>
          <altitudeMode>clampToGround</altitudeMode>
          <coordinates>114.20154874108144,22.32876052639592, 309.71</coordinates>
        </Point>
      </Placemark>
      <Placemark>
        <TimeSpan>
          <begin>2021-01-17T07:43:30+08:00</begin>
          <end>2021-01-17T07:43:38+08:00</end>
        </TimeSpan>
        <Style>
          <IconStyle>
            <color>FF00FFFF</color>
            <scale>0.9</scale>
            <Icon>
              <href>http://maps.google.com/mapfiles/kml/shapes/placemark_circle.png</href>
            </Icon>
          </IconStyle>
        </Style>
        <Point>
          <altitudeMode>clampToGround</altitudeMode>
          <coordinates>114.201658055695,22.328577700851053, 309.48</coordinates>
        </Point>
      </Placemark>
      <Placemark>
        <TimeSpan>
          <begin>2021-01-17T07:43:38+08:00</begin>
          <end>2021-01-17T07:43:46+08:00</end>
        </TimeSpan>
        <Style>
          <IconStyle>
            <color>FF00FFFF</color>
            <scale>0.9</scale>
            <Icon>
              <href>http://maps.google.com/mapfiles/kml/shapes/placemark_circle.png</href>
            </Icon>
          </IconStyle>
        </Style>
        <Point>
          <altitudeMode>clampToGround</altitudeMode>
          <coordinates>114.2017798153293,22.328400601526575, 309.6</coordinates>
        </Point>
      </Placemark>
      <Placemark>
        <TimeSpan>
          <begin>2021-01-17T07:43:46+08:00</begin>
          <end>2021-01-17T07:43:54+08:00</end>
        </TimeSpan>
        <Style>
          <IconStyle>
            <color>FF00FFFF</color>
            <scale>0.9</scale>
            <Icon>
              <href>http://maps.google.com/mapfiles/kml/shapes/placemark_circle.png</href>
            </Icon>
          </IconStyle>
        </Style>
        <Point>
          <altitudeMode>clampToGround</altitudeMode>
          <coordinates>114.201940344787,22.3283395141954, 309.56</coordinates>
        </Point>
      </Placemark>
      <Placemark>
        <TimeSpan>
          <begin>2021-01-17T07:43:54+08:00</begin>
          <end>2021-01-17T07:44:02+08:00</end>
        </TimeSpan>
        <Style>
          <IconStyle>
            <color>FF00FFFF</color>
            <scale>0.9</scale>
            <Icon>
              <href>http://maps.google.com/mapfiles/kml/shapes/placemark_circle.png</href>
            </Icon>
          </IconStyle>
        </Style>
        <Point>
          <altitudeMode>clampToGround</altitudeMode>
          <coordinates>114.20210400022802,22.328262171420338, 310.05</coordinates>
        </Point>
      </Placemark>
      <Placemark>
        <TimeSpan>
          <begin>2021-01-17T07:44:02+08:00</begin>
          <end>2021-01-17T07:44:07+08:00</end>
        </TimeSpan>
        <Style>
          <IconStyle>
            <color>FF00FFFF</color>
            <scale>0.9</scale>
            <Icon>
              <href>http://maps.google.com/mapfiles/kml/shapes/placemark_circle.png</href>
            </Icon>
          </IconStyle>
        </Style>
        <Point>
          <altitudeMode>clampToGround</altitudeMode>
          <coordinates>114.20232656845927,22.328242952494435, 310.13</coordinates>
        </Point>
      </Placemark>
    </Folder>
  </Folder>
</kml>
