<?xml version="1.0" encoding="UTF-8"?>
<kml
  xsi:schemaLocation="http://earth.google.com/kml/2.1 http://earth.google.com/kml2.1.xsd"
  xmlns:xsi="http://www.w3.org/2001/XMLSchema-instance" xmlns="http://earth.google.com/kml/2.1">
  <Folder>
    <name>Running</name>
    <description>ROUTE RECONSTRUCTED: no GPS was recorded for this activity. Coordinates were projected from the accelerometer distance onto the GPS track of activity 6188052022 (2021-01-27) using mode "scale". Generated by 06_RepairMissingRoutes.py.</description>
    <Placemark>
      <name>Track</name>
      <Style>
        <LineStyle>
          <color>FF0000FF</color>
          <width>3.0</width>
        </LineStyle>
      </Style>
      <LineString>
        <extrude>false</extrude>
        <tessellate>true</tessellate>
        <altitudeMode>clampToGround</altitudeMode>
        <coordinates>114.20833921766231,22.32844546295287 114.20832918592411,22.328433665074318 114.20822860484462,22.328308716777872 114.2081811524779,22.328505252945135 114.20811334729609,22.32872796161868 114.20808595866534,22.328957839191748 114.20806274041699,22.329183976999825 114.20807254965348,22.329408035582887 114.20810772227696,22.329631175258697 114.20810885965174,22.329660039302905 114.20810810887355,22.3298634711879 114.20808523789519,22.33006594000948 114.20805430701013,22.330295876169874 114.20789281144,22.330458091317954 114.20771377912108,22.330602549791642 114.20749173326496,22.330645533856043 114.20728699542175,22.330743108911353 114.20710065653687,22.33088068874004 114.20693037622164,22.331037190327194 114.20687458120062,22.33113644571863 114.20670735330242,22.331294027306715 114.20648662414362,22.33138404175797 114.20632440747929,22.33132100910286 114.20612575010286,22.331290252843615 114.20592079753948,22.33141040538914 114.20568634423087,22.33144334457224 114.2055306874133,22.33126811585428 114.20537189280418,22.331094913721714 114.20515754594254,22.331178894130883 114.20496374659376,22.331304867238813 114.20473543142444,22.33126359568209 114.2045438046557,22.331125554961627 114.2044750554985,22.331252528929365 114.20452677003911,22.33146984068039 114.20454429993735,22.331693355162756 114.20452540483915,22.33191568306017 114.20449687581836,22.3321379659834 114.20449329400435,22.332165736981388 114.20446473067523,22.332387197993206 114.20442760616095,22.332607800732205 114.20437941381834,22.3328284075904 114.20450471003386,22.333009502782513 114.20455931065767,22.33322884558483 114.2045821654553,22.33337015333122 114.20459960204789,22.333598244420404 114.20457593468755,22.333827053483642 114.20458649232724,22.33405800442047 114.20459285945272,22.334288870707297 114.2045951429436,22.334519688147235 114.20460120598106,22.334664300595144 114.20454080796512,22.33488700841094 114.20439873779969,22.334841218114974 114.20436888895995,22.334832067285152 114.20421483501933,22.33467341187273 114.20405142099942,22.334524611491098 114.20385192789317,22.334664021668825 114.20366447991577,22.3348125185636 114.20349367510391,22.33497433678735 114.20332205633714,22.335135103179883 114.20310092172318,22.335145540357548 114.20301554356304,22.33494336337107 114.20283653485971,22.33483152502964 114.2027278451451,22.334717206886346 114.2025283006225,22.334732674306167 114.20229786710014,22.33478790749397 114.20206247462407,22.3348211411523 114.20184475005942,22.334735374297395 114.20182137241419,22.33490253712279 114.20163046073914,22.33489155698541 114.20139160553035,22.3348633703749 114.20115318701234,22.334835235297 114.20107581321685,22.334773939434484 114.20091849134134,22.33460983537954 114.2006917976486,22.3345393698759 114.20055757912047,22.33448482462817 114.20045610844198,22.334389020866286 114.20027356068579,22.334325693546692 114.20023388895584,22.334149143991347 114.20038560674038,22.333978449794824 114.2005247814375,22.33379894772538 114.20066418025989,22.333619987717967 114.20079159542651,22.333438040250215 114.20094217669518,22.33327486100868 114.20101736060614,22.333107020042064 114.20077819169047,22.333081234605864 114.20054229959092,22.333055802451916 114.20030629817529,22.33303035851231 114.20006887698376,22.333004761502895 114.19983112784399,22.332979129136508 114.19959501711227,22.332953673411243 114.19935916607534,22.33293300310634 114.19912678319491,22.332980246033493 114.19889665630623,22.333027030322498 114.19866685057848,22.333073749320192 114.1984351113308,22.333120861398225 114.19820358837516,22.33316792950456 114.19799614937445,22.33326526825237 114.1979263884117,22.333316628101915 114.19781647275154,22.33351468099603 114.19770670787658,22.333712462195983 114.19760117829733,22.333911972411983 114.19748882739515,22.33392634587244 114.19738238842348,22.333728344142347 114.19736264558175,22.33367600947717 114.19720758537984,22.333513380543625 114.19706768606459,22.33333329270276 114.19714927659648,22.33326705774901 114.19724064453918,22.333063839037255 114.19731862021678,22.33285612727182 114.19748079248993,22.33269383932658 114.19746423654743,22.332504281765473 114.19737075541963,22.33236356944502 114.19727884612846,22.332367890895803 114.19703580432338,22.332355892195388 114.19681154133453,22.332270975666344 114.19675930176669,22.33208644214691 114.19687864370007,22.331897992855964 114.19698788276449,22.33179581503157 114.19718411664266,22.331654134311794 114.19739548788726,22.33170014900528 114.19759574500152,22.331832380266178 114.19781536371765,22.331756318493653 114.1979278899257,22.331719365896273 114.19816089839593,22.331660855762426 114.1982808114107,22.331721532112276 114.19829911430102,22.331945256912928 114.19830965623697,22.33205698128641 114.19843261202598,22.33224696132506 114.198619772314,22.332393055285692 114.19885093656495,22.332472453507023 114.19909509050203,22.33249808224939 114.1991244512372,22.332505176287725 114.19935840772233,22.332558579933316 114.1995960087366,22.33260200296251 114.1997912065845,22.33269027763004 114.19988900814575,22.332895806934626 114.19998610031044,22.333099845447265 114.20008261717183,22.333302674963996 114.20017931138237,22.333505877178712 114.20027618186064,22.333709449818866 114.20028822970666,22.333734768283954 114.2003849239172,22.333937970498667 114.20048201608189,22.33414200901131 114.20057919692115,22.33434623387294 114.20067560320868,22.334546584715213 114.20068987502167,22.33432313671841 114.20071110012506,22.334108857615455 114.20060097251657,22.333912393493048 114.20057318762576,22.333862826138756 114.20045354004328,22.33366768445389 114.20021252661063,22.333622203606733 114.20018212221116,22.333616579319244 114.20004717630461,22.33356597318709 114.20013310253651,22.333718834179518 114.20030428535415,22.333849301128616 114.20052599032982,22.33375513948759 114.200702250032,22.333598015057063 114.20090322968107,22.333469806527564 114.20106323463753,22.33351455968345 114.20120450071171,22.33361631440392 114.20143876828277,22.33362766471121 114.20164856154507,22.333737437385984 114.20180011915504,22.33391066350791 114.20191806330304,22.334107316205447 114.20204882633395,22.334296833528544 114.20217533117717,22.3344871407554 114.20227181375165,22.334689906053775 114.20242266293315,22.334863008693816 114.20259032934753,22.335009891035718 114.20279321080515,22.334971420357732 114.20300126997513,22.334941896840327 114.20321059859698,22.33493647810501 114.2033924926416,22.334797134572327 114.20351634687799,22.33460940412657 114.20363051343236,22.334419361040045 114.20384179648731,22.33443081612421 114.20406667664051,22.334491569501807 114.20428031104011,22.334435791010833 114.20440582660747,22.334254425953418 114.20439077364445,22.33403727210826 114.20436225244093,22.333865684363758 114.20456375089269,22.33390174526069 114.20453414089394,22.333806250653573 114.20449594220794,22.33362648844783 114.20462620698216,22.33344013663825 114.20474697383678,22.333249762305037 114.20475030452432,22.333027751582144 114.20467476238646,22.33281522194603 114.20456270683695,22.332620080751635 114.20457293024292,22.332416397612235 114.2046999709792,22.3322348440394 114.2047370188865,22.332022469717487 114.20494421870907,22.33191409488939 114.20513389669308,22.331790864016448 114.20522324469367,22.331585651270395 114.2052654205775,22.331511941607847 114.20517590922583,22.331333575422235 114.20499629192017,22.3311809128045 114.20484967760102,22.33100313216546 114.20474065268381,22.330800446767913 114.20460681647066,22.3306117721247 114.2044772201001,22.330421050751408 114.20438429139075,22.330215000039637 114.2043735860781,22.33018895540168 114.20440399626294,22.330015883544313 114.20461852509744,22.329914312549388 114.20477510892782,22.329742606951804 114.20483957925333,22.32954860245073 114.20477471924195,22.329335649563514 114.20470870337368,22.329121231743734 114.20469693023664,22.329066833260335 114.20464108013107,22.328852023338513 114.20456974316836,22.328643215308592 114.20444858729671,22.328450547493087 114.20431736353093,22.328262157416816 114.20417513577674,22.328080344258865 114.20405432308168,22.327886128650928 114.20389507601091,22.32772037389618 114.20372235324044,22.32760259810428 114.20351519723552,22.327711797751245 114.20343091931915,22.327791602817314 114.203252931809,22.32794678871709 114.2030413851755,22.328064848458116 114.20284555693789,22.32818857020049 114.2027103208233,22.328372233287006 114.20248746599896,22.32844486214858 114.20233969218299,22.32862138727915 114.20220601299525,22.328809316465804 114.2020591836435,22.328989019936397 114.20186151877061,22.329121488727104 114.20173537395466,22.32931261644252 114.20153440302147,22.329439853847635 114.20137591033959,22.329613704361844 114.20128035496124,22.329823800053187 114.20123277173994,22.330047004003024 114.20102185327181,22.330163623800203 114.20088098712327,22.330330836344107 114.20064267059398,22.330376456254925 114.20040774833542,22.330434266334716 114.20019427602264,22.330541705013832 114.2003786188754,22.33055549642514 114.20036731352378,22.330634688402913 114.20037440256881,22.330653958994876 114.20035579173253,22.330697775296585 114.20037392622166,22.330574584551826 114.20039777627888,22.33036589054275 114.20039176068045,22.33030870021022 114.20036741027003,22.33007720070326 114.20039624012966,22.329892322903618 114.20057762508978,22.329767746419108 114.20074836193767,22.32962443182217 114.20076426152083,22.32941035413792 114.20077501651384,22.329195282655032 114.2007868669807,22.328986039043432 114.20097889733023,22.32907103990912 114.20118494548824,22.3289860381729 114.20132882827897,22.328876391246457 114.20127418060761,22.328696164693483 114.20115203879094,22.328522550359597 114.20111545481177,22.328495915303503 114.20102629618259,22.328664009593275 114.20111067473908,22.328852948269695 114.2012912698081,22.328979046075087 114.20146854289726,22.3288870963496 114.20157394045307,22.328701210517803 114.20163571258448,22.328597549707144 114.20176739280717,22.328429496736216 114.20190120540101,22.32838579395898 114.202032930479,22.328254203018968 114.20226628762914,22.328274456435388 114.20245304703712,22.328176852315664</coordinates>
      </LineString>
    </Placemark>
    <Folder>
      <name>Laps</name>
      <description>Laps, start and end splits recorded in the activity.</description>
      <Placemark>
        <name>Start</name>
        <description>ROUTE RECONSTRUCTED: no GPS was recorded for this activity. Coordinates were projected from the accelerometer distance onto the GPS track of activity 6188052022 (2021-01-27) using mode "scale". Generated by 06_RepairMissingRoutes.py.</description>
        <Style>
          <IconStyle>
            <scale>1.3</scale>
            <Icon>
              <href>explore\image\main\icons\kml\grn-play.png</href>
            </Icon>
            <hotSpot x="0.5" xunits="fraction" y="0.0" yunits="fraction"/>
          </IconStyle>
        </Style>
        <Point>
          <coordinates>114.20833921766231, 22.32844546295287</coordinates>
        </Point>
      </Placemark>
      <Placemark>
        <name>Lap 1</name>
        <description>&lt;table width = "320"&gt;&lt;tr&gt;&lt;td&gt;Time:&lt;/td&gt;&lt;td&gt;00:05:59&lt;/td&gt;&lt;/tr&gt;&lt;tr&gt;&lt;td&gt;Distance:&lt;/td&gt;&lt;td&gt;1 Kilometers &lt;/td&gt;&lt;/tr&gt;&lt;tr&gt;&lt;td&gt;Elevation Gain:&lt;/td&gt;&lt;td&gt;1 Meters &lt;/td&gt;&lt;/tr&gt;&lt;tr&gt;&lt;td&gt;Elevation Loss:&lt;/td&gt;&lt;td&gt;2 Meters &lt;/td&gt;&lt;/tr&gt;&lt;tr&gt;&lt;td&gt;Max Speed:&lt;/td&gt;&lt;td&gt;11.25 Kilometers per Hour&lt;/td&gt;&lt;/tr&gt;&lt;/table&gt;</description>
        <Style>
          <IconStyle>
            <scale>1.0</scale>
            <Icon>
              <href>http://maps.google.com/mapfiles/kml/shapes/flag.png</href>
            </Icon>
            <hotSpot x="0.45" xunits="fraction" y="0.0" yunits="fraction"/>
          </IconStyle>
        </Style>
        <Point>
          <coordinates>114.2046005114769,22.334647735639436</coordinates>
        </Point>
      </Placemark>
      <Placemark>
        <name>Lap 2</name>
        <description>&lt;table width = "320"&gt;&lt;tr&gt;&lt;td&gt;Time:&lt;/td&gt;&lt;td&gt;00:06:05&lt;/td&gt;&lt;/tr&gt;&lt;tr&gt;&lt;td&gt;Distance:&lt;/td&gt;&lt;td&gt;1 Kilometers &lt;/td&gt;&lt;/tr&gt;&lt;tr&gt;&lt;td&gt;Elevation Gain:&lt;/td&gt;&lt;td&gt;1 Meters &lt;/td&gt;&lt;/tr&gt;&lt;tr&gt;&lt;td&gt;Elevation Loss:&lt;/td&gt;&lt;td&gt;1 Meters &lt;/td&gt;&lt;/tr&gt;&lt;tr&gt;&lt;td&gt;Max Speed:&lt;/td&gt;&lt;td&gt;10.28 Kilometers per Hour&lt;/td&gt;&lt;/tr&gt;&lt;/table&gt;</description>
        <Style>
          <IconStyle>
            <scale>1.0</scale>
            <Icon>
              <href>http://maps.google.com/mapfiles/kml/shapes/flag.png</href>
            </Icon>
            <hotSpot x="0.45" xunits="fraction" y="0.0" yunits="fraction"/>
          </IconStyle>
        </Style>
        <Point>
          <coordinates>114.1979477637761,22.333298819815194</coordinates>
        </Point>
      </Placemark>
      <Placemark>
        <name>Lap 3</name>
        <description>&lt;table width = "320"&gt;&lt;tr&gt;&lt;td&gt;Time:&lt;/td&gt;&lt;td&gt;00:06:02&lt;/td&gt;&lt;/tr&gt;&lt;tr&gt;&lt;td&gt;Distance:&lt;/td&gt;&lt;td&gt;1 Kilometers &lt;/td&gt;&lt;/tr&gt;&lt;tr&gt;&lt;td&gt;Elevation Gain:&lt;/td&gt;&lt;td&gt;4 Meters &lt;/td&gt;&lt;/tr&gt;&lt;tr&gt;&lt;td&gt;Elevation Loss:&lt;/td&gt;&lt;td&gt;4 Meters &lt;/td&gt;&lt;/tr&gt;&lt;tr&gt;&lt;td&gt;Max Speed:&lt;/td&gt;&lt;td&gt;10.24 Kilometers per Hour&lt;/td&gt;&lt;/tr&gt;&lt;/table&gt;</description>
        <Style>
          <IconStyle>
            <scale>1.0</scale>
            <Icon>
              <href>http://maps.google.com/mapfiles/kml/shapes/flag.png</href>
            </Icon>
            <hotSpot x="0.45" xunits="fraction" y="0.0" yunits="fraction"/>
          </IconStyle>
        </Style>
        <Point>
          <coordinates>114.20058305634649,22.333880431620088</coordinates>
        </Point>
      </Placemark>
      <Placemark>
        <name>Lap 4</name>
        <description>&lt;table width = "320"&gt;&lt;tr&gt;&lt;td&gt;Time:&lt;/td&gt;&lt;td&gt;00:06:04&lt;/td&gt;&lt;/tr&gt;&lt;tr&gt;&lt;td&gt;Distance:&lt;/td&gt;&lt;td&gt;1 Kilometers &lt;/td&gt;&lt;/tr&gt;&lt;tr&gt;&lt;td&gt;Elevation Gain:&lt;/td&gt;&lt;td&gt;0 Meters &lt;/td&gt;&lt;/tr&gt;&lt;tr&gt;&lt;td&gt;Elevation Loss:&lt;/td&gt;&lt;td&gt;2 Meters &lt;/td&gt;&lt;/tr&gt;&lt;tr&gt;&lt;td&gt;Max Speed:&lt;/td&gt;&lt;td&gt;10.28 Kilometers per Hour&lt;/td&gt;&lt;/tr&gt;&lt;/table&gt;</description>
        <Style>
          <IconStyle>
            <scale>1.0</scale>
            <Icon>
              <href>http://maps.google.com/mapfiles/kml/shapes/flag.png</href>
            </Icon>
            <hotSpot x="0.45" xunits="fraction" y="0.0" yunits="fraction"/>
          </IconStyle>
        </Style>
        <Point>
          <coordinates>114.2052598654355,22.331521650180765</coordinates>
        </Point>
      </Placemark>
      <Placemark>
        <name>Lap 5</name>
        <description>&lt;table width = "320"&gt;&lt;tr&gt;&lt;td&gt;Time:&lt;/td&gt;&lt;td&gt;00:06:01&lt;/td&gt;&lt;/tr&gt;&lt;tr&gt;&lt;td&gt;Distance:&lt;/td&gt;&lt;td&gt;1 Kilometers &lt;/td&gt;&lt;/tr&gt;&lt;tr&gt;&lt;td&gt;Elevation Gain:&lt;/td&gt;&lt;td&gt;1 Meters &lt;/td&gt;&lt;/tr&gt;&lt;tr&gt;&lt;td&gt;Elevation Loss:&lt;/td&gt;&lt;td&gt;0 Meters &lt;/td&gt;&lt;/tr&gt;&lt;tr&gt;&lt;td&gt;Max Speed:&lt;/td&gt;&lt;td&gt;10.21 Kilometers per Hour&lt;/td&gt;&lt;/tr&gt;&lt;/table&gt;</description>
        <Style>
          <IconStyle>
            <scale>1.0</scale>
            <Icon>
              <href>http://maps.google.com/mapfiles/kml/shapes/flag.png</href>
            </Icon>
            <hotSpot x="0.45" xunits="fraction" y="0.0" yunits="fraction"/>
          </IconStyle>
        </Style>
        <Point>
          <coordinates>114.20036458275709,22.330690243559317</coordinates>
        </Point>
      </Placemark>
      <Placemark>
        <name>Lap 6</name>
        <description>&lt;table width = "320"&gt;&lt;tr&gt;&lt;td&gt;Time:&lt;/td&gt;&lt;td&gt;00:03:01&lt;/td&gt;&lt;/tr&gt;&lt;tr&gt;&lt;td&gt;Distance:&lt;/td&gt;&lt;td&gt;0.54 Kilometers &lt;/td&gt;&lt;/tr&gt;&lt;tr&gt;&lt;td&gt;Elevation Gain:&lt;/td&gt;&lt;td&gt;0 Meters &lt;/td&gt;&lt;/tr&gt;&lt;tr&gt;&lt;td&gt;Elevation Loss:&lt;/td&gt;&lt;td&gt;0 Meters &lt;/td&gt;&lt;/tr&gt;&lt;tr&gt;&lt;td&gt;Max Speed:&lt;/td&gt;&lt;td&gt;11.76 Kilometers per Hour&lt;/td&gt;&lt;/tr&gt;&lt;/table&gt;</description>
        <Style>
          <IconStyle>
            <scale>1.0</scale>
            <Icon>
              <href>http://maps.google.com/mapfiles/kml/shapes/flag.png</href>
            </Icon>
            <hotSpot x="0.45" xunits="fraction" y="0.0" yunits="fraction"/>
          </IconStyle>
        </Style>
        <Point>
          <coordinates>114.20245304535447,22.328176853195046</coordinates>
        </Point>
      </Placemark>
      <Placemark>
        <name>End</name>
        <description>ROUTE RECONSTRUCTED: no GPS was recorded for this activity. Coordinates were projected from the accelerometer distance onto the GPS track of activity 6188052022 (2021-01-27) using mode "scale". Generated by 06_RepairMissingRoutes.py.</description>
        <Style>
          <IconStyle>
            <scale>1.0</scale>
            <Icon>
              <href>http://maps.google.com/mapfiles/kml/paddle/red-square.png</href>
            </Icon>
            <hotSpot x="0.5" xunits="fraction" y="0.0" yunits="fraction"/>
          </IconStyle>
        </Style>
        <Point>
          <coordinates>114.20245304703712, 22.328176852315664</coordinates>
        </Point>
      </Placemark>
    </Folder>
    <Folder>
      <name>Track Points</name>
      <description>Toggle to enable or disable animation of the activity.</description>
      <Style>
        <ListStyle>
          <listItemType>checkHideChildren</listItemType>
        </ListStyle>
      </Style>
      <Placemark>
        <TimeSpan>
          <begin>2021-01-06T06:07:35+08:00</begin>
          <end>2021-01-06T06:07:36+08:00</end>
        </TimeSpan>
        <Style>
          <IconStyle>
            <color>FF00FFFF</color>
            <scale>0.9</scale>
            <Icon>
              <href>http://maps.google.com/mapfiles/kml/shapes/placemark_circle.png</href>
            </Icon>
          </IconStyle>
        </Style>
        <Point>
          <altitudeMode>clampToGround</altitudeMode>
          <coordinates>114.20833921766231,22.32844546295287, 311.22</coordinates>
        </Point>
      </Placemark>
      <Placemark>
        <TimeSpan>
          <begin>2021-01-06T06:07:36+08:00</begin>
          <end>2021-01-06T06:07:45+08:00</end>
        </TimeSpan>
        <Style>
          <IconStyle>
            <color>FF00FFFF</color>
            <scale>0.9</scale>
            <Icon>
              <href>http://maps.google.com/mapfiles/kml/shapes/placemark_circle.png</href>
            </Icon>
          </IconStyle>
        </Style>
        <Point>
          <altitudeMode>clampToGround</altitudeMode>
          <coordinates>114.20832918592411,22.328433665074318, 311.38</coordinates>
        </Point>
      </Placemark>
      <Placemark>
        <TimeSpan>
          <begin>2021-01-06T06:07:45+08:00</begin>
          <end>2021-01-06T06:07:52+08:00</end>
        </TimeSpan>
        <Style>
          <IconStyle>
            <color>FF00FFFF</color>
            <scale>0.9</scale>
            <Icon>
              <href>http://maps.google.com/mapfiles/kml/shapes/placemark_circle.png</href>
            </Icon>
          </IconStyle>
        </Style>
        <Point>
          <altitudeMode>clampToGround</altitudeMode>
          <coordinates>114.20822860484462,22.328308716777872, 311.3</coordinates>
        </Point>
      </Placemark>
      <Placemark>
        <TimeSpan>
          <begin>2021-01-06T06:07:52+08:00</begin>
          <end>2021-01-06T06:08:00+08:00</end>
        </TimeSpan>
        <Style>
          <IconStyle>
            <color>FF00FFFF</color>
            <scale>0.9</scale>
            <Icon>
              <href>http://maps.google.com/mapfiles/kml/shapes/placemark_circle.png</href>
            </Icon>
          </IconStyle>
        </Style>
        <Point>
          <altitudeMode>clampToGround</altitudeMode>
          <coordinates>114.2081811524779,22.328505252945135, 311.76</coordinates>
        </Point>
      </Placemark>
      <Placemark>
        <TimeSpan>
          <begin>2021-01-06T06:08:00+08:00</begin>
          <end>2021-01-06T06:08:08+08:00</end>
        </TimeSpan>
        <Style>
          <IconStyle>
            <color>FF00FFFF</color>
            <scale>0.9</scale>
            <Icon>
              <href>http://maps.google.com/mapfiles/kml/shapes/placemark_circle.png</href>
            </Icon>
          </IconStyle>
        </Style>
        <Point>
          <altitudeMode>clampToGround</altitudeMode>
          <coordinates>114.20811334729609,22.32872796161868, 311.2</coordinates>
        </Point>
      </Placemark>
      <Placemark>
        <TimeSpan>
          <begin>2021-01-06T06:08:08+08:00</begin>
          <end>2021-01-06T06:08:16+08:00</end>
        </TimeSpan>
        <Style>
          <IconStyle>
            <color>FF00FFFF</color>
            <scale>0.9</scale>
            <Icon>
              <href>http://maps.google.com/mapfiles/kml/shapes/placemark_circle.png</href>
            </Icon>
          </IconStyle>
        </Style>
        <Point>
          <altitudeMode>clampToGround</altitudeMode>
          <coordinates>114.20808595866534,22.328957839191748, 311.2</coordinates>
        </Point>
      </Placemark>
      <Placemark>
        <TimeSpan>
          <begin>2021-01-06T06:08:16+08:00</begin>
          <end>2021-01-06T06:08:24+08:00</end>
        </TimeSpan>
        <Style>
          <IconStyle>
            <color>FF00FFFF</color>
            <scale>0.9</scale>
            <Icon>
              <href>http://maps.google.com/mapfiles/kml/shapes/placemark_circle.png</href>
            </Icon>
          </IconStyle>
        </Style>
        <Point>
          <altitudeMode>clampToGround</altitudeMode>
          <coordinates>114.20806274041699,22.329183976999825, 311.23</coordinates>
        </Point>
      </Placemark>
      <Placemark>
        <TimeSpan>
          <begin>2021-01-06T06:08:24+08:00</begin>
          <end>2021-01-06T06:08:32+08:00</end>
        </TimeSpan>
        <Style>
          <IconStyle>
            <color>FF00FFFF</color>
            <scale>0.9</scale>
            <Icon>
              <href>http://maps.google.com/mapfiles/kml/shapes/placemark_circle.png</href>
            </Icon>
          </IconStyle>
        </Style>
        <Point>
          <altitudeMode>clampToGround</altitudeMode>
          <coordinates>114.20807254965348,22.329408035582887, 311.35</coordinates>
        </Point>
      </Placemark>
      <Placemark>
        <TimeSpan>
          <begin>2021-01-06T06:08:32+08:00</begin>
          <end>2021-01-06T06:08:33+08:00</end>
        </TimeSpan>
        <Style>
          <IconStyle>
            <color>FF00FFFF</color>
            <scale>0.9</scale>
            <Icon>
              <href>http://maps.google.com/mapfiles/kml/shapes/placemark_circle.png</href>
            </Icon>
          </IconStyle>
        </Style>
        <Point>
          <altitudeMode>clampToGround</altitudeMode>
          <coordinates>114.20810772227696,22.329631175258697, 311.2</coordinates>
        </Point>
      </Placemark>
      <Placemark>
        <TimeSpan>
          <begin>2021-01-06T06:08:33+08:00</begin>
          <end>2021-01-06T06:08:40+08:00</end>
        </TimeSpan>
        <Style>
          <IconStyle>
            <color>FF00FFFF</color>
            <scale>0.9</scale>
            <Icon>
              <href>http://maps.google.com/mapfiles/kml/shapes/placemark_circle.png</href>
            </Icon>
          </IconStyle>
        </Style>
        <Point>
          <altitudeMode>clampToGround</altitudeMode>
          <coordinates>114.20810885965174,22.329660039302905, 311.2</coordinates>
        </Point>
      </Placemark>
      <Placemark>
        <TimeSpan>
          <begin>2021-01-06T06:08:40+08:00</begin>
          <end>2021-01-06T06:08:47+08:00</end>
        </TimeSpan>
        <Style>
          <IconStyle>
            <color>FF00FFFF</color>
            <scale>0.9</scale>
            <Icon>
              <href>http://maps.google.com/mapfiles/kml/shapes/placemark_circle.png</href>
            </Icon>
          </IconStyle>
        </Style>
        <Point>
          <altitudeMode>clampToGround</altitudeMode>
          <coordinates>114.20810810887355,22.3298634711879, 311.11</coordinates>
        </Point>
      </Placemark>
      <Placemark>
        <TimeSpan>
          <begin>2021-01-06T06:08:47+08:00</begin>
          <end>2021-01-06T06:08:55+08:00</end>
        </TimeSpan>
        <Style>
          <IconStyle>
            <color>FF00FFFF</color>
            <scale>0.9</scale>
            <Icon>
              <href>http://maps.google.com/mapfiles/kml/shapes/placemark_circle.png</href>
            </Icon>
          </IconStyle>
        </Style>
        <Point>
          <altitudeMode>clampToGround</altitudeMode>
          <coordinates>114.20808523789519,22.33006594000948, 311.0</coordinates>
        </Point>
      </Placemark>
      <Placemark>
        <TimeSpan>
          <begin>2021-01-06T06:08:55+08:00</begin>
          <end>2021-01-06T06:09:03+08:00</end>
        </TimeSpan>
        <Style>
          <IconStyle>
            <color>FF00FFFF</color>
            <scale>0.9</scale>
            <Icon>
              <href>http://maps.google.com/mapfiles/kml/shapes/placemark_circle.png</href>
            </Icon>
          </IconStyle>
        </Style>
        <Point>
          <altitudeMode>clampToGround</altitudeMode>
          <coordinates>114.20805430701013,22.330295876169874, 310.84</coordinates>
        </Point>
      </Placemark>
      <Placemark>
        <TimeSpan>
          <begin>2021-01-06T06:09:03+08:00</begin>
          <end>2021-01-06T06:09:11+08:00</end>
        </TimeSpan>
        <Style>
          <IconStyle>
            <color>FF00FFFF</color>
            <scale>0.9</scale>
            <Icon>
              <href>http://maps.google.com/mapfiles/kml/shapes/placemark_circle.png</href>
            </Icon>
          </IconStyle>
        </Style>
        <Point>
          <altitudeMode>clampToGround</altitudeMode>
          <coordinates>114.20789281144,22.330458091317954, 311.0</coordinates>
        </Point>
      </Placemark>
      <Placemark>
        <TimeSpan>
          <begin>2021-01-06T06:09:11+08:00</begin>
          <end>2021-01-06T06:09:19+08:00</end>
        </TimeSpan>
        <Style>
          <IconStyle>
            <color>FF00FFFF</color>
            <scale>0.9</scale>
            <Icon>
              <href>http://maps.google.com/mapfiles/kml/shapes/placemark_circle.png</href>
            </Icon>
          </IconStyle>
        </Style>
        <Point>
          <altitudeMode>clampToGround</altitudeMode>
          <coordinates>114.20771377912108,22.330602549791642, 311.2</coordinates>
        </Point>
      </Placemark>
      <Placemark>
        <TimeSpan>
          <begin>2021-01-06T06:09:19+08:00</begin>
          <end>2021-01-06T06:09:27+08:00</end>
        </TimeSpan>
        <Style>
          <IconStyle>
            <color>FF00FFFF</color>
            <scale>0.9</scale>
            <Icon>
              <href>http://maps.google.com/mapfiles/kml/shapes/placemark_circle.png</href>
            </Icon>
          </IconStyle>
        </Style>
        <Point>
          <altitudeMode>clampToGround</altitudeMode>
          <coordinates>114.20749173326496,22.330645533856043, 311.2</coordinates>
        </Point>
      </Placemark>
      <Placemark>
        <TimeSpan>
          <begin>2021-01-06T06:09:27+08:00</begin>
          <end>2021-01-06T06:09:35+08:00</end>
        </TimeSpan>
        <Style>
          <IconStyle>
            <color>FF00FFFF</color>
            <scale>0.9</scale>
            <Icon>
              <href>http://maps.google.com/mapfiles/kml/shapes/placemark_circle.png</href>
            </Icon>
          </IconStyle>
        </Style>
        <Point>
          <altitudeMode>clampToGround</altitudeMode>
          <coordinates>114.20728699542175,22.330743108911353, 311.45</coordinates>
        </Point>
      </Placemark>
      <Placemark>
        <TimeSpan>
          <begin>2021-01-06T06:09:35+08:00</begin>
          <end>2021-01-06T06:09:43+08:00</end>
        </TimeSpan>
        <Style>
          <IconStyle>
            <color>FF00FFFF</color>
            <scale>0.9</scale>
            <Icon>
              <href>http://maps.google.com/mapfiles/kml/shapes/placemark_circle.png</href>
            </Icon>
          </IconStyle>
        </Style>
        <Point>
          <altitudeMode>clampToGround</altitudeMode>
          <coordinates>114.20710065653687,22.33088068874004, 311.08</coordinates>
        </Point>
      </Placemark>
      <Placemark>
        <TimeSpan>
          <begin>2021-01-06T06:09:43+08:00</begin>
          <end>2021-01-06T06:09:47+08:00</end>
        </TimeSpan>
        <Style>
          <IconStyle>
            <color>FF00FFFF</color>
            <scale>0.9</scale>
            <Icon>
              <href>http://maps.google.com/mapfiles/kml/shapes/placemark_circle.png</href>
            </Icon>
          </IconStyle>
        </Style>
        <Point>
          <altitudeMode>clampToGround</altitudeMode>
          <coordinates>114.20693037622164,22.331037190327194, 311.22</coordinates>
        </Point>
      </Placemark>
      <Placemark>
        <TimeSpan>
          <begin>2021-01-06T06:09:47+08:00</begin>
          <end>2021-01-06T06:09:55+08:00</end>
        </TimeSpan>
        <Style>
          <IconStyle>
            <color>FF00FFFF</color>
            <scale>0.9</scale>
            <Icon>
              <href>http://maps.google.com/mapfiles/kml/shapes/placemark_circle.png</href>
            </Icon>
          </IconStyle>
        </Style>
        <Point>
          <altitudeMode>clampToGround</altitudeMode>
          <coordinates>114.20687458120062,22.33113644571863, 311.34</coordinates>
        </Point>
      </Placemark>
      <Placemark>
        <TimeSpan>
          <begin>2021-01-06T06:09:55+08:00</begin>
          <end>2021-01-06T06:10:03+08:00</end>
        </TimeSpan>
        <Style>
          <IconStyle>
            <color>FF00FFFF</color>
            <scale>0.9</scale>
            <Icon>
              <href>http://maps.google.com/mapfiles/kml/shapes/placemark_circle.png</href>
            </Icon>
          </IconStyle>
        </Style>
        <Point>
          <altitudeMode>clampToGround</altitudeMode>
          <coordinates>114.20670735330242,22.331294027306715, 311.58</coordinates>
        </Point>
      </Placemark>
      <Placemark>
        <TimeSpan>
          <begin>2021-01-06T06:10:03+08:00</begin>
          <end>2021-01-06T06:10:11+08:00</end>
        </TimeSpan>
        <Style>
          <IconStyle>
            <color>FF00FFFF</color>
            <scale>0.9</scale>
            <Icon>
              <href>http://maps.google.com/mapfiles/kml/shapes/placemark_circle.png</href>
            </Icon>
          </IconStyle>
        </Style>
        <Point>
          <altitudeMode>clampToGround</altitudeMode>
          <coordinates>114.20648662414362,22.33138404175797, 312.16</coordinates>
        </Point>
      </Placemark>
      <Placemark>
        <TimeSpan>
          <begin>2021-01-06T06:10:11+08:00</begin>
          <end>2021-01-06T06:10:19+08:00</end>
        </TimeSpan>
        <Style>
          <IconStyle>
            <color>FF00FFFF</color>
            <scale>0.9</scale>
            <Icon>
              <href>http://maps.google.com/mapfiles/kml/shapes/placemark_circle.png</href>
            </Icon>
          </IconStyle>
        </Style>
        <Point>
          <altitudeMode>clampToGround</altitudeMode>
          <coordinates>114.20632440747929,22.33132100910286, 312.68</coordinates>
        </Point>
      </Placemark>
      <Placemark>
        <TimeSpan>
          <begin>2021-01-06T06:10:19+08:00</begin>
          <end>2021-01-06T06:10:27+08:00</end>
        </TimeSpan>
        <Style>
          <IconStyle>
            <color>FF00FFFF</color>
            <scale>0.9</scale>
            <Icon>
              <href>http://maps.google.com/mapfiles/kml/shapes/placemark_circle.png</href>
            </Icon>
          </IconStyle>
        </Style>
        <Point>
          <altitudeMode>clampToGround</altitudeMode>
          <coordinates>114.20612575010286,22.331290252843615, 312.6</coordinates>
        </Point>
      </Placemark>
      <Placemark>
        <TimeSpan>
          <begin>2021-01-06T06:10:27+08:00</begin>
          <end>2021-01-06T06:10:35+08:00</end>
        </TimeSpan>
        <Style>
          <IconStyle>
            <color>FF00FFFF</color>
            <scale>0.9</scale>
            <Icon>
              <href>http://maps.google.com/mapfiles/kml/shapes/placemark_circle.png</href>
            </Icon>
          </IconStyle>
        </Style>
        <Point>
          <altitudeMode>clampToGround</altitudeMode>
          <coordinates>114.20592079753948,22.33141040538914, 313.19</coordinates>
        </Point>
      </Placemark>
      <Placemark>
        <TimeSpan>
          <begin>2021-01-06T06:10:35+08:00</begin>
          <end>2021-01-06T06:10:43+08:00</end>
        </TimeSpan>
        <Style>
          <IconStyle>
            <color>FF00FFFF</color>
            <scale>0.9</scale>
            <Icon>
              <href>http://maps.google.com/mapfiles/kml/shapes/placemark_circle.png</href>
            </Icon>
          </IconStyle>
        </Style>
        <Point>
          <altitudeMode>clampToGround</altitudeMode>
          <coordinates>114.20568634423087,22.33144334457224, 312.02</coordinates>
        </Point>
      </Placemark>
      <Placemark>
        <TimeSpan>
          <begin>2021-01-06T06:10:43+08:00</begin>
          <end>2021-01-06T06:10:51+08:00</end>
        </TimeSpan>
        <Style>
          <IconStyle>
            <color>FF00FFFF</color>
            <scale>0.9</scale>
            <Icon>
              <href>http://maps.google.com/mapfiles/kml/shapes/placemark_circle.png</href>
            </Icon>
          </IconStyle>
        </Style>
        <Point>
          <altitudeMode>clampToGround</altitudeMode>
          <coordinates>114.2055306874133,22.33126811585428, 312.19</coordinates>
        </Point>
      </Placemark>
      <Placemark>
        <TimeSpan>
          <begin>2021-01-06T06:10:51+08:00</begin>
          <end>2021-01-06T06:10:59+08:00</end>
        </TimeSpan>
        <Style>
          <IconStyle>
            <color>FF00FFFF</color>
            <scale>0.9</scale>
            <Icon>
              <href>http://maps.google.com/mapfiles/kml/shapes/placemark_circle.png</href>
            </Icon>
          </IconStyle>
        </Style>
        <Point>
          <altitudeMode>clampToGround</altitudeMode>
          <coordinates>114.20537189280418,22.331094913721714, 312.78</coordinates>
        </Point>
      </Placemark>
      <Placemark>
        <TimeSpan>
          <begin>2021-01-06T06:10:59+08:00</begin>
          <end>2021-01-06T06:11:07+08:00</end>
        </TimeSpan>
        <Style>
          <IconStyle>
            <color>FF00FFFF</color>
            <scale>0.9</scale>
            <Icon>
              <href>http://maps.google.com/mapfiles/kml/shapes/placemark_circle.png</href>
            </Icon>
          </IconStyle>
        </Style>
        <Point>
          <altitudeMode>clampToGround</altitudeMode>
          <coordinates>114.20515754594254,22.331178894130883, 312.61</coordinates>
        </Point>
      </Placemark>
      <Placemark>
        <TimeSpan>
          <begin>2021-01-06T06:11:07+08:00</begin>
          <end>2021-01-06T06:11:15+08:00</end>
        </TimeSpan>
        <Style>
          <IconStyle>
            <color>FF00FFFF</color>
            <scale>0.9</scale>
            <Icon>
              <href>http://maps.google.com/mapfiles/kml/shapes/placemark_circle.png</href>
            </Icon>
          </IconStyle>
        </Style>
        <Point>
          <altitudeMode>clampToGround</altitudeMode>
          <coordinates>114.20496374659376,22.331304867238813, 312.2</coordinates>
        </Point>
      </Placemark>
      <Placemark>
        <TimeSpan>
          <begin>2021-01-06T06:11:15+08:00</begin>
          <end>2021-01-06T06:11:23+08:00</end>
        </TimeSpan>
        <Style>
          <IconStyle>
            <color>FF00FFFF</color>
            <scale>0.9</scale>
            <Icon>
              <href>http://maps.google.com/mapfiles/kml/shapes/placemark_circle.png</href>
            </Icon>
          </IconStyle>
        </Style>
        <Point>
          <altitudeMode>clampToGround</altitudeMode>
          <coordinates>114.20473543142444,22.33126359568209, 312.15</coordinates>
        </Point>
      </Placemark>
      <Placemark>
        <TimeSpan>
          <begin>2021-01-06T06:11:23+08:00</begin>
          <end>2021-01-06T06:11:31+08:00</end>
        </TimeSpan>
        <Style>
          <IconStyle>
            <color>FF00FFFF</color>
            <scale>0.9</scale>
            <Icon>
              <href>http://maps.google.com/mapfiles/kml/shapes/placemark_circle.png</href>
            </Icon>
          </IconStyle>
        </Style>
        <Point>
          <altitudeMode>clampToGround</altitudeMode>
          <coordinates>114.2045438046557,22.331125554961627, 312.0</coordinates>
        </Point>
      </Placemark>
      <Placemark>
        <TimeSpan>
          <begin>2021-01-06T06:11:31+08:00</begin>
          <end>2021-01-06T06:11:39+08:00</end>
        </TimeSpan>
        <Style>
          <IconStyle>
            <color>FF00FFFF</color>
            <scale>0.9</scale>
            <Icon>
              <href>http://maps.google.com/mapfiles/kml/shapes/placemark_circle.png</href>
            </Icon>
          </IconStyle>
        </Style>
        <Point>
          <altitudeMode>clampToGround</altitudeMode>
          <coordinates>114.2044750554985,22.331252528929365, 312.11</coordinates>
        </Point>
      </Placemark>
      <Placemark>
        <TimeSpan>
          <begin>2021-01-06T06:11:39+08:00</begin>
          <end>2021-01-06T06:11:47+08:00</end>
        </TimeSpan>
        <Style>
          <IconStyle>
            <color>FF00FFFF</color>
            <scale>0.9</scale>
            <Icon>
              <href>http://maps.google.com/mapfiles/kml/shapes/placemark_circle.png</href>
            </Icon>
          </IconStyle>
        </Style>
        <Point>
          <altitudeMode>clampToGround</altitudeMode>
          <coordinates>114.20452677003911,22.33146984068039, 312.33</coordinates>
        </Point>
      </Placemark>
      <Placemark>
        <TimeSpan>
          <begin>2021-01-06T06:11:47+08:00</begin>
          <end>2021-01-06T06:11:55+08:00</end>
        </TimeSpan>
        <Style>
          <IconStyle>
            <color>FF00FFFF</color>
            <scale>0.9</scale>
            <Icon>
              <href>http://maps.google.com/mapfiles/kml/shapes/placemark_circle.png</href>
            </Icon>
          </IconStyle>
        </Style>
        <Point>
          <altitudeMode>clampToGround</altitudeMode>
          <coordinates>114.20454429993735,22.331693355162756, 312.24</coordinates>
        </Point>
      </Placemark>
      <Placemark>
        <TimeSpan>
          <begin>2021-01-06T06:11:55+08:00</begin>
          <end>2021-01-06T06:12:03+08:00</end>
        </TimeSpan>
        <Style>
          <IconStyle>
            <color>FF00FFFF</color>
            <scale>0.9</scale>
            <Icon>
              <href>http://maps.google.com/mapfiles/kml/shapes/placemark_circle.png</href>
            </Icon>
          </IconStyle>
        </Style>
        <Point>
          <altitudeMode>clampToGround</altitudeMode>
          <coordinates>114.20452540483915,22.33191568306017, 312.58</coordinates>
        </Point>
      </Placemark>
      <Placemark>
        <TimeSpan>
          <begin>2021-01-06T06:12:03+08:00</begin>
          <end>2021-01-06T06:12:04+08:00</end>
        </TimeSpan>
        <Style>
          <IconStyle>
            <color>FF00FFFF</color>
            <scale>0.9</scale>
            <Icon>
              <href>http://maps.google.com/mapfiles/kml/shapes/placemark_circle.png</href>
            </Icon>
          </IconStyle>
        </Style>
        <Point>
          <altitudeMode>clampToGround</altitudeMode>
          <coordinates>114.20449687581836,22.3321379659834, 312.46</coordinates>
        </Point>
      </Placemark>
      <Placemark>
        <TimeSpan>
          <begin>2021-01-06T06:12:04+08:00</begin>
          <end>2021-01-06T06:12:12+08:00</end>
        </TimeSpan>
        <Style>
          <IconStyle>
            <color>FF00FFFF</color>
            <scale>0.9</scale>
            <Icon>
              <href>http://maps.google.com/mapfiles/kml/shapes/placemark_circle.png</href>
            </Icon>
          </IconStyle>
        </Style>
        <Point>
          <altitudeMode>clampToGround</altitudeMode>
          <coordinates>114.20449329400435,22.332165736981388, 312.44</coordinates>
        </Point>
      </Placemark>
      <Placemark>
        <TimeSpan>
          <begin>2021-01-06T06:12:12+08:00</begin>
          <end>2021-01-06T06:12:20+08:00</end>
        </TimeSpan>
        <Style>
          <IconStyle>
            <color>FF00FFFF</color>
            <scale>0.9</scale>
            <Icon>
              <href>http://maps.google.com/mapfiles/kml/shapes/placemark_circle.png</href>
            </Icon>
          </IconStyle>
        </Style>
        <Point>
          <altitudeMode>clampToGround</altitudeMode>
          <coordinates>114.20446473067523,22.332387197993206, 312.28</coordinates>
        </Point>
      </Placemark>
      <Placemark>
        <TimeSpan>
          <begin>2021-01-06T06:12:20+08:00</begin>
          <end>2021-01-06T06:12:28+08:00</end>
        </TimeSpan>
        <Style>
          <IconStyle>
            <color>FF00FFFF</color>
            <scale>0.9</scale>
            <Icon>
              <href>http://maps.google.com/mapfiles/kml/shapes/placemark_circle.png</href>
            </Icon>
          </IconStyle>
        </Style>
        <Point>
          <altitudeMode>clampToGround</altitudeMode>
          <coordinates>114.20442760616095,22.332607800732205, 312.31</coordinates>
        </Point>
      </Placemark>
      <Placemark>
        <TimeSpan>
          <begin>2021-01-06T06:12:28+08:00</begin>
          <end>2021-01-06T06:12:36+08:00</end>
        </TimeSpan>
        <Style>
          <IconStyle>
            <color>FF00FFFF</color>
            <scale>0.9</scale>
            <Icon>
              <href>http://maps.google.com/mapfiles/kml/shapes/placemark_circle.png</href>
            </Icon>
          </IconStyle>
        </Style>
        <Point>
          <altitudeMode>clampToGround</altitudeMode>
          <coordinates>114.20437941381834,22.3328284075904, 312.56</coordinates>
        </Point>
      </Placemark>
      <Placemark>
        <TimeSpan>
          <begin>2021-01-06T06:12:36+08:00</begin>
          <end>2021-01-06T06:12:44+08:00</end>
        </TimeSpan>
        <Style>
          <IconStyle>
            <color>FF00FFFF</color>
            <scale>0.9</scale>
            <Icon>
              <href>http://maps.google.com/mapfiles/kml/shapes/placemark_circle.png</href>
            </Icon>
          </IconStyle>
        </Style>
        <Point>
          <altitudeMode>clampToGround</altitudeMode>
          <coordinates>114.20450471003386,22.333009502782513, 312.05</coordinates>
        </Point>
      </Placemark>
      <Placemark>
        <TimeSpan>
          <begin>2021-01-06T06:12:44+08:00</begin>
          <end>2021-01-06T06:12:49+08:00</end>
        </TimeSpan>
        <Style>
          <IconStyle>
            <color>FF00FFFF</color>
            <scale>0.9</scale>
            <Icon>
              <href>http://maps.google.com/mapfiles/kml/shapes/placemark_circle.png</href>
            </Icon>
          </IconStyle>
        </Style>
        <Point>
          <altitudeMode>clampToGround</altitudeMode>
          <coordinates>114.20455931065767,22.33322884558483, 312.19</coordinates>
        </Point>
      </Placemark>
      <Placemark>
        <TimeSpan>
          <begin>2021-01-06T06:12:49+08:00</begin>
          <end>2021-01-06T06:12:57+08:00</end>
        </TimeSpan>
        <Style>
          <IconStyle>
            <color>FF00FFFF</color>
            <scale>0.9</scale>
            <Icon>
              <href>http://maps.google.com/mapfiles/kml/shapes/placemark_circle.png</href>
            </Icon>
          </IconStyle>
        </Style>
        <Point>
          <altitudeMode>clampToGround</altitudeMode>
          <coordinates>114.2045821654553,22.33337015333122, 312.2</coordinates>
        </Point>
      </Placemark>
      <Placemark>
        <TimeSpan>
          <begin>2021-01-06T06:12:57+08:00</begin>
          <end>2021-01-06T06:13:05+08:00</end>
        </TimeSpan>
        <Style>
          <IconStyle>
            <color>FF00FFFF</color>
            <scale>0.9</scale>
            <Icon>
              <href>http://maps.google.com/mapfiles/kml/shapes/placemark_circle.png</href>
            </Icon>
          </IconStyle>
        </Style>
        <Point>
          <altitudeMode>clampToGround</altitudeMode>
          <coordinates>114.20459960204789,22.333598244420404, 311.78</coordinates>
        </Point>
      </Placemark>
      <Placemark>
        <TimeSpan>
          <begin>2021-01-06T06:13:05+08:00</begin>
          <end>2021-01-06T06:13:13+08:00</end>
        </TimeSpan>
        <Style>
          <IconStyle>
            <color>FF00FFFF</color>
            <scale>0.9</scale>
            <Icon>
              <href>http://maps.google.com/mapfiles/kml/shapes/placemark_circle.png</href>
            </Icon>
          </IconStyle>
        </Style>
        <Point>
          <altitudeMode>clampToGround</altitudeMode>
          <coordinates>114.20457593468755,22.333827053483642, 312.14</coordinates>
        </Point>
      </Placemark>
      <Placemark>
        <TimeSpan>
          <begin>2021-01-06T06:13:13+08:00</begin>
          <end>2021-01-06T06:13:21+08:00</end>
        </TimeSpan>
        <Style>
          <IconStyle>
            <color>FF00FFFF</color>
            <scale>0.9</scale>
            <Icon>
              <href>http://maps.google.com/mapfiles/kml/shapes/placemark_circle.png</href>
            </Icon>
          </IconStyle>
        </Style>
        <Point>
          <altitudeMode>clampToGround</altitudeMode>
          <coordinates>114.20458649232724,22.33405800442047, 311.8</coordinates>
        </Point>
      </Placemark>
      <Placemark>
        <TimeSpan>
          <begin>2021-01-06T06:13:21+08:00</begin>
          <end>2021-01-06T06:13:29+08:00</end>
        </TimeSpan>
        <Style>
          <IconStyle>
            <color>FF00FFFF</color>
            <scale>0.9</scale>
            <Icon>
              <href>http://maps.google.com/mapfiles/kml/shapes/placemark_circle.png</href>
            </Icon>
          </IconStyle>
        </Style>
        <Point>
          <altitudeMode>clampToGround</altitudeMode>
          <coordinates>114.20459285945272,22.334288870707297, 311.94</coordinates>
        </Point>
      </Placemark>
      <Placemark>
        <TimeSpan>
          <begin>2021-01-06T06:13:29+08:00</begin>
          <end>2021-01-06T06:13:34+08:00</end>
        </TimeSpan>
        <Style>
          <IconStyle>
            <color>FF00FFFF</color>
            <scale>0.9</scale>
            <Icon>
              <href>http://maps.google.com/mapfiles/kml/shapes/placemark_circle.png</href>
            </Icon>
          </IconStyle>
        </Style>
        <Point>
          <altitudeMode>clampToGround</altitudeMode>
          <coordinates>114.2045951429436,22.334519688147235, 312.55</coordinates>
        </Point>
      </Placemark>
      <Placemark>
        <TimeSpan>
          <begin>2021-01-06T06:13:34+08:00</begin>
          <end>2021-01-06T06:13:42+08:00</end>
        </TimeSpan>
        <Style>
          <IconStyle>
            <color>FF00FFFF</color>
            <scale>0.9</scale>
            <Icon>
              <href>http://maps.google.com/mapfiles/kml/shapes/placemark_circle.png</href>
            </Icon>
          </IconStyle>
        </Style>
        <Point>
          <altitudeMode>clampToGround</altitudeMode>
          <coordinates>114.20460120598106,22.334664300595144, 312.27</coordinates>
        </Point>
      </Placemark>
      <Placemark>
        <TimeSpan>
          <begin>2021-01-06T06:13:42+08:00</begin>
          <end>2021-01-06T06:13:50+08:00</end>
        </TimeSpan>
        <Style>
          <IconStyle>
            <color>FF00FFFF</color>
            <scale>0.9</scale>
            <Icon>
              <href>http://maps.google.com/mapfiles/kml/shapes/placemark_circle.png</href>
            </Icon>
          </IconStyle>
        </Style>
        <Point>
          <altitudeMode>clampToGround</altitudeMode>
          <coordinates>114.20454080796512,22.33488700841094, 312.2</coordinates>
        </Point>
      </Placemark>
      <Placemark>
        <TimeSpan>
          <begin>2021-01-06T06:13:50+08:00</begin>
          <end>2021-01-06T06:13:51+08:00</end>
        </TimeSpan>
        <Style>
          <IconStyle>
            <color>FF00FFFF</color>
            <scale>0.9</scale>
            <Icon>
              <href>http://maps.google.com/mapfiles/kml/shapes/placemark_circle.png</href>
            </Icon>
          </IconStyle>
        </Style>
        <Point>
          <altitudeMode>clampToGround</altitudeMode>
          <coordinates>114.20439873779969,22.334841218114974, 312.39</coordinates>
        </Point>
      </Placemark>
      <Placemark>
        <TimeSpan>
          <begin>2021-01-06T06:13:51+08:00</begin>
          <end>2021-01-06T06:13:59+08:00</end>
        </TimeSpan>
        <Style>
          <IconStyle>
            <color>FF00FFFF</color>
            <scale>0.9</scale>
            <Icon>
              <href>http://maps.google.com/mapfiles/kml/shapes/placemark_circle.png</href>
            </Icon>
          </IconStyle>
        </Style>
        <Point>
          <altitudeMode>clampToGround</altitudeMode>
          <coordinates>114.20436888895995,22.334832067285152, 312.54</coordinates>
        </Point>
      </Placemark>
      <Placemark>
        <TimeSpan>
          <begin>2021-01-06T06:13:59+08:00</begin>
          <end>2021-01-06T06:14:07+08:00</end>
        </TimeSpan>
        <Style>
          <IconStyle>
            <color>FF00FFFF</color>
            <scale>0.9</scale>
            <Icon>
              <href>http://maps.google.com/mapfiles/kml/shapes/placemark_circle.png</href>
            </Icon>
          </IconStyle>
        </Style>
        <Point>
          <altitudeMode>clampToGround</altitudeMode>
          <coordinates>114.20421483501933,22.33467341187273, 312.53</coordinates>
        </Point>
      </Placemark>
      <Placemark>
        <TimeSpan>
          <begin>2021-01-06T06:14:07+08:00</begin>
          <end>2021-01-06T06:14:15+08:00</end>
        </TimeSpan>
        <Style>
          <IconStyle>
            <color>FF00FFFF</color>
            <scale>0.9</scale>
            <Icon>
              <href>http://maps.google.com/mapfiles/kml/shapes/placemark_circle.png</href>
            </Icon>
          </IconStyle>
        </Style>
        <Point>
          <altitudeMode>clampToGround</altitudeMode>
          <coordinates>114.20405142099942,22.334524611491098, 313.03</coordinates>
        </Point>
      </Placemark>
      <Placemark>
        <TimeSpan>
          <begin>2021-01-06T06:14:15+08:00</begin>
          <end>2021-01-06T06:14:23+08:00</end>
        </TimeSpan>
        <Style>
          <IconStyle>
            <color>FF00FFFF</color>
            <scale>0.9</scale>
            <Icon>
              <href>http://maps.google.com/mapfiles/kml/shapes/placemark_circle.png</href>
            </Icon>
          </IconStyle>
        </Style>
        <Point>
          <altitudeMode>clampToGround</altitudeMode>
          <coordinates>114.20385192789317,22.334664021668825, 313.33</coordinates>
        </Point>
      </Placemark>
      <Placemark>
        <TimeSpan>
          <begin>2021-01-06T06:14:23+08:00</begin>
          <end>2021-01-06T06:14:31+08:00</end>
        </TimeSpan>
        <Style>
          <IconStyle>
            <color>FF00FFFF</color>
            <scale>0.9</scale>
            <Icon>
              <href>http://maps.google.com/mapfiles/kml/shapes/placemark_circle.png</href>
            </Icon>
          </IconStyle>
        </Style>
        <Point>
          <altitudeMode>clampToGround</altitudeMode>
          <coordinates>114.20366447991577,22.3348125185636, 313.49</coordinates>
        </Point>
      </Placemark>
      <Placemark>
        <TimeSpan>
          <begin>2021-01-06T06:14:31+08:00</begin>
          <end>2021-01-06T06:14:39+08:00</end>
        </TimeSpan>
        <Style>
          <IconStyle>
            <color>FF00FFFF</color>
            <scale>0.9</scale>
            <Icon>
              <href>http://maps.google.com/mapfiles/kml/shapes/placemark_circle.png</href>
            </Icon>
          </IconStyle>
        </Style>
        <Point>
          <altitudeMode>clampToGround</altitudeMode>
          <coordinates>114.20349367510391,22.33497433678735, 313.4</coordinates>
        </Point>
      </Placemark>
      <Placemark>
        <TimeSpan>
          <begin>2021-01-06T06:14:39+08:00</begin>
          <end>2021-01-06T06:14:47+08:00</end>
        </TimeSpan>
        <Style>
          <IconStyle>
            <color>FF00FFFF</color>
            <scale>0.9</scale>
            <Icon>
              <href>http://maps.google.com/mapfiles/kml/shapes/placemark_circle.png</href>
            </Icon>
          </IconStyle>
        </Style>
        <Point>
          <altitudeMode>clampToGround</altitudeMode>
          <coordinates>114.20332205633714,22.335135103179883, 312.73</coordinates>
        </Point>
      </Placemark>
      <Placemark>
        <TimeSpan>
          <begin>2021-01-06T06:14:47+08:00</begin>
          <end>2021-01-06T06:14:55+08:00</end>
        </TimeSpan>
        <Style>
          <IconStyle>
            <color>FF00FFFF</color>
            <scale>0.9</scale>
            <Icon>
              <href>http://maps.google.com/mapfiles/kml/shapes/placemark_circle.png</href>
            </Icon>
          </IconStyle>
        </Style>
        <Point>
          <altitudeMode>clampToGround</altitudeMode>
          <coordinates>114.20310092172318,22.335145540357548, 312.6</coordinates>
        </Point>
      </Placemark>
      <Placemark>
        <TimeSpan>
          <begin>2021-01-06T06:14:55+08:00</begin>
          <end>2021-01-06T06:15:03+08:00</end>
        </TimeSpan>
        <Style>
          <IconStyle>
            <color>FF00FFFF</color>
            <scale>0.9</scale>
            <Icon>
              <href>http://maps.google.com/mapfiles/kml/shapes/placemark_circle.png</href>
            </Icon>
          </IconStyle>
        </Style>
        <Point>
          <altitudeMode>clampToGround</altitudeMode>
          <coordinates>114.20301554356304,22.33494336337107, 312.66</coordinates>
        </Point>
      </Placemark>
      <Placemark>
        <TimeSpan>
          <begin>2021-01-06T06:15:03+08:00</begin>
          <end>2021-01-06T06:15:11+08:00</end>
        </TimeSpan>
        <Style>
          <IconStyle>
            <color>FF00FFFF</color>
            <scale>0.9</scale>
            <Icon>
              <href>http://maps.google.com/mapfiles/kml/shapes/placemark_circle.png</href>
            </Icon>
          </IconStyle>
        </Style>
        <Point>
          <altitudeMode>clampToGround</altitudeMode>
          <coordinates>114.20283653485971,22.33483152502964, 313.2</coordinates>
        </Point>
      </Placemark>
      <Placemark>
        <TimeSpan>
          <begin>2021-01-06T06:15:11+08:00</begin>
          <end>2021-01-06T06:15:19+08:00</end>
        </TimeSpan>
        <Style>
          <IconStyle>
            <color>FF00FFFF</color>
            <scale>0.9</scale>
            <Icon>
              <href>http://maps.google.com/mapfiles/kml/shapes/placemark_circle.png</href>
            </Icon>
          </IconStyle>
        </Style>
        <Point>
          <altitudeMode>clampToGround</altitudeMode>
          <coordinates>114.2027278451451,22.334717206886346, 313.2</coordinates>
        </Point>
      </Placemark>
      <Placemark>
        <TimeSpan>
          <begin>2021-01-06T06:15:19+08:00</begin>
          <end>2021-01-06T06:15:27+08:00</end>
        </TimeSpan>
        <Style>
          <IconStyle>
            <color>FF00FFFF</color>
            <scale>0.9</scale>
            <Icon>
              <href>http://maps.google.com/mapfiles/kml/shapes/placemark_circle.png</href>
            </Icon>
          </IconStyle>
        </Style>
        <Point>
          <altitudeMode>clampToGround</altitudeMode>
          <coordinates>114.2025283006225,22.334732674306167, 312.71</coordinates>
        </Point>
      </Placemark>
      <Placemark>
        <TimeSpan>
          <begin>2021-01-06T06:15:27+08:00</begin>
          <end>2021-01-06T06:15:35+08:00</end>
        </TimeSpan>
        <Style>
          <IconStyle>
            <color>FF00FFFF</color>
            <scale>0.9</scale>
            <Icon>
              <href>http://maps.google.com/mapfiles/kml/shapes/placemark_circle.png</href>
            </Icon>
          </IconStyle>
        </Style>
        <Point>
          <altitudeMode>clampToGround</altitudeMode>
          <coordinates>114.20229786710014,22.33478790749397, 312.6</coordinates>
        </Point>
      </Placemark>
      <Placemark>
        <TimeSpan>
          <begin>2021-01-06T06:15:35+08:00</begin>
          <end>2021-01-06T06:15:43+08:00</end>
        </TimeSpan>
        <Style>
          <IconStyle>
            <color>FF00FFFF</color>
            <scale>0.9</scale>
            <Icon>
              <href>http://maps.google.com/mapfiles/kml/shapes/placemark_circle.png</href>
            </Icon>
          </IconStyle>
        </Style>
        <Point>
          <altitudeMode>clampToGround</altitudeMode>
          <coordinates>114.20206247462407,22.3348211411523, 312.8</coordinates>
        </Point>
      </Placemark>
      <Placemark>
        <TimeSpan>
          <begin>2021-01-06T06:15:43+08:00</begin>
          <end>2021-01-06T06:15:51+08:00</end>
        </TimeSpan>
        <Style>
          <IconStyle>
            <color>FF00FFFF</color>
            <scale>0.9</scale>
            <Icon>
              <href>http://maps.google.com/mapfiles/kml/shapes/placemark_circle.png</href>
            </Icon>
          </IconStyle>
        </Style>
        <Point>
          <altitudeMode>clampToGround</altitudeMode>
          <coordinates>114.20184475005942,22.334735374297395, 312.44</coordinates>
        </Point>
      </Placemark>
      <Placemark>
        <TimeSpan>
          <begin>2021-01-06T06:15:51+08:00</begin>
          <end>2021-01-06T06:15:59+08:00</end>
        </TimeSpan>
        <Style>
          <IconStyle>
            <color>FF00FFFF</color>
            <scale>0.9</scale>
            <Icon>
              <href>http://maps.google.com/mapfiles/kml/shapes/placemark_circle.png</href>
            </Icon>
          </IconStyle>
        </Style>
        <Point>
          <altitudeMode>clampToGround</altitudeMode>
          <coordinates>114.20182137241419,22.33490253712279, 312.76</coordinates>
        </Point>
      </Placemark>
      <Placemark>
        <TimeSpan>
          <begin>2021-01-06T06:15:59+08:00</begin>
          <end>2021-01-06T06:16:07+08:00</end>
        </TimeSpan>
        <Style>
          <IconStyle>
            <color>FF00FFFF</color>
            <scale>0.9</scale>
            <Icon>
              <href>http://maps.google.com/mapfiles/kml/shapes/placemark_circle.png</href>
            </Icon>
          </IconStyle>
        </Style>
        <Point>
          <altitudeMode>clampToGround</altitudeMode>
          <coordinates>114.20163046073914,22.33489155698541, 312.23</coordinates>
        </Point>
      </Placemark>
      <Placemark>
        <TimeSpan>
          <begin>2021-01-06T06:16:07+08:00</begin>
          <end>2021-01-06T06:16:15+08:00</end>
        </TimeSpan>
        <Style>
          <IconStyle>
            <color>FF00FFFF</color>
            <scale>0.9</scale>
            <Icon>
              <href>http://maps.google.com/mapfiles/kml/shapes/placemark_circle.png</href>
            </Icon>
          </IconStyle>
        </Style>
        <Point>
          <altitudeMode>clampToGround</altitudeMode>
          <coordinates>114.20139160553035,22.3348633703749, 312.3</coordinates>
        </Point>
      </Placemark>
      <Placemark>
        <TimeSpan>
          <begin>2021-01-06T06:16:15+08:00</begin>
          <end>2021-01-06T06:16:23+08:00</end>
        </TimeSpan>
        <Style>
          <IconStyle>
            <color>FF00FFFF</color>
            <scale>0.9</scale>
            <Icon>
              <href>http://maps.google.com/mapfiles/kml/shapes/placemark_circle.png</href>
            </Icon>
          </IconStyle>
        </Style>
        <Point>
          <altitudeMode>clampToGround</altitudeMode>
          <coordinates>114.20115318701234,22.334835235297, 312.37</coordinates>
        </Point>
      </Placemark>
      <Placemark>
        <TimeSpan>
          <begin>2021-01-06T06:16:23+08:00</begin>
          <end>2021-01-06T06:16:31+08:00</end>
        </TimeSpan>
        <Style>
          <IconStyle>
            <color>FF00FFFF</color>
            <scale>0.9</scale>
            <Icon>
              <href>http://maps.google.com/mapfiles/kml/shapes/placemark_circle.png</href>
            </Icon>
          </IconStyle>
        </Style>
        <Point>
          <altitudeMode>clampToGround</altitudeMode>
          <coordinates>114.20107581321685,22.334773939434484, 312.28</coordinates>
        </Point>
      </Placemark>
      <Placemark>
        <TimeSpan>
          <begin>2021-01-06T06:16:31+08:00</begin>
          <end>2021-01-06T06:16:39+08:00</end>
        </TimeSpan>
        <Style>
          <IconStyle>
            <color>FF00FFFF</color>
            <scale>0.9</scale>
            <Icon>
              <href>http://maps.google.com/mapfiles/kml/shapes/placemark_circle.png</href>
            </Icon>
          </IconStyle>
        </Style>
        <Point>
          <altitudeMode>clampToGround</altitudeMode>
          <coordinates>114.20091849134134,22.33460983537954, 312.24</coordinates>
        </Point>
      </Placemark>
      <Placemark>
        <TimeSpan>
          <begin>2021-01-06T06:16:39+08:00</begin>
          <end>2021-01-06T06:16:44+08:00</end>
        </TimeSpan>
        <Style>
          <IconStyle>
            <color>FF00FFFF</color>
            <scale>0.9</scale>
            <Icon>
              <href>http://maps.google.com/mapfiles/kml/shapes/placemark_circle.png</href>
            </Icon>
          </IconStyle>
        </Style>
        <Point>
          <altitudeMode>clampToGround</altitudeMode>
          <coordinates>114.2006917976486,22.3345393698759, 312.27</coordinates>
        </Point>
      </Placemark>
      <Placemark>
        <TimeSpan>
          <begin>2021-01-06T06:16:44+08:00</begin>
          <end>2021-01-06T06:16:49+08:00</end>
        </TimeSpan>
        <Style>
          <IconStyle>
            <color>FF00FFFF</color>
            <scale>0.9</scale>
            <Icon>
              <href>http://maps.google.com/mapfiles/kml/shapes/placemark_circle.png</href>
            </Icon>
          </IconStyle>
        </Style>
        <Point>
          <altitudeMode>clampToGround</altitudeMode>
          <coordinates>114.20055757912047,22.33448482462817, 312.2</coordinates>
        </Point>
      </Placemark>
      <Placemark>
        <TimeSpan>
          <begin>2021-01-06T06:16:49+08:00</begin>
          <end>2021-01-06T06:16:57+08:00</end>
        </TimeSpan>
        <Style>
          <IconStyle>
            <color>FF00FFFF</color>
            <scale>0.9</scale>
            <Icon>
              <href>http://maps.google.com/mapfiles/kml/shapes/placemark_circle.png</href>
            </Icon>
          </IconStyle>
        </Style>
        <Point>
          <altitudeMode>clampToGround</altitudeMode>
          <coordinates>114.20045610844198,22.334389020866286, 312.21</coordinates>
        </Point>
      </Placemark>
      <Placemark>
        <TimeSpan>
          <begin>2021-01-06T06:16:57+08:00</begin>
          <end>2021-01-06T06:17:05+08:00</end>
        </TimeSpan>
        <Style>
          <IconStyle>
            <color>FF00FFFF</color>
            <scale>0.9</scale>
            <Icon>
              <href>http://maps.google.com/mapfiles/kml/shapes/placemark_circle.png</href>
            </Icon>
          </IconStyle>
        </Style>
        <Point>
          <altitudeMode>clampToGround</altitudeMode>
          <coordinates>114.20027356068579,22.334325693546692, 312.4</coordinates>
        </Point>
      </Placemark>
      <Placemark>
        <TimeSpan>
          <begin>2021-01-06T06:17:05+08:00</begin>
          <end>2021-01-06T06:17:13+08:00</end>
        </TimeSpan>
        <Style>
          <IconStyle>
            <color>FF00FFFF</color>
            <scale>0.9</scale>
            <Icon>
              <href>http://maps.google.com/mapfiles/kml/shapes/placemark_circle.png</href>
            </Icon>
          </IconStyle>
        </Style>
        <Point>
          <altitudeMode>clampToGround</altitudeMode>
          <coordinates>114.20023388895584,22.334149143991347, 312.32</coordinates>
        </Point>
      </Placemark>
      <Placemark>
        <TimeSpan>
          <begin>2021-01-06T06:17:13+08:00</begin>
          <end>2021-01-06T06:17:21+08:00</end>
        </TimeSpan>
        <Style>
          <IconStyle>
            <color>FF00FFFF</color>
            <scale>0.9</scale>
            <Icon>
              <href>http://maps.google.com/mapfiles/kml/shapes/placemark_circle.png</href>
            </Icon>
          </IconStyle>
        </Style>
        <Point>
          <altitudeMode>clampToGround</altitudeMode>
          <coordinates>114.20038560674038,22.333978449794824, 311.81</coordinates>
        </Point>
      </Placemark>
      <Placemark>
        <TimeSpan>
          <begin>2021-01-06T06:17:21+08:00</begin>
          <end>2021-01-06T06:17:29+08:00</end>
        </TimeSpan>
        <Style>
          <IconStyle>
            <color>FF00FFFF</color>
            <scale>0.9</scale>
            <Icon>
              <href>http://maps.google.com/mapfiles/kml/shapes/placemark_circle.png</href>
            </Icon>
          </IconStyle>
        </Style>
        <Point>
          <altitudeMode>clampToGround</altitudeMode>
          <coordinates>114.2005247814375,22.33379894772538, 311.6</coordinates>
        </Point>
      </Placemark>
      <Placemark>
        <TimeSpan>
          <begin>2021-01-06T06:17:29+08:00</begin>
          <end>2021-01-06T06:17:37+08:00</end>
        </TimeSpan>
        <Style>
          <IconStyle>
            <color>FF00FFFF</color>
            <scale>0.9</scale>
            <Icon>
              <href>http://maps.google.com/mapfiles/kml/shapes/placemark_circle.png</href>
            </Icon>
          </IconStyle>
        </Style>
        <Point>
          <altitudeMode>clampToGround</altitudeMode>
          <coordinates>114.20066418025989,22.333619987717967, 311.95</coordinates>
        </Point>
      </Placemark>
      <Placemark>
        <TimeSpan>
          <begin>2021-01-06T06:17:37+08:00</begin>
          <end>2021-01-06T06:17:45+08:00</end>
        </TimeSpan>
        <Style>
          <IconStyle>
            <color>FF00FFFF</color>
            <scale>0.9</scale>
            <Icon>
              <href>http://maps.google.com/mapfiles/kml/shapes/placemark_circle.png</href>
            </Icon>
          </IconStyle>
        </Style>
        <Point>
          <altitudeMode>clampToGround</altitudeMode>
          <coordinates>114.20079159542651,22.333438040250215, 312.0</coordinates>
        </Point>
      </Placemark>
      <Placemark>
        <TimeSpan>
          <begin>2021-01-06T06:17:45+08:00</begin>
          <end>2021-01-06T06:17:53+08:00</end>
        </TimeSpan>
        <Style>
          <IconStyle>
            <color>FF00FFFF</color>
            <scale>0.9</scale>
            <Icon>
              <href>http://maps.google.com/mapfiles/kml/shapes/placemark_circle.png</href>
            </Icon>
          </IconStyle>
        </Style>
        <Point>
          <altitudeMode>clampToGround</altitudeMode>
          <coordinates>114.20094217669518,22.33327486100868, 312.0</coordinates>
        </Point>
      </Placemark>
      <Placemark>
        <TimeSpan>
          <begin>2021-01-06T06:17:53+08:00</begin>
          <end>2021-01-06T06:18:01+08:00</end>
        </TimeSpan>
        <Style>
          <IconStyle>
            <color>FF00FFFF</color>
            <scale>0.9</scale>
            <Icon>
              <href>http://maps.google.com/mapfiles/kml/shapes/placemark_circle.png</href>
            </Icon>
          </IconStyle>
        </Style>
        <Point>
          <altitudeMode>clampToGround</altitudeMode>
          <coordinates>114.20101736060614,22.333107020042064, 311.41</coordinates>
        </Point>
      </Placemark>
      <Placemark>
        <TimeSpan>
          <begin>2021-01-06T06:18:01+08:00</begin>
          <end>2021-01-06T06:18:09+08:00</end>
        </TimeSpan>
        <Style>
          <IconStyle>
            <color>FF00FFFF</color>
            <scale>0.9</scale>
            <Icon>
              <href>http://maps.google.com/mapfiles/kml/shapes/placemark_circle.png</href>
            </Icon>
          </IconStyle>
        </Style>
        <Point>
          <altitudeMode>clampToGround</altitudeMode>
          <coordinates>114.20077819169047,22.333081234605864, 311.53</coordinates>
        </Point>
      </Placemark>
      <Placemark>
        <TimeSpan>
          <begin>2021-01-06T06:18:09+08:00</begin>
          <end>2021-01-06T06:18:17+08:00</end>
        </TimeSpan>
        <Style>
          <IconStyle>
            <color>FF00FFFF</color>
            <scale>0.9</scale>
            <Icon>
              <href>http://maps.google.com/mapfiles/kml/shapes/placemark_circle.png</href>
            </Icon>
          </IconStyle>
        </Style>
        <Point>
          <altitudeMode>clampToGround</altitudeMode>
          <coordinates>114.20054229959092,22.333055802451916, 311.64</coordinates>
        </Point>
      </Placemark>
      <Placemark>
        <TimeSpan>
          <begin>2021-01-06T06:18:17+08:00</begin>
          <end>2021-01-06T06:18:25+08:00</end>
        </TimeSpan>
        <Style>
          <IconStyle>
            <color>FF00FFFF</color>
            <scale>0.9</scale>
            <Icon>
              <href>http://maps.google.com/mapfiles/kml/shapes/placemark_circle.png</href>
            </Icon>
          </IconStyle>
        </Style>
        <Point>
          <altitudeMode>clampToGround</altitudeMode>
          <coordinates>114.20030629817529,22.33303035851231, 311.75</coordinates>
        </Point>
      </Placemark>
      <Placemark>
        <TimeSpan>
          <begin>2021-01-06T06:18:25+08:00</begin>
          <end>2021-01-06T06:18:33+08:00</end>
        </TimeSpan>
        <Style>
          <IconStyle>
            <color>FF00FFFF</color>
            <scale>0.9</scale>
            <Icon>
              <href>http://maps.google.com/mapfiles/kml/shapes/placemark_circle.png</href>
            </Icon>
          </IconStyle>
        </Style>
        <Point>
          <altitudeMode>clampToGround</altitudeMode>
          <coordinates>114.20006887698376,22.333004761502895, 311.87</coordinates>
        </Point>
      </Placemark>
      <Placemark>
        <TimeSpan>
          <begin>2021-01-06T06:18:33+08:00</begin>
          <end>2021-01-06T06:18:41+08:00</end>
        </TimeSpan>
        <Style>
          <IconStyle>
            <color>FF00FFFF</color>
            <scale>0.9</scale>
            <Icon>
              <href>http://maps.google.com/mapfiles/kml/shapes/placemark_circle.png</href>
            </Icon>
          </IconStyle>
        </Style>
        <Point>
          <altitudeMode>clampToGround</altitudeMode>
          <coordinates>114.19983112784399,22.332979129136508, 311.98</coordinates>
        </Point>
      </Placemark>
      <Placemark>
        <TimeSpan>
          <begin>2021-01-06T06:18:41+08:00</begin>
          <end>2021-01-06T06:18:49+08:00</end>
        </TimeSpan>
        <Style>
          <IconStyle>
            <color>FF00FFFF</color>
            <scale>0.9</scale>
            <Icon>
              <href>http://maps.google.com/mapfiles/kml/shapes/placemark_circle.png</href>
            </Icon>
          </IconStyle>
        </Style>
        <Point>
          <altitudeMode>clampToGround</altitudeMode>
          <coordinates>114.19959501711227,22.332953673411243, 312.09</coordinates>
        </Point>
      </Placemark>
      <Placemark>
        <TimeSpan>
          <begin>2021-01-06T06:18:49+08:00</begin>
          <end>2021-01-06T06:18:57+08:00</end>
        </TimeSpan>
        <Style>
          <IconStyle>
            <color>FF00FFFF</color>
            <scale>0.9</scale>
            <Icon>
              <href>http://maps.google.com/mapfiles/kml/shapes/placemark_circle.png</href>
            </Icon>
          </IconStyle>
        </Style>
        <Point>
          <altitudeMode>clampToGround</altitudeMode>
          <coordinates>114.19935916607534,22.33293300310634, 312.2</coordinates>
        </Point>
      </Placemark>
      <Placemark>
        <TimeSpan>
          <begin>2021-01-06T06:18:57+08:00</begin>
          <end>2021-01-06T06:19:05+08:00</end>
        </TimeSpan>
        <Style>
          <IconStyle>
            <color>FF00FFFF</color>
            <scale>0.9</scale>
            <Icon>
              <href>http://maps.google.com/mapfiles/kml/shapes/placemark_circle.png</href>
            </Icon>
          </IconStyle>
        </Style>
        <Point>
          <altitudeMode>clampToGround</altitudeMode>
          <coordinates>114.19912678319491,22.332980246033493, 312.12</coordinates>
        </Point>
      </Placemark>
      <Placemark>
        <TimeSpan>
          <begin>2021-01-06T06:19:05+08:00</begin>
          <end>2021-01-06T06:19:13+08:00</end>
        </TimeSpan>
        <Style>
          <IconStyle>
            <color>FF00FFFF</color>
            <scale>0.9</scale>
            <Icon>
              <href>http://maps.google.com/mapfiles/kml/shapes/placemark_circle.png</href>
            </Icon>
          </IconStyle>
        </Style>
        <Point>
          <altitudeMode>clampToGround</altitudeMode>
          <coordinates>114.19889665630623,22.333027030322498, 312.05</coordinates>
        </Point>
      </Placemark>
      <Placemark>
        <TimeSpan>
          <begin>2021-01-06T06:19:13+08:00</begin>
          <end>2021-01-06T06:19:21+08:00</end>
        </TimeSpan>
        <Style>
          <IconStyle>
            <color>FF00FFFF</color>
            <scale>0.9</scale>
            <Icon>
              <href>http://maps.google.com/mapfiles/kml/shapes/placemark_circle.png</href>
            </Icon>
          </IconStyle>
        </Style>
        <Point>
          <altitudeMode>clampToGround</altitudeMode>
          <coordinates>114.19866685057848,22.333073749320192, 311.98</coordinates>
        </Point>
      </Placemark>
      <Placemark>
        <TimeSpan>
          <begin>2021-01-06T06:19:21+08:00</begin>
          <end>2021-01-06T06:19:29+08:00</end>
        </TimeSpan>
        <Style>
          <IconStyle>
            <color>FF00FFFF</color>
            <scale>0.9</scale>
            <Icon>
              <href>http://maps.google.com/mapfiles/kml/shapes/placemark_circle.png</href>
            </Icon>
          </IconStyle>
        </Style>
        <Point>
          <altitudeMode>clampToGround</altitudeMode>
          <coordinates>114.1984351113308,22.333120861398225, 311.9</coordinates>
        </Point>
      </Placemark>
      <Placemark>
        <TimeSpan>
          <begin>2021-01-06T06:19:29+08:00</begin>
          <end>2021-01-06T06:19:37+08:00</end>
        </TimeSpan>
        <Style>
          <IconStyle>
            <color>FF00FFFF</color>
            <scale>0.9</scale>
            <Icon>
              <href>http://maps.google.com/mapfiles/kml/shapes/placemark_circle.png</href>
            </Icon>
          </IconStyle>
        </Style>
        <Point>
          <altitudeMode>clampToGround</altitudeMode>
          <coordinates>114.19820358837516,22.33316792950456, 311.83</coordinates>
        </Point>
      </Placemark>
      <Placemark>
        <TimeSpan>
          <begin>2021-01-06T06:19:37+08:00</begin>
          <end>2021-01-06T06:19:40+08:00</end>
        </TimeSpan>
        <Style>
          <IconStyle>
            <color>FF00FFFF</color>
            <scale>0.9</scale>
            <Icon>
              <href>http://maps.google.com/mapfiles/kml/shapes/placemark_circle.png</href>
            </Icon>
          </IconStyle>
        </Style>
        <Point>
          <altitudeMode>clampToGround</altitudeMode>
          <coordinates>114.19799614937445,22.33326526825237, 312.05</coordinates>
        </Point>
      </Placemark>
      <Placemark>
        <TimeSpan>
          <begin>2021-01-06T06:19:40+08:00</begin>
          <end>2021-01-06T06:19:48+08:00</end>
        </TimeSpan>
        <Style>
          <IconStyle>
            <color>FF00FFFF</color>
            <scale>0.9</scale>
            <Icon>
              <href>http://maps.google.com/mapfiles/kml/shapes/placemark_circle.png</href>
            </Icon>
          </IconStyle>
        </Style>
        <Point>
          <altitudeMode>clampToGround</altitudeMode>
          <coordinates>114.1979263884117,22.333316628101915, 312.2</coordinates>
        </Point>
      </Placemark>
      <Placemark>
        <TimeSpan>
          <begin>2021-01-06T06:19:48+08:00</begin>
          <end>2021-01-06T06:19:56+08:00</end>
        </TimeSpan>
        <Style>
          <IconStyle>
            <color>FF00FFFF</color>
            <scale>0.9</scale>
            <Icon>
              <href>http://maps.google.com/mapfiles/kml/shapes/placemark_circle.png</href>
            </Icon>
          </IconStyle>
        </Style>
        <Point>
          <altitudeMode>clampToGround</altitudeMode>
          <coordinates>114.19781647275154,22.33351468099603, 312.06</coordinates>
        </Point>
      </Placemark>
      <Placemark>
        <TimeSpan>
          <begin>2021-01-06T06:19:56+08:00</begin>
          <end>2021-01-06T06:20:04+08:00</end>
        </TimeSpan>
        <Style>
          <IconStyle>
            <color>FF00FFFF</color>
            <scale>0.9</scale>
            <Icon>
              <href>http://maps.google.com/mapfiles/kml/shapes/placemark_circle.png</href>
            </Icon>
          </IconStyle>
        </Style>
        <Point>
          <altitudeMode>clampToGround</altitudeMode>
          <coordinates>114.19770670787658,22.333712462195983, 311.93</coordinates>
        </Point>
      </Placemark>
      <Placemark>
        <TimeSpan>
          <begin>2021-01-06T06:20:04+08:00</begin>
          <end>2021-01-06T06:20:12+08:00</end>
        </TimeSpan>
        <Style>
          <IconStyle>
            <color>FF00FFFF</color>
            <scale>0.9</scale>
            <Icon>
              <href>http://maps.google.com/mapfiles/kml/shapes/placemark_circle.png</href>
            </Icon>
          </IconStyle>
        </Style>
        <Point>
          <altitudeMode>clampToGround</altitudeMode>
          <coordinates>114.19760117829733,22.333911972411983, 311.86</coordinates>
        </Point>
      </Placemark>
      <Placemark>
        <TimeSpan>
          <begin>2021-01-06T06:20:12+08:00</begin>
          <end>2021-01-06T06:20:20+08:00</end>
        </TimeSpan>
        <Style>
          <IconStyle>
            <color>FF00FFFF</color>
            <scale>0.9</scale>
            <Icon>
              <href>http://maps.google.com/mapfiles/kml/shapes/placemark_circle.png</href>
            </Icon>
          </IconStyle>
        </Style>
        <Point>
          <altitudeMode>clampToGround</altitudeMode>
          <coordinates>114.19748882739515,22.33392634587244, 312.2</coordinates>
        </Point>
      </Placemark>
      <Placemark>
        <TimeSpan>
          <begin>2021-01-06T06:20:20+08:00</begin>
          <end>2021-01-06T06:20:22+08:00</end>
        </TimeSpan>
        <Style>
          <IconStyle>
            <color>FF00FFFF</color>
            <scale>0.9</scale>
            <Icon>
              <href>http://maps.google.com/mapfiles/kml/shapes/placemark_circle.png</href>
            </Icon>
          </IconStyle>
        </Style>
        <Point>
          <altitudeMode>clampToGround</altitudeMode>
          <coordinates>114.19738238842348,22.333728344142347, 312.2</coordinates>
        </Point>
      </Placemark>
      <Placemark>
        <TimeSpan>
          <begin>2021-01-06T06:20:22+08:00</begin>
          <end>2021-01-06T06:20:30+08:00</end>
        </TimeSpan>
        <Style>
          <IconStyle>
            <color>FF00FFFF</color>
            <scale>0.9</scale>
            <Icon>
              <href>http://maps.google.com/mapfiles/kml/shapes/placemark_circle.png</href>
            </Icon>
          </IconStyle>
        </Style>
        <Point>
          <altitudeMode>clampToGround</altitudeMode>
          <coordinates>114.19736264558175,22.33367600947717, 312.2</coordinates>
        </Point>
      </Placemark>
      <Placemark>
        <TimeSpan>
          <begin>2021-01-06T06:20:30+08:00</begin>
          <end>2021-01-06T06:20:38+08:00</end>
        </TimeSpan>
        <Style>
          <IconStyle>
            <color>FF00FFFF</color>
            <scale>0.9</scale>
            <Icon>
              <href>http://maps.google.com/mapfiles/kml/shapes/placemark_circle.png</href>
            </Icon>
          </IconStyle>
        </Style>
        <Point>
          <altitudeMode>clampToGround</altitudeMode>
          <coordinates>114.19720758537984,22.333513380543625, 312.2</coordinates>
        </Point>
      </Placemark>
      <Placemark>
        <TimeSpan>
          <begin>2021-01-06T06:20:38+08:00</begin>
          <end>2021-01-06T06:20:42+08:00</end>
        </TimeSpan>
        <Style>
          <IconStyle>
            <color>FF00FFFF</color>
            <scale>0.9</scale>
            <Icon>
              <href>http://maps.google.com/mapfiles/kml/shapes/placemark_circle.png</href>
            </Icon>
          </IconStyle>
        </Style>
        <Point>
          <altitudeMode>clampToGround</altitudeMode>
          <coordinates>114.19706768606459,22.33333329270276, 312.2</coordinates>
        </Point>
      </Placemark>
      <Placemark>
        <TimeSpan>
          <begin>2021-01-06T06:20:42+08:00</begin>
          <end>2021-01-06T06:20:50+08:00</end>
        </TimeSpan>
        <Style>
          <IconStyle>
            <color>FF00FFFF</color>
            <scale>0.9</scale>
            <Icon>
              <href>http://maps.google.com/mapfiles/kml/shapes/placemark_circle.png</href>
            </Icon>
          </IconStyle>
        </Style>
        <Point>
          <altitudeMode>clampToGround</altitudeMode>
          <coordinates>114.19714927659648,22.33326705774901, 312.11</coordinates>
        </Point>
      </Placemark>
      <Placemark>
        <TimeSpan>
          <begin>2021-01-06T06:20:50+08:00</begin>
          <end>2021-01-06T06:20:58+08:00</end>
        </TimeSpan>
        <Style>
          <IconStyle>
            <color>FF00FFFF</color>
            <scale>0.9</scale>
            <Icon>
              <href>http://maps.google.com/mapfiles/kml/shapes/placemark_circle.png</href>
            </Icon>
          </IconStyle>
        </Style>
        <Point>
          <altitudeMode>clampToGround</altitudeMode>
          <coordinates>114.19724064453918,22.333063839037255, 312.36</coordinates>
        </Point>
      </Placemark>
      <Placemark>
        <TimeSpan>
          <begin>2021-01-06T06:20:58+08:00</begin>
          <end>2021-01-06T06:21:06+08:00</end>
        </TimeSpan>
        <Style>
          <IconStyle>
            <color>FF00FFFF</color>
            <scale>0.9</scale>
            <Icon>
              <href>http://maps.google.com/mapfiles/kml/shapes/placemark_circle.png</href>
            </Icon>
          </IconStyle>
        </Style>
        <Point>
          <altitudeMode>clampToGround</altitudeMode>
          <coordinates>114.19731862021678,22.33285612727182, 312.17</coordinates>
        </Point>
      </Placemark>
      <Placemark>
        <TimeSpan>
          <begin>2021-01-06T06:21:06+08:00</begin>
          <end>2021-01-06T06:21:14+08:00</end>
        </TimeSpan>
        <Style>
          <IconStyle>
            <color>FF00FFFF</color>
            <scale>0.9</scale>
            <Icon>
              <href>http://maps.google.com/mapfiles/kml/shapes/placemark_circle.png</href>
            </Icon>
          </IconStyle>
        </Style>
        <Point>
          <altitudeMode>clampToGround</altitudeMode>
          <coordinates>114.19748079248993,22.33269383932658, 311.89</coordinates>
        </Point>
      </Placemark>
      <Placemark>
        <TimeSpan>
          <begin>2021-01-06T06:21:14+08:00</begin>
          <end>2021-01-06T06:21:22+08:00</end>
        </TimeSpan>
        <Style>
          <IconStyle>
            <color>FF00FFFF</color>
            <scale>0.9</scale>
            <Icon>
              <href>http://maps.google.com/mapfiles/kml/shapes/placemark_circle.png</href>
            </Icon>
          </IconStyle>
        </Style>
        <Point>
          <altitudeMode>clampToGround</altitudeMode>
          <coordinates>114.19746423654743,22.332504281765473, 312.17</coordinates>
        </Point>
      </Placemark>
      <Placemark>
        <TimeSpan>
          <begin>2021-01-06T06:21:22+08:00</begin>
          <end>2021-01-06T06:21:25+08:00</end>
        </TimeSpan>
        <Style>
          <IconStyle>
            <color>FF00FFFF</color>
            <scale>0.9</scale>
            <Icon>
              <href>http://maps.google.com/mapfiles/kml/shapes/placemark_circle.png</href>
            </Icon>
          </IconStyle>
        </Style>
        <Point>
          <altitudeMode>clampToGround</altitudeMode>
          <coordinates>114.19737075541963,22.33236356944502, 311.45</coordinates>
        </Point>
      </Placemark>
      <Placemark>
        <TimeSpan>
          <begin>2021-01-06T06:21:25+08:00</begin>
          <end>2021-01-06T06:21:33+08:00</end>
        </TimeSpan>
        <Style>
          <IconStyle>
            <color>FF00FFFF</color>
            <scale>0.9</scale>
            <Icon>
              <href>http://maps.google.com/mapfiles/kml/shapes/placemark_circle.png</href>
            </Icon>
          </IconStyle>
        </Style>
        <Point>
          <altitudeMode>clampToGround</altitudeMode>
          <coordinates>114.19727884612846,22.332367890895803, 311.51</coordinates>
        </Point>
      </Placemark>
      <Placemark>
        <TimeSpan>
          <begin>2021-01-06T06:21:33+08:00</begin>
          <end>2021-01-06T06:21:41+08:00</end>
        </TimeSpan>
        <Style>
          <IconStyle>
            <color>FF00FFFF</color>
            <scale>0.9</scale>
            <Icon>
              <href>http://maps.google.com/mapfiles/kml/shapes/placemark_circle.png</href>
            </Icon>
          </IconStyle>
        </Style>
        <Point>
          <altitudeMode>clampToGround</altitudeMode>
          <coordinates>114.19703580432338,22.332355892195388, 311.79</coordinates>
        </Point>
      </Placemark>
      <Placemark>
        <TimeSpan>
          <begin>2021-01-06T06:21:41+08:00</begin>
          <end>2021-01-06T06:21:49+08:00</end>
        </TimeSpan>
        <Style>
          <IconStyle>
            <color>FF00FFFF</color>
            <scale>0.9</scale>
            <Icon>
              <href>http://maps.google.com/mapfiles/kml/shapes/placemark_circle.png</href>
            </Icon>
          </IconStyle>
        </Style>
        <Point>
          <altitudeMode>clampToGround</altitudeMode>
          <coordinates>114.19681154133453,22.332270975666344, 312.11</coordinates>
        </Point>
      </Placemark>
      <Placemark>
        <TimeSpan>
          <begin>2021-01-06T06:21:49+08:00</begin>
          <end>2021-01-06T06:21:57+08:00</end>
        </TimeSpan>
        <Style>
          <IconStyle>
            <color>FF00FFFF</color>
            <scale>0.9</scale>
            <Icon>
              <href>http://maps.google.com/mapfiles/kml/shapes/placemark_circle.png</href>
            </Icon>
          </IconStyle>
        </Style>
        <Point>
          <altitudeMode>clampToGround</altitudeMode>
          <coordinates>114.19675930176669,22.33208644214691, 311.96</coordinates>
        </Point>
      </Placemark>
      <Placemark>
        <TimeSpan>
          <begin>2021-01-06T06:21:57+08:00</begin>
          <end>2021-01-06T06:22:02+08:00</end>
        </TimeSpan>
        <Style>
          <IconStyle>
            <color>FF00FFFF</color>
            <scale>0.9</scale>
            <Icon>
              <href>http://maps.google.com/mapfiles/kml/shapes/placemark_circle.png</href>
            </Icon>
          </IconStyle>
        </Style>
        <Point>
          <altitudeMode>clampToGround</altitudeMode>
          <coordinates>114.19687864370007,22.331897992855964, 311.8</coordinates>
        </Point>
      </Placemark>
      <Placemark>
        <TimeSpan>
          <begin>2021-01-06T06:22:02+08:00</begin>
          <end>2021-01-06T06:22:10+08:00</end>
        </TimeSpan>
        <Style>
          <IconStyle>
            <color>FF00FFFF</color>
            <scale>0.9</scale>
            <Icon>
              <href>http://maps.google.com/mapfiles/kml/shapes/placemark_circle.png</href>
            </Icon>
          </IconStyle>
        </Style>
        <Point>
          <altitudeMode>clampToGround</altitudeMode>
          <coordinates>114.19698788276449,22.33179581503157, 311.8</coordinates>
        </Point>
      </Placemark>
      <Placemark>
        <TimeSpan>
          <begin>2021-01-06T06:22:10+08:00</begin>
          <end>2021-01-06T06:22:18+08:00</end>
        </TimeSpan>
        <Style>
          <IconStyle>
            <color>FF00FFFF</color>
            <scale>0.9</scale>
            <Icon>
              <href>http://maps.google.com/mapfiles/kml/shapes/placemark_circle.png</href>
            </Icon>
          </IconStyle>
        </Style>
        <Point>
          <altitudeMode>clampToGround</altitudeMode>
          <coordinates>114.19718411664266,22.331654134311794, 311.93</coordinates>
        </Point>
      </Placemark>
      <Placemark>
        <TimeSpan>
          <begin>2021-01-06T06:22:18+08:00</begin>
          <end>2021-01-06T06:22:26+08:00</end>
        </TimeSpan>
        <Style>
          <IconStyle>
            <color>FF00FFFF</color>
            <scale>0.9</scale>
            <Icon>
              <href>http://maps.google.com/mapfiles/kml/shapes/placemark_circle.png</href>
            </Icon>
          </IconStyle>
        </Style>
        <Point>
          <altitudeMode>clampToGround</altitudeMode>
          <coordinates>114.19739548788726,22.33170014900528, 312.54</coordinates>
        </Point>
      </Placemark>
      <Placemark>
        <TimeSpan>
          <begin>2021-01-06T06:22:26+08:00</begin>
          <end>2021-01-06T06:22:34+08:00</end>
        </TimeSpan>
        <Style>
          <IconStyle>
            <color>FF00FFFF</color>
            <scale>0.9</scale>
            <Icon>
              <href>http://maps.google.com/mapfiles/kml/shapes/placemark_circle.png</href>
            </Icon>
          </IconStyle>
        </Style>
        <Point>
          <altitudeMode>clampToGround</altitudeMode>
          <coordinates>114.19759574500152,22.331832380266178, 312.2</coordinates>
        </Point>
      </Placemark>
      <Placemark>
        <TimeSpan>
          <begin>2021-01-06T06:22:34+08:00</begin>
          <end>2021-01-06T06:22:38+08:00</end>
        </TimeSpan>
        <Style>
          <IconStyle>
            <color>FF00FFFF</color>
            <scale>0.9</scale>
            <Icon>
              <href>http://maps.google.com/mapfiles/kml/shapes/placemark_circle.png</href>
            </Icon>
          </IconStyle>
        </Style>
        <Point>
          <altitudeMode>clampToGround</altitudeMode>
          <coordinates>114.19781536371765,22.331756318493653, 312.43</coordinates>
        </Point>
      </Placemark>
      <Placemark>
        <TimeSpan>
          <begin>2021-01-06T06:22:38+08:00</begin>
          <end>2021-01-06T06:22:46+08:00</end>
        </TimeSpan>
        <Style>
          <IconStyle>
            <color>FF00FFFF</color>
            <scale>0.9</scale>
            <Icon>
              <href>http://maps.google.com/mapfiles/kml/shapes/placemark_circle.png</href>
            </Icon>
          </IconStyle>
        </Style>
        <Point>
          <altitudeMode>clampToGround</altitudeMode>
          <coordinates>114.1979278899257,22.331719365896273, 312.6</coordinates>
        </Point>
      </Placemark>
      <Placemark>
        <TimeSpan>
          <begin>2021-01-06T06:22:46+08:00</begin>
          <end>2021-01-06T06:22:54+08:00</end>
        </TimeSpan>
        <Style>
          <IconStyle>
            <color>FF00FFFF</color>
            <scale>0.9</scale>
            <Icon>
              <href>http://maps.google.com/mapfiles/kml/shapes/placemark_circle.png</href>
            </Icon>
          </IconStyle>
        </Style>
        <Point>
          <altitudeMode>clampToGround</altitudeMode>
          <coordinates>114.19816089839593,22.331660855762426, 312.31</coordinates>
        </Point>
      </Placemark>
      <Placemark>
        <TimeSpan>
          <begin>2021-01-06T06:22:54+08:00</begin>
          <end>2021-01-06T06:23:02+08:00</end>
        </TimeSpan>
        <Style>
          <IconStyle>
            <color>FF00FFFF</color>
            <scale>0.9</scale>
            <Icon>
              <href>http://maps.google.com/mapfiles/kml/shapes/placemark_circle.png</href>
            </Icon>
          </IconStyle>
        </Style>
        <Point>
          <altitudeMode>clampToGround</altitudeMode>
          <coordinates>114.1982808114107,22.331721532112276, 312.21</coordinates>
        </Point>
      </Placemark>
      <Placemark>
        <TimeSpan>
          <begin>2021-01-06T06:23:02+08:00</begin>
          <end>2021-01-06T06:23:06+08:00</end>
        </TimeSpan>
        <Style>
          <IconStyle>
            <color>FF00FFFF</color>
            <scale>0.9</scale>
            <Icon>
              <href>http://maps.google.com/mapfiles/kml/shapes/placemark_circle.png</href>
            </Icon>
          </IconStyle>
        </Style>
        <Point>
          <altitudeMode>clampToGround</altitudeMode>
          <coordinates>114.19829911430102,22.331945256912928, 312.17</coordinates>
        </Point>
      </Placemark>
      <Placemark>
        <TimeSpan>
          <begin>2021-01-06T06:23:06+08:00</begin>
          <end>2021-01-06T06:23:14+08:00</end>
        </TimeSpan>
        <Style>
          <IconStyle>
            <color>FF00FFFF</color>
            <scale>0.9</scale>
            <Icon>
              <href>http://maps.google.com/mapfiles/kml/shapes/placemark_circle.png</href>
            </Icon>
          </IconStyle>
        </Style>
        <Point>
          <altitudeMode>clampToGround</altitudeMode>
          <coordinates>114.19830965623697,22.33205698128641, 311.97</coordinates>
        </Point>
      </Placemark>
      <Placemark>
        <TimeSpan>
          <begin>2021-01-06T06:23:14+08:00</begin>
          <end>2021-01-06T06:23:22+08:00</end>
        </TimeSpan>
        <Style>
          <IconStyle>
            <color>FF00FFFF</color>
            <scale>0.9</scale>
            <Icon>
              <href>http://maps.google.com/mapfiles/kml/shapes/placemark_circle.png</href>
            </Icon>
          </IconStyle>
        </Style>
        <Point>
          <altitudeMode>clampToGround</altitudeMode>
          <coordinates>114.19843261202598,22.33224696132506, 311.66</coordinates>
        </Point>
      </Placemark>
      <Placemark>
        <TimeSpan>
          <begin>2021-01-06T06:23:22+08:00</begin>
          <end>2021-01-06T06:23:30+08:00</end>
        </TimeSpan>
        <Style>
          <IconStyle>
            <color>FF00FFFF</color>
            <scale>0.9</scale>
            <Icon>
              <href>http://maps.google.com/mapfiles/kml/shapes/placemark_circle.png</href>
            </Icon>
          </IconStyle>
        </Style>
        <Point>
          <altitudeMode>clampToGround</altitudeMode>
          <coordinates>114.198619772314,22.332393055285692, 311.96</coordinates>
        </Point>
      </Placemark>
      <Placemark>
        <TimeSpan>
          <begin>2021-01-06T06:23:30+08:00</begin>
          <end>2021-01-06T06:23:38+08:00</end>
        </TimeSpan>
        <Style>
          <IconStyle>
            <color>FF00FFFF</color>
            <scale>0.9</scale>
            <Icon>
              <href>http://maps.google.com/mapfiles/kml/shapes/placemark_circle.png</href>
            </Icon>
          </IconStyle>
        </Style>
        <Point>
          <altitudeMode>clampToGround</altitudeMode>
          <coordinates>114.19885093656495,22.332472453507023, 311.61</coordinates>
        </Point>
      </Placemark>
      <Placemark>
        <TimeSpan>
          <begin>2021-01-06T06:23:38+08:00</begin>
          <end>2021-01-06T06:23:39+08:00</end>
        </TimeSpan>
        <Style>
          <IconStyle>
            <color>FF00FFFF</color>
            <scale>0.9</scale>
            <Icon>
              <href>http://maps.google.com/mapfiles/kml/shapes/placemark_circle.png</href>
            </Icon>
          </IconStyle>
        </Style>
        <Point>
          <altitudeMode>clampToGround</altitudeMode>
          <coordinates>114.19909509050203,22.33249808224939, 312.05</coordinates>
        </Point>
      </Placemark>
      <Placemark>
        <TimeSpan>
          <begin>2021-01-06T06:23:39+08:00</begin>
          <end>2021-01-06T06:23:47+08:00</end>
        </TimeSpan>
        <Style>
          <IconStyle>
            <color>FF00FFFF</color>
            <scale>0.9</scale>
            <Icon>
              <href>http://maps.google.com/mapfiles/kml/shapes/placemark_circle.png</href>
            </Icon>
          </IconStyle>
        </Style>
        <Point>
          <altitudeMode>clampToGround</altitudeMode>
          <coordinates>114.1991244512372,22.332505176287725, 312.11</coordinates>
        </Point>
      </Placemark>
      <Placemark>
        <TimeSpan>
          <begin>2021-01-06T06:23:47+08:00</begin>
          <end>2021-01-06T06:23:55+08:00</end>
        </TimeSpan>
        <Style>
          <IconStyle>
            <color>FF00FFFF</color>
            <scale>0.9</scale>
            <Icon>
              <href>http://maps.google.com/mapfiles/kml/shapes/placemark_circle.png</href>
            </Icon>
          </IconStyle>
        </Style>
        <Point>
          <altitudeMode>clampToGround</altitudeMode>
          <coordinates>114.19935840772233,22.332558579933316, 312.16</coordinates>
        </Point>
      </Placemark>
      <Placemark>
        <TimeSpan>
          <begin>2021-01-06T06:23:55+08:00</begin>
          <end>2021-01-06T06:24:03+08:00</end>
        </TimeSpan>
        <Style>
          <IconStyle>
            <color>FF00FFFF</color>
            <scale>0.9</scale>
            <Icon>
              <href>http://maps.google.com/mapfiles/kml/shapes/placemark_circle.png</href>
            </Icon>
          </IconStyle>
        </Style>
        <Point>
          <altitudeMode>clampToGround</altitudeMode>
          <coordinates>114.1995960087366,22.33260200296251, 311.73</coordinates>
        </Point>
      </Placemark>
      <Placemark>
        <TimeSpan>
          <begin>2021-01-06T06:24:03+08:00</begin>
          <end>2021-01-06T06:24:11+08:00</end>
        </TimeSpan>
        <Style>
          <IconStyle>
            <color>FF00FFFF</color>
            <scale>0.9</scale>
            <Icon>
              <href>http://maps.google.com/mapfiles/kml/shapes/placemark_circle.png</href>
            </Icon>
          </IconStyle>
        </Style>
        <Point>
          <altitudeMode>clampToGround</altitudeMode>
          <coordinates>114.1997912065845,22.33269027763004, 311.6</coordinates>
        </Point>
      </Placemark>
      <Placemark>
        <TimeSpan>
          <begin>2021-01-06T06:24:11+08:00</begin>
          <end>2021-01-06T06:24:19+08:00</end>
        </TimeSpan>
        <Style>
          <IconStyle>
            <color>FF00FFFF</color>
            <scale>0.9</scale>
            <Icon>
              <href>http://maps.google.com/mapfiles/kml/shapes/placemark_circle.png</href>
            </Icon>
          </IconStyle>
        </Style>
        <Point>
          <altitudeMode>clampToGround</altitudeMode>
          <coordinates>114.19988900814575,22.332895806934626, 311.6</coordinates>
        </Point>
      </Placemark>
      <Placemark>
        <TimeSpan>
          <begin>2021-01-06T06:24:19+08:00</begin>
          <end>2021-01-06T06:24:27+08:00</end>
        </TimeSpan>
        <Style>
          <IconStyle>
            <color>FF00FFFF</color>
            <scale>0.9</scale>
            <Icon>
              <href>http://maps.google.com/mapfiles/kml/shapes/placemark_circle.png</href>
            </Icon>
          </IconStyle>
        </Style>
        <Point>
          <altitudeMode>clampToGround</altitudeMode>
          <coordinates>114.19998610031044,22.333099845447265, 311.6</coordinates>
        </Point>
      </Placemark>
      <Placemark>
        <TimeSpan>
          <begin>2021-01-06T06:24:27+08:00</begin>
          <end>2021-01-06T06:24:35+08:00</end>
        </TimeSpan>
        <Style>
          <IconStyle>
            <color>FF00FFFF</color>
            <scale>0.9</scale>
            <Icon>
              <href>http://maps.google.com/mapfiles/kml/shapes/placemark_circle.png</href>
            </Icon>
          </IconStyle>
        </Style>
        <Point>
          <altitudeMode>clampToGround</altitudeMode>
          <coordinates>114.20008261717183,22.333302674963996, 311.6</coordinates>
        </Point>
      </Placemark>
      <Placemark>
        <TimeSpan>
          <begin>2021-01-06T06:24:35+08:00</begin>
          <end>2021-01-06T06:24:43+08:00</end>
        </TimeSpan>
        <Style>
          <IconStyle>
            <color>FF00FFFF</color>
            <scale>0.9</scale>
            <Icon>
              <href>http://maps.google.com/mapfiles/kml/shapes/placemark_circle.png</href>
            </Icon>
          </IconStyle>
        </Style>
        <Point>
          <altitudeMode>clampToGround</altitudeMode>
          <coordinates>114.20017931138237,22.333505877178712, 311.6</coordinates>
        </Point>
      </Placemark>
      <Placemark>
        <TimeSpan>
          <begin>2021-01-06T06:24:43+08:00</begin>
          <end>2021-01-06T06:24:44+08:00</end>
        </TimeSpan>
        <Style>
          <IconStyle>
            <color>FF00FFFF</color>
            <scale>0.9</scale>
            <Icon>
              <href>http://maps.google.com/mapfiles/kml/shapes/placemark_circle.png</href>
            </Icon>
          </IconStyle>
        </Style>
        <Point>
          <altitudeMode>clampToGround</altitudeMode>
          <coordinates>114.20027618186064,22.333709449818866, 311.6</coordinates>
        </Point>
      </Placemark>
      <Placemark>
        <TimeSpan>
          <begin>2021-01-06T06:24:44+08:00</begin>
          <end>2021-01-06T06:24:52+08:00</end>
        </TimeSpan>
        <Style>
          <IconStyle>
            <color>FF00FFFF</color>
            <scale>0.9</scale>
            <Icon>
              <href>http://maps.google.com/mapfiles/kml/shapes/placemark_circle.png</href>
            </Icon>
          </IconStyle>
        </Style>
        <Point>
          <altitudeMode>clampToGround</altitudeMode>
          <coordinates>114.20028822970666,22.333734768283954, 311.6</coordinates>
        </Point>
      </Placemark>
      <Placemark>
        <TimeSpan>
          <begin>2021-01-06T06:24:52+08:00</begin>
          <end>2021-01-06T06:25:00+08:00</end>
        </TimeSpan>
        <Style>
          <IconStyle>
            <color>FF00FFFF</color>
            <scale>0.9</scale>
            <Icon>
              <href>http://maps.google.com/mapfiles/kml/shapes/placemark_circle.png</href>
            </Icon>
          </IconStyle>
        </Style>
        <Point>
          <altitudeMode>clampToGround</altitudeMode>
          <coordinates>114.2003849239172,22.333937970498667, 311.6</coordinates>
        </Point>
      </Placemark>
      <Placemark>
        <TimeSpan>
          <begin>2021-01-06T06:25:00+08:00</begin>
          <end>2021-01-06T06:25:08+08:00</end>
        </TimeSpan>
        <Style>
          <IconStyle>
            <color>FF00FFFF</color>
            <scale>0.9</scale>
            <Icon>
              <href>http://maps.google.com/mapfiles/kml/shapes/placemark_circle.png</href>
            </Icon>
          </IconStyle>
        </Style>
        <Point>
          <altitudeMode>clampToGround</altitudeMode>
          <coordinates>114.20048201608189,22.33414200901131, 311.6</coordinates>
        </Point>
      </Placemark>
      <Placemark>
        <TimeSpan>
          <begin>2021-01-06T06:25:08+08:00</begin>
          <end>2021-01-06T06:25:16+08:00</end>
        </TimeSpan>
        <Style>
          <IconStyle>
            <color>FF00FFFF</color>
            <scale>0.9</scale>
            <Icon>
              <href>http://maps.google.com/mapfiles/kml/shapes/placemark_circle.png</href>
            </Icon>
          </IconStyle>
        </Style>
        <Point>
          <altitudeMode>clampToGround</altitudeMode>
          <coordinates>114.20057919692115,22.33434623387294, 311.6</coordinates>
        </Point>
      </Placemark>
      <Placemark>
        <TimeSpan>
          <begin>2021-01-06T06:25:16+08:00</begin>
          <end>2021-01-06T06:25:24+08:00</end>
        </TimeSpan>
        <Style>
          <IconStyle>
            <color>FF00FFFF</color>
            <scale>0.9</scale>
            <Icon>
              <href>http://maps.google.com/mapfiles/kml/shapes/placemark_circle.png</href>
            </Icon>
          </IconStyle>
        </Style>
        <Point>
          <altitudeMode>clampToGround</altitudeMode>
          <coordinates>114.20067560320868,22.334546584715213, 311.6</coordinates>
        </Point>
      </Placemark>
      <Placemark>
        <TimeSpan>
          <begin>2021-01-06T06:25:24+08:00</begin>
          <end>2021-01-06T06:25:32+08:00</end>
        </TimeSpan>
        <Style>
          <IconStyle>
            <color>FF00FFFF</color>
            <scale>0.9</scale>
            <Icon>
              <href>http://maps.google.com/mapfiles/kml/shapes/placemark_circle.png</href>
            </Icon>
          </IconStyle>
        </Style>
        <Point>
          <altitudeMode>clampToGround</altitudeMode>
          <coordinates>114.20068987502167,22.33432313671841, 311.95</coordinates>
        </Point>
      </Placemark>
      <Placemark>
        <TimeSpan>
          <begin>2021-01-06T06:25:32+08:00</begin>
          <end>2021-01-06T06:25:40+08:00</end>
        </TimeSpan>
        <Style>
          <IconStyle>
            <color>FF00FFFF</color>
            <scale>0.9</scale>
            <Icon>
              <href>http://maps.google.com/mapfiles/kml/shapes/placemark_circle.png</href>
            </Icon>
          </IconStyle>
        </Style>
        <Point>
          <altitudeMode>clampToGround</altitudeMode>
          <coordinates>114.20071110012506,22.334108857615455, 311.25</coordinates>
        </Point>
      </Placemark>
      <Placemark>
        <TimeSpan>
          <begin>2021-01-06T06:25:40+08:00</begin>
          <end>2021-01-06T06:25:42+08:00</end>
        </TimeSpan>
        <Style>
          <IconStyle>
            <color>FF00FFFF</color>
            <scale>0.9</scale>
            <Icon>
              <href>http://maps.google.com/mapfiles/kml/shapes/placemark_circle.png</href>
            </Icon>
          </IconStyle>
        </Style>
        <Point>
          <altitudeMode>clampToGround</altitudeMode>
          <coordinates>114.20060097251657,22.333912393493048, 311.46</coordinates>
        </Point>
      </Placemark>
      <Placemark>
        <TimeSpan>
          <begin>2021-01-06T06:25:42+08:00</begin>
          <end>2021-01-06T06:25:50+08:00</end>
        </TimeSpan>
        <Style>
          <IconStyle>
            <color>FF00FFFF</color>
            <scale>0.9</scale>
            <Icon>
              <href>http://maps.google.com/mapfiles/kml/shapes/placemark_circle.png</href>
            </Icon>
          </IconStyle>
        </Style>
        <Point>
          <altitudeMode>clampToGround</altitudeMode>
          <coordinates>114.20057318762576,22.333862826138756, 311.51</coordinates>
        </Point>
      </Placemark>
      <Placemark>
        <TimeSpan>
          <begin>2021-01-06T06:25:50+08:00</begin>
          <end>2021-01-06T06:25:58+08:00</end>
        </TimeSpan>
        <Style>
          <IconStyle>
            <color>FF00FFFF</color>
            <scale>0.9</scale>
            <Icon>
              <href>http://maps.google.com/mapfiles/kml/shapes/placemark_circle.png</href>
            </Icon>
          </IconStyle>
        </Style>
        <Point>
          <altitudeMode>clampToGround</altitudeMode>
          <coordinates>114.20045354004328,22.33366768445389, 311.6</coordinates>
        </Point>
      </Placemark>
      <Placemark>
        <TimeSpan>
          <begin>2021-01-06T06:25:58+08:00</begin>
          <end>2021-01-06T06:25:59+08:00</end>
        </TimeSpan>
        <Style>
          <IconStyle>
            <color>FF00FFFF</color>
            <scale>0.9</scale>
            <Icon>
              <href>http://maps.google.com/mapfiles/kml/shapes/placemark_circle.png</href>
            </Icon>
          </IconStyle>
        </Style>
        <Point>
          <altitudeMode>clampToGround</altitudeMode>
          <coordinates>114.20021252661063,22.333622203606733, 311.7</coordinates>
        </Point>
      </Placemark>
      <Placemark>
        <TimeSpan>
          <begin>2021-01-06T06:25:59+08:00</begin>
          <end>2021-01-06T06:26:07+08:00</end>
        </TimeSpan>
        <Style>
          <IconStyle>
            <color>FF00FFFF</color>
            <scale>0.9</scale>
            <Icon>
              <href>http://maps.google.com/mapfiles/kml/shapes/placemark_circle.png</href>
            </Icon>
          </IconStyle>
        </Style>
        <Point>
          <altitudeMode>clampToGround</altitudeMode>
          <coordinates>114.20018212221116,22.333616579319244, 311.72</coordinates>
        </Point>
      </Placemark>
      <Placemark>
        <TimeSpan>
          <begin>2021-01-06T06:26:07+08:00</begin>
          <end>2021-01-06T06:26:15+08:00</end>
        </TimeSpan>
        <Style>
          <IconStyle>
            <color>FF00FFFF</color>
            <scale>0.9</scale>
            <Icon>
              <href>http://maps.google.com/mapfiles/kml/shapes/placemark_circle.png</href>
            </Icon>
          </IconStyle>
        </Style>
        <Point>
          <altitudeMode>clampToGround</altitudeMode>
          <coordinates>114.20004717630461,22.33356597318709, 312.08</coordinates>
        </Point>
      </Placemark>
      <Placemark>
        <TimeSpan>
          <begin>2021-01-06T06:26:15+08:00</begin>
          <end>2021-01-06T06:26:23+08:00</end>
        </TimeSpan>
        <Style>
          <IconStyle>
            <color>FF00FFFF</color>
            <scale>0.9</scale>
            <Icon>
              <href>http://maps.google.com/mapfiles/kml/shapes/placemark_circle.png</href>
            </Icon>
          </IconStyle>
        </Style>
        <Point>
          <altitudeMode>clampToGround</altitudeMode>
          <coordinates>114.20013310253651,22.333718834179518, 312.4</coordinates>
        </Point>
      </Placemark>
      <Placemark>
        <TimeSpan>
          <begin>2021-01-06T06:26:23+08:00</begin>
          <end>2021-01-06T06:26:31+08:00</end>
        </TimeSpan>
        <Style>
          <IconStyle>
            <color>FF00FFFF</color>
            <scale>0.9</scale>
            <Icon>
              <href>http://maps.google.com/mapfiles/kml/shapes/placemark_circle.png</href>
            </Icon>
          </IconStyle>
        </Style>
        <Point>
          <altitudeMode>clampToGround</altitudeMode>
          <coordinates>114.20030428535415,22.333849301128616, 312.6</coordinates>
        </Point>
      </Placemark>
      <Placemark>
        <TimeSpan>
          <begin>2021-01-06T06:26:31+08:00</begin>
          <end>2021-01-06T06:26:39+08:00</end>
        </TimeSpan>
        <Style>
          <IconStyle>
            <color>FF00FFFF</color>
            <scale>0.9</scale>
            <Icon>
              <href>http://maps.google.com/mapfiles/kml/shapes/placemark_circle.png</href>
            </Icon>
          </IconStyle>
        </Style>
        <Point>
          <altitudeMode>clampToGround</altitudeMode>
          <coordinates>114.20052599032982,22.33375513948759, 312.6</coordinates>
        </Point>
      </Placemark>
      <Placemark>
        <TimeSpan>
          <begin>2021-01-06T06:26:39+08:00</begin>
          <end>2021-01-06T06:26:47+08:00</end>
        </TimeSpan>
        <Style>
          <IconStyle>
            <color>FF00FFFF</color>
            <scale>0.9</scale>
            <Icon>
              <href>http://maps.google.com/mapfiles/kml/shapes/placemark_circle.png</href>
            </Icon>
          </IconStyle>
        </Style>
        <Point>
          <altitudeMode>clampToGround</altitudeMode>
          <coordinates>114.200702250032,22.333598015057063, 312.87</coordinates>
        </Point>
      </Placemark>
      <Placemark>
        <TimeSpan>
          <begin>2021-01-06T06:26:47+08:00</begin>
          <end>2021-01-06T06:26:55+08:00</end>
        </TimeSpan>
        <Style>
          <IconStyle>
            <color>FF00FFFF</color>
            <scale>0.9</scale>
            <Icon>
              <href>http://maps.google.com/mapfiles/kml/shapes/placemark_circle.png</href>
            </Icon>
          </IconStyle>
        </Style>
        <Point>
          <altitudeMode>clampToGround</altitudeMode>
          <coordinates>114.20090322968107,22.333469806527564, 312.54</coordinates>
        </Point>
      </Placemark>
      <Placemark>
        <TimeSpan>
          <begin>2021-01-06T06:26:55+08:00</begin>
          <end>2021-01-06T06:27:03+08:00</end>
        </TimeSpan>
        <Style>
          <IconStyle>
            <color>FF00FFFF</color>
            <scale>0.9</scale>
            <Icon>
              <href>http://maps.google.com/mapfiles/kml/shapes/placemark_circle.png</href>
            </Icon>
          </IconStyle>
        </Style>
        <Point>
          <altitudeMode>clampToGround</altitudeMode>
          <coordinates>114.20106323463753,22.33351455968345, 312.44</coordinates>
        </Point>
      </Placemark>
      <Placemark>
        <TimeSpan>
          <begin>2021-01-06T06:27:03+08:00</begin>
          <end>2021-01-06T06:27:11+08:00</end>
        </TimeSpan>
        <Style>
          <IconStyle>
            <color>FF00FFFF</color>
            <scale>0.9</scale>
            <Icon>
              <href>http://maps.google.com/mapfiles/kml/shapes/placemark_circle.png</href>
            </Icon>
          </IconStyle>
        </Style>
        <Point>
          <altitudeMode>clampToGround</altitudeMode>
          <coordinates>114.20120450071171,22.33361631440392, 312.68</coordinates>
        </Point>
      </Placemark>
      <Placemark>
        <TimeSpan>
          <begin>2021-01-06T06:27:11+08:00</begin>
          <end>2021-01-06T06:27:19+08:00</end>
        </TimeSpan>
        <Style>
          <IconStyle>
            <color>FF00FFFF</color>
            <scale>0.9</scale>
            <Icon>
              <href>http://maps.google.com/mapfiles/kml/shapes/placemark_circle.png</href>
            </Icon>
          </IconStyle>
        </Style>
        <Point>
          <altitudeMode>clampToGround</altitudeMode>
          <coordinates>114.20143876828277,22.33362766471121, 313.4</coordinates>
        </Point>
      </Placemark>
      <Placemark>
        <TimeSpan>
          <begin>2021-01-06T06:27:19+08:00</begin>
          <end>2021-01-06T06:27:27+08:00</end>
        </TimeSpan>
        <Style>
          <IconStyle>
            <color>FF00FFFF</color>
            <scale>0.9</scale>
            <Icon>
              <href>http://maps.google.com/mapfiles/kml/shapes/placemark_circle.png</href>
            </Icon>
          </IconStyle>
        </Style>
        <Point>
          <altitudeMode>clampToGround</altitudeMode>
          <coordinates>114.20164856154507,22.333737437385984, 313.11</coordinates>
        </Point>
      </Placemark>
      <Placemark>
        <TimeSpan>
          <begin>2021-01-06T06:27:27+08:00</begin>
          <end>2021-01-06T06:27:35+08:00</end>
        </TimeSpan>
        <Style>
          <IconStyle>
            <color>FF00FFFF</color>
            <scale>0.9</scale>
            <Icon>
              <href>http://maps.google.com/mapfiles/kml/shapes/placemark_circle.png</href>
            </Icon>
          </IconStyle>
        </Style>
        <Point>
          <altitudeMode>clampToGround</altitudeMode>
          <coordinates>114.20180011915504,22.33391066350791, 312.54</coordinates>
        </Point>
      </Placemark>
      <Placemark>
        <TimeSpan>
          <begin>2021-01-06T06:27:35+08:00</begin>
          <end>2021-01-06T06:27:43+08:00</end>
        </TimeSpan>
        <Style>
          <IconStyle>
            <color>FF00FFFF</color>
            <scale>0.9</scale>
            <Icon>
              <href>http://maps.google.com/mapfiles/kml/shapes/placemark_circle.png</href>
            </Icon>
          </IconStyle>
        </Style>
        <Point>
          <altitudeMode>clampToGround</altitudeMode>
          <coordinates>114.20191806330304,22.334107316205447, 312.08</coordinates>
        </Point>
      </Placemark>
      <Placemark>
        <TimeSpan>
          <begin>2021-01-06T06:27:43+08:00</begin>
          <end>2021-01-06T06:27:51+08:00</end>
        </TimeSpan>
        <Style>
          <IconStyle>
            <color>FF00FFFF</color>
            <scale>0.9</scale>
            <Icon>
              <href>http://maps.google.com/mapfiles/kml/shapes/placemark_circle.png</href>
            </Icon>
          </IconStyle>
        </Style>
        <Point>
          <altitudeMode>clampToGround</altitudeMode>
          <coordinates>114.20204882633395,22.334296833528544, 311.6</coordinates>
        </Point>
      </Placemark>
      <Placemark>
        <TimeSpan>
          <begin>2021-01-06T06:27:51+08:00</begin>
          <end>2021-01-06T06:27:59+08:00</end>
        </TimeSpan>
        <Style>
          <IconStyle>
            <color>FF00FFFF</color>
            <scale>0.9</scale>
            <Icon>
              <href>http://maps.google.com/mapfiles/kml/shapes/placemark_circle.png</href>
            </Icon>
          </IconStyle>
        </Style>
        <Point>
          <altitudeMode>clampToGround</altitudeMode>
          <coordinates>114.20217533117717,22.3344871407554, 311.21</coordinates>
        </Point>
      </Placemark>
      <Placemark>
        <TimeSpan>
          <begin>2021-01-06T06:27:59+08:00</begin>
          <end>2021-01-06T06:28:07+08:00</end>
        </TimeSpan>
        <Style>
          <IconStyle>
            <color>FF00FFFF</color>
            <scale>0.9</scale>
            <Icon>
              <href>http://maps.google.com/mapfiles/kml/shapes/placemark_circle.png</href>
            </Icon>
          </IconStyle>
        </Style>
        <Point>
          <altitudeMode>clampToGround</altitudeMode>
          <coordinates>114.20227181375165,22.334689906053775, 311.98</coordinates>
        </Point>
      </Placemark>
      <Placemark>
        <TimeSpan>
          <begin>2021-01-06T06:28:07+08:00</begin>
          <end>2021-01-06T06:28:15+08:00</end>
        </TimeSpan>
        <Style>
          <IconStyle>
            <color>FF00FFFF</color>
            <scale>0.9</scale>
            <Icon>
              <href>http://maps.google.com/mapfiles/kml/shapes/placemark_circle.png</href>
            </Icon>
          </IconStyle>
        </Style>
        <Point>
          <altitudeMode>clampToGround</altitudeMode>
          <coordinates>114.20242266293315,22.334863008693816, 311.89</coordinates>
        </Point>
      </Placemark>
      <Placemark>
        <TimeSpan>
          <begin>2021-01-06T06:28:15+08:00</begin>
          <end>2021-01-06T06:28:23+08:00</end>
        </TimeSpan>
        <Style>
          <IconStyle>
            <color>FF00FFFF</color>
            <scale>0.9</scale>
            <Icon>
              <href>http://maps.google.com/mapfiles/kml/shapes/placemark_circle.png</href>
            </Icon>
          </IconStyle>
        </Style>
        <Point>
          <altitudeMode>clampToGround</altitudeMode>
          <coordinates>114.20259032934753,22.335009891035718, 311.97</coordinates>
        </Point>
      </Placemark>
      <Placemark>
        <TimeSpan>
          <begin>2021-01-06T06:28:23+08:00</begin>
          <end>2021-01-06T06:28:31+08:00</end>
        </TimeSpan>
        <Style>
          <IconStyle>
            <color>FF00FFFF</color>
            <scale>0.9</scale>
            <Icon>
              <href>http://maps.google.com/mapfiles/kml/shapes/placemark_circle.png</href>
            </Icon>
          </IconStyle>
        </Style>
        <Point>
          <altitudeMode>clampToGround</altitudeMode>
          <coordinates>114.20279321080515,22.334971420357732, 311.78</coordinates>
        </Point>
      </Placemark>
      <Placemark>
        <TimeSpan>
          <begin>2021-01-06T06:28:31+08:00</begin>
          <end>2021-01-06T06:28:39+08:00</end>
        </TimeSpan>
        <Style>
          <IconStyle>
            <color>FF00FFFF</color>
            <scale>0.9</scale>
            <Icon>
              <href>http://maps.google.com/mapfiles/kml/shapes/placemark_circle.png</href>
            </Icon>
          </IconStyle>
        </Style>
        <Point>
          <altitudeMode>clampToGround</altitudeMode>
          <coordinates>114.20300126997513,22.334941896840327, 311.8</coordinates>
        </Point>
      </Placemark>
      <Placemark>
        <TimeSpan>
          <begin>2021-01-06T06:28:39+08:00</begin>
          <end>2021-01-06T06:28:47+08:00</end>
        </TimeSpan>
        <Style>
          <IconStyle>
            <color>FF00FFFF</color>
            <scale>0.9</scale>
            <Icon>
              <href>http://maps.google.com/mapfiles/kml/shapes/placemark_circle.png</href>
            </Icon>
          </IconStyle>
        </Style>
        <Point>
          <altitudeMode>clampToGround</altitudeMode>
          <coordinates>114.20321059859698,22.33493647810501, 311.68</coordinates>
        </Point>
      </Placemark>
      <Placemark>
        <TimeSpan>
          <begin>2021-01-06T06:28:47+08:00</begin>
          <end>2021-01-06T06:28:55+08:00</end>
        </TimeSpan>
        <Style>
          <IconStyle>
            <color>FF00FFFF</color>
            <scale>0.9</scale>
            <Icon>
              <href>http://maps.google.com/mapfiles/kml/shapes/placemark_circle.png</href>
            </Icon>
          </IconStyle>
        </Style>
        <Point>
          <altitudeMode>clampToGround</altitudeMode>
          <coordinates>114.2033924926416,22.334797134572327, 312.15</coordinates>
        </Point>
      </Placemark>
      <Placemark>
        <TimeSpan>
          <begin>2021-01-06T06:28:55+08:00</begin>
          <end>2021-01-06T06:29:03+08:00</end>
        </TimeSpan>
        <Style>
          <IconStyle>
            <color>FF00FFFF</color>
            <scale>0.9</scale>
            <Icon>
              <href>http://maps.google.com/mapfiles/kml/shapes/placemark_circle.png</href>
            </Icon>
          </IconStyle>
        </Style>
        <Point>
          <altitudeMode>clampToGround</altitudeMode>
          <coordinates>114.20351634687799,22.33460940412657, 312.63</coordinates>
        </Point>
      </Placemark>
      <Placemark>
        <TimeSpan>
          <begin>2021-01-06T06:29:03+08:00</begin>
          <end>2021-01-06T06:29:11+08:00</end>
        </TimeSpan>
        <Style>
          <IconStyle>
            <color>FF00FFFF</color>
            <scale>0.9</scale>
            <Icon>
              <href>http://maps.google.com/mapfiles/kml/shapes/placemark_circle.png</href>
            </Icon>
          </IconStyle>
        </Style>
        <Point>
          <altitudeMode>clampToGround</altitudeMode>
          <coordinates>114.20363051343236,22.334419361040045, 312.33</coordinates>
        </Point>
      </Placemark>
      <Placemark>
        <TimeSpan>
          <begin>2021-01-06T06:29:11+08:00</begin>
          <end>2021-01-06T06:29:19+08:00</end>
        </TimeSpan>
        <Style>
          <IconStyle>
            <color>FF00FFFF</color>
            <scale>0.9</scale>
            <Icon>
              <href>http://maps.google.com/mapfiles/kml/shapes/placemark_circle.png</href>
            </Icon>
          </IconStyle>
        </Style>
        <Point>
          <altitudeMode>clampToGround</altitudeMode>
          <coordinates>114.20384179648731,22.33443081612421, 312.38</coordinates>
        </Point>
      </Placemark>
      <Placemark>
        <TimeSpan>
          <begin>2021-01-06T06:29:19+08:00</begin>
          <end>2021-01-06T06:29:27+08:00</end>
        </TimeSpan>
        <Style>
          <IconStyle>
            <color>FF00FFFF</color>
            <scale>0.9</scale>
            <Icon>
              <href>http://maps.google.com/mapfiles/kml/shapes/placemark_circle.png</href>
            </Icon>
          </IconStyle>
        </Style>
        <Point>
          <altitudeMode>clampToGround</altitudeMode>
          <coordinates>114.20406667664051,22.334491569501807, 312.54</coordinates>
        </Point>
      </Placemark>
      <Placemark>
        <TimeSpan>
          <begin>2021-01-06T06:29:27+08:00</begin>
          <end>2021-01-06T06:29:35+08:00</end>
        </TimeSpan>
        <Style>
          <IconStyle>
            <color>FF00FFFF</color>
            <scale>0.9</scale>
            <Icon>
              <href>http://maps.google.com/mapfiles/kml/shapes/placemark_circle.png</href>
            </Icon>
          </IconStyle>
        </Style>
        <Point>
          <altitudeMode>clampToGround</altitudeMode>
          <coordinates>114.20428031104011,22.334435791010833, 311.95</coordinates>
        </Point>
      </Placemark>
      <Placemark>
        <TimeSpan>
          <begin>2021-01-06T06:29:35+08:00</begin>
          <end>2021-01-06T06:29:43+08:00</end>
        </TimeSpan>
        <Style>
          <IconStyle>
            <color>FF00FFFF</color>
            <scale>0.9</scale>
            <Icon>
              <href>http://maps.google.com/mapfiles/kml/shapes/placemark_circle.png</href>
            </Icon>
          </IconStyle>
        </Style>
        <Point>
          <altitudeMode>clampToGround</altitudeMode>
          <coordinates>114.20440582660747,22.334254425953418, 312.0</coordinates>
        </Point>
      </Placemark>
      <Placemark>
        <TimeSpan>
          <begin>2021-01-06T06:29:43+08:00</begin>
          <end>2021-01-06T06:29:51+08:00</end>
        </TimeSpan>
        <Style>
          <IconStyle>
            <color>FF00FFFF</color>
            <scale>0.9</scale>
            <Icon>
              <href>http://maps.google.com/mapfiles/kml/shapes/placemark_circle.png</href>
            </Icon>
          </IconStyle>
        </Style>
        <Point>
          <altitudeMode>clampToGround</altitudeMode>
          <coordinates>114.20439077364445,22.33403727210826, 311.8</coordinates>
        </Point>
      </Placemark>
      <Placemark>
        <TimeSpan>
          <begin>2021-01-06T06:29:51+08:00</begin>
          <end>2021-01-06T06:29:59+08:00</end>
        </TimeSpan>
        <Style>
          <IconStyle>
            <color>FF00FFFF</color>
            <scale>0.9</scale>
            <Icon>
              <href>http://maps.google.com/mapfiles/kml/shapes/placemark_circle.png</href>
            </Icon>
          </IconStyle>
        </Style>
        <Point>
          <altitudeMode>clampToGround</altitudeMode>
          <coordinates>114.20436225244093,22.333865684363758, 312.25</coordinates>
        </Point>
      </Placemark>
      <Placemark>
        <TimeSpan>
          <begin>2021-01-06T06:29:59+08:00</begin>
          <end>2021-01-06T06:30:07+08:00</end>
        </TimeSpan>
        <Style>
          <IconStyle>
            <color>FF00FFFF</color>
            <scale>0.9</scale>
            <Icon>
              <href>http://maps.google.com/mapfiles/kml/shapes/placemark_circle.png</href>
            </Icon>
          </IconStyle>
        </Style>
        <Point>
          <altitudeMode>clampToGround</altitudeMode>
          <coordinates>114.20456375089269,22.33390174526069, 312.34</coordinates>
        </Point>
      </Placemark>
      <Placemark>
        <TimeSpan>
          <begin>2021-01-06T06:30:07+08:00</begin>
          <end>2021-01-06T06:30:15+08:00</end>
        </TimeSpan>
        <Style>
          <IconStyle>
            <color>FF00FFFF</color>
            <scale>0.9</scale>
            <Icon>
              <href>http://maps.google.com/mapfiles/kml/shapes/placemark_circle.png</href>
            </Icon>
          </IconStyle>
        </Style>
        <Point>
          <altitudeMode>clampToGround</altitudeMode>
          <coordinates>114.20453414089394,22.333806250653573, 312.03</coordinates>
        </Point>
      </Placemark>
      <Placemark>
        <TimeSpan>
          <begin>2021-01-06T06:30:15+08:00</begin>
          <end>2021-01-06T06:30:23+08:00</end>
        </TimeSpan>
        <Style>
          <IconStyle>
            <color>FF00FFFF</color>
            <scale>0.9</scale>
            <Icon>
              <href>http://maps.google.com/mapfiles/kml/shapes/placemark_circle.png</href>
            </Icon>
          </IconStyle>
        </Style>
        <Point>
          <altitudeMode>clampToGround</altitudeMode>
          <coordinates>114.20449594220794,22.33362648844783, 311.65</coordinates>
        </Point>
      </Placemark>
      <Placemark>
        <TimeSpan>
          <begin>2021-01-06T06:30:23+08:00</begin>
          <end>2021-01-06T06:30:31+08:00</end>
        </TimeSpan>
        <Style>
          <IconStyle>
            <color>FF00FFFF</color>
            <scale>0.9</scale>
            <Icon>
              <href>http://maps.google.com/mapfiles/kml/shapes/placemark_circle.png</href>
            </Icon>
          </IconStyle>
        </Style>
        <Point>
          <altitudeMode>clampToGround</altitudeMode>
          <coordinates>114.20462620698216,22.33344013663825, 311.79</coordinates>
        </Point>
      </Placemark>
      <Placemark>
        <TimeSpan>
          <begin>2021-01-06T06:30:31+08:00</begin>
          <end>2021-01-06T06:30:39+08:00</end>
        </TimeSpan>
        <Style>
          <IconStyle>
            <color>FF00FFFF</color>
            <scale>0.9</scale>
            <Icon>
              <href>http://maps.google.com/mapfiles/kml/shapes/placemark_circle.png</href>
            </Icon>
          </IconStyle>
        </Style>
        <Point>
          <altitudeMode>clampToGround</altitudeMode>
          <coordinates>114.20474697383678,22.333249762305037, 311.81</coordinates>
        </Point>
      </Placemark>
      <Placemark>
        <TimeSpan>
          <begin>2021-01-06T06:30:39+08:00</begin>
          <end>2021-01-06T06:30:47+08:00</end>
        </TimeSpan>
        <Style>
          <IconStyle>
            <color>FF00FFFF</color>
            <scale>0.9</scale>
            <Icon>
              <href>http://maps.google.com/mapfiles/kml/shapes/placemark_circle.png</href>
            </Icon>
          </IconStyle>
        </Style>
        <Point>
          <altitudeMode>clampToGround</altitudeMode>
          <coordinates>114.20475030452432,22.333027751582144, 311.82</coordinates>
        </Point>
      </Placemark>
      <Placemark>
        <TimeSpan>
          <begin>2021-01-06T06:30:47+08:00</begin>
          <end>2021-01-06T06:30:55+08:00</end>
        </TimeSpan>
        <Style>
          <IconStyle>
            <color>FF00FFFF</color>
            <scale>0.9</scale>
            <Icon>
              <href>http://maps.google.com/mapfiles/kml/shapes/placemark_circle.png</href>
            </Icon>
          </IconStyle>
        </Style>
        <Point>
          <altitudeMode>clampToGround</altitudeMode>
          <coordinates>114.20467476238646,22.33281522194603, 311.51</coordinates>
        </Point>
      </Placemark>
      <Placemark>
        <TimeSpan>
          <begin>2021-01-06T06:30:55+08:00</begin>
          <end>2021-01-06T06:31:03+08:00</end>
        </TimeSpan>
        <Style>
          <IconStyle>
            <color>FF00FFFF</color>
            <scale>0.9</scale>
            <Icon>
              <href>http://maps.google.com/mapfiles/kml/shapes/placemark_circle.png</href>
            </Icon>
          </IconStyle>
        </Style>
        <Point>
          <altitudeMode>clampToGround</altitudeMode>
          <coordinates>114.20456270683695,22.332620080751635, 310.98</coordinates>
        </Point>
      </Placemark>
      <Placemark>
        <TimeSpan>
          <begin>2021-01-06T06:31:03+08:00</begin>
          <end>2021-01-06T06:31:11+08:00</end>
        </TimeSpan>
        <Style>
          <IconStyle>
            <color>FF00FFFF</color>
            <scale>0.9</scale>
            <Icon>
              <href>http://maps.google.com/mapfiles/kml/shapes/placemark_circle.png</href>
            </Icon>
          </IconStyle>
        </Style>
        <Point>
          <altitudeMode>clampToGround</altitudeMode>
          <coordinates>114.20457293024292,22.332416397612235, 310.4</coordinates>
        </Point>
      </Placemark>
      <Placemark>
        <TimeSpan>
          <begin>2021-01-06T06:31:11+08:00</begin>
          <end>2021-01-06T06:31:19+08:00</end>
        </TimeSpan>
        <Style>
          <IconStyle>
            <color>FF00FFFF</color>
            <scale>0.9</scale>
            <Icon>
              <href>http://maps.google.com/mapfiles/kml/shapes/placemark_circle.png</href>
            </Icon>
          </IconStyle>
        </Style>
        <Point>
          <altitudeMode>clampToGround</altitudeMode>
          <coordinates>114.2046999709792,22.3322348440394, 311.2</coordinates>
        </Point>
      </Placemark>
      <Placemark>
        <TimeSpan>
          <begin>2021-01-06T06:31:19+08:00</begin>
          <end>2021-01-06T06:31:27+08:00</end>
        </TimeSpan>
        <Style>
          <IconStyle>
            <color>FF00FFFF</color>
            <scale>0.9</scale>
            <Icon>
              <href>http://maps.google.com/mapfiles/kml/shapes/placemark_circle.png</href>
            </Icon>
          </IconStyle>
        </Style>
        <Point>
          <altitudeMode>clampToGround</altitudeMode>
          <coordinates>114.2047370188865,22.332022469717487, 311.01</coordinates>
        </Point>
      </Placemark>
      <Placemark>
        <TimeSpan>
          <begin>2021-01-06T06:31:27+08:00</begin>
          <end>2021-01-06T06:31:35+08:00</end>
        </TimeSpan>
        <Style>
          <IconStyle>
            <color>FF00FFFF</color>
            <scale>0.9</scale>
            <Icon>
              <href>http://maps.google.com/mapfiles/kml/shapes/placemark_circle.png</href>
            </Icon>
          </IconStyle>
        </Style>
        <Point>
          <altitudeMode>clampToGround</altitudeMode>
          <coordinates>114.20494421870907,22.33191409488939, 311.2</coordinates>
        </Point>
      </Placemark>
      <Placemark>
        <TimeSpan>
          <begin>2021-01-06T06:31:35+08:00</begin>
          <end>2021-01-06T06:31:43+08:00</end>
        </TimeSpan>
        <Style>
          <IconStyle>
            <color>FF00FFFF</color>
            <scale>0.9</scale>
            <Icon>
              <href>http://maps.google.com/mapfiles/kml/shapes/placemark_circle.png</href>
            </Icon>
          </IconStyle>
        </Style>
        <Point>
          <altitudeMode>clampToGround</altitudeMode>
          <coordinates>114.20513389669308,22.331790864016448, 310.38</coordinates>
        </Point>
      </Placemark>
      <Placemark>
        <TimeSpan>
          <begin>2021-01-06T06:31:43+08:00</begin>
          <end>2021-01-06T06:31:46+08:00</end>
        </TimeSpan>
        <Style>
          <IconStyle>
            <color>FF00FFFF</color>
            <scale>0.9</scale>
            <Icon>
              <href>http://maps.google.com/mapfiles/kml/shapes/placemark_circle.png</href>
            </Icon>
          </IconStyle>
        </Style>
        <Point>
          <altitudeMode>clampToGround</altitudeMode>
          <coordinates>114.20522324469367,22.331585651270395, 310.83</coordinates>
        </Point>
      </Placemark>
      <Placemark>
        <TimeSpan>
          <begin>2021-01-06T06:31:46+08:00</begin>
          <end>2021-01-06T06:31:54+08:00</end>
        </TimeSpan>
        <Style>
          <IconStyle>
            <color>FF00FFFF</color>
            <scale>0.9</scale>
            <Icon>
              <href>http://maps.google.com/mapfiles/kml/shapes/placemark_circle.png</href>
            </Icon>
          </IconStyle>
        </Style>
        <Point>
          <altitudeMode>clampToGround</altitudeMode>
          <coordinates>114.2052654205775,22.331511941607847, 310.94</coordinates>
        </Point>
      </Placemark>
      <Placemark>
        <TimeSpan>
          <begin>2021-01-06T06:31:54+08:00</begin>
          <end>2021-01-06T06:32:02+08:00</end>
        </TimeSpan>
        <Style>
          <IconStyle>
            <color>FF00FFFF</color>
            <scale>0.9</scale>
            <Icon>
              <href>http://maps.google.com/mapfiles/kml/shapes/placemark_circle.png</href>
            </Icon>
          </IconStyle>
        </Style>
        <Point>
          <altitudeMode>clampToGround</altitudeMode>
          <coordinates>114.20517590922583,22.331333575422235, 311.2</coordinates>
        </Point>
      </Placemark>
      <Placemark>
        <TimeSpan>
          <begin>2021-01-06T06:32:02+08:00</begin>
          <end>2021-01-06T06:32:10+08:00</end>
        </TimeSpan>
        <Style>
          <IconStyle>
            <color>FF00FFFF</color>
            <scale>0.9</scale>
            <Icon>
              <href>http://maps.google.com/mapfiles/kml/shapes/placemark_circle.png</href>
            </Icon>
          </IconStyle>
        </Style>
        <Point>
          <altitudeMode>clampToGround</altitudeMode>
          <coordinates>114.20499629192017,22.3311809128045, 310.85</coordinates>
        </Point>
      </Placemark>
      <Placemark>
        <TimeSpan>
          <begin>2021-01-06T06:32:10+08:00</begin>
          <end>2021-01-06T06:32:18+08:00</end>
        </TimeSpan>
        <Style>
          <IconStyle>
            <color>FF00FFFF</color>
            <scale>0.9</scale>
            <Icon>
              <href>http://maps.google.com/mapfiles/kml/shapes/placemark_circle.png</href>
            </Icon>
          </IconStyle>
        </Style>
        <Point>
          <altitudeMode>clampToGround</altitudeMode>
          <coordinates>114.20484967760102,22.33100313216546, 311.53</coordinates>
        </Point>
      </Placemark>
      <Placemark>
        <TimeSpan>
          <begin>2021-01-06T06:32:18+08:00</begin>
          <end>2021-01-06T06:32:26+08:00</end>
        </TimeSpan>
        <Style>
          <IconStyle>
            <color>FF00FFFF</color>
            <scale>0.9</scale>
            <Icon>
              <href>http://maps.google.com/mapfiles/kml/shapes/placemark_circle.png</href>
            </Icon>
          </IconStyle>
        </Style>
        <Point>
          <altitudeMode>clampToGround</altitudeMode>
          <coordinates>114.20474065268381,22.330800446767913, 310.9</coordinates>
        </Point>
      </Placemark>
      <Placemark>
        <TimeSpan>
          <begin>2021-01-06T06:32:26+08:00</begin>
          <end>2021-01-06T06:32:34+08:00</end>
        </TimeSpan>
        <Style>
          <IconStyle>
            <color>FF00FFFF</color>
            <scale>0.9</scale>
            <Icon>
              <href>http://maps.google.com/mapfiles/kml/shapes/placemark_circle.png</href>
            </Icon>
          </IconStyle>
        </Style>
        <Point>
          <altitudeMode>clampToGround</altitudeMode>
          <coordinates>114.20460681647066,22.3306117721247, 310.77</coordinates>
        </Point>
      </Placemark>
      <Placemark>
        <TimeSpan>
          <begin>2021-01-06T06:32:34+08:00</begin>
          <end>2021-01-06T06:32:42+08:00</end>
        </TimeSpan>
        <Style>
          <IconStyle>
            <color>FF00FFFF</color>
            <scale>0.9</scale>
            <Icon>
              <href>http://maps.google.com/mapfiles/kml/shapes/placemark_circle.png</href>
            </Icon>
          </IconStyle>
        </Style>
        <Point>
          <altitudeMode>clampToGround</altitudeMode>
          <coordinates>114.2044772201001,22.330421050751408, 311.16</coordinates>
        </Point>
      </Placemark>
      <Placemark>
        <TimeSpan>
          <begin>2021-01-06T06:32:42+08:00</begin>
          <end>2021-01-06T06:32:43+08:00</end>
        </TimeSpan>
        <Style>
          <IconStyle>
            <color>FF00FFFF</color>
            <scale>0.9</scale>
            <Icon>
              <href>http://maps.google.com/mapfiles/kml/shapes/placemark_circle.png</href>
            </Icon>
          </IconStyle>
        </Style>
        <Point>
          <altitudeMode>clampToGround</altitudeMode>
          <coordinates>114.20438429139075,22.330215000039637, 311.11</coordinates>
        </Point>
      </Placemark>
      <Placemark>
        <TimeSpan>
          <begin>2021-01-06T06:32:43+08:00</begin>
          <end>2021-01-06T06:32:51+08:00</end>
        </TimeSpan>
        <Style>
          <IconStyle>
            <color>FF00FFFF</color>
            <scale>0.9</scale>
            <Icon>
              <href>http://maps.google.com/mapfiles/kml/shapes/placemark_circle.png</href>
            </Icon>
          </IconStyle>
        </Style>
        <Point>
          <altitudeMode>clampToGround</altitudeMode>
          <coordinates>114.2043735860781,22.33018895540168, 311.06</coordinates>
        </Point>
      </Placemark>
      <Placemark>
        <TimeSpan>
          <begin>2021-01-06T06:32:51+08:00</begin>
          <end>2021-01-06T06:32:59+08:00</end>
        </TimeSpan>
        <Style>
          <IconStyle>
            <color>FF00FFFF</color>
            <scale>0.9</scale>
            <Icon>
              <href>http://maps.google.com/mapfiles/kml/shapes/placemark_circle.png</href>
            </Icon>
          </IconStyle>
        </Style>
        <Point>
          <altitudeMode>clampToGround</altitudeMode>
          <coordinates>114.20440399626294,22.330015883544313, 311.11</coordinates>
        </Point>
      </Placemark>
      <Placemark>
        <TimeSpan>
          <begin>2021-01-06T06:32:59+08:00</begin>
          <end>2021-01-06T06:33:07+08:00</end>
        </TimeSpan>
        <Style>
          <IconStyle>
            <color>FF00FFFF</color>
            <scale>0.9</scale>
            <Icon>
              <href>http://maps.google.com/mapfiles/kml/shapes/placemark_circle.png</href>
            </Icon>
          </IconStyle>
        </Style>
        <Point>
          <altitudeMode>clampToGround</altitudeMode>
          <coordinates>114.20461852509744,22.329914312549388, 311.4</coordinates>
        </Point>
      </Placemark>
      <Placemark>
        <TimeSpan>
          <begin>2021-01-06T06:33:07+08:00</begin>
          <end>2021-01-06T06:33:15+08:00</end>
        </TimeSpan>
        <Style>
          <IconStyle>
            <color>FF00FFFF</color>
            <scale>0.9</scale>
            <Icon>
              <href>http://maps.google.com/mapfiles/kml/shapes/placemark_circle.png</href>
            </Icon>
          </IconStyle>
        </Style>
        <Point>
          <altitudeMode>clampToGround</altitudeMode>
          <coordinates>114.20477510892782,22.329742606951804, 311.27</coordinates>
        </Point>
      </Placemark>
      <Placemark>
        <TimeSpan>
          <begin>2021-01-06T06:33:15+08:00</begin>
          <end>2021-01-06T06:33:23+08:00</end>
        </TimeSpan>
        <Style>
          <IconStyle>
            <color>FF00FFFF</color>
            <scale>0.9</scale>
            <Icon>
              <href>http://maps.google.com/mapfiles/kml/shapes/placemark_circle.png</href>
            </Icon>
          </IconStyle>
        </Style>
        <Point>
          <altitudeMode>clampToGround</altitudeMode>
          <coordinates>114.20483957925333,22.32954860245073, 310.92</coordinates>
        </Point>
      </Placemark>
      <Placemark>
        <TimeSpan>
          <begin>2021-01-06T06:33:23+08:00</begin>
          <end>2021-01-06T06:33:31+08:00</end>
        </TimeSpan>
        <Style>
          <IconStyle>
            <color>FF00FFFF</color>
            <scale>0.9</scale>
            <Icon>
              <href>http://maps.google.com/mapfiles/kml/shapes/placemark_circle.png</href>
            </Icon>
          </IconStyle>
        </Style>
        <Point>
          <altitudeMode>clampToGround</altitudeMode>
          <coordinates>114.20477471924195,22.329335649563514, 311.67</coordinates>
        </Point>
      </Placemark>
      <Placemark>
        <TimeSpan>
          <begin>2021-01-06T06:33:31+08:00</begin>
          <end>2021-01-06T06:33:33+08:00</end>
        </TimeSpan>
        <Style>
          <IconStyle>
            <color>FF00FFFF</color>
            <scale>0.9</scale>
            <Icon>
              <href>http://maps.google.com/mapfiles/kml/shapes/placemark_circle.png</href>
            </Icon>
          </IconStyle>
        </Style>
        <Point>
          <altitudeMode>clampToGround</altitudeMode>
          <coordinates>114.20470870337368,22.329121231743734, 311.26</coordinates>
        </Point>
      </Placemark>
      <Placemark>
        <TimeSpan>
          <begin>2021-01-06T06:33:33+08:00</begin>
          <end>2021-01-06T06:33:41+08:00</end>
        </TimeSpan>
        <Style>
          <IconStyle>
            <color>FF00FFFF</color>
            <scale>0.9</scale>
            <Icon>
              <href>http://maps.google.com/mapfiles/kml/shapes/placemark_circle.png</href>
            </Icon>
          </IconStyle>
        </Style>
        <Point>
          <altitudeMode>clampToGround</altitudeMode>
          <coordinates>114.20469693023664,22.329066833260335, 311.34</coordinates>
        </Point>
      </Placemark>
      <Placemark>
        <TimeSpan>
          <begin>2021-01-06T06:33:41+08:00</begin>
          <end>2021-01-06T06:33:49+08:00</end>
        </TimeSpan>
        <Style>
          <IconStyle>
            <color>FF00FFFF</color>
            <scale>0.9</scale>
            <Icon>
              <href>http://maps.google.com/mapfiles/kml/shapes/placemark_circle.png</href>
            </Icon>
          </IconStyle>
        </Style>
        <Point>
          <altitudeMode>clampToGround</altitudeMode>
          <coordinates>114.20464108013107,22.328852023338513, 311.14</coordinates>
        </Point>
      </Placemark>
      <Placemark>
        <TimeSpan>
          <begin>2021-01-06T06:33:49+08:00</begin>
          <end>2021-01-06T06:33:57+08:00</end>
        </TimeSpan>
        <Style>
          <IconStyle>
            <color>FF00FFFF</color>
            <scale>0.9</scale>
            <Icon>
              <href>http://maps.google.com/mapfiles/kml/shapes/placemark_circle.png</href>
            </Icon>
          </IconStyle>
        </Style>
        <Point>
          <altitudeMode>clampToGround</altitudeMode>
          <coordinates>114.20456974316836,22.328643215308592, 310.6</coordinates>
        </Point>
      </Placemark>
      <Placemark>
        <TimeSpan>
          <begin>2021-01-06T06:33:57+08:00</begin>
          <end>2021-01-06T06:34:05+08:00</end>
        </TimeSpan>
        <Style>
          <IconStyle>
            <color>FF00FFFF</color>
            <scale>0.9</scale>
            <Icon>
              <href>http://maps.google.com/mapfiles/kml/shapes/placemark_circle.png</href>
            </Icon>
          </IconStyle>
        </Style>
        <Point>
          <altitudeMode>clampToGround</altitudeMode>
          <coordinates>114.20444858729671,22.328450547493087, 311.47</coordinates>
        </Point>
      </Placemark>
      <Placemark>
        <TimeSpan>
          <begin>2021-01-06T06:34:05+08:00</begin>
          <end>2021-01-06T06:34:13+08:00</end>
        </TimeSpan>
        <Style>
          <IconStyle>
            <color>FF00FFFF</color>
            <scale>0.9</scale>
            <Icon>
              <href>http://maps.google.com/mapfiles/kml/shapes/placemark_circle.png</href>
            </Icon>
          </IconStyle>
        </Style>
        <Point>
          <altitudeMode>clampToGround</altitudeMode>
          <coordinates>114.20431736353093,22.328262157416816, 310.86</coordinates>
        </Point>
      </Placemark>
      <Placemark>
        <TimeSpan>
          <begin>2021-01-06T06:34:13+08:00</begin>
          <end>2021-01-06T06:34:21+08:00</end>
        </TimeSpan>
        <Style>
          <IconStyle>
            <color>FF00FFFF</color>
            <scale>0.9</scale>
            <Icon>
              <href>http://maps.google.com/mapfiles/kml/shapes/placemark_circle.png</href>
            </Icon>
          </IconStyle>
        </Style>
        <Point>
          <altitudeMode>clampToGround</altitudeMode>
          <coordinates>114.20417513577674,22.328080344258865, 310.81</coordinates>
        </Point>
      </Placemark>
      <Placemark>
        <TimeSpan>
          <begin>2021-01-06T06:34:21+08:00</begin>
          <end>2021-01-06T06:34:29+08:00</end>
        </TimeSpan>
        <Style>
          <IconStyle>
            <color>FF00FFFF</color>
            <scale>0.9</scale>
            <Icon>
              <href>http://maps.google.com/mapfiles/kml/shapes/placemark_circle.png</href>
            </Icon>
          </IconStyle>
        </Style>
        <Point>
          <altitudeMode>clampToGround</altitudeMode>
          <coordinates>114.20405432308168,22.327886128650928, 310.41</coordinates>
        </Point>
      </Placemark>
      <Placemark>
        <TimeSpan>
          <begin>2021-01-06T06:34:29+08:00</begin>
          <end>2021-01-06T06:34:37+08:00</end>
        </TimeSpan>
        <Style>
          <IconStyle>
            <color>FF00FFFF</color>
            <scale>0.9</scale>
            <Icon>
              <href>http://maps.google.com/mapfiles/kml/shapes/placemark_circle.png</href>
            </Icon>
          </IconStyle>
        </Style>
        <Point>
          <altitudeMode>clampToGround</altitudeMode>
          <coordinates>114.20389507601091,22.32772037389618, 310.55</coordinates>
        </Point>
      </Placemark>
      <Placemark>
        <TimeSpan>
          <begin>2021-01-06T06:34:37+08:00</begin>
          <end>2021-01-06T06:34:45+08:00</end>
        </TimeSpan>
        <Style>
          <IconStyle>
            <color>FF00FFFF</color>
            <scale>0.9</scale>
            <Icon>
              <href>http://maps.google.com/mapfiles/kml/shapes/placemark_circle.png</href>
            </Icon>
          </IconStyle>
        </Style>
        <Point>
          <altitudeMode>clampToGround</altitudeMode>
          <coordinates>114.20372235324044,22.32760259810428, 310.63</coordinates>
        </Point>
      </Placemark>
      <Placemark>
        <TimeSpan>
          <begin>2021-01-06T06:34:45+08:00</begin>
          <end>2021-01-06T06:34:49+08:00</end>
        </TimeSpan>
        <Style>
          <IconStyle>
            <color>FF00FFFF</color>
            <scale>0.9</scale>
            <Icon>
              <href>http://maps.google.com/mapfiles/kml/shapes/placemark_circle.png</href>
            </Icon>
          </IconStyle>
        </Style>
        <Point>
          <altitudeMode>clampToGround</altitudeMode>
          <coordinates>114.20351519723552,22.327711797751245, 310.64</coordinates>
        </Point>
      </Placemark>
      <Placemark>
        <TimeSpan>
          <begin>2021-01-06T06:34:49+08:00</begin>
          <end>2021-01-06T06:34:57+08:00</end>
        </TimeSpan>
        <Style>
          <IconStyle>
            <color>FF00FFFF</color>
            <scale>0.9</scale>
            <Icon>
              <href>http://maps.google.com/mapfiles/kml/shapes/placemark_circle.png</href>
            </Icon>
          </IconStyle>
        </Style>
        <Point>
          <altitudeMode>clampToGround</altitudeMode>
          <coordinates>114.20343091931915,22.327791602817314, 310.3</coordinates>
        </Point>
      </Placemark>
      <Placemark>
        <TimeSpan>
          <begin>2021-01-06T06:34:57+08:00</begin>
          <end>2021-01-06T06:35:05+08:00</end>
        </TimeSpan>
        <Style>
          <IconStyle>
            <color>FF00FFFF</color>
            <scale>0.9</scale>
            <Icon>
              <href>http://maps.google.com/mapfiles/kml/shapes/placemark_circle.png</href>
            </Icon>
          </IconStyle>
        </Style>
        <Point>
          <altitudeMode>clampToGround</altitudeMode>
          <coordinates>114.203252931809,22.32794678871709, 310.39</coordinates>
        </Point>
      </Placemark>
      <Placemark>
        <TimeSpan>
          <begin>2021-01-06T06:35:05+08:00</begin>
          <end>2021-01-06T06:35:13+08:00</end>
        </TimeSpan>
        <Style>
          <IconStyle>
            <color>FF00FFFF</color>
            <scale>0.9</scale>
            <Icon>
              <href>http://maps.google.com/mapfiles/kml/shapes/placemark_circle.png</href>
            </Icon>
          </IconStyle>
        </Style>
        <Point>
          <altitudeMode>clampToGround</altitudeMode>
          <coordinates>114.2030413851755,22.328064848458116, 310.36</coordinates>
        </Point>
      </Placemark>
      <Placemark>
        <TimeSpan>
          <begin>2021-01-06T06:35:13+08:00</begin>
          <end>2021-01-06T06:35:21+08:00</end>
        </TimeSpan>
        <Style>
          <IconStyle>
            <color>FF00FFFF</color>
            <scale>0.9</scale>
            <Icon>
              <href>http://maps.google.com/mapfiles/kml/shapes/placemark_circle.png</href>
            </Icon>
          </IconStyle>
        </Style>
        <Point>
          <altitudeMode>clampToGround</altitudeMode>
          <coordinates>114.20284555693789,22.32818857020049, 310.5</coordinates>
        </Point>
      </Placemark>
      <Placemark>
        <TimeSpan>
          <begin>2021-01-06T06:35:21+08:00</begin>
          <end>2021-01-06T06:35:29+08:00</end>
        </TimeSpan>
        <Style>
          <IconStyle>
            <color>FF00FFFF</color>
            <scale>0.9</scale>
            <Icon>
              <href>http://maps.google.com/mapfiles/kml/shapes/placemark_circle.png</href>
            </Icon>
          </IconStyle>
        </Style>
        <Point>
          <altitudeMode>clampToGround</altitudeMode>
          <coordinates>114.2027103208233,22.328372233287006, 310.56</coordinates>
        </Point>
      </Placemark>
      <Placemark>
        <TimeSpan>
          <begin>2021-01-06T06:35:29+08:00</begin>
          <end>2021-01-06T06:35:37+08:00</end>
        </TimeSpan>
        <Style>
          <IconStyle>
            <color>FF00FFFF</color>
            <scale>0.9</scale>
            <Icon>
              <href>http://maps.google.com/mapfiles/kml/shapes/placemark_circle.png</href>
            </Icon>
          </IconStyle>
        </Style>
        <Point>
          <altitudeMode>clampToGround</altitudeMode>
          <coordinates>114.20248746599896,22.32844486214858, 311.07</coordinates>
        </Point>
      </Placemark>
      <Placemark>
        <TimeSpan>
          <begin>2021-01-06T06:35:37+08:00</begin>
          <end>2021-01-06T06:35:45+08:00</end>
        </TimeSpan>
        <Style>
          <IconStyle>
            <color>FF00FFFF</color>
            <scale>0.9</scale>
            <Icon>
              <href>http://maps.google.com/mapfiles/kml/shapes/placemark_circle.png</href>
            </Icon>
          </IconStyle>
        </Style>
        <Point>
          <altitudeMode>clampToGround</altitudeMode>
          <coordinates>114.20233969218299,22.32862138727915, 311.2</coordinates>
        </Point>
      </Placemark>
      <Placemark>
        <TimeSpan>
          <begin>2021-01-06T06:35:45+08:00</begin>
          <end>2021-01-06T06:35:53+08:00</end>
        </TimeSpan>
        <Style>
          <IconStyle>
            <color>FF00FFFF</color>
            <scale>0.9</scale>
            <Icon>
              <href>http://maps.google.com/mapfiles/kml/shapes/placemark_circle.png</href>
            </Icon>
          </IconStyle>
        </Style>
        <Point>
          <altitudeMode>clampToGround</altitudeMode>
          <coordinates>114.20220601299525,22.328809316465804, 311.2</coordinates>
        </Point>
      </Placemark>
      <Placemark>
        <TimeSpan>
          <begin>2021-01-06T06:35:53+08:00</begin>
          <end>2021-01-06T06:36:01+08:00</end>
        </TimeSpan>
        <Style>
          <IconStyle>
            <color>FF00FFFF</color>
            <scale>0.9</scale>
            <Icon>
              <href>http://maps.google.com/mapfiles/kml/shapes/placemark_circle.png</href>
            </Icon>
          </IconStyle>
        </Style>
        <Point>
          <altitudeMode>clampToGround</altitudeMode>
          <coordinates>114.2020591836435,22.328989019936397, 311.03</coordinates>
        </Point>
      </Placemark>
      <Placemark>
        <TimeSpan>
          <begin>2021-01-06T06:36:01+08:00</begin>
          <end>2021-01-06T06:36:09+08:00</end>
        </TimeSpan>
        <Style>
          <IconStyle>
            <color>FF00FFFF</color>
            <scale>0.9</scale>
            <Icon>
              <href>http://maps.google.com/mapfiles/kml/shapes/placemark_circle.png</href>
            </Icon>
          </IconStyle>
        </Style>
        <Point>
          <altitudeMode>clampToGround</altitudeMode>
          <coordinates>114.20186151877061,22.329121488727104, 310.8</coordinates>
        </Point>
      </Placemark>
      <Placemark>
        <TimeSpan>
          <begin>2021-01-06T06:36:09+08:00</begin>
          <end>2021-01-06T06:36:17+08:00</end>
        </TimeSpan>
        <Style>
          <IconStyle>
            <color>FF00FFFF</color>
            <scale>0.9</scale>
            <Icon>
              <href>http://maps.google.com/mapfiles/kml/shapes/placemark_circle.png</href>
            </Icon>
          </IconStyle>
        </Style>
        <Point>
          <altitudeMode>clampToGround</altitudeMode>
          <coordinates>114.20173537395466,22.32931261644252, 310.13</coordinates>
        </Point>
      </Placemark>
      <Placemark>
        <TimeSpan>
          <begin>2021-01-06T06:36:17+08:00</begin>
          <end>2021-01-06T06:36:25+08:00</end>
        </TimeSpan>
        <Style>
          <IconStyle>
            <color>FF00FFFF</color>
            <scale>0.9</scale>
            <Icon>
              <href>http://maps.google.com/mapfiles/kml/shapes/placemark_circle.png</href>
            </Icon>
          </IconStyle>
        </Style>
        <Point>
          <altitudeMode>clampToGround</altitudeMode>
          <coordinates>114.20153440302147,22.329439853847635, 310.25</coordinates>
        </Point>
      </Placemark>
      <Placemark>
        <TimeSpan>
          <begin>2021-01-06T06:36:25+08:00</begin>
          <end>2021-01-06T06:36:33+08:00</end>
        </TimeSpan>
        <Style>
          <IconStyle>
            <color>FF00FFFF</color>
            <scale>0.9</scale>
            <Icon>
              <href>http://maps.google.com/mapfiles/kml/shapes/placemark_circle.png</href>
            </Icon>
          </IconStyle>
        </Style>
        <Point>
          <altitudeMode>clampToGround</altitudeMode>
          <coordinates>114.20137591033959,22.329613704361844, 310.73</coordinates>
        </Point>
      </Placemark>
      <Placemark>
        <TimeSpan>
          <begin>2021-01-06T06:36:33+08:00</begin>
          <end>2021-01-06T06:36:41+08:00</end>
        </TimeSpan>
        <Style>
          <IconStyle>
            <color>FF00FFFF</color>
            <scale>0.9</scale>
            <Icon>
              <href>http://maps.google.com/mapfiles/kml/shapes/placemark_circle.png</href>
            </Icon>
          </IconStyle>
        </Style>
        <Point>
          <altitudeMode>clampToGround</altitudeMode>
          <coordinates>114.20128035496124,22.329823800053187, 310.6</coordinates>
        </Point>
      </Placemark>
      <Placemark>
        <TimeSpan>
          <begin>2021-01-06T06:36:41+08:00</begin>
          <end>2021-01-06T06:36:49+08:00</end>
        </TimeSpan>
        <Style>
          <IconStyle>
            <color>FF00FFFF</color>
            <scale>0.9</scale>
            <Icon>
              <href>http://maps.google.com/mapfiles/kml/shapes/placemark_circle.png</href>
            </Icon>
          </IconStyle>
        </Style>
        <Point>
          <altitudeMode>clampToGround</altitudeMode>
          <coordinates>114.20123277173994,22.330047004003024, 310.6</coordinates>
        </Point>
      </Placemark>
      <Placemark>
        <TimeSpan>
          <begin>2021-01-06T06:36:49+08:00</begin>
          <end>2021-01-06T06:36:57+08:00</end>
        </TimeSpan>
        <Style>
          <IconStyle>
            <color>FF00FFFF</color>
            <scale>0.9</scale>
            <Icon>
              <href>http://maps.google.com/mapfiles/kml/shapes/placemark_circle.png</href>
            </Icon>
          </IconStyle>
        </Style>
        <Point>
          <altitudeMode>clampToGround</altitudeMode>
          <coordinates>114.20102185327181,22.330163623800203, 310.6</coordinates>
        </Point>
      </Placemark>
      <Placemark>
        <TimeSpan>
          <begin>2021-01-06T06:36:57+08:00</begin>
          <end>2021-01-06T06:37:05+08:00</end>
        </TimeSpan>
        <Style>
          <IconStyle>
            <color>FF00FFFF</color>
            <scale>0.9</scale>
            <Icon>
              <href>http://maps.google.com/mapfiles/kml/shapes/placemark_circle.png</href>
            </Icon>
          </IconStyle>
        </Style>
        <Point>
          <altitudeMode>clampToGround</altitudeMode>
          <coordinates>114.20088098712327,22.330330836344107, 310.53</coordinates>
        </Point>
      </Placemark>
      <Placemark>
        <TimeSpan>
          <begin>2021-01-06T06:37:05+08:00</begin>
          <end>2021-01-06T06:37:13+08:00</end>
        </TimeSpan>
        <Style>
          <IconStyle>
            <color>FF00FFFF</color>
            <scale>0.9</scale>
            <Icon>
              <href>http://maps.google.com/mapfiles/kml/shapes/placemark_circle.png</href>
            </Icon>
          </IconStyle>
        </Style>
        <Point>
          <altitudeMode>clampToGround</altitudeMode>
          <coordinates>114.20064267059398,22.330376456254925, 310.4</coordinates>
        </Point>
      </Placemark>
      <Placemark>
        <TimeSpan>
          <begin>2021-01-06T06:37:13+08:00</begin>
          <end>2021-01-06T06:37:21+08:00</end>
        </TimeSpan>
        <Style>
          <IconStyle>
            <color>FF00FFFF</color>
            <scale>0.9</scale>
            <Icon>
              <href>http://maps.google.com/mapfiles/kml/shapes/placemark_circle.png</href>
            </Icon>
          </IconStyle>
        </Style>
        <Point>
          <altitudeMode>clampToGround</altitudeMode>
          <coordinates>114.20040774833542,22.330434266334716, 310.64</coordinates>
        </Point>
      </Placemark>
      <Placemark>
        <TimeSpan>
          <begin>2021-01-06T06:37:21+08:00</begin>
          <end>2021-01-06T06:37:29+08:00</end>
        </TimeSpan>
        <Style>
          <IconStyle>
            <color>FF00FFFF</color>
            <scale>0.9</scale>
            <Icon>
              <href>http://maps.google.com/mapfiles/kml/shapes/placemark_circle.png</href>
            </Icon>
          </IconStyle>
        </Style>
        <Point>
          <altitudeMode>clampToGround</altitudeMode>
          <coordinates>114.20019427602264,22.330541705013832, 310.97</coordinates>
        </Point>
      </Placemark>
      <Placemark>
        <TimeSpan>
          <begin>2021-01-06T06:37:29+08:00</begin>
          <end>2021-01-06T06:37:37+08:00</end>
        </TimeSpan>
        <Style>
          <IconStyle>
            <color>FF00FFFF</color>
            <scale>0.9</scale>
            <Icon>
              <href>http://maps.google.com/mapfiles/kml/shapes/placemark_circle.png</href>
            </Icon>
          </IconStyle>
        </Style>
        <Point>
          <altitudeMode>clampToGround</altitudeMode>
          <coordinates>114.2003786188754,22.33055549642514, 311.0</coordinates>
        </Point>
      </Placemark>
      <Placemark>
        <TimeSpan>
          <begin>2021-01-06T06:37:37+08:00</begin>
          <end>2021-01-06T06:37:45+08:00</end>
        </TimeSpan>
        <Style>
          <IconStyle>
            <color>FF00FFFF</color>
            <scale>0.9</scale>
            <Icon>
              <href>http://maps.google.com/mapfiles/kml/shapes/placemark_circle.png</href>
            </Icon>
          </IconStyle>
        </Style>
        <Point>
          <altitudeMode>clampToGround</altitudeMode>
          <coordinates>114.20036731352378,22.330634688402913, 310.65</coordinates>
        </Point>
      </Placemark>
      <Placemark>
        <TimeSpan>
          <begin>2021-01-06T06:37:45+08:00</begin>
          <end>2021-01-06T06:37:47+08:00</end>
        </TimeSpan>
        <Style>
          <IconStyle>
            <color>FF00FFFF</color>
            <scale>0.9</scale>
            <Icon>
              <href>http://maps.google.com/mapfiles/kml/shapes/placemark_circle.png</href>
            </Icon>
          </IconStyle>
        </Style>
        <Point>
          <altitudeMode>clampToGround</altitudeMode>
          <coordinates>114.20037440256881,22.330653958994876, 310.8</coordinates>
        </Point>
      </Placemark>
      <Placemark>
        <TimeSpan>
          <begin>2021-01-06T06:37:47+08:00</begin>
          <end>2021-01-06T06:37:55+08:00</end>
        </TimeSpan>
        <Style>
          <IconStyle>
            <color>FF00FFFF</color>
            <scale>0.9</scale>
            <Icon>
              <href>http://maps.google.com/mapfiles/kml/shapes/placemark_circle.png</href>
            </Icon>
          </IconStyle>
        </Style>
        <Point>
          <altitudeMode>clampToGround</altitudeMode>
          <coordinates>114.20035579173253,22.330697775296585, 310.71</coordinates>
        </Point>
      </Placemark>
      <Placemark>
        <TimeSpan>
          <begin>2021-01-06T06:37:55+08:00</begin>
          <end>2021-01-06T06:38:03+08:00</end>
        </TimeSpan>
        <Style>
          <IconStyle>
            <color>FF00FFFF</color>
            <scale>0.9</scale>
            <Icon>
              <href>http://maps.google.com/mapfiles/kml/shapes/placemark_circle.png</href>
            </Icon>
          </IconStyle>
        </Style>
        <Point>
          <altitudeMode>clampToGround</altitudeMode>
          <coordinates>114.20037392622166,22.330574584551826, 310.92</coordinates>
        </Point>
      </Placemark>
      <Placemark>
        <TimeSpan>
          <begin>2021-01-06T06:38:03+08:00</begin>
          <end>2021-01-06T06:38:05+08:00</end>
        </TimeSpan>
        <Style>
          <IconStyle>
            <color>FF00FFFF</color>
            <scale>0.9</scale>
            <Icon>
              <href>http://maps.google.com/mapfiles/kml/shapes/placemark_circle.png</href>
            </Icon>
          </IconStyle>
        </Style>
        <Point>
          <altitudeMode>clampToGround</altitudeMode>
          <coordinates>114.20039777627888,22.33036589054275, 311.06</coordinates>
        </Point>
      </Placemark>
      <Placemark>
        <TimeSpan>
          <begin>2021-01-06T06:38:05+08:00</begin>
          <end>2021-01-06T06:38:13+08:00</end>
        </TimeSpan>
        <Style>
          <IconStyle>
            <color>FF00FFFF</color>
            <scale>0.9</scale>
            <Icon>
              <href>http://maps.google.com/mapfiles/kml/shapes/placemark_circle.png</href>
            </Icon>
          </IconStyle>
        </Style>
        <Point>
          <altitudeMode>clampToGround</altitudeMode>
          <coordinates>114.20039176068045,22.33030870021022, 311.08</coordinates>
        </Point>
      </Placemark>
      <Placemark>
        <TimeSpan>
          <begin>2021-01-06T06:38:13+08:00</begin>
          <end>2021-01-06T06:38:20+08:00</end>
        </TimeSpan>
        <Style>
          <IconStyle>
            <color>FF00FFFF</color>
            <scale>0.9</scale>
            <Icon>
              <href>http://maps.google.com/mapfiles/kml/shapes/placemark_circle.png</href>
            </Icon>
          </IconStyle>
        </Style>
        <Point>
          <altitudeMode>clampToGround</altitudeMode>
          <coordinates>114.20036741027003,22.33007720070326, 311.15</coordinates>
        </Point>
      </Placemark>
      <Placemark>
        <TimeSpan>
          <begin>2021-01-06T06:38:20+08:00</begin>
          <end>2021-01-06T06:38:27+08:00</end>
        </TimeSpan>
        <Style>
          <IconStyle>
            <color>FF00FFFF</color>
            <scale>0.9</scale>
            <Icon>
              <href>http://maps.google.com/mapfiles/kml/shapes/placemark_circle.png</href>
            </Icon>
          </IconStyle>
        </Style>
        <Point>
          <altitudeMode>clampToGround</altitudeMode>
          <coordinates>114.20039624012966,22.329892322903618, 311.2</coordinates>
        </Point>
      </Placemark>
      <Placemark>
        <TimeSpan>
          <begin>2021-01-06T06:38:27+08:00</begin>
          <end>2021-01-06T06:38:34+08:00</end>
        </TimeSpan>
        <Style>
          <IconStyle>
            <color>FF00FFFF</color>
            <scale>0.9</scale>
            <Icon>
              <href>http://maps.google.com/mapfiles/kml/shapes/placemark_circle.png</href>
            </Icon>
          </IconStyle>
        </Style>
        <Point>
          <altitudeMode>clampToGround</altitudeMode>
          <coordinates>114.20057762508978,22.329767746419108, 311.14</coordinates>
        </Point>
      </Placemark>
      <Placemark>
        <TimeSpan>
          <begin>2021-01-06T06:38:34+08:00</begin>
          <end>2021-01-06T06:38:41+08:00</end>
        </TimeSpan>
        <Style>
          <IconStyle>
            <color>FF00FFFF</color>
            <scale>0.9</scale>
            <Icon>
              <href>http://maps.google.com/mapfiles/kml/shapes/placemark_circle.png</href>
            </Icon>
          </IconStyle>
        </Style>
        <Point>
          <altitudeMode>clampToGround</altitudeMode>
          <coordinates>114.20074836193767,22.32962443182217, 311.0</coordinates>
        </Point>
      </Placemark>
      <Placemark>
        <TimeSpan>
          <begin>2021-01-06T06:38:41+08:00</begin>
          <end>2021-01-06T06:38:48+08:00</end>
        </TimeSpan>
        <Style>
          <IconStyle>
            <color>FF00FFFF</color>
            <scale>0.9</scale>
            <Icon>
              <href>http://maps.google.com/mapfiles/kml/shapes/placemark_circle.png</href>
            </Icon>
          </IconStyle>
        </Style>
        <Point>
          <altitudeMode>clampToGround</altitudeMode>
          <coordinates>114.20076426152083,22.32941035413792, 310.87</coordinates>
        </Point>
      </Placemark>
      <Placemark>
        <TimeSpan>
          <begin>2021-01-06T06:38:48+08:00</begin>
          <end>2021-01-06T06:38:55+08:00</end>
        </TimeSpan>
        <Style>
          <IconStyle>
            <color>FF00FFFF</color>
            <scale>0.9</scale>
            <Icon>
              <href>http://maps.google.com/mapfiles/kml/shapes/placemark_circle.png</href>
            </Icon>
          </IconStyle>
        </Style>
        <Point>
          <altitudeMode>clampToGround</altitudeMode>
          <coordinates>114.20077501651384,22.329195282655032, 310.73</coordinates>
        </Point>
      </Placemark>
      <Placemark>
        <TimeSpan>
          <begin>2021-01-06T06:38:55+08:00</begin>
          <end>2021-01-06T06:39:02+08:00</end>
        </TimeSpan>
        <Style>
          <IconStyle>
            <color>FF00FFFF</color>
            <scale>0.9</scale>
            <Icon>
              <href>http://maps.google.com/mapfiles/kml/shapes/placemark_circle.png</href>
            </Icon>
          </IconStyle>
        </Style>
        <Point>
          <altitudeMode>clampToGround</altitudeMode>
          <coordinates>114.2007868669807,22.328986039043432, 310.61</coordinates>
        </Point>
      </Placemark>
      <Placemark>
        <TimeSpan>
          <begin>2021-01-06T06:39:02+08:00</begin>
          <end>2021-01-06T06:39:09+08:00</end>
        </TimeSpan>
        <Style>
          <IconStyle>
            <color>FF00FFFF</color>
            <scale>0.9</scale>
            <Icon>
              <href>http://maps.google.com/mapfiles/kml/shapes/placemark_circle.png</href>
            </Icon>
          </IconStyle>
        </Style>
        <Point>
          <altitudeMode>clampToGround</altitudeMode>
          <coordinates>114.20097889733023,22.32907103990912, 310.22</coordinates>
        </Point>
      </Placemark>
      <Placemark>
        <TimeSpan>
          <begin>2021-01-06T06:39:09+08:00</begin>
          <end>2021-01-06T06:39:15+08:00</end>
        </TimeSpan>
        <Style>
          <IconStyle>
            <color>FF00FFFF</color>
            <scale>0.9</scale>
            <Icon>
              <href>http://maps.google.com/mapfiles/kml/shapes/placemark_circle.png</href>
            </Icon>
          </IconStyle>
        </Style>
        <Point>
          <altitudeMode>clampToGround</altitudeMode>
          <coordinates>114.20118494548824,22.3289860381729, 310.64</coordinates>
        </Point>
      </Placemark>
      <Placemark>
        <TimeSpan>
          <begin>2021-01-06T06:39:15+08:00</begin>
          <end>2021-01-06T06:39:22+08:00</end>
        </TimeSpan>
        <Style>
          <IconStyle>
            <color>FF00FFFF</color>
            <scale>0.9</scale>
            <Icon>
              <href>http://maps.google.com/mapfiles/kml/shapes/placemark_circle.png</href>
            </Icon>
          </IconStyle>
        </Style>
        <Point>
          <altitudeMode>clampToGround</altitudeMode>
          <coordinates>114.20132882827897,22.328876391246457, 310.8</coordinates>
        </Point>
      </Placemark>
      <Placemark>
        <TimeSpan>
          <begin>2021-01-06T06:39:22+08:00</begin>
          <end>2021-01-06T06:39:29+08:00</end>
        </TimeSpan>
        <Style>
          <IconStyle>
            <color>FF00FFFF</color>
            <scale>0.9</scale>
            <Icon>
              <href>http://maps.google.com/mapfiles/kml/shapes/placemark_circle.png</href>
            </Icon>
          </IconStyle>
        </Style>
        <Point>
          <altitudeMode>clampToGround</altitudeMode>
          <coordinates>114.20127418060761,22.328696164693483, 309.74</coordinates>
        </Point>
      </Placemark>
      <Placemark>
        <TimeSpan>
          <begin>2021-01-06T06:39:29+08:00</begin>
          <end>2021-01-06T06:39:36+08:00</end>
        </TimeSpan>
        <Style>
          <IconStyle>
            <color>FF00FFFF</color>
            <scale>0.9</scale>
            <Icon>
              <href>http://maps.google.com/mapfiles/kml/shapes/placemark_circle.png</href>
            </Icon>
          </IconStyle>
        </Style>
        <Point>
          <altitudeMode>clampToGround</altitudeMode>
          <coordinates>114.20115203879094,22.328522550359597, 309.6</coordinates>
        </Point>
      </Placemark>
      <Placemark>
        <TimeSpan>
          <begin>2021-01-06T06:39:36+08:00</begin>
          <end>2021-01-06T06:39:43+08:00</end>
        </TimeSpan>
        <Style>
          <IconStyle>
            <color>FF00FFFF</color>
            <scale>0.9</scale>
            <Icon>
              <href>http://maps.google.com/mapfiles/kml/shapes/placemark_circle.png</href>
            </Icon>
          </IconStyle>
        </Style>
        <Point>
          <altitudeMode>clampToGround</altitudeMode>
          <coordinates>114.20111545481177,22.328495915303503, 310.27</coordinates>
        </Point>
      </Placemark>
      <Placemark>
        <TimeSpan>
          <begin>2021-01-06T06:39:43+08:00</begin>
          <end>2021-01-06T06:39:50+08:00</end>
        </TimeSpan>
        <Style>
          <IconStyle>
            <color>FF00FFFF</color>
            <scale>0.9</scale>
            <Icon>
              <href>http://maps.google.com/mapfiles/kml/shapes/placemark_circle.png</href>
            </Icon>
          </IconStyle>
        </Style>
        <Point>
          <altitudeMode>clampToGround</altitudeMode>
          <coordinates>114.20102629618259,22.328664009593275, 310.0</coordinates>
        </Point>
      </Placemark>
      <Placemark>
        <TimeSpan>
          <begin>2021-01-06T06:39:50+08:00</begin>
          <end>2021-01-06T06:39:57+08:00</end>
        </TimeSpan>
        <Style>
          <IconStyle>
            <color>FF00FFFF</color>
            <scale>0.9</scale>
            <Icon>
              <href>http://maps.google.com/mapfiles/kml/shapes/placemark_circle.png</href>
            </Icon>
          </IconStyle>
        </Style>
        <Point>
          <altitudeMode>clampToGround</altitudeMode>
          <coordinates>114.20111067473908,22.328852948269695, 310.59</coordinates>
        </Point>
      </Placemark>
      <Placemark>
        <TimeSpan>
          <begin>2021-01-06T06:39:57+08:00</begin>
          <end>2021-01-06T06:40:04+08:00</end>
        </TimeSpan>
        <Style>
          <IconStyle>
            <color>FF00FFFF</color>
            <scale>0.9</scale>
            <Icon>
              <href>http://maps.google.com/mapfiles/kml/shapes/placemark_circle.png</href>
            </Icon>
          </IconStyle>
        </Style>
        <Point>
          <altitudeMode>clampToGround</altitudeMode>
          <coordinates>114.2012912698081,22.328979046075087, 310.4</coordinates>
        </Point>
      </Placemark>
      <Placemark>
        <TimeSpan>
          <begin>2021-01-06T06:40:04+08:00</begin>
          <end>2021-01-06T06:40:11+08:00</end>
        </TimeSpan>
        <Style>
          <IconStyle>
            <color>FF00FFFF</color>
            <scale>0.9</scale>
            <Icon>
              <href>http://maps.google.com/mapfiles/kml/shapes/placemark_circle.png</href>
            </Icon>
          </IconStyle>
        </Style>
        <Point>
          <altitudeMode>clampToGround</altitudeMode>
          <coordinates>114.20146854289726,22.3288870963496, 310.1</coordinates>
        </Point>
      </Placemark>
      <Placemark>
        <TimeSpan>
          <begin>2021-01-06T06:40:11+08:00</begin>
          <end>2021-01-06T06:40:15+08:00</end>
        </TimeSpan>
        <Style>
          <IconStyle>
            <color>FF00FFFF</color>
            <scale>0.9</scale>
            <Icon>
              <href>http://maps.google.com/mapfiles/kml/shapes/placemark_circle.png</href>
            </Icon>
          </IconStyle>
        </Style>
        <Point>
          <altitudeMode>clampToGround</altitudeMode>
          <coordinates>114.20157394045307,22.328701210517803, 309.58</coordinates>
        </Point>
      </Placemark>
      <Placemark>
        <TimeSpan>
          <begin>2021-01-06T06:40:15+08:00</begin>
          <end>2021-01-06T06:40:22+08:00</end>
        </TimeSpan>
        <Style>
          <IconStyle>
            <color>FF00FFFF</color>
            <scale>0.9</scale>
            <Icon>
              <href>http://maps.google.com/mapfiles/kml/shapes/placemark_circle.png</href>
            </Icon>
          </IconStyle>
        </Style>
        <Point>
          <altitudeMode>clampToGround</altitudeMode>
          <coordinates>114.20163571258448,22.328597549707144, 309.45</coordinates>
        </Point>
      </Placemark>
      <Placemark>
        <TimeSpan>
          <begin>2021-01-06T06:40:22+08:00</begin>
          <end>2021-01-06T06:40:28+08:00</end>
        </TimeSpan>
        <Style>
          <IconStyle>
            <color>FF00FFFF</color>
            <scale>0.9</scale>
            <Icon>
              <href>http://maps.google.com/mapfiles/kml/shapes/placemark_circle.png</href>
            </Icon>
          </IconStyle>
        </Style>
        <Point>
          <altitudeMode>clampToGround</altitudeMode>
          <coordinates>114.20176739280717,22.328429496736216, 309.6</coordinates>
        </Point>
      </Placemark>
      <Placemark>
        <TimeSpan>
          <begin>2021-01-06T06:40:28+08:00</begin>
          <end>2021-01-06T06:40:35+08:00</end>
        </TimeSpan>
        <Style>
          <IconStyle>
            <color>FF00FFFF</color>
            <scale>0.9</scale>
            <Icon>
              <href>http://maps.google.com/mapfiles/kml/shapes/placemark_circle.png</href>
            </Icon>
          </IconStyle>
        </Style>
        <Point>
          <altitudeMode>clampToGround</altitudeMode>
          <coordinates>114.20190120540101,22.32838579395898, 309.41</coordinates>
        </Point>
      </Placemark>
      <Placemark>
        <TimeSpan>
          <begin>2021-01-06T06:40:35+08:00</begin>
          <end>2021-01-06T06:40:42+08:00</end>
        </TimeSpan>
        <Style>
          <IconStyle>
            <color>FF00FFFF</color>
            <scale>0.9</scale>
            <Icon>
              <href>http://maps.google.com/mapfiles/kml/shapes/placemark_circle.png</href>
            </Icon>
          </IconStyle>
        </Style>
        <Point>
          <altitudeMode>clampToGround</altitudeMode>
          <coordinates>114.202032930479,22.328254203018968, 309.92</coordinates>
        </Point>
      </Placemark>
      <Placemark>
        <TimeSpan>
          <begin>2021-01-06T06:40:42+08:00</begin>
          <end>2021-01-06T06:40:48+08:00</end>
        </TimeSpan>
        <Style>
          <IconStyle>
            <color>FF00FFFF</color>
            <scale>0.9</scale>
            <Icon>
              <href>http://maps.google.com/mapfiles/kml/shapes/placemark_circle.png</href>
            </Icon>
          </IconStyle>
        </Style>
        <Point>
          <altitudeMode>clampToGround</altitudeMode>
          <coordinates>114.20226628762914,22.328274456435388, 310.19</coordinates>
        </Point>
      </Placemark>
    </Folder>
  </Folder>
</kml>
